VISIT_AREA_NM,VISIT_AREA_MAIN_TYPE,VISIT_COUNT,VISIT_REASON,RES_CAFE
산굼부리,1,99,"[0.585859, 0.131313, 0.020202, 0.161616, 0.040404, 0.0, 0.0, 0.0, 0.040404, 0.010101, 0.010101]",2
한라산국립공원 관음사탐방로,1,17,"[0.647059, 0.0, 0.058824, 0.294118, 0.0, 0.0, 0.0, 0.0, 0.0, 0.0, 0.0]",2
한림리조트,24,19,"[0.0, 0.210526, 0.0, 0.0, 0.0, 0.0, 0.052632, 0.315789, 0.0, 0.0, 0.421053]",2
스누피가든,6,135,"[0.525926, 0.2, 0.022222, 0.066667, 0.140741, 0.007407, 0.0, 0.0, 0.014815, 0.014815, 0.007407]",2
협재해수욕장,1,272,"[0.514706, 0.014706, 0.0, 0.316176, 0.014706, 0.040441, 0.0, 0.0, 0.069853, 0.0, 0.029412]",2
카페노티드 제주애월,11,75,"[0.493333, 0.346667, 0.0, 0.12, 0.026667, 0.0, 0.0, 0.0, 0.013333, 0.0, 0.0]",1
더마파크,3,25,"[0.2, 0.36, 0.08, 0.04, 0.2, 0.0, 0.0, 0.0, 0.0, 0.04, 0.08]",2
봄그리고가을리조트,24,30,"[0.0, 0.2, 0.0, 0.1, 0.0, 0.166667, 0.0, 0.433333, 0.0, 0.0, 0.1]",2
제주레일바이크,13,35,"[0.257143, 0.4, 0.028571, 0.085714, 0.085714, 0.057143, 0.0, 0.0, 0.057143, 0.028571, 0.0]",2
우동카덴,11,20,"[0.5, 0.3, 0.15, 0.05, 0.0, 0.0, 0.0, 0.0, 0.0, 0.0, 0.0]",0
섭지코지,1,159,"[0.572327, 0.037736, 0.006289, 0.213836, 0.09434, 0.025157, 0.0, 0.0, 0.031447, 0.0, 0.018868]",2
어멍횟집,11,7,"[0.0, 0.428571, 0.142857, 0.0, 0.142857, 0.142857, 0.0, 0.0, 0.142857, 0.0, 0.0]",0
제주도 해녀세자매,11,8,"[0.0, 1.0, 0.0, 0.0, 0.0, 0.0, 0.0, 0.0, 0.0, 0.0, 0.0]",0
성산일출봉,1,255,"[0.627451, 0.003922, 0.015686, 0.25098, 0.023529, 0.0, 0.003922, 0.0, 0.043137, 0.003922, 0.027451]",2
세계자동차&피아노박물관,2,14,"[0.285714, 0.214286, 0.0, 0.285714, 0.071429, 0.071429, 0.0, 0.0, 0.0, 0.071429, 0.0]",2
세화소품관,4,5,"[0.0, 0.4, 0.0, 0.0, 0.0, 0.4, 0.0, 0.0, 0.2, 0.0, 0.0]",2
우굼,11,7,"[0.0, 0.571429, 0.0, 0.0, 0.0, 0.142857, 0.0, 0.0, 0.285714, 0.0, 0.0]",0
너의하루,24,4,"[0.0, 1.0, 0.0, 0.0, 0.0, 0.0, 0.0, 0.0, 0.0, 0.0, 0.0]",2
9.81파크,5,80,"[0.35, 0.3125, 0.05, 0.1375, 0.125, 0.0, 0.0, 0.0, 0.0, 0.0, 0.025]",2
월정리해수욕장,1,84,"[0.416667, 0.071429, 0.0, 0.261905, 0.035714, 0.047619, 0.0, 0.0, 0.130952, 0.0, 0.035714]",2
오드랑베이커리,11,41,"[0.243902, 0.463415, 0.0, 0.097561, 0.146341, 0.0, 0.0, 0.02439, 0.0, 0.0, 0.02439]",1
우진해장국,11,127,"[0.346457, 0.299213, 0.031496, 0.165354, 0.11811, 0.007874, 0.0, 0.015748, 0.007874, 0.0, 0.007874]",0
삼대국수회관 본점,11,22,"[0.136364, 0.318182, 0.0, 0.045455, 0.272727, 0.045455, 0.0, 0.090909, 0.090909, 0.0, 0.0]",0
서프서프,5,1,"[0.0, 0.0, 0.0, 0.0, 0.0, 0.0, 0.0, 0.0, 1.0, 0.0, 0.0]",2
카페치즈태비,11,12,"[0.25, 0.666667, 0.0, 0.0, 0.0, 0.0, 0.0, 0.0, 0.083333, 0.0, 0.0]",1
제주동문재래시장,4,184,"[0.402174, 0.059783, 0.021739, 0.222826, 0.054348, 0.054348, 0.021739, 0.092391, 0.032609, 0.0, 0.038043]",2
아르떼뮤지엄 제주,3,91,"[0.450549, 0.340659, 0.054945, 0.032967, 0.098901, 0.0, 0.0, 0.0, 0.0, 0.021978, 0.0]",2
코난해변,1,30,"[0.533333, 0.133333, 0.033333, 0.166667, 0.1, 0.0, 0.0, 0.0, 0.033333, 0.0, 0.0]",2
고등어회결사,11,5,"[0.0, 0.8, 0.0, 0.0, 0.0, 0.2, 0.0, 0.0, 0.0, 0.0, 0.0]",0
도민상회,11,10,"[0.1, 0.5, 0.0, 0.0, 0.3, 0.1, 0.0, 0.0, 0.0, 0.0, 0.0]",0
월정항아리,11,1,"[0.0, 0.0, 0.0, 0.0, 1.0, 0.0, 0.0, 0.0, 0.0, 0.0, 0.0]",0
금능제면소,11,4,"[0.0, 1.0, 0.0, 0.0, 0.0, 0.0, 0.0, 0.0, 0.0, 0.0, 0.0]",1
금능해수욕장,1,102,"[0.421569, 0.068627, 0.0, 0.235294, 0.04902, 0.04902, 0.0, 0.0, 0.137255, 0.0, 0.039216]",2
더꽃돈 협재점,11,12,"[0.0, 0.416667, 0.0, 0.083333, 0.25, 0.0, 0.0, 0.0, 0.25, 0.0, 0.0]",0
비수기애호가,11,13,"[0.076923, 0.384615, 0.0, 0.0, 0.230769, 0.0, 0.0, 0.0, 0.307692, 0.0, 0.0]",1
호텔스테이현,24,30,"[0.066667, 0.2, 0.0, 0.033333, 0.0, 0.2, 0.033333, 0.333333, 0.0, 0.0, 0.133333]",2
레이어스 베이크하우스,10,2,"[0.0, 0.5, 0.0, 0.0, 0.5, 0.0, 0.0, 0.0, 0.0, 0.0, 0.0]",0
함덕해수욕장,1,328,"[0.45122, 0.045732, 0.0, 0.307927, 0.042683, 0.054878, 0.0, 0.0, 0.079268, 0.0, 0.018293]",2
아베베베이커리,11,51,"[0.215686, 0.470588, 0.0, 0.156863, 0.137255, 0.0, 0.0, 0.0, 0.019608, 0.0, 0.0]",1
금복식당,11,4,"[0.0, 0.5, 0.0, 0.0, 0.0, 0.25, 0.0, 0.25, 0.0, 0.0, 0.0]",0
제주동문시장,4,283,"[0.473498, 0.063604, 0.007067, 0.219081, 0.042403, 0.038869, 0.007067, 0.067138, 0.035336, 0.0, 0.045936]",2
스타벅스 제주함덕점,11,41,"[0.121951, 0.121951, 0.0, 0.097561, 0.04878, 0.243902, 0.073171, 0.04878, 0.219512, 0.0, 0.02439]",1
씽씽왕발통,5,2,"[0.0, 0.5, 0.0, 0.0, 0.0, 0.0, 0.0, 0.5, 0.0, 0.0, 0.0]",2
김녕해안도로,7,2,"[0.0, 0.0, 0.0, 0.5, 0.0, 0.0, 0.0, 0.0, 0.0, 0.0, 0.5]",2
아침해변펜션,24,8,"[0.0, 0.0, 0.125, 0.0, 0.0, 0.0, 0.0, 0.375, 0.0, 0.0, 0.5]",2
산지해장국,11,17,"[0.0, 0.529412, 0.0, 0.117647, 0.294118, 0.0, 0.0, 0.0, 0.058824, 0.0, 0.0]",0
곱들락,11,9,"[0.0, 0.555556, 0.111111, 0.0, 0.222222, 0.111111, 0.0, 0.0, 0.0, 0.0, 0.0]",0
사라봉공원,1,8,"[0.375, 0.125, 0.0, 0.125, 0.125, 0.0, 0.0, 0.0, 0.125, 0.0, 0.125]",2
신흥바다낚시공원,1,2,"[0.0, 1.0, 0.0, 0.0, 0.0, 0.0, 0.0, 0.0, 0.0, 0.0, 0.0]",2
이니스프리 제주하우스,11,27,"[0.37037, 0.148148, 0.0, 0.148148, 0.148148, 0.037037, 0.037037, 0.0, 0.037037, 0.037037, 0.037037]",0
쇠소깍관광지,1,29,"[0.448276, 0.068966, 0.0, 0.310345, 0.068966, 0.0, 0.0, 0.0, 0.068966, 0.0, 0.034483]",2
곱은달감귤체험농장,13,3,"[0.0, 0.666667, 0.0, 0.0, 0.0, 0.333333, 0.0, 0.0, 0.0, 0.0, 0.0]",2
국수나무집,11,1,"[0.0, 0.0, 0.0, 1.0, 0.0, 0.0, 0.0, 0.0, 0.0, 0.0, 0.0]",0
이중섭거리,4,65,"[0.492308, 0.030769, 0.0, 0.230769, 0.030769, 0.046154, 0.0, 0.015385, 0.138462, 0.0, 0.015385]",2
동문취향 게스트하우스,24,4,"[0.0, 0.0, 0.0, 0.0, 0.0, 0.0, 0.0, 1.0, 0.0, 0.0, 0.0]",2
스타벅스 제주칠성점,11,19,"[0.105263, 0.052632, 0.052632, 0.0, 0.0, 0.368421, 0.0, 0.0, 0.315789, 0.0, 0.105263]",1
꼬란,11,9,"[0.111111, 0.222222, 0.0, 0.111111, 0.111111, 0.111111, 0.0, 0.0, 0.333333, 0.0, 0.0]",0
섬게스트하우스,24,7,"[0.0, 0.142857, 0.0, 0.0, 0.0, 0.285714, 0.142857, 0.428571, 0.0, 0.0, 0.0]",2
망고홀릭 제주본점,11,4,"[0.0, 0.5, 0.0, 0.25, 0.0, 0.0, 0.0, 0.25, 0.0, 0.0, 0.0]",0
우무 제주시점,11,34,"[0.323529, 0.470588, 0.029412, 0.147059, 0.0, 0.0, 0.0, 0.0, 0.029412, 0.0, 0.0]",0
애월카페거리,4,42,"[0.666667, 0.071429, 0.0, 0.166667, 0.071429, 0.02381, 0.0, 0.0, 0.0, 0.0, 0.0]",2
오설록티뮤지엄,3,167,"[0.45509, 0.113772, 0.017964, 0.281437, 0.041916, 0.023952, 0.0, 0.0, 0.02994, 0.011976, 0.023952]",2
꼬르동게스트하우스,24,3,"[0.0, 0.0, 0.0, 0.666667, 0.0, 0.0, 0.0, 0.0, 0.0, 0.0, 0.333333]",2
컴포즈커피 서귀포서홍점,11,1,"[0.0, 0.0, 0.0, 0.0, 0.0, 0.0, 0.0, 0.0, 1.0, 0.0, 0.0]",1
비지곶식당,11,3,"[0.0, 0.0, 0.0, 0.333333, 0.666667, 0.0, 0.0, 0.0, 0.0, 0.0, 0.0]",0
쪼끌락,11,11,"[0.181818, 0.454545, 0.0, 0.090909, 0.181818, 0.0, 0.0, 0.0, 0.090909, 0.0, 0.0]",0
비케이브,11,13,"[0.153846, 0.692308, 0.076923, 0.0, 0.076923, 0.0, 0.0, 0.0, 0.0, 0.0, 0.0]",1
당당,11,5,"[0.2, 0.8, 0.0, 0.0, 0.0, 0.0, 0.0, 0.0, 0.0, 0.0, 0.0]",1
애월빵공장앤카페,11,23,"[0.304348, 0.217391, 0.173913, 0.0, 0.130435, 0.0, 0.0, 0.0, 0.173913, 0.0, 0.0]",1
과물노천탕,1,5,"[0.4, 0.0, 0.0, 0.0, 0.0, 0.2, 0.0, 0.0, 0.4, 0.0, 0.0]",2
집의기록상점,11,17,"[0.411765, 0.352941, 0.058824, 0.0, 0.176471, 0.0, 0.0, 0.0, 0.0, 0.0, 0.0]",1
도르르김밥,11,4,"[0.25, 0.0, 0.0, 0.0, 0.25, 0.0, 0.0, 0.0, 0.5, 0.0, 0.0]",0
오전열한시,11,11,"[0.0, 0.636364, 0.090909, 0.181818, 0.090909, 0.0, 0.0, 0.0, 0.0, 0.0, 0.0]",0
한담해안산책로,7,89,"[0.483146, 0.101124, 0.022472, 0.191011, 0.022472, 0.011236, 0.0, 0.0, 0.11236, 0.0, 0.05618]",2
커피베이 제주공항국내선2호점,10,1,"[0.0, 0.0, 0.0, 0.0, 0.0, 0.0, 0.0, 0.0, 1.0, 0.0, 0.0]",2
도두동무지개해안도로,1,98,"[0.622449, 0.183673, 0.010204, 0.091837, 0.0, 0.030612, 0.0, 0.0, 0.061224, 0.0, 0.0]",2
머무르다,24,4,"[0.0, 0.0, 0.0, 0.0, 0.0, 0.0, 0.0, 1.0, 0.0, 0.0, 0.0]",2
호텔케니모슬포,24,24,"[0.0, 0.083333, 0.0, 0.041667, 0.083333, 0.125, 0.0, 0.583333, 0.0, 0.0, 0.083333]",2
산방산,1,51,"[0.392157, 0.058824, 0.039216, 0.215686, 0.176471, 0.0, 0.0, 0.0, 0.098039, 0.0, 0.019608]",2
메리아일랜드,10,5,"[0.2, 0.0, 0.0, 0.0, 0.0, 0.0, 0.0, 0.0, 0.8, 0.0, 0.0]",2
CU 서귀대정태화점,10,1,"[0.0, 0.0, 0.0, 0.0, 0.0, 0.0, 1.0, 0.0, 0.0, 0.0, 0.0]",2
중문색달해수욕장,1,86,"[0.44186, 0.093023, 0.0, 0.197674, 0.046512, 0.093023, 0.0, 0.0, 0.081395, 0.0, 0.046512]",2
과물치킨,11,2,"[0.0, 0.5, 0.0, 0.0, 0.0, 0.0, 0.0, 0.0, 0.5, 0.0, 0.0]",0
오멍가멍흑돼지 제주공항점,11,1,"[0.0, 0.0, 0.0, 0.0, 0.0, 0.0, 0.0, 0.0, 1.0, 0.0, 0.0]",0
곽지해수욕장,1,133,"[0.526316, 0.037594, 0.015038, 0.142857, 0.037594, 0.022556, 0.0, 0.0, 0.157895, 0.0, 0.06015]",2
나비스호텔,24,4,"[0.0, 0.25, 0.0, 0.0, 0.0, 0.0, 0.0, 0.75, 0.0, 0.0, 0.0]",2
잔물결,11,1,"[1.0, 0.0, 0.0, 0.0, 0.0, 0.0, 0.0, 0.0, 0.0, 0.0, 0.0]",1
포토이즘박스 서귀포올레시장점,4,4,"[0.0, 0.25, 0.0, 0.25, 0.0, 0.0, 0.0, 0.0, 0.5, 0.0, 0.0]",2
새별오름,1,202,"[0.59901, 0.113861, 0.00495, 0.153465, 0.074257, 0.00495, 0.0, 0.0, 0.024752, 0.0, 0.024752]",2
파리바게뜨 제주공항렌터카하우스점,11,67,"[0.328358, 0.253731, 0.0, 0.014925, 0.104478, 0.059701, 0.014925, 0.0, 0.074627, 0.0, 0.149254]",0
서귀포매일올레시장,4,438,"[0.39726, 0.070776, 0.025114, 0.230594, 0.038813, 0.073059, 0.027397, 0.06621, 0.043379, 0.0, 0.027397]",2
허니문하우스,11,64,"[0.53125, 0.21875, 0.03125, 0.046875, 0.078125, 0.0, 0.0, 0.0, 0.03125, 0.0, 0.0625]",0
인디안썸머,11,11,"[0.0, 0.272727, 0.0, 0.181818, 0.363636, 0.090909, 0.0, 0.090909, 0.0, 0.0, 0.0]",0
물영아리,1,10,"[0.8, 0.1, 0.0, 0.0, 0.0, 0.0, 0.0, 0.0, 0.0, 0.0, 0.1]",2
호텔아나타,24,9,"[0.111111, 0.777778, 0.0, 0.0, 0.0, 0.0, 0.0, 0.0, 0.0, 0.0, 0.111111]",2
올레마당,11,9,"[0.111111, 0.333333, 0.0, 0.111111, 0.111111, 0.111111, 0.0, 0.111111, 0.111111, 0.0, 0.0]",0
그러므로 파트2,11,6,"[0.166667, 0.666667, 0.0, 0.0, 0.0, 0.0, 0.0, 0.0, 0.166667, 0.0, 0.0]",0
쇠소깍,1,78,"[0.589744, 0.051282, 0.012821, 0.179487, 0.076923, 0.012821, 0.0, 0.0, 0.038462, 0.0, 0.038462]",2
성이시돌목장,1,53,"[0.377358, 0.283019, 0.0, 0.075472, 0.075472, 0.018868, 0.0, 0.0, 0.169811, 0.0, 0.0]",0
올드패션,11,4,"[0.0, 0.75, 0.0, 0.0, 0.0, 0.0, 0.0, 0.0, 0.25, 0.0, 0.0]",0
문도지오름,1,19,"[0.473684, 0.315789, 0.052632, 0.0, 0.052632, 0.0, 0.0, 0.0, 0.0, 0.0, 0.105263]",2
오는정김밥,11,57,"[0.280702, 0.22807, 0.017544, 0.403509, 0.035088, 0.0, 0.0, 0.0, 0.0, 0.0, 0.035088]",0
사계해변,1,94,"[0.468085, 0.202128, 0.010638, 0.06383, 0.095745, 0.031915, 0.0, 0.0, 0.106383, 0.0, 0.021277]",2
곤밥2,11,7,"[0.0, 0.428571, 0.0, 0.0, 0.142857, 0.0, 0.0, 0.142857, 0.285714, 0.0, 0.0]",0
사려니숲길,1,63,"[0.492063, 0.174603, 0.015873, 0.15873, 0.079365, 0.0, 0.0, 0.0, 0.047619, 0.0, 0.031746]",2
풀베개,11,14,"[0.071429, 0.785714, 0.0, 0.071429, 0.071429, 0.0, 0.0, 0.0, 0.0, 0.0, 0.0]",1
서귀포치유의숲,1,34,"[0.294118, 0.176471, 0.0, 0.058824, 0.235294, 0.029412, 0.0, 0.0, 0.0, 0.058824, 0.147059]",2
함쉐프키친,11,7,"[0.0, 0.714286, 0.0, 0.142857, 0.142857, 0.0, 0.0, 0.0, 0.0, 0.0, 0.0]",0
벙커하우스,11,7,"[0.571429, 0.142857, 0.0, 0.142857, 0.142857, 0.0, 0.0, 0.0, 0.0, 0.0, 0.0]",1
엘리펀트힙,11,1,"[0.0, 0.0, 0.0, 0.0, 1.0, 0.0, 0.0, 0.0, 0.0, 0.0, 0.0]",0
일도가공,11,1,"[0.0, 1.0, 0.0, 0.0, 0.0, 0.0, 0.0, 0.0, 0.0, 0.0, 0.0]",0
숙성도 중문점,11,28,"[0.107143, 0.678571, 0.035714, 0.107143, 0.035714, 0.0, 0.0, 0.0, 0.035714, 0.0, 0.0]",0
데코보코,11,2,"[0.5, 0.0, 0.0, 0.0, 0.0, 0.0, 0.0, 0.5, 0.0, 0.0, 0.0]",0
제주중문관광단지,1,8,"[0.25, 0.125, 0.0, 0.0, 0.0, 0.125, 0.125, 0.0, 0.25, 0.0, 0.125]",2
스타벅스 제주노형점,11,13,"[0.0, 0.153846, 0.0, 0.0, 0.076923, 0.230769, 0.076923, 0.0, 0.307692, 0.0, 0.153846]",1
제주판타스틱버거,11,12,"[0.083333, 0.666667, 0.0, 0.083333, 0.166667, 0.0, 0.0, 0.0, 0.0, 0.0, 0.0]",1
우럭의숲,11,4,"[0.0, 1.0, 0.0, 0.0, 0.0, 0.0, 0.0, 0.0, 0.0, 0.0, 0.0]",0
마마롱,11,3,"[0.0, 0.666667, 0.0, 0.0, 0.0, 0.0, 0.0, 0.333333, 0.0, 0.0, 0.0]",1
이호테우해수욕장,1,178,"[0.589888, 0.050562, 0.011236, 0.11236, 0.050562, 0.067416, 0.0, 0.0, 0.095506, 0.0, 0.022472]",2
게스트하우스7,24,5,"[0.0, 0.4, 0.0, 0.0, 0.0, 0.2, 0.0, 0.2, 0.0, 0.0, 0.2]",2
제주곶서귀포해물라면,11,9,"[0.111111, 0.666667, 0.0, 0.0, 0.0, 0.0, 0.0, 0.0, 0.222222, 0.0, 0.0]",0
서복공원,1,3,"[0.333333, 0.0, 0.0, 0.0, 0.0, 0.0, 0.0, 0.0, 0.666667, 0.0, 0.0]",2
쇠소깍전통나룻배 카약체험지점,13,15,"[0.533333, 0.2, 0.0, 0.2, 0.0, 0.0, 0.066667, 0.0, 0.0, 0.0, 0.0]",2
용연계곡,1,25,"[0.32, 0.08, 0.0, 0.16, 0.08, 0.08, 0.0, 0.0, 0.24, 0.0, 0.04]",2
제주동문재래야시장,4,59,"[0.542373, 0.050847, 0.0, 0.220339, 0.067797, 0.016949, 0.033898, 0.033898, 0.033898, 0.0, 0.0]",2
호텔화인 제주,24,14,"[0.0, 0.285714, 0.0, 0.214286, 0.071429, 0.0, 0.142857, 0.071429, 0.0, 0.0, 0.214286]",2
정방폭포,1,100,"[0.61, 0.04, 0.02, 0.14, 0.06, 0.05, 0.0, 0.0, 0.08, 0.0, 0.0]",2
제주팜엔피쉬,11,1,"[1.0, 0.0, 0.0, 0.0, 0.0, 0.0, 0.0, 0.0, 0.0, 0.0, 0.0]",0
케렌시아카페,11,1,"[0.0, 0.0, 0.0, 0.0, 0.0, 0.0, 0.0, 0.0, 1.0, 0.0, 0.0]",1
하와,11,2,"[0.0, 0.5, 0.0, 0.0, 0.0, 0.0, 0.0, 0.0, 0.5, 0.0, 0.0]",0
소남머리,1,3,"[0.0, 0.0, 0.0, 0.0, 0.0, 0.0, 0.0, 0.0, 1.0, 0.0, 0.0]",2
관덕정,2,11,"[0.363636, 0.0, 0.0, 0.090909, 0.090909, 0.090909, 0.0, 0.0, 0.272727, 0.090909, 0.0]",2
퐁당라면,11,11,"[0.090909, 0.545455, 0.0, 0.0, 0.181818, 0.090909, 0.0, 0.0, 0.090909, 0.0, 0.0]",0
자구리문화예술공원,1,13,"[0.153846, 0.0, 0.0, 0.230769, 0.0, 0.153846, 0.0, 0.0, 0.384615, 0.0, 0.076923]",2
하효쇠소깍해변,1,17,"[0.352941, 0.117647, 0.0, 0.117647, 0.058824, 0.058824, 0.0, 0.0, 0.235294, 0.0, 0.058824]",0
구피풋,4,2,"[0.0, 0.0, 0.0, 0.0, 0.0, 0.0, 0.5, 0.0, 0.5, 0.0, 0.0]",2
새향원분식,11,1,"[0.0, 0.0, 0.0, 0.0, 1.0, 0.0, 0.0, 0.0, 0.0, 0.0, 0.0]",0
쎈얼큰이 본점,11,1,"[0.0, 0.0, 0.0, 0.0, 1.0, 0.0, 0.0, 0.0, 0.0, 0.0, 0.0]",0
다랑쉬,11,3,"[0.0, 1.0, 0.0, 0.0, 0.0, 0.0, 0.0, 0.0, 0.0, 0.0, 0.0]",1
덕성원 본점,11,2,"[0.0, 0.5, 0.0, 0.5, 0.0, 0.0, 0.0, 0.0, 0.0, 0.0, 0.0]",0
천지연폭포,1,128,"[0.617188, 0.039062, 0.023438, 0.21875, 0.015625, 0.054688, 0.0, 0.0, 0.007812, 0.007812, 0.015625]",2
약천사,2,58,"[0.482759, 0.189655, 0.034483, 0.103448, 0.137931, 0.0, 0.0, 0.0, 0.034483, 0.0, 0.017241]",2
기흥어물,11,3,"[0.0, 0.666667, 0.333333, 0.0, 0.0, 0.0, 0.0, 0.0, 0.0, 0.0, 0.0]",0
흑돼지자투리구이식당,11,2,"[0.0, 1.0, 0.0, 0.0, 0.0, 0.0, 0.0, 0.0, 0.0, 0.0, 0.0]",0
수렌트카,10,13,"[0.0, 0.230769, 0.0, 0.153846, 0.0, 0.0, 0.076923, 0.384615, 0.0, 0.0, 0.153846]",2
CU 제주탑동로점,10,1,"[0.0, 0.0, 0.0, 0.0, 0.0, 0.0, 1.0, 0.0, 0.0, 0.0, 0.0]",2
다이소 서귀포중문점,10,7,"[0.0, 0.0, 0.0, 0.0, 0.0, 0.142857, 0.142857, 0.142857, 0.571429, 0.0, 0.0]",2
초콜릿랜드,13,2,"[0.5, 0.0, 0.0, 0.0, 0.0, 0.0, 0.0, 0.0, 0.0, 0.5, 0.0]",2
코너스톤호텔,24,10,"[0.0, 0.3, 0.0, 0.0, 0.0, 0.3, 0.1, 0.3, 0.0, 0.0, 0.0]",2
남문주유소,10,3,"[0.0, 0.0, 0.0, 0.0, 0.0, 0.0, 0.333333, 0.333333, 0.0, 0.0, 0.333333]",2
맥도날드 제주중문DT점,11,20,"[0.0, 0.0, 0.0, 0.1, 0.0, 0.2, 0.0, 0.25, 0.45, 0.0, 0.0]",0
아프리카박물관,2,8,"[0.0, 0.25, 0.0, 0.0, 0.125, 0.25, 0.0, 0.0, 0.25, 0.125, 0.0]",2
제삼굽,11,1,"[0.0, 0.0, 0.0, 0.0, 1.0, 0.0, 0.0, 0.0, 0.0, 0.0, 0.0]",0
앙뚜아네트 용담점,11,12,"[0.083333, 0.416667, 0.0, 0.0, 0.166667, 0.0, 0.0, 0.0, 0.166667, 0.0, 0.166667]",0
리보스코화덕피자,11,4,"[0.0, 1.0, 0.0, 0.0, 0.0, 0.0, 0.0, 0.0, 0.0, 0.0, 0.0]",0
바다타이테라피,13,1,"[0.0, 0.0, 0.0, 1.0, 0.0, 0.0, 0.0, 0.0, 0.0, 0.0, 0.0]",2
국수마당 본점,11,7,"[0.0, 0.571429, 0.0, 0.0, 0.142857, 0.0, 0.0, 0.142857, 0.142857, 0.0, 0.0]",0
메종글래드제주,24,67,"[0.059701, 0.149254, 0.0, 0.119403, 0.014925, 0.149254, 0.074627, 0.164179, 0.029851, 0.0, 0.238806]",0
어반스테이 제주연동,24,26,"[0.0, 0.461538, 0.076923, 0.038462, 0.038462, 0.076923, 0.038462, 0.038462, 0.0, 0.0, 0.230769]",2
스타벅스 제주용담DT점,11,38,"[0.131579, 0.078947, 0.0, 0.105263, 0.105263, 0.184211, 0.052632, 0.0, 0.289474, 0.0, 0.052632]",1
용두암,1,83,"[0.493976, 0.024096, 0.0, 0.120482, 0.048193, 0.13253, 0.0, 0.0, 0.180723, 0.0, 0.0]",2
연동마라도횟집,11,4,"[0.25, 0.25, 0.0, 0.0, 0.5, 0.0, 0.0, 0.0, 0.0, 0.0, 0.0]",0
롯데렌터카 제주오토하우스지점,10,36,"[0.0, 0.083333, 0.027778, 0.138889, 0.027778, 0.055556, 0.305556, 0.055556, 0.0, 0.0, 0.305556]",2
피쉬어바웃,11,3,"[0.0, 0.0, 0.0, 0.0, 0.666667, 0.0, 0.0, 0.0, 0.333333, 0.0, 0.0]",0
카페라라라,11,7,"[0.0, 0.428571, 0.0, 0.0, 0.142857, 0.142857, 0.0, 0.0, 0.285714, 0.0, 0.0]",1
아베끄0426,24,1,"[0.0, 0.0, 0.0, 1.0, 0.0, 0.0, 0.0, 0.0, 0.0, 0.0, 0.0]",2
벵디,11,9,"[0.222222, 0.555556, 0.0, 0.0, 0.111111, 0.111111, 0.0, 0.0, 0.0, 0.0, 0.0]",0
제주한림농협하나로마트,10,24,"[0.0, 0.041667, 0.0, 0.0, 0.0, 0.416667, 0.125, 0.166667, 0.125, 0.0, 0.125]",2
스타벅스 제주중문점,11,25,"[0.16, 0.08, 0.0, 0.04, 0.12, 0.2, 0.04, 0.0, 0.28, 0.0, 0.08]",1
제주백정,11,2,"[0.0, 0.5, 0.0, 0.0, 0.0, 0.0, 0.0, 0.0, 0.5, 0.0, 0.0]",0
별오름 노형점,11,1,"[0.0, 0.0, 0.0, 1.0, 0.0, 0.0, 0.0, 0.0, 0.0, 0.0, 0.0]",0
해녀와바다,11,2,"[0.0, 1.0, 0.0, 0.0, 0.0, 0.0, 0.0, 0.0, 0.0, 0.0, 0.0]",0
은혜전복,11,9,"[0.111111, 0.444444, 0.0, 0.0, 0.222222, 0.0, 0.0, 0.111111, 0.111111, 0.0, 0.0]",0
큐티파이호텔,24,2,"[0.0, 0.0, 0.0, 0.0, 0.0, 1.0, 0.0, 0.0, 0.0, 0.0, 0.0]",2
노형수퍼마켙,3,59,"[0.305085, 0.474576, 0.0, 0.033898, 0.101695, 0.016949, 0.0, 0.016949, 0.016949, 0.0, 0.033898]",2
브라운스위트제주 호텔앤리조트,24,43,"[0.046512, 0.0, 0.0, 0.139535, 0.209302, 0.093023, 0.069767, 0.302326, 0.0, 0.0, 0.139535]",2
리치호텔,24,10,"[0.2, 0.2, 0.0, 0.0, 0.1, 0.0, 0.3, 0.2, 0.0, 0.0, 0.0]",2
마레보비치호텔,24,4,"[0.0, 0.0, 0.0, 0.0, 0.75, 0.25, 0.0, 0.0, 0.0, 0.0, 0.0]",2
원담,11,11,"[0.090909, 0.272727, 0.090909, 0.181818, 0.363636, 0.0, 0.0, 0.0, 0.0, 0.0, 0.0]",0
스카이워터쇼,3,9,"[0.333333, 0.555556, 0.111111, 0.0, 0.0, 0.0, 0.0, 0.0, 0.0, 0.0, 0.0]",2
그랑블루요트투어,5,4,"[0.25, 0.25, 0.0, 0.0, 0.0, 0.0, 0.0, 0.0, 0.0, 0.0, 0.5]",2
교래손칼국수,11,6,"[0.0, 0.166667, 0.0, 0.333333, 0.166667, 0.0, 0.0, 0.166667, 0.166667, 0.0, 0.0]",0
소노벨 제주,24,56,"[0.178571, 0.053571, 0.0, 0.107143, 0.053571, 0.071429, 0.107143, 0.107143, 0.0, 0.0, 0.321429]",2
고향흑돼지,11,2,"[0.0, 0.5, 0.0, 0.5, 0.0, 0.0, 0.0, 0.0, 0.0, 0.0, 0.0]",0
검멀레해변,1,64,"[0.609375, 0.15625, 0.0, 0.125, 0.015625, 0.015625, 0.0, 0.0, 0.078125, 0.0, 0.0]",2
아쿠아플라넷 제주,6,74,"[0.472973, 0.094595, 0.040541, 0.189189, 0.067568, 0.0, 0.0, 0.013514, 0.013514, 0.040541, 0.067568]",2
뽀로로앤타요테마파크 제주,6,25,"[0.28, 0.16, 0.04, 0.08, 0.36, 0.0, 0.0, 0.0, 0.0, 0.08, 0.0]",2
블랑로쉐,11,34,"[0.176471, 0.647059, 0.0, 0.088235, 0.058824, 0.0, 0.0, 0.0, 0.029412, 0.0, 0.0]",1
소섬전복,11,9,"[0.0, 0.777778, 0.0, 0.111111, 0.111111, 0.0, 0.0, 0.0, 0.0, 0.0, 0.0]",0
백가네제주한상,11,5,"[0.0, 0.6, 0.0, 0.0, 0.0, 0.0, 0.0, 0.0, 0.4, 0.0, 0.0]",0
우무,11,53,"[0.339623, 0.528302, 0.0, 0.037736, 0.09434, 0.0, 0.0, 0.0, 0.0, 0.0, 0.0]",1
화로위,11,4,"[0.0, 0.5, 0.0, 0.25, 0.25, 0.0, 0.0, 0.0, 0.0, 0.0, 0.0]",0
제주항공우주박물관,2,31,"[0.064516, 0.258065, 0.0, 0.129032, 0.0, 0.064516, 0.0, 0.0, 0.032258, 0.387097, 0.064516]",2
생이기정,1,2,"[0.5, 0.5, 0.0, 0.0, 0.0, 0.0, 0.0, 0.0, 0.0, 0.0, 0.0]",2
샤부돈,11,1,"[0.0, 1.0, 0.0, 0.0, 0.0, 0.0, 0.0, 0.0, 0.0, 0.0, 0.0]",0
아루미호텔 협재점,24,14,"[0.0, 0.071429, 0.071429, 0.0, 0.214286, 0.357143, 0.0, 0.0, 0.0, 0.0, 0.285714]",2
항파두리 항몽유적지,2,37,"[0.324324, 0.243243, 0.027027, 0.054054, 0.0, 0.054054, 0.0, 0.0, 0.054054, 0.243243, 0.0]",2
어음리억새군락지,1,25,"[0.56, 0.2, 0.0, 0.0, 0.12, 0.04, 0.0, 0.0, 0.08, 0.0, 0.0]",2
르네상스호텔,24,12,"[0.0, 0.083333, 0.0, 0.0, 0.166667, 0.083333, 0.0, 0.583333, 0.0, 0.0, 0.083333]",2
우피후피,11,1,"[0.0, 0.0, 0.0, 0.0, 0.0, 0.0, 0.0, 0.0, 1.0, 0.0, 0.0]",0
대우정,11,6,"[0.0, 0.333333, 0.0, 0.166667, 0.5, 0.0, 0.0, 0.0, 0.0, 0.0, 0.0]",0
하라케케,11,14,"[0.214286, 0.285714, 0.0, 0.071429, 0.428571, 0.0, 0.0, 0.0, 0.0, 0.0, 0.0]",1
금능샌드,11,3,"[0.0, 0.666667, 0.0, 0.333333, 0.0, 0.0, 0.0, 0.0, 0.0, 0.0, 0.0]",0
호텔 케니 서귀포,24,71,"[0.014085, 0.098592, 0.0, 0.140845, 0.0, 0.126761, 0.0, 0.492958, 0.0, 0.0, 0.126761]",2
맥도날드 제주서귀포DT점,11,4,"[0.0, 0.0, 0.0, 0.25, 0.0, 0.0, 0.0, 0.25, 0.5, 0.0, 0.0]",0
숨도,6,6,"[0.166667, 0.5, 0.0, 0.0, 0.333333, 0.0, 0.0, 0.0, 0.0, 0.0, 0.0]",2
이중섭미술관,3,35,"[0.542857, 0.028571, 0.0, 0.171429, 0.028571, 0.028571, 0.0, 0.028571, 0.085714, 0.057143, 0.028571]",2
천일만두,11,10,"[0.1, 0.2, 0.0, 0.3, 0.3, 0.0, 0.0, 0.0, 0.1, 0.0, 0.0]",0
휴일로,11,21,"[0.52381, 0.285714, 0.0, 0.0, 0.190476, 0.0, 0.0, 0.0, 0.0, 0.0, 0.0]",0
그시절그짬뽕,11,3,"[0.333333, 0.333333, 0.0, 0.0, 0.333333, 0.0, 0.0, 0.0, 0.0, 0.0, 0.0]",0
미스틱3도,11,9,"[0.111111, 0.444444, 0.0, 0.111111, 0.222222, 0.0, 0.0, 0.0, 0.111111, 0.0, 0.0]",1
고은물식당,11,6,"[0.0, 0.833333, 0.0, 0.0, 0.0, 0.0, 0.0, 0.0, 0.166667, 0.0, 0.0]",0
산양큰엉곶,1,28,"[0.321429, 0.535714, 0.0, 0.035714, 0.071429, 0.0, 0.0, 0.0, 0.035714, 0.0, 0.0]",2
수월,24,6,"[0.0, 0.0, 0.0, 0.333333, 0.0, 0.0, 0.0, 0.666667, 0.0, 0.0, 0.0]",2
백약이오름,1,19,"[0.526316, 0.105263, 0.0, 0.157895, 0.0, 0.052632, 0.0, 0.0, 0.157895, 0.0, 0.0]",2
마노르블랑,13,36,"[0.5, 0.416667, 0.0, 0.055556, 0.027778, 0.0, 0.0, 0.0, 0.0, 0.0, 0.0]",1
파더스가든,13,31,"[0.225806, 0.290323, 0.0, 0.032258, 0.064516, 0.032258, 0.0, 0.032258, 0.096774, 0.032258, 0.193548]",2
엘파소,11,14,"[0.285714, 0.5, 0.0, 0.0, 0.214286, 0.0, 0.0, 0.0, 0.0, 0.0, 0.0]",1
덴드리,13,5,"[0.0, 0.6, 0.0, 0.2, 0.0, 0.2, 0.0, 0.0, 0.0, 0.0, 0.0]",1
송악산,1,36,"[0.416667, 0.111111, 0.0, 0.222222, 0.138889, 0.0, 0.0, 0.0, 0.055556, 0.0, 0.055556]",2
새빌,11,42,"[0.380952, 0.357143, 0.02381, 0.071429, 0.071429, 0.047619, 0.0, 0.0, 0.047619, 0.0, 0.0]",0
녹차동굴,1,4,"[0.5, 0.5, 0.0, 0.0, 0.0, 0.0, 0.0, 0.0, 0.0, 0.0, 0.0]",2
제주커피박물관 바움,2,5,"[0.2, 0.4, 0.0, 0.2, 0.0, 0.0, 0.0, 0.0, 0.0, 0.2, 0.0]",2
표선농협하나로마트,10,11,"[0.0, 0.0, 0.0, 0.090909, 0.0, 0.272727, 0.090909, 0.181818, 0.363636, 0.0, 0.0]",2
해뜨는식당,11,1,"[0.0, 1.0, 0.0, 0.0, 0.0, 0.0, 0.0, 0.0, 0.0, 0.0, 0.0]",0
에코랜드테마파크,6,52,"[0.384615, 0.153846, 0.019231, 0.211538, 0.153846, 0.057692, 0.0, 0.0, 0.0, 0.019231, 0.0]",2
엉덩물계곡,1,1,"[0.0, 0.0, 0.0, 0.0, 0.0, 0.0, 0.0, 0.0, 1.0, 0.0, 0.0]",2
호텔더본 제주,24,29,"[0.068966, 0.448276, 0.0, 0.103448, 0.034483, 0.0, 0.034483, 0.206897, 0.0, 0.0, 0.103448]",2
호텔더본 탐모라,24,21,"[0.238095, 0.380952, 0.047619, 0.190476, 0.047619, 0.0, 0.0, 0.047619, 0.0, 0.0, 0.047619]",2
색달생수천 생태문화공원,1,2,"[0.0, 0.0, 0.0, 0.0, 0.0, 0.0, 0.0, 0.0, 1.0, 0.0, 0.0]",2
파리바게트,11,2,"[0.5, 0.5, 0.0, 0.0, 0.0, 0.0, 0.0, 0.0, 0.0, 0.0, 0.0]",1
구좌읍세화 월정리그때그집,11,6,"[0.0, 0.333333, 0.0, 0.333333, 0.0, 0.0, 0.0, 0.0, 0.333333, 0.0, 0.0]",0
로로패들보드클럽,5,1,"[0.0, 1.0, 0.0, 0.0, 0.0, 0.0, 0.0, 0.0, 0.0, 0.0, 0.0]",2
섭지해녀의집,11,5,"[0.0, 0.4, 0.0, 0.0, 0.2, 0.2, 0.0, 0.0, 0.2, 0.0, 0.0]",0
아부오름,1,25,"[0.36, 0.12, 0.0, 0.08, 0.12, 0.16, 0.0, 0.0, 0.04, 0.0, 0.12]",2
에이스렌트카,10,5,"[0.0, 0.0, 0.0, 0.0, 0.4, 0.0, 0.0, 0.2, 0.0, 0.0, 0.4]",2
한림공원,1,34,"[0.441176, 0.117647, 0.058824, 0.117647, 0.058824, 0.029412, 0.0, 0.0, 0.147059, 0.0, 0.029412]",2
제주스테이인성산,24,9,"[0.0, 0.0, 0.0, 0.0, 0.222222, 0.0, 0.0, 0.333333, 0.0, 0.0, 0.444444]",2
오르다,11,10,"[0.3, 0.2, 0.0, 0.2, 0.0, 0.0, 0.1, 0.0, 0.1, 0.0, 0.1]",0
털보네장어랜드,10,1,"[0.0, 1.0, 0.0, 0.0, 0.0, 0.0, 0.0, 0.0, 0.0, 0.0, 0.0]",2
소금바치순이네,11,22,"[0.181818, 0.545455, 0.045455, 0.090909, 0.136364, 0.0, 0.0, 0.0, 0.0, 0.0, 0.0]",0
닭머르,1,31,"[0.548387, 0.354839, 0.0, 0.0, 0.064516, 0.032258, 0.0, 0.0, 0.0, 0.0, 0.0]",2
한림칼국수,11,9,"[0.0, 0.333333, 0.222222, 0.111111, 0.111111, 0.111111, 0.0, 0.0, 0.111111, 0.0, 0.0]",0
만장굴,1,57,"[0.596491, 0.035088, 0.052632, 0.035088, 0.052632, 0.017544, 0.0, 0.0, 0.070175, 0.105263, 0.035088]",2
신창풍차해안도로,1,68,"[0.529412, 0.073529, 0.014706, 0.191176, 0.058824, 0.088235, 0.0, 0.0, 0.029412, 0.0, 0.014706]",2
어린왕자감귤밭,13,28,"[0.25, 0.607143, 0.0, 0.0, 0.035714, 0.0, 0.035714, 0.0, 0.0, 0.035714, 0.035714]",0
선인장자생지,1,2,"[0.5, 0.0, 0.0, 0.0, 0.5, 0.0, 0.0, 0.0, 0.0, 0.0, 0.0]",2
아침미소목장,13,43,"[0.395349, 0.255814, 0.0, 0.069767, 0.162791, 0.0, 0.0, 0.0, 0.0, 0.069767, 0.046512]",0
서귀포잠수함,13,21,"[0.47619, 0.142857, 0.142857, 0.0, 0.047619, 0.0, 0.0, 0.0, 0.0, 0.142857, 0.047619]",2
먹고정,11,13,"[0.076923, 0.615385, 0.076923, 0.0, 0.153846, 0.076923, 0.0, 0.0, 0.0, 0.0, 0.0]",0
켄싱턴리조트 제주한림,24,8,"[0.0, 0.0, 0.0, 0.0, 0.0, 0.0, 0.25, 0.5, 0.0, 0.0, 0.25]",2
제스토리,10,18,"[0.0, 0.333333, 0.0, 0.0, 0.111111, 0.0, 0.0, 0.0, 0.5, 0.0, 0.055556]",2
BK호텔제주,24,20,"[0.0, 0.35, 0.05, 0.4, 0.0, 0.0, 0.0, 0.2, 0.0, 0.0, 0.0]",2
비자림,1,113,"[0.495575, 0.079646, 0.061947, 0.212389, 0.123894, 0.0, 0.0, 0.00885, 0.00885, 0.0, 0.00885]",2
삼대국수회관 신제주점,11,4,"[0.0, 0.5, 0.25, 0.0, 0.25, 0.0, 0.0, 0.0, 0.0, 0.0, 0.0]",0
해오름식당,11,3,"[0.0, 0.666667, 0.0, 0.0, 0.333333, 0.0, 0.0, 0.0, 0.0, 0.0, 0.0]",0
한라산국립공원,1,33,"[0.787879, 0.0, 0.0, 0.181818, 0.0, 0.0, 0.0, 0.0, 0.0, 0.0, 0.030303]",2
HY초이호스텔,24,3,"[0.0, 0.333333, 0.0, 0.0, 0.0, 0.0, 0.0, 0.666667, 0.0, 0.0, 0.0]",2
늘봄흑돼지,11,13,"[0.153846, 0.076923, 0.0, 0.230769, 0.461538, 0.0, 0.0, 0.0, 0.076923, 0.0, 0.0]",0
도도돈까스,11,1,"[0.0, 0.0, 0.0, 0.0, 1.0, 0.0, 0.0, 0.0, 0.0, 0.0, 0.0]",0
제주목공방,13,2,"[0.0, 0.5, 0.0, 0.5, 0.0, 0.0, 0.0, 0.0, 0.0, 0.0, 0.0]",2
새별오름관광타운,1,2,"[0.5, 0.5, 0.0, 0.0, 0.0, 0.0, 0.0, 0.0, 0.0, 0.0, 0.0]",2
랜디스도넛 제주애월점,11,59,"[0.59322, 0.288136, 0.016949, 0.033898, 0.033898, 0.016949, 0.0, 0.0, 0.016949, 0.0, 0.0]",1
놀맨,11,6,"[0.5, 0.333333, 0.0, 0.0, 0.0, 0.0, 0.0, 0.0, 0.166667, 0.0, 0.0]",0
부촌,11,9,"[0.111111, 0.333333, 0.0, 0.0, 0.222222, 0.111111, 0.0, 0.111111, 0.111111, 0.0, 0.0]",0
더포그레이스호텔앤리조트,24,9,"[0.0, 0.111111, 0.0, 0.0, 0.222222, 0.0, 0.222222, 0.222222, 0.0, 0.0, 0.222222]",2
썬셋클리프,11,5,"[0.6, 0.0, 0.0, 0.0, 0.0, 0.0, 0.0, 0.0, 0.4, 0.0, 0.0]",0
털보네 게스트하우스,24,4,"[0.5, 0.25, 0.0, 0.25, 0.0, 0.0, 0.0, 0.0, 0.0, 0.0, 0.0]",2
동남팔팔회센타,11,2,"[0.0, 0.0, 0.0, 0.0, 0.5, 0.5, 0.0, 0.0, 0.0, 0.0, 0.0]",0
스타벅스 제주성산DT점,11,29,"[0.103448, 0.206897, 0.034483, 0.0, 0.0, 0.206897, 0.068966, 0.0, 0.275862, 0.0, 0.103448]",1
신신호텔 서귀포점,24,23,"[0.0, 0.130435, 0.0, 0.086957, 0.173913, 0.043478, 0.0, 0.521739, 0.0, 0.0, 0.043478]",2
한담해변,1,32,"[0.53125, 0.125, 0.0, 0.125, 0.03125, 0.0, 0.0, 0.0, 0.15625, 0.0, 0.03125]",2
장한철 생가,2,8,"[0.25, 0.0, 0.0, 0.0, 0.0, 0.25, 0.0, 0.0, 0.5, 0.0, 0.0]",2
카페테,11,5,"[0.2, 0.4, 0.0, 0.0, 0.2, 0.0, 0.0, 0.0, 0.2, 0.0, 0.0]",1
CU 봄그리고가을리조트점,10,1,"[0.0, 0.0, 0.0, 0.0, 0.0, 1.0, 0.0, 0.0, 0.0, 0.0, 0.0]",2
소울빌리지 TRX GYM,5,1,"[0.0, 0.0, 0.0, 0.0, 0.0, 0.0, 0.0, 0.0, 0.0, 0.0, 1.0]",2
만달,10,8,"[0.0, 0.625, 0.0, 0.0, 0.0, 0.125, 0.0, 0.125, 0.0, 0.0, 0.125]",2
이서방흑돼지,11,1,"[0.0, 0.0, 0.0, 0.0, 0.0, 0.0, 0.0, 0.0, 1.0, 0.0, 0.0]",0
제주반딧불한담 애월점,11,8,"[0.125, 0.5, 0.0, 0.0, 0.0, 0.0, 0.0, 0.0, 0.375, 0.0, 0.0]",0
"오른(orrrn,오알엔)",11,20,"[0.25, 0.65, 0.0, 0.0, 0.05, 0.0, 0.0, 0.0, 0.05, 0.0, 0.0]",0
페이보릿,10,8,"[0.0, 0.25, 0.0, 0.0, 0.0, 0.125, 0.0, 0.0, 0.5, 0.0, 0.125]",2
조식,11,2,"[0.0, 0.5, 0.0, 0.5, 0.0, 0.0, 0.0, 0.0, 0.0, 0.0, 0.0]",0
샐리스 제주,24,11,"[0.0, 0.090909, 0.0, 0.0, 0.272727, 0.0, 0.090909, 0.545455, 0.0, 0.0, 0.0]",2
살롱드라방,11,2,"[0.0, 1.0, 0.0, 0.0, 0.0, 0.0, 0.0, 0.0, 0.0, 0.0, 0.0]",1
신엄해녀의집,11,3,"[0.0, 0.333333, 0.333333, 0.0, 0.0, 0.0, 0.0, 0.0, 0.0, 0.0, 0.333333]",0
봄날,11,8,"[0.375, 0.25, 0.0, 0.125, 0.125, 0.0, 0.0, 0.0, 0.125, 0.0, 0.0]",0
앞뱅디식당,11,4,"[0.0, 0.25, 0.0, 0.0, 0.75, 0.0, 0.0, 0.0, 0.0, 0.0, 0.0]",0
서복전시관,3,8,"[0.375, 0.0, 0.0, 0.125, 0.0, 0.125, 0.0, 0.0, 0.25, 0.125, 0.0]",2
제주애월항수산,11,2,"[0.0, 1.0, 0.0, 0.0, 0.0, 0.0, 0.0, 0.0, 0.0, 0.0, 0.0]",0
올래국수 본점,11,26,"[0.230769, 0.384615, 0.038462, 0.307692, 0.038462, 0.0, 0.0, 0.0, 0.0, 0.0, 0.0]",0
제주도립김창열미술관,3,21,"[0.285714, 0.285714, 0.047619, 0.047619, 0.142857, 0.047619, 0.0, 0.0, 0.047619, 0.095238, 0.0]",2
우도,1,134,"[0.552239, 0.029851, 0.014925, 0.335821, 0.037313, 0.007463, 0.0, 0.0, 0.0, 0.0, 0.022388]",2
중문회어시장,4,4,"[0.0, 0.25, 0.0, 0.0, 0.75, 0.0, 0.0, 0.0, 0.0, 0.0, 0.0]",2
라토커피,11,5,"[0.0, 0.4, 0.0, 0.0, 0.0, 0.4, 0.0, 0.2, 0.0, 0.0, 0.0]",1
어진이네횟집,11,5,"[0.0, 0.8, 0.0, 0.0, 0.2, 0.0, 0.0, 0.0, 0.0, 0.0, 0.0]",0
오션스타콘도,24,12,"[0.0, 0.0, 0.0, 0.0, 0.25, 0.0, 0.25, 0.333333, 0.0, 0.0, 0.166667]",2
보롬왓,1,20,"[0.2, 0.45, 0.05, 0.15, 0.1, 0.0, 0.0, 0.0, 0.05, 0.0, 0.0]",2
미쁜제과,11,28,"[0.25, 0.357143, 0.0, 0.142857, 0.107143, 0.0, 0.0, 0.0, 0.142857, 0.0, 0.0]",1
서귀포유람선,5,18,"[0.555556, 0.222222, 0.0, 0.0, 0.0, 0.0, 0.0, 0.055556, 0.055556, 0.055556, 0.055556]",2
네스트펜션,24,3,"[0.0, 0.666667, 0.0, 0.0, 0.333333, 0.0, 0.0, 0.0, 0.0, 0.0, 0.0]",2
본카페 애월,11,9,"[0.111111, 0.444444, 0.0, 0.0, 0.0, 0.0, 0.0, 0.0, 0.333333, 0.0, 0.111111]",1
민스마켓,10,1,"[0.0, 0.0, 0.0, 0.0, 0.0, 0.0, 0.0, 0.0, 1.0, 0.0, 0.0]",2
드르쿰다in성산,13,44,"[0.5, 0.386364, 0.0, 0.0, 0.022727, 0.0, 0.0, 0.045455, 0.022727, 0.0, 0.022727]",0
명진전복,11,16,"[0.1875, 0.3125, 0.0625, 0.125, 0.3125, 0.0, 0.0, 0.0, 0.0, 0.0, 0.0]",0
제주로렌트카,10,6,"[0.0, 0.333333, 0.0, 0.0, 0.0, 0.166667, 0.0, 0.166667, 0.0, 0.0, 0.333333]",2
카페아이니,11,4,"[0.25, 0.5, 0.0, 0.0, 0.0, 0.0, 0.0, 0.0, 0.25, 0.0, 0.0]",1
제주아트서커스,3,20,"[0.45, 0.25, 0.05, 0.1, 0.05, 0.0, 0.0, 0.0, 0.05, 0.0, 0.05]",2
국수한상,11,1,"[0.0, 1.0, 0.0, 0.0, 0.0, 0.0, 0.0, 0.0, 0.0, 0.0, 0.0]",0
자매국수 본점,11,61,"[0.262295, 0.311475, 0.016393, 0.180328, 0.163934, 0.04918, 0.0, 0.0, 0.0, 0.0, 0.016393]",0
김녕성세기해변 인증센터,13,3,"[0.333333, 0.0, 0.0, 0.0, 0.0, 0.0, 0.0, 0.0, 0.0, 0.0, 0.666667]",2
전망좋은집흑돼지,11,11,"[0.090909, 0.454545, 0.272727, 0.0, 0.090909, 0.0, 0.0, 0.0, 0.090909, 0.0, 0.0]",0
다락쉼터 인증센터,13,6,"[0.5, 0.0, 0.0, 0.0, 0.0, 0.0, 0.0, 0.0, 0.166667, 0.0, 0.333333]",2
성산일출봉 인증센터,13,3,"[0.666667, 0.0, 0.0, 0.0, 0.0, 0.0, 0.0, 0.0, 0.0, 0.0, 0.333333]",2
법환바당 인증센터,13,2,"[0.0, 0.0, 0.0, 0.0, 0.0, 0.0, 0.0, 0.0, 0.0, 0.0, 1.0]",2
어촌식당,11,4,"[0.25, 0.25, 0.0, 0.25, 0.25, 0.0, 0.0, 0.0, 0.0, 0.0, 0.0]",0
쇠소깍 인증센터,13,4,"[0.5, 0.0, 0.0, 0.0, 0.0, 0.0, 0.0, 0.0, 0.0, 0.0, 0.5]",2
도체비낭게스트하우스,24,7,"[0.0, 0.571429, 0.0, 0.0, 0.0, 0.142857, 0.0, 0.142857, 0.142857, 0.0, 0.0]",2
성산아쿠아비치호텔,24,5,"[0.0, 0.0, 0.0, 0.0, 0.0, 0.0, 0.0, 1.0, 0.0, 0.0, 0.0]",2
dklee,11,2,"[0.0, 0.0, 0.0, 0.0, 0.0, 0.0, 0.0, 0.0, 1.0, 0.0, 0.0]",0
해거름마을공원 인증센터,13,6,"[0.333333, 0.0, 0.0, 0.166667, 0.0, 0.0, 0.0, 0.0, 0.0, 0.0, 0.5]",2
가람돌솥밥,11,12,"[0.0, 0.666667, 0.0, 0.0, 0.25, 0.0, 0.0, 0.0, 0.0, 0.0, 0.083333]",0
귤하르방,11,1,"[0.0, 0.0, 0.0, 0.0, 0.0, 0.0, 0.0, 0.0, 1.0, 0.0, 0.0]",0
용두암 인증센터,13,4,"[0.5, 0.0, 0.0, 0.0, 0.0, 0.0, 0.0, 0.0, 0.0, 0.0, 0.5]",2
함덕서우봉해변 인증센터,13,5,"[0.4, 0.0, 0.0, 0.2, 0.0, 0.0, 0.0, 0.0, 0.0, 0.0, 0.4]",2
송악산 인증센터,13,4,"[0.5, 0.0, 0.0, 0.0, 0.0, 0.0, 0.0, 0.0, 0.0, 0.0, 0.5]",2
돌카롱 중문점,11,7,"[0.0, 0.857143, 0.0, 0.0, 0.0, 0.142857, 0.0, 0.0, 0.0, 0.0, 0.0]",0
제주민속촌,2,22,"[0.363636, 0.045455, 0.090909, 0.045455, 0.045455, 0.090909, 0.0, 0.0, 0.090909, 0.136364, 0.090909]",2
유니호텔 앤 풀빌라,24,3,"[0.0, 0.0, 0.0, 0.0, 0.0, 0.0, 0.333333, 0.0, 0.666667, 0.0, 0.0]",2
상효원수목원,1,31,"[0.451613, 0.258065, 0.0, 0.064516, 0.064516, 0.032258, 0.0, 0.0, 0.032258, 0.0, 0.096774]",2
선녀와나무꾼 테마공원,6,11,"[0.181818, 0.363636, 0.0, 0.090909, 0.0, 0.0, 0.0, 0.0, 0.0, 0.0, 0.363636]",2
송악산둘레길,7,60,"[0.566667, 0.116667, 0.016667, 0.1, 0.116667, 0.016667, 0.0, 0.0, 0.033333, 0.0, 0.033333]",2
제주김만복김밥 서귀포점,11,6,"[0.333333, 0.166667, 0.0, 0.166667, 0.0, 0.0, 0.0, 0.0, 0.333333, 0.0, 0.0]",0
제주순메밀막국수,11,14,"[0.071429, 0.642857, 0.0, 0.0, 0.071429, 0.0, 0.0, 0.0, 0.214286, 0.0, 0.0]",0
카멜리아힐,1,90,"[0.566667, 0.188889, 0.011111, 0.155556, 0.044444, 0.0, 0.0, 0.011111, 0.0, 0.0, 0.022222]",2
관음사,2,25,"[0.44, 0.2, 0.08, 0.12, 0.0, 0.0, 0.0, 0.0, 0.0, 0.0, 0.16]",2
소희네뚝배기식당,11,1,"[0.0, 0.0, 0.0, 0.0, 0.0, 0.0, 0.0, 0.0, 1.0, 0.0, 0.0]",0
오드씽,11,12,"[0.25, 0.25, 0.0, 0.0, 0.0, 0.083333, 0.0, 0.166667, 0.166667, 0.0, 0.083333]",0
사려니숲길 관광안내소,1,2,"[0.5, 0.0, 0.5, 0.0, 0.0, 0.0, 0.0, 0.0, 0.0, 0.0, 0.0]",2
탑동수산시장,4,2,"[0.0, 0.5, 0.0, 0.0, 0.0, 0.0, 0.0, 0.0, 0.0, 0.0, 0.5]",2
제주사월,10,15,"[0.0, 0.2, 0.0, 0.066667, 0.0, 0.066667, 0.0, 0.4, 0.2, 0.0, 0.066667]",2
현애원&카페이스틀리,11,7,"[0.0, 0.714286, 0.0, 0.0, 0.0, 0.142857, 0.0, 0.0, 0.0, 0.0, 0.142857]",1
돈하르방,11,2,"[0.0, 0.5, 0.0, 0.0, 0.0, 0.0, 0.0, 0.0, 0.5, 0.0, 0.0]",0
소로록,11,1,"[0.0, 0.0, 0.0, 0.0, 0.0, 0.0, 0.0, 0.0, 1.0, 0.0, 0.0]",0
제주담스파빌,24,3,"[0.0, 0.333333, 0.0, 0.0, 0.666667, 0.0, 0.0, 0.0, 0.0, 0.0, 0.0]",2
협재리브와일드바앤키친,11,1,"[1.0, 0.0, 0.0, 0.0, 0.0, 0.0, 0.0, 0.0, 0.0, 0.0, 0.0]",0
소사오름,11,2,"[0.0, 0.5, 0.0, 0.0, 0.5, 0.0, 0.0, 0.0, 0.0, 0.0, 0.0]",1
노론존,11,1,"[0.0, 1.0, 0.0, 0.0, 0.0, 0.0, 0.0, 0.0, 0.0, 0.0, 0.0]",1
숙성도 노형점,11,46,"[0.282609, 0.391304, 0.086957, 0.086957, 0.130435, 0.0, 0.0, 0.0, 0.0, 0.0, 0.021739]",0
제주기역,24,8,"[0.0, 0.25, 0.0, 0.25, 0.5, 0.0, 0.0, 0.0, 0.0, 0.0, 0.0]",2
제주벨미협재점,10,3,"[0.0, 0.333333, 0.0, 0.0, 0.0, 0.0, 0.0, 0.0, 0.666667, 0.0, 0.0]",2
제갈양,11,9,"[0.0, 0.444444, 0.111111, 0.0, 0.0, 0.111111, 0.0, 0.111111, 0.222222, 0.0, 0.0]",0
금능상회,11,2,"[0.0, 1.0, 0.0, 0.0, 0.0, 0.0, 0.0, 0.0, 0.0, 0.0, 0.0]",0
금능반지하,11,6,"[0.166667, 0.333333, 0.0, 0.166667, 0.166667, 0.0, 0.0, 0.0, 0.166667, 0.0, 0.0]",0
제주멜즈,10,2,"[0.0, 1.0, 0.0, 0.0, 0.0, 0.0, 0.0, 0.0, 0.0, 0.0, 0.0]",2
제주은갈치김밥,11,4,"[0.0, 0.5, 0.0, 0.0, 0.25, 0.0, 0.0, 0.0, 0.0, 0.0, 0.25]",0
착한스시,11,1,"[0.0, 1.0, 0.0, 0.0, 0.0, 0.0, 0.0, 0.0, 0.0, 0.0, 0.0]",0
마농치킨 본점,11,4,"[0.25, 0.25, 0.0, 0.5, 0.0, 0.0, 0.0, 0.0, 0.0, 0.0, 0.0]",0
외돌개 전망대,1,13,"[0.846154, 0.0, 0.0, 0.076923, 0.0, 0.0, 0.0, 0.0, 0.076923, 0.0, 0.0]",2
제주월드컵경기장,5,8,"[0.25, 0.0, 0.0, 0.0, 0.125, 0.125, 0.0, 0.0, 0.25, 0.0, 0.25]",2
하귤당,24,4,"[0.0, 1.0, 0.0, 0.0, 0.0, 0.0, 0.0, 0.0, 0.0, 0.0, 0.0]",2
아길라호텔,24,6,"[0.0, 0.333333, 0.0, 0.0, 0.0, 0.5, 0.166667, 0.0, 0.0, 0.0, 0.0]",2
화순한가네식당,11,13,"[0.0, 0.461538, 0.0, 0.153846, 0.307692, 0.0, 0.0, 0.076923, 0.0, 0.0, 0.0]",0
안녕함덕,24,7,"[0.0, 0.0, 0.0, 0.0, 0.0, 0.0, 0.142857, 0.714286, 0.0, 0.0, 0.142857]",2
다이빙맛,24,4,"[0.25, 0.25, 0.0, 0.0, 0.25, 0.0, 0.0, 0.25, 0.0, 0.0, 0.0]",2
취향의섬 키친,11,5,"[0.4, 0.4, 0.0, 0.2, 0.0, 0.0, 0.0, 0.0, 0.0, 0.0, 0.0]",0
떡하니,11,3,"[0.333333, 0.666667, 0.0, 0.0, 0.0, 0.0, 0.0, 0.0, 0.0, 0.0, 0.0]",0
송당무끈모루,1,11,"[0.363636, 0.454545, 0.0, 0.0, 0.0, 0.0, 0.0, 0.0, 0.181818, 0.0, 0.0]",2
순풍해장국 함덕본점,11,5,"[0.6, 0.2, 0.0, 0.2, 0.0, 0.0, 0.0, 0.0, 0.0, 0.0, 0.0]",0
옥화네포차,11,1,"[0.0, 0.0, 0.0, 0.0, 1.0, 0.0, 0.0, 0.0, 0.0, 0.0, 0.0]",0
상상 함덕점,11,14,"[0.071429, 0.785714, 0.0, 0.0, 0.142857, 0.0, 0.0, 0.0, 0.0, 0.0, 0.0]",0
술의식물원,6,1,"[0.0, 0.0, 0.0, 0.0, 1.0, 0.0, 0.0, 0.0, 0.0, 0.0, 0.0]",2
신설오름,11,8,"[0.0, 0.125, 0.125, 0.25, 0.5, 0.0, 0.0, 0.0, 0.0, 0.0, 0.0]",0
싯디,11,1,"[0.0, 0.0, 0.0, 0.0, 0.0, 0.0, 0.0, 0.0, 1.0, 0.0, 0.0]",0
라바북스,10,5,"[0.0, 0.2, 0.0, 0.2, 0.2, 0.0, 0.0, 0.0, 0.4, 0.0, 0.0]",2
도두몰,10,14,"[0.0, 0.142857, 0.071429, 0.0, 0.071429, 0.142857, 0.0, 0.142857, 0.428571, 0.0, 0.0]",0
낭만화로구이,11,3,"[0.0, 0.0, 0.0, 0.0, 0.666667, 0.0, 0.0, 0.333333, 0.0, 0.0, 0.0]",0
돈떵이,11,1,"[0.0, 0.0, 0.0, 0.0, 1.0, 0.0, 0.0, 0.0, 0.0, 0.0, 0.0]",0
산방식당 함덕점,11,2,"[0.0, 0.0, 0.0, 0.0, 0.0, 0.0, 0.0, 0.0, 1.0, 0.0, 0.0]",0
선물고팡 함덕점,10,13,"[0.0, 0.0, 0.0, 0.0, 0.0, 0.230769, 0.0, 0.0, 0.538462, 0.0, 0.230769]",2
갖장이의작업실,13,2,"[0.0, 0.0, 0.0, 0.0, 1.0, 0.0, 0.0, 0.0, 0.0, 0.0, 0.0]",2
스나쿠타카,11,4,"[0.0, 0.5, 0.0, 0.25, 0.25, 0.0, 0.0, 0.0, 0.0, 0.0, 0.0]",1
몰래물밥상,11,2,"[0.0, 1.0, 0.0, 0.0, 0.0, 0.0, 0.0, 0.0, 0.0, 0.0, 0.0]",0
마피스,11,3,"[0.666667, 0.333333, 0.0, 0.0, 0.0, 0.0, 0.0, 0.0, 0.0, 0.0, 0.0]",1
몰질식육식당,11,2,"[0.0, 0.0, 0.0, 0.5, 0.5, 0.0, 0.0, 0.0, 0.0, 0.0, 0.0]",0
부티크스테이스놉,24,12,"[0.25, 0.416667, 0.0, 0.0, 0.25, 0.0, 0.083333, 0.0, 0.0, 0.0, 0.0]",2
달콤아재,11,4,"[0.0, 0.75, 0.0, 0.0, 0.0, 0.0, 0.0, 0.0, 0.25, 0.0, 0.0]",1
대평흑돼지,11,1,"[0.0, 0.0, 0.0, 0.0, 1.0, 0.0, 0.0, 0.0, 0.0, 0.0, 0.0]",0
제주돔베고기집,11,6,"[0.0, 0.666667, 0.166667, 0.166667, 0.0, 0.0, 0.0, 0.0, 0.0, 0.0, 0.0]",0
하하호호 우도본점,11,15,"[0.333333, 0.466667, 0.0, 0.133333, 0.0, 0.0, 0.0, 0.0, 0.066667, 0.0, 0.0]",0
구좌농협하나로마트 우도점,10,4,"[0.0, 0.0, 0.0, 0.0, 0.0, 0.0, 0.25, 0.0, 0.0, 0.0, 0.75]",2
훈데르트윈즈,11,18,"[0.222222, 0.222222, 0.055556, 0.055556, 0.055556, 0.111111, 0.0, 0.0, 0.111111, 0.0, 0.166667]",1
비양도망대,1,10,"[0.7, 0.0, 0.1, 0.1, 0.0, 0.0, 0.0, 0.0, 0.1, 0.0, 0.0]",2
우도랑,11,3,"[0.0, 0.333333, 0.0, 0.0, 0.0, 0.0, 0.0, 0.0, 0.666667, 0.0, 0.0]",0
돌채,24,1,"[0.0, 1.0, 0.0, 0.0, 0.0, 0.0, 0.0, 0.0, 0.0, 0.0, 0.0]",2
훈데르트바서파크,6,37,"[0.378378, 0.243243, 0.054054, 0.027027, 0.054054, 0.054054, 0.0, 0.0, 0.108108, 0.027027, 0.054054]",2
하고수동해변,1,39,"[0.538462, 0.076923, 0.0, 0.128205, 0.025641, 0.0, 0.0, 0.0, 0.230769, 0.0, 0.0]",2
서빈백사,1,24,"[0.541667, 0.125, 0.041667, 0.166667, 0.041667, 0.0, 0.0, 0.0, 0.041667, 0.0, 0.041667]",2
우도아름다운소풍,11,1,"[0.0, 1.0, 0.0, 0.0, 0.0, 0.0, 0.0, 0.0, 0.0, 0.0, 0.0]",0
이금돈지,11,2,"[0.0, 0.5, 0.0, 0.0, 0.5, 0.0, 0.0, 0.0, 0.0, 0.0, 0.0]",0
테디베어뮤지엄 제주점,3,17,"[0.411765, 0.0, 0.0, 0.294118, 0.058824, 0.0, 0.0, 0.0, 0.117647, 0.0, 0.117647]",2
로빙화,11,6,"[0.0, 0.333333, 0.0, 0.0, 0.5, 0.0, 0.0, 0.0, 0.166667, 0.0, 0.0]",1
제주신라호텔,24,62,"[0.096774, 0.145161, 0.0, 0.387097, 0.064516, 0.0, 0.16129, 0.0, 0.032258, 0.0, 0.112903]",0
제주코코몽에코파크,6,11,"[0.181818, 0.545455, 0.0, 0.0, 0.090909, 0.0, 0.090909, 0.0, 0.090909, 0.0, 0.0]",2
제주신라호텔 풀사이드바,11,5,"[0.0, 0.4, 0.0, 0.4, 0.2, 0.0, 0.0, 0.0, 0.0, 0.0, 0.0]",0
제주신라호텔 수영장,6,4,"[0.0, 0.25, 0.0, 0.5, 0.0, 0.0, 0.25, 0.0, 0.0, 0.0, 0.0]",2
제주오성식당,11,10,"[0.0, 0.6, 0.1, 0.0, 0.1, 0.0, 0.0, 0.0, 0.1, 0.0, 0.1]",0
방주교회,2,38,"[0.473684, 0.105263, 0.026316, 0.157895, 0.105263, 0.0, 0.0, 0.0, 0.052632, 0.052632, 0.026316]",2
큰엉,1,18,"[0.555556, 0.055556, 0.0, 0.111111, 0.055556, 0.0, 0.0, 0.0, 0.222222, 0.0, 0.0]",2
휴애리자연생활공원,1,38,"[0.578947, 0.157895, 0.0, 0.184211, 0.026316, 0.0, 0.0, 0.0, 0.0, 0.026316, 0.026316]",2
스시마타네,11,3,"[0.0, 1.0, 0.0, 0.0, 0.0, 0.0, 0.0, 0.0, 0.0, 0.0, 0.0]",0
에코그린리조트,24,18,"[0.0, 0.055556, 0.0, 0.0, 0.111111, 0.0, 0.111111, 0.222222, 0.0, 0.0, 0.5]",2
옥만이네,11,5,"[0.0, 0.8, 0.0, 0.2, 0.0, 0.0, 0.0, 0.0, 0.0, 0.0, 0.0]",0
제주오리엔탈호텔,24,16,"[0.0, 0.0, 0.0, 0.1875, 0.1875, 0.1875, 0.0, 0.25, 0.0, 0.0, 0.1875]",2
골막식당,11,14,"[0.142857, 0.285714, 0.0, 0.071429, 0.428571, 0.071429, 0.0, 0.0, 0.0, 0.0, 0.0]",0
금성주유소,10,1,"[0.0, 0.0, 0.0, 0.0, 0.0, 0.0, 0.0, 0.0, 0.0, 0.0, 1.0]",2
채우다,11,1,"[0.0, 0.0, 0.0, 0.0, 0.0, 0.0, 0.0, 0.0, 1.0, 0.0, 0.0]",1
모래비,11,1,"[0.0, 0.0, 0.0, 0.0, 0.0, 0.0, 0.0, 0.0, 0.0, 0.0, 1.0]",0
월정리카페거리,4,2,"[0.5, 0.0, 0.0, 0.0, 0.0, 0.0, 0.0, 0.0, 0.5, 0.0, 0.0]",2
한아름정육마트,10,3,"[0.0, 0.0, 0.0, 0.333333, 0.333333, 0.0, 0.0, 0.333333, 0.0, 0.0, 0.0]",2
제주알프스렌터카,10,10,"[0.0, 0.1, 0.0, 0.0, 0.0, 0.0, 0.0, 0.6, 0.0, 0.0, 0.3]",2
제주4.3평화공원,2,8,"[0.125, 0.0, 0.0, 0.125, 0.0, 0.0, 0.0, 0.0, 0.125, 0.625, 0.0]",2
금호제주리조트,24,84,"[0.035714, 0.059524, 0.0, 0.071429, 0.142857, 0.02381, 0.142857, 0.107143, 0.011905, 0.0, 0.404762]",2
다미진횟집,11,2,"[0.0, 0.0, 0.0, 0.5, 0.0, 0.0, 0.0, 0.0, 0.5, 0.0, 0.0]",0
궷물오름,1,3,"[0.333333, 0.0, 0.0, 0.0, 0.0, 0.0, 0.0, 0.0, 0.333333, 0.0, 0.333333]",2
서머셋 제주신화월드,24,55,"[0.2, 0.218182, 0.018182, 0.054545, 0.127273, 0.0, 0.145455, 0.127273, 0.018182, 0.0, 0.090909]",2
제주시새우리 제주점,11,35,"[0.171429, 0.542857, 0.0, 0.114286, 0.085714, 0.0, 0.0, 0.0, 0.085714, 0.0, 0.0]",0
정물오름,1,6,"[0.166667, 0.333333, 0.0, 0.0, 0.333333, 0.0, 0.0, 0.0, 0.0, 0.0, 0.166667]",2
고내횟집,11,2,"[0.0, 0.5, 0.0, 0.0, 0.5, 0.0, 0.0, 0.0, 0.0, 0.0, 0.0]",0
수산봉,1,10,"[0.3, 0.5, 0.0, 0.0, 0.1, 0.1, 0.0, 0.0, 0.0, 0.0, 0.0]",2
도두봉,1,69,"[0.623188, 0.15942, 0.014493, 0.086957, 0.043478, 0.043478, 0.0, 0.0, 0.028986, 0.0, 0.0]",2
카페글렌코,11,27,"[0.296296, 0.407407, 0.0, 0.074074, 0.0, 0.0, 0.0, 0.0, 0.222222, 0.0, 0.0]",1
제주돈,11,1,"[0.0, 1.0, 0.0, 0.0, 0.0, 0.0, 0.0, 0.0, 0.0, 0.0, 0.0]",0
서귀샌드,11,6,"[0.0, 0.666667, 0.0, 0.0, 0.0, 0.0, 0.166667, 0.0, 0.0, 0.0, 0.166667]",1
말고기연구소,11,20,"[0.25, 0.55, 0.05, 0.1, 0.05, 0.0, 0.0, 0.0, 0.0, 0.0, 0.0]",0
용머리해안,1,103,"[0.524272, 0.087379, 0.029126, 0.116505, 0.07767, 0.019417, 0.0, 0.009709, 0.087379, 0.009709, 0.038835]",2
제주한옥호텔 한라궁,24,4,"[0.0, 0.75, 0.25, 0.0, 0.0, 0.0, 0.0, 0.0, 0.0, 0.0, 0.0]",2
원앤온리,11,83,"[0.421687, 0.301205, 0.024096, 0.120482, 0.120482, 0.0, 0.0, 0.0, 0.012048, 0.0, 0.0]",1
한라산1100고지,1,18,"[0.444444, 0.0, 0.0, 0.444444, 0.0, 0.0, 0.0, 0.0, 0.111111, 0.0, 0.0]",2
미깡창고,11,14,"[0.0, 0.928571, 0.0, 0.0, 0.071429, 0.0, 0.0, 0.0, 0.0, 0.0, 0.0]",1
중문대포주상절리대,1,83,"[0.60241, 0.048193, 0.012048, 0.144578, 0.036145, 0.024096, 0.0, 0.0, 0.072289, 0.036145, 0.024096]",2
까망돼지 서귀포점,11,2,"[0.0, 0.5, 0.0, 0.0, 0.0, 0.5, 0.0, 0.0, 0.0, 0.0, 0.0]",0
협재칼국수,11,15,"[0.2, 0.466667, 0.0, 0.066667, 0.0, 0.133333, 0.0, 0.0, 0.133333, 0.0, 0.0]",0
닭머르해안길 1코스,7,14,"[0.571429, 0.357143, 0.071429, 0.0, 0.0, 0.0, 0.0, 0.0, 0.0, 0.0, 0.0]",2
그르니에,10,1,"[0.0, 0.0, 0.0, 0.0, 0.0, 0.0, 0.0, 1.0, 0.0, 0.0, 0.0]",2
바다어멍,11,7,"[0.0, 0.571429, 0.0, 0.0, 0.0, 0.142857, 0.0, 0.142857, 0.0, 0.0, 0.142857]",0
돌염전,1,24,"[0.458333, 0.291667, 0.0, 0.0, 0.0, 0.0, 0.0, 0.0, 0.208333, 0.0, 0.041667]",2
와토커피,11,2,"[0.0, 1.0, 0.0, 0.0, 0.0, 0.0, 0.0, 0.0, 0.0, 0.0, 0.0]",1
보배책방,10,2,"[0.0, 0.0, 0.0, 0.5, 0.5, 0.0, 0.0, 0.0, 0.0, 0.0, 0.0]",2
방모루,11,5,"[0.0, 0.8, 0.0, 0.0, 0.0, 0.0, 0.0, 0.0, 0.2, 0.0, 0.0]",0
과수원피스,11,2,"[0.0, 0.0, 0.0, 0.0, 0.0, 0.0, 0.0, 0.0, 0.5, 0.0, 0.5]",0
한라전복(본점),11,2,"[0.0, 1.0, 0.0, 0.0, 0.0, 0.0, 0.0, 0.0, 0.0, 0.0, 0.0]",0
수월봉지질트레일,13,23,"[0.478261, 0.217391, 0.0, 0.086957, 0.043478, 0.0, 0.0, 0.0, 0.086957, 0.086957, 0.0]",2
책방소리소문,10,6,"[0.0, 0.166667, 0.0, 0.0, 0.833333, 0.0, 0.0, 0.0, 0.0, 0.0, 0.0]",2
수르르,11,4,"[0.0, 0.0, 0.25, 0.0, 0.5, 0.0, 0.0, 0.0, 0.25, 0.0, 0.0]",0
고래날다,11,2,"[0.0, 0.0, 0.0, 0.0, 0.0, 0.5, 0.0, 0.0, 0.5, 0.0, 0.0]",0
달다락펜션,24,4,"[0.0, 0.0, 0.0, 0.0, 0.0, 0.25, 0.0, 0.75, 0.0, 0.0, 0.0]",2
호정이네,11,6,"[0.0, 0.5, 0.0, 0.0, 0.333333, 0.0, 0.0, 0.0, 0.0, 0.0, 0.166667]",0
김녕해수욕장,1,113,"[0.530973, 0.053097, 0.0, 0.19469, 0.053097, 0.044248, 0.0, 0.0, 0.097345, 0.0, 0.026549]",2
제파,13,1,"[0.0, 0.0, 0.0, 1.0, 0.0, 0.0, 0.0, 0.0, 0.0, 0.0, 0.0]",2
산방산탄산온천,6,80,"[0.3, 0.1, 0.0125, 0.35, 0.1375, 0.0125, 0.0375, 0.0125, 0.0, 0.0, 0.0375]",2
우정회센타 중문점,11,6,"[0.0, 0.333333, 0.0, 0.0, 0.333333, 0.0, 0.0, 0.166667, 0.166667, 0.0, 0.0]",0
글래즈하임호텔,24,5,"[0.0, 0.0, 0.0, 0.0, 0.0, 0.2, 0.2, 0.4, 0.0, 0.0, 0.2]",2
에이바우트커피뷰 강정점,11,1,"[0.0, 0.0, 0.0, 0.0, 0.0, 1.0, 0.0, 0.0, 0.0, 0.0, 0.0]",1
형아시횟집,11,2,"[0.0, 0.5, 0.0, 0.0, 0.5, 0.0, 0.0, 0.0, 0.0, 0.0, 0.0]",0
참맛나김밥,11,2,"[0.0, 0.0, 0.0, 0.5, 0.5, 0.0, 0.0, 0.0, 0.0, 0.0, 0.0]",0
남원큰엉해변,1,30,"[0.666667, 0.166667, 0.0, 0.0, 0.066667, 0.033333, 0.0, 0.0, 0.066667, 0.0, 0.0]",0
하우목동항,1,8,"[0.5, 0.0, 0.125, 0.125, 0.0, 0.25, 0.0, 0.0, 0.0, 0.0, 0.0]",2
노블피아,24,45,"[0.0, 0.088889, 0.0, 0.044444, 0.0, 0.022222, 0.044444, 0.688889, 0.0, 0.0, 0.111111]",2
꾼짬뽕,11,4,"[0.0, 0.0, 0.0, 0.0, 0.0, 0.25, 0.0, 0.25, 0.5, 0.0, 0.0]",0
랜딩관 제주신화월드호텔앤리조트,24,65,"[0.138462, 0.107692, 0.0, 0.138462, 0.092308, 0.0, 0.292308, 0.092308, 0.015385, 0.061538, 0.061538]",2
브리즈베이호텔,24,7,"[0.0, 0.142857, 0.0, 0.142857, 0.0, 0.0, 0.0, 0.714286, 0.0, 0.0, 0.0]",2
다다익고정육점식당,11,2,"[0.0, 0.0, 0.0, 0.0, 0.0, 0.0, 0.0, 1.0, 0.0, 0.0, 0.0]",0
바당칼국수,11,2,"[0.0, 0.5, 0.0, 0.0, 0.0, 0.0, 0.0, 0.0, 0.5, 0.0, 0.0]",0
여미지식물원,6,21,"[0.285714, 0.047619, 0.0, 0.285714, 0.190476, 0.095238, 0.0, 0.0, 0.047619, 0.047619, 0.0]",2
가파도,1,32,"[0.71875, 0.03125, 0.125, 0.0, 0.0625, 0.0, 0.0, 0.0, 0.0, 0.0, 0.0625]",2
올레야시장,4,14,"[0.5, 0.071429, 0.071429, 0.142857, 0.071429, 0.071429, 0.0, 0.0, 0.071429, 0.0, 0.0]",2
면차롱,11,4,"[0.0, 0.75, 0.0, 0.0, 0.0, 0.0, 0.0, 0.0, 0.0, 0.0, 0.25]",0
성산을본갈치조림구이 제주성산일출봉점,11,5,"[0.0, 0.4, 0.0, 0.2, 0.0, 0.4, 0.0, 0.0, 0.0, 0.0, 0.0]",0
플랏포커피,11,5,"[0.2, 0.6, 0.0, 0.0, 0.0, 0.2, 0.0, 0.0, 0.0, 0.0, 0.0]",1
바당국수,11,6,"[0.0, 0.5, 0.0, 0.0, 0.166667, 0.166667, 0.0, 0.0, 0.166667, 0.0, 0.0]",0
노조미,11,3,"[0.0, 0.333333, 0.0, 0.333333, 0.0, 0.0, 0.0, 0.0, 0.333333, 0.0, 0.0]",0
제주로와게스트하우스,24,8,"[0.0, 0.0, 0.0, 0.0, 0.0, 0.25, 0.25, 0.5, 0.0, 0.0, 0.0]",2
마코다이브,5,3,"[0.0, 0.333333, 0.0, 0.0, 0.333333, 0.0, 0.333333, 0.0, 0.0, 0.0, 0.0]",2
연과자점,11,2,"[0.0, 0.0, 0.0, 1.0, 0.0, 0.0, 0.0, 0.0, 0.0, 0.0, 0.0]",1
시와스튜디오,3,3,"[0.333333, 0.666667, 0.0, 0.0, 0.0, 0.0, 0.0, 0.0, 0.0, 0.0, 0.0]",2
명월국민학교,11,21,"[0.380952, 0.428571, 0.047619, 0.047619, 0.047619, 0.0, 0.0, 0.0, 0.0, 0.0, 0.047619]",0
비마이게스트,11,2,"[0.0, 1.0, 0.0, 0.0, 0.0, 0.0, 0.0, 0.0, 0.0, 0.0, 0.0]",1
고불락,11,1,"[0.0, 0.0, 1.0, 0.0, 0.0, 0.0, 0.0, 0.0, 0.0, 0.0, 0.0]",0
우무솝,10,2,"[0.5, 0.0, 0.0, 0.0, 0.0, 0.0, 0.0, 0.0, 0.5, 0.0, 0.0]",2
레츠고렌트카,10,6,"[0.0, 0.166667, 0.0, 0.0, 0.166667, 0.0, 0.166667, 0.166667, 0.0, 0.0, 0.333333]",2
별돈별 정원점,11,16,"[0.125, 0.625, 0.0, 0.0625, 0.1875, 0.0, 0.0, 0.0, 0.0, 0.0, 0.0]",0
3인칭관찰자시점,11,3,"[0.666667, 0.333333, 0.0, 0.0, 0.0, 0.0, 0.0, 0.0, 0.0, 0.0, 0.0]",1
어느 틈에 벌써,24,1,"[0.0, 1.0, 0.0, 0.0, 0.0, 0.0, 0.0, 0.0, 0.0, 0.0, 0.0]",2
만나다공원,1,1,"[0.0, 0.0, 0.0, 0.0, 1.0, 0.0, 0.0, 0.0, 0.0, 0.0, 0.0]",2
협재온다정,11,5,"[0.2, 0.6, 0.0, 0.0, 0.2, 0.0, 0.0, 0.0, 0.0, 0.0, 0.0]",0
블루보틀 제주 카페,11,39,"[0.538462, 0.205128, 0.0, 0.076923, 0.076923, 0.0, 0.0, 0.0, 0.025641, 0.0, 0.076923]",1
ABC베이커리,11,2,"[0.0, 0.5, 0.0, 0.5, 0.0, 0.0, 0.0, 0.0, 0.0, 0.0, 0.0]",0
종종제주,10,4,"[0.0, 0.5, 0.0, 0.0, 0.0, 0.0, 0.0, 0.0, 0.25, 0.0, 0.25]",2
큰물살아있는해물탕,11,1,"[0.0, 0.0, 0.0, 0.0, 0.0, 1.0, 0.0, 0.0, 0.0, 0.0, 0.0]",0
CU 제주함덕점,10,1,"[0.0, 0.0, 0.0, 0.0, 0.0, 1.0, 0.0, 0.0, 0.0, 0.0, 0.0]",2
스타빌,24,6,"[0.166667, 0.166667, 0.0, 0.0, 0.166667, 0.0, 0.0, 0.0, 0.0, 0.0, 0.5]",2
서울식당,11,1,"[0.0, 0.0, 0.0, 0.0, 0.0, 1.0, 0.0, 0.0, 0.0, 0.0, 0.0]",0
연미정,11,7,"[0.0, 0.714286, 0.0, 0.0, 0.0, 0.142857, 0.0, 0.0, 0.142857, 0.0, 0.0]",0
선흘림,24,2,"[1.0, 0.0, 0.0, 0.0, 0.0, 0.0, 0.0, 0.0, 0.0, 0.0, 0.0]",2
646미터퍼세크,24,3,"[0.666667, 0.333333, 0.0, 0.0, 0.0, 0.0, 0.0, 0.0, 0.0, 0.0, 0.0]",2
한경농협하나로마트,10,9,"[0.0, 0.0, 0.0, 0.111111, 0.0, 0.555556, 0.0, 0.0, 0.222222, 0.0, 0.111111]",2
제비상회,11,1,"[0.0, 0.0, 0.0, 0.0, 0.0, 0.0, 0.0, 0.0, 1.0, 0.0, 0.0]",0
산지해장국 아라점,11,2,"[0.0, 0.0, 0.0, 0.0, 0.5, 0.0, 0.0, 0.5, 0.0, 0.0, 0.0]",0
카페닐스,11,3,"[0.0, 0.333333, 0.0, 0.333333, 0.0, 0.0, 0.0, 0.0, 0.333333, 0.0, 0.0]",1
모앙,11,1,"[0.0, 0.0, 0.0, 1.0, 0.0, 0.0, 0.0, 0.0, 0.0, 0.0, 0.0]",1
배스킨라빈스 제주함덕점,11,4,"[0.0, 0.0, 0.0, 0.0, 0.0, 0.25, 0.0, 0.0, 0.5, 0.0, 0.25]",0
카페진정성 종점,11,26,"[0.076923, 0.653846, 0.038462, 0.0, 0.192308, 0.0, 0.0, 0.0, 0.038462, 0.0, 0.0]",1
김녕농협하나로마트,10,4,"[0.0, 0.0, 0.0, 0.0, 0.0, 0.25, 0.0, 0.0, 0.25, 0.0, 0.5]",2
수월봉,1,24,"[0.5, 0.083333, 0.0, 0.083333, 0.25, 0.0, 0.0, 0.0, 0.0, 0.041667, 0.041667]",2
스모프치킨 고산점,11,1,"[0.0, 0.0, 0.0, 0.0, 1.0, 0.0, 0.0, 0.0, 0.0, 0.0, 0.0]",0
부가네얼큰이 본점,10,1,"[0.0, 0.0, 0.0, 0.0, 0.0, 0.0, 0.0, 0.0, 0.0, 0.0, 1.0]",2
칠성로쇼핑거리,4,12,"[0.166667, 0.083333, 0.0, 0.333333, 0.0, 0.083333, 0.083333, 0.0, 0.25, 0.0, 0.0]",2
제주참숯가마찜질방,6,4,"[0.0, 0.0, 0.25, 0.0, 0.25, 0.0, 0.0, 0.25, 0.0, 0.0, 0.25]",2
고투베드리조트,24,9,"[0.0, 0.222222, 0.0, 0.0, 0.0, 0.0, 0.0, 0.555556, 0.0, 0.0, 0.222222]",2
사려니숲길 붉은오름 입구,1,14,"[0.642857, 0.071429, 0.0, 0.214286, 0.071429, 0.0, 0.0, 0.0, 0.0, 0.0, 0.0]",2
제주흑돈만두,11,2,"[0.0, 0.5, 0.0, 0.5, 0.0, 0.0, 0.0, 0.0, 0.0, 0.0, 0.0]",0
토리노카페,11,3,"[0.0, 0.333333, 0.0, 0.0, 0.666667, 0.0, 0.0, 0.0, 0.0, 0.0, 0.0]",1
체크인호텔,24,7,"[0.0, 0.428571, 0.0, 0.0, 0.0, 0.0, 0.0, 0.428571, 0.0, 0.0, 0.142857]",2
성산가는길,11,2,"[0.0, 0.5, 0.0, 0.0, 0.0, 0.0, 0.0, 0.0, 0.5, 0.0, 0.0]",0
표선농협하나로마트 성읍점,10,1,"[0.0, 0.0, 0.0, 0.0, 0.0, 0.0, 0.0, 0.0, 1.0, 0.0, 0.0]",2
천주교용수성지,2,1,"[1.0, 0.0, 0.0, 0.0, 0.0, 0.0, 0.0, 0.0, 0.0, 0.0, 0.0]",2
요이땅삐삐,11,1,"[1.0, 0.0, 0.0, 0.0, 0.0, 0.0, 0.0, 0.0, 0.0, 0.0, 0.0]",0
서림채2,24,1,"[0.0, 0.0, 0.0, 1.0, 0.0, 0.0, 0.0, 0.0, 0.0, 0.0, 0.0]",2
제일성심당,11,3,"[0.0, 0.333333, 0.0, 0.666667, 0.0, 0.0, 0.0, 0.0, 0.0, 0.0, 0.0]",1
놀멍놀멍,11,2,"[0.0, 0.5, 0.0, 0.0, 0.0, 0.0, 0.0, 0.0, 0.5, 0.0, 0.0]",0
면사무소,11,4,"[0.0, 1.0, 0.0, 0.0, 0.0, 0.0, 0.0, 0.0, 0.0, 0.0, 0.0]",0
화성식당,11,7,"[0.0, 0.285714, 0.0, 0.285714, 0.428571, 0.0, 0.0, 0.0, 0.0, 0.0, 0.0]",0
한성식당,11,2,"[0.0, 0.0, 0.0, 0.0, 1.0, 0.0, 0.0, 0.0, 0.0, 0.0, 0.0]",0
반디파스타,11,9,"[0.111111, 0.666667, 0.0, 0.111111, 0.0, 0.0, 0.0, 0.0, 0.111111, 0.0, 0.0]",0
오조리레저파크,13,3,"[0.0, 0.0, 0.0, 0.0, 0.0, 0.0, 0.0, 0.0, 0.333333, 0.0, 0.666667]",2
트라이브,11,8,"[0.375, 0.25, 0.0, 0.0, 0.0, 0.0, 0.0, 0.0, 0.25, 0.0, 0.125]",1
친구테이블,11,3,"[0.0, 0.333333, 0.0, 0.0, 0.0, 0.0, 0.0, 0.0, 0.666667, 0.0, 0.0]",0
델문도,11,60,"[0.266667, 0.283333, 0.016667, 0.166667, 0.083333, 0.05, 0.0, 0.0, 0.133333, 0.0, 0.0]",1
사라오름,1,2,"[1.0, 0.0, 0.0, 0.0, 0.0, 0.0, 0.0, 0.0, 0.0, 0.0, 0.0]",2
콜린 제주,11,8,"[0.125, 0.375, 0.0, 0.0, 0.125, 0.0, 0.0, 0.0, 0.375, 0.0, 0.0]",0
깡촌흑돼지,11,5,"[0.2, 0.4, 0.0, 0.0, 0.2, 0.0, 0.0, 0.0, 0.2, 0.0, 0.0]",0
에벤에셀호텔,24,29,"[0.206897, 0.137931, 0.0, 0.068966, 0.0, 0.0, 0.034483, 0.551724, 0.0, 0.0, 0.0]",2
제주타요렌터카,10,4,"[0.0, 0.0, 0.0, 0.0, 0.0, 0.0, 0.25, 0.25, 0.0, 0.0, 0.5]",2
형제도식당 본점,11,4,"[0.0, 0.75, 0.0, 0.0, 0.25, 0.0, 0.0, 0.0, 0.0, 0.0, 0.0]",0
문화예술 공공수장고,3,11,"[0.181818, 0.363636, 0.0, 0.090909, 0.181818, 0.0, 0.0, 0.0, 0.090909, 0.090909, 0.0]",2
포도뮤지엄,3,35,"[0.228571, 0.285714, 0.028571, 0.142857, 0.2, 0.0, 0.0, 0.0, 0.0, 0.085714, 0.028571]",2
루체빌,24,8,"[0.0, 0.0, 0.0, 0.0, 0.0, 0.125, 0.25, 0.5, 0.0, 0.0, 0.125]",0
바르다김선생 제주삼화점,11,1,"[0.0, 0.0, 0.0, 1.0, 0.0, 0.0, 0.0, 0.0, 0.0, 0.0, 0.0]",0
제주현대미술관,3,40,"[0.375, 0.15, 0.05, 0.025, 0.1, 0.0, 0.0, 0.0, 0.075, 0.2, 0.025]",2
디아넥스호텔,24,6,"[0.166667, 0.166667, 0.0, 0.0, 0.166667, 0.0, 0.333333, 0.0, 0.0, 0.0, 0.166667]",2
면뽑는선생만두빚는아내,11,8,"[0.0, 0.625, 0.0, 0.125, 0.125, 0.0, 0.0, 0.0, 0.125, 0.0, 0.0]",0
태흥1리쉼터,1,3,"[0.0, 0.0, 0.0, 0.333333, 0.0, 0.0, 0.0, 0.0, 0.333333, 0.0, 0.333333]",2
교래자연휴양림,1,9,"[0.555556, 0.111111, 0.0, 0.0, 0.111111, 0.0, 0.0, 0.0, 0.222222, 0.0, 0.0]",2
한라산 성판악탐방안내소,1,3,"[0.333333, 0.0, 0.0, 0.0, 0.333333, 0.0, 0.0, 0.0, 0.333333, 0.0, 0.0]",2
엠스테이호텔 제주,24,11,"[0.0, 0.181818, 0.0, 0.0, 0.0, 0.181818, 0.272727, 0.181818, 0.0, 0.0, 0.181818]",2
제주고산리유적,2,1,"[0.0, 0.0, 0.0, 0.0, 0.0, 0.0, 0.0, 0.0, 1.0, 0.0, 0.0]",2
모슬포항,1,5,"[0.2, 0.0, 0.0, 0.2, 0.0, 0.0, 0.0, 0.0, 0.2, 0.0, 0.4]",2
소요0617,11,5,"[0.2, 0.4, 0.2, 0.0, 0.0, 0.0, 0.0, 0.2, 0.0, 0.0, 0.0]",0
예래생태마을,7,1,"[0.0, 0.0, 0.0, 0.0, 0.0, 0.0, 0.0, 0.0, 1.0, 0.0, 0.0]",2
붉은오름자연휴양림,1,19,"[0.526316, 0.0, 0.0, 0.105263, 0.052632, 0.105263, 0.0, 0.052632, 0.0, 0.0, 0.157895]",2
베스트웨스턴 제주호텔,24,17,"[0.0, 0.058824, 0.0, 0.0, 0.0, 0.470588, 0.0, 0.470588, 0.0, 0.0, 0.0]",2
소랑아시,10,3,"[0.0, 0.333333, 0.0, 0.0, 0.0, 0.0, 0.0, 0.0, 0.666667, 0.0, 0.0]",2
MJ리조트,24,11,"[0.0, 0.090909, 0.0, 0.454545, 0.181818, 0.0, 0.272727, 0.0, 0.0, 0.0, 0.0]",2
올리브영 제주하귀점,10,1,"[0.0, 0.0, 0.0, 0.0, 0.0, 0.0, 0.0, 0.0, 1.0, 0.0, 0.0]",2
선물가게바나나,10,9,"[0.111111, 0.333333, 0.0, 0.0, 0.0, 0.0, 0.0, 0.0, 0.444444, 0.0, 0.111111]",2
파도국수,11,2,"[0.0, 0.5, 0.0, 0.0, 0.5, 0.0, 0.0, 0.0, 0.0, 0.0, 0.0]",0
애월스테이인제주,24,14,"[0.0, 0.357143, 0.0, 0.0, 0.0, 0.142857, 0.0, 0.428571, 0.0, 0.0, 0.071429]",2
금오름,1,138,"[0.565217, 0.137681, 0.0, 0.123188, 0.094203, 0.014493, 0.0, 0.0, 0.028986, 0.0, 0.036232]",2
신세계사이먼 제주프리미엄전문점,4,25,"[0.24, 0.04, 0.0, 0.28, 0.0, 0.16, 0.12, 0.0, 0.16, 0.0, 0.0]",2
노루생태관찰원,13,8,"[0.25, 0.375, 0.0, 0.0, 0.0, 0.0, 0.0, 0.125, 0.125, 0.125, 0.0]",2
장인의집,11,9,"[0.333333, 0.333333, 0.111111, 0.0, 0.111111, 0.0, 0.0, 0.0, 0.111111, 0.0, 0.0]",0
광평도새기촌 제주본점,11,4,"[0.0, 1.0, 0.0, 0.0, 0.0, 0.0, 0.0, 0.0, 0.0, 0.0, 0.0]",0
지붕위제주바다,11,3,"[0.0, 1.0, 0.0, 0.0, 0.0, 0.0, 0.0, 0.0, 0.0, 0.0, 0.0]",0
다정이네김밥 서귀포신시가지점,11,11,"[0.181818, 0.363636, 0.0, 0.090909, 0.181818, 0.0, 0.0, 0.0, 0.181818, 0.0, 0.0]",0
카페팀블로우,11,9,"[0.444444, 0.333333, 0.0, 0.0, 0.0, 0.0, 0.0, 0.0, 0.222222, 0.0, 0.0]",1
제스코마트 신제주점,10,2,"[0.0, 0.0, 0.0, 0.0, 0.0, 0.0, 0.0, 0.0, 1.0, 0.0, 0.0]",2
용팔이막창 노형점,11,1,"[0.0, 1.0, 0.0, 0.0, 0.0, 0.0, 0.0, 0.0, 0.0, 0.0, 0.0]",0
연돈,11,32,"[0.5, 0.25, 0.1875, 0.03125, 0.0, 0.0, 0.0, 0.0, 0.03125, 0.0, 0.0]",0
제주스런 서귀포공방,13,1,"[0.0, 1.0, 0.0, 0.0, 0.0, 0.0, 0.0, 0.0, 0.0, 0.0, 0.0]",2
미풍해장국 연동점,11,2,"[0.0, 0.5, 0.0, 0.0, 0.5, 0.0, 0.0, 0.0, 0.0, 0.0, 0.0]",0
대영수산회직영센타,11,2,"[0.0, 0.0, 0.0, 0.0, 0.0, 0.0, 0.0, 0.5, 0.5, 0.0, 0.0]",0
검은노루,11,7,"[0.0, 0.428571, 0.0, 0.142857, 0.428571, 0.0, 0.0, 0.0, 0.0, 0.0, 0.0]",0
월영사계,24,2,"[0.0, 1.0, 0.0, 0.0, 0.0, 0.0, 0.0, 0.0, 0.0, 0.0, 0.0]",2
위이,11,10,"[0.4, 0.4, 0.0, 0.0, 0.2, 0.0, 0.0, 0.0, 0.0, 0.0, 0.0]",0
카페나모나모,11,13,"[0.076923, 0.307692, 0.0, 0.076923, 0.153846, 0.230769, 0.0, 0.0, 0.153846, 0.0, 0.0]",1
성산진미식당,11,3,"[0.0, 0.333333, 0.0, 0.0, 0.0, 0.333333, 0.0, 0.0, 0.333333, 0.0, 0.0]",0
성산비치호텔,24,3,"[0.0, 0.0, 0.0, 0.0, 0.0, 0.333333, 0.0, 0.666667, 0.0, 0.0, 0.0]",2
제주곶,11,1,"[0.0, 0.0, 0.0, 0.0, 0.0, 0.0, 0.0, 0.0, 1.0, 0.0, 0.0]",0
조아렌트카,10,23,"[0.0, 0.0, 0.0, 0.043478, 0.0, 0.0, 0.130435, 0.347826, 0.0, 0.0, 0.478261]",2
신세계호텔,24,1,"[0.0, 0.0, 0.0, 0.0, 0.0, 0.0, 0.0, 1.0, 0.0, 0.0, 0.0]",2
롯데리아 제주항DT점,11,2,"[0.5, 0.0, 0.0, 0.0, 0.0, 0.0, 0.0, 0.0, 0.5, 0.0, 0.0]",0
클럽클리프,3,2,"[0.0, 1.0, 0.0, 0.0, 0.0, 0.0, 0.0, 0.0, 0.0, 0.0, 0.0]",2
탐라문화광장,8,4,"[0.0, 0.0, 0.0, 0.0, 0.25, 0.25, 0.0, 0.0, 0.25, 0.0, 0.25]",2
동진식당,11,11,"[0.0, 0.727273, 0.0, 0.0, 0.0, 0.0, 0.0, 0.090909, 0.181818, 0.0, 0.0]",0
착한제주고등어,11,2,"[0.0, 0.5, 0.0, 0.0, 0.0, 0.0, 0.0, 0.5, 0.0, 0.0, 0.0]",0
동서지간,11,1,"[0.0, 0.0, 0.0, 0.0, 1.0, 0.0, 0.0, 0.0, 0.0, 0.0, 0.0]",0
은희네해장국 본점,11,23,"[0.217391, 0.26087, 0.0, 0.304348, 0.217391, 0.0, 0.0, 0.0, 0.0, 0.0, 0.0]",0
스카이31푸드에비뉴 제주,11,9,"[0.0, 0.0, 0.0, 0.0, 0.0, 0.111111, 0.111111, 0.222222, 0.555556, 0.0, 0.0]",0
엔츠노래타운 연동3호점,3,1,"[0.0, 0.0, 0.0, 0.0, 1.0, 0.0, 0.0, 0.0, 0.0, 0.0, 0.0]",2
천금반점,11,2,"[0.0, 0.0, 0.5, 0.0, 0.0, 0.0, 0.0, 0.0, 0.5, 0.0, 0.0]",0
황금돼지,11,2,"[0.0, 0.0, 0.0, 0.0, 0.0, 0.0, 0.0, 0.5, 0.5, 0.0, 0.0]",0
제주드림타워 포차,11,1,"[0.0, 0.0, 0.0, 0.0, 1.0, 0.0, 0.0, 0.0, 0.0, 0.0, 0.0]",0
CU 제주건입행복점,10,1,"[0.0, 0.0, 0.0, 0.0, 0.0, 0.0, 0.0, 0.0, 1.0, 0.0, 0.0]",2
호텔컬리넌 제주,24,9,"[0.0, 0.333333, 0.0, 0.0, 0.0, 0.0, 0.111111, 0.555556, 0.0, 0.0, 0.0]",2
제주김만복 함덕점,11,5,"[0.6, 0.2, 0.0, 0.2, 0.0, 0.0, 0.0, 0.0, 0.0, 0.0, 0.0]",0
뚱보조개,11,1,"[0.0, 1.0, 0.0, 0.0, 0.0, 0.0, 0.0, 0.0, 0.0, 0.0, 0.0]",0
ICC제주국제컨벤션센터,3,17,"[0.058824, 0.058824, 0.0, 0.058824, 0.058824, 0.0, 0.0, 0.0, 0.176471, 0.411765, 0.176471]",2
커먼스테이,24,5,"[0.0, 0.2, 0.0, 0.0, 0.0, 0.0, 0.2, 0.4, 0.0, 0.0, 0.2]",2
루나폴,6,20,"[0.4, 0.4, 0.1, 0.0, 0.1, 0.0, 0.0, 0.0, 0.0, 0.0, 0.0]",2
서쪽가게,10,5,"[0.0, 0.6, 0.0, 0.0, 0.0, 0.0, 0.0, 0.0, 0.4, 0.0, 0.0]",2
제주렌트카 본사,10,14,"[0.0, 0.0, 0.0, 0.214286, 0.071429, 0.0, 0.0, 0.357143, 0.0, 0.0, 0.357143]",2
피규어뮤지엄제주,3,10,"[0.3, 0.2, 0.0, 0.1, 0.2, 0.1, 0.0, 0.0, 0.1, 0.0, 0.0]",2
윈드1947카트테마파크,5,44,"[0.272727, 0.363636, 0.068182, 0.045455, 0.090909, 0.0, 0.0, 0.090909, 0.022727, 0.022727, 0.022727]",2
펠리시아호텔,24,13,"[0.0, 0.230769, 0.0, 0.0, 0.0, 0.0, 0.0, 0.615385, 0.0, 0.0, 0.153846]",2
군산,1,7,"[0.571429, 0.142857, 0.0, 0.142857, 0.142857, 0.0, 0.0, 0.0, 0.0, 0.0, 0.0]",2
사브로소인제주,11,1,"[0.0, 1.0, 0.0, 0.0, 0.0, 0.0, 0.0, 0.0, 0.0, 0.0, 0.0]",0
석경초밥,11,9,"[0.111111, 0.666667, 0.0, 0.111111, 0.111111, 0.0, 0.0, 0.0, 0.0, 0.0, 0.0]",0
큰돈가 본점,11,5,"[0.2, 0.2, 0.0, 0.2, 0.4, 0.0, 0.0, 0.0, 0.0, 0.0, 0.0]",0
한담몰,4,21,"[0.047619, 0.095238, 0.047619, 0.095238, 0.0, 0.047619, 0.0, 0.0, 0.666667, 0.0, 0.0]",2
하이엔드제주,11,17,"[0.352941, 0.352941, 0.0, 0.0, 0.0, 0.058824, 0.0, 0.0, 0.235294, 0.0, 0.0]",1
퍼스트70,24,21,"[0.0, 0.142857, 0.0, 0.047619, 0.047619, 0.142857, 0.047619, 0.428571, 0.0, 0.0, 0.142857]",0
리틀비틀키즈카페 서귀포점,13,1,"[0.0, 0.0, 0.0, 1.0, 0.0, 0.0, 0.0, 0.0, 0.0, 0.0, 0.0]",2
귤밭사이로수제돈가스,11,2,"[0.5, 0.5, 0.0, 0.0, 0.0, 0.0, 0.0, 0.0, 0.0, 0.0, 0.0]",0
고향순대,11,1,"[0.0, 0.0, 0.0, 0.0, 0.0, 0.0, 0.0, 0.0, 1.0, 0.0, 0.0]",0
단산 입구,1,1,"[0.0, 0.0, 0.0, 0.0, 0.0, 0.0, 0.0, 0.0, 0.0, 0.0, 1.0]",2
메리어트관 제주신화월드호텔앤리조트,24,69,"[0.144928, 0.057971, 0.0, 0.347826, 0.028986, 0.014493, 0.217391, 0.15942, 0.0, 0.0, 0.028986]",2
메리어트관 제주신화월드호텔앤리조트 모실클럽하우스,24,11,"[0.090909, 0.0, 0.0, 0.181818, 0.0, 0.0, 0.545455, 0.0, 0.0, 0.0, 0.181818]",2
스카이온파이브다이닝,11,13,"[0.076923, 0.076923, 0.0, 0.153846, 0.076923, 0.0, 0.076923, 0.0, 0.0, 0.0, 0.538462]",0
신화테마파크,6,63,"[0.238095, 0.126984, 0.0, 0.174603, 0.063492, 0.031746, 0.063492, 0.047619, 0.015873, 0.0, 0.238095]",2
고집돌우럭 중문점,11,26,"[0.115385, 0.653846, 0.0, 0.076923, 0.153846, 0.0, 0.0, 0.0, 0.0, 0.0, 0.0]",0
보문사,2,10,"[0.1, 0.0, 0.0, 0.4, 0.2, 0.0, 0.0, 0.0, 0.3, 0.0, 0.0]",2
제주샘주,10,3,"[0.0, 0.0, 0.0, 0.333333, 0.333333, 0.0, 0.0, 0.0, 0.333333, 0.0, 0.0]",2
성화정,11,7,"[0.142857, 0.142857, 0.0, 0.142857, 0.0, 0.571429, 0.0, 0.0, 0.0, 0.0, 0.0]",0
표선해변 인증센터,13,4,"[0.5, 0.0, 0.0, 0.0, 0.0, 0.0, 0.0, 0.0, 0.0, 0.0, 0.5]",2
범섬,1,6,"[0.0, 0.166667, 0.0, 0.333333, 0.166667, 0.0, 0.0, 0.0, 0.166667, 0.0, 0.166667]",2
환태평양평화소공원,1,2,"[0.0, 0.0, 0.0, 0.0, 0.0, 0.5, 0.0, 0.0, 0.5, 0.0, 0.0]",2
굽써,11,3,"[0.0, 0.0, 0.0, 0.333333, 0.333333, 0.0, 0.0, 0.0, 0.333333, 0.0, 0.0]",0
최남단 모슬포방어축제,8,2,"[1.0, 0.0, 0.0, 0.0, 0.0, 0.0, 0.0, 0.0, 0.0, 0.0, 0.0]",2
던킨 제주송악산점,11,1,"[0.0, 0.0, 0.0, 0.0, 0.0, 0.0, 0.0, 0.0, 1.0, 0.0, 0.0]",0
썬라이즈 호텔 성산점,24,3,"[0.0, 0.0, 0.0, 0.0, 0.0, 0.0, 0.0, 1.0, 0.0, 0.0, 0.0]",2
남원용암해수풀장,6,1,"[0.0, 0.0, 0.0, 0.0, 0.0, 0.0, 0.0, 0.0, 1.0, 0.0, 0.0]",2
코코스펜션,24,5,"[0.0, 0.0, 0.0, 0.0, 0.0, 0.0, 0.2, 0.8, 0.0, 0.0, 0.0]",2
누이밥집,11,2,"[0.0, 0.5, 0.0, 0.5, 0.0, 0.0, 0.0, 0.0, 0.0, 0.0, 0.0]",0
탐라스테이호텔제주,24,23,"[0.0, 0.26087, 0.0, 0.0, 0.130435, 0.304348, 0.043478, 0.043478, 0.043478, 0.0, 0.173913]",2
코시롱,11,3,"[0.0, 1.0, 0.0, 0.0, 0.0, 0.0, 0.0, 0.0, 0.0, 0.0, 0.0]",0
올레길 10코스(화순-모슬포 올레),7,13,"[0.230769, 0.153846, 0.0, 0.153846, 0.153846, 0.0, 0.0, 0.0, 0.153846, 0.0, 0.153846]",2
리틀보라카이,11,6,"[0.0, 0.5, 0.0, 0.0, 0.166667, 0.333333, 0.0, 0.0, 0.0, 0.0, 0.0]",0
빠레브호텔,24,5,"[0.0, 0.0, 0.0, 0.0, 0.2, 0.0, 0.0, 0.4, 0.0, 0.0, 0.4]",2
대유ATV수렵사격랜드,5,4,"[0.0, 0.5, 0.0, 0.0, 0.0, 0.0, 0.25, 0.0, 0.0, 0.0, 0.25]",2
황우지선녀탕,1,42,"[0.52381, 0.214286, 0.0, 0.142857, 0.071429, 0.0, 0.0, 0.0, 0.047619, 0.0, 0.0]",2
춘자네집,11,1,"[0.0, 0.0, 0.0, 0.0, 1.0, 0.0, 0.0, 0.0, 0.0, 0.0, 0.0]",0
민박,24,3,"[0.0, 0.0, 0.0, 0.0, 0.0, 0.0, 0.0, 1.0, 0.0, 0.0, 0.0]",2
논짓물해변,1,7,"[0.285714, 0.142857, 0.0, 0.285714, 0.142857, 0.0, 0.0, 0.0, 0.0, 0.0, 0.142857]",2
테왁,11,5,"[0.0, 0.4, 0.0, 0.0, 0.6, 0.0, 0.0, 0.0, 0.0, 0.0, 0.0]",0
가파도민박,24,1,"[0.0, 0.0, 0.0, 0.0, 1.0, 0.0, 0.0, 0.0, 0.0, 0.0, 0.0]",2
퍼시픽리솜 더클리프카페&펍,11,77,"[0.415584, 0.298701, 0.012987, 0.194805, 0.025974, 0.012987, 0.0, 0.0, 0.025974, 0.0, 0.012987]",1
가파도용궁정식,11,2,"[0.0, 0.0, 0.0, 0.0, 1.0, 0.0, 0.0, 0.0, 0.0, 0.0, 0.0]",0
가파도AIR 레지던스,3,1,"[0.0, 0.0, 0.0, 1.0, 0.0, 0.0, 0.0, 0.0, 0.0, 0.0, 0.0]",2
친봉산장,11,10,"[0.0, 0.9, 0.0, 0.1, 0.0, 0.0, 0.0, 0.0, 0.0, 0.0, 0.0]",0
올레길 10-1코스(가파도 올레),7,2,"[0.0, 0.0, 0.0, 1.0, 0.0, 0.0, 0.0, 0.0, 0.0, 0.0, 0.0]",2
동백한입,11,4,"[0.0, 0.5, 0.0, 0.0, 0.25, 0.0, 0.0, 0.0, 0.25, 0.0, 0.0]",0
자상한하루,11,1,"[0.0, 0.0, 0.0, 0.0, 0.0, 0.0, 0.0, 0.0, 1.0, 0.0, 0.0]",0
돌카롱 사려니숲길점,11,1,"[0.0, 0.0, 0.0, 0.0, 0.0, 0.0, 0.0, 0.0, 1.0, 0.0, 0.0]",0
국수의전설,11,1,"[0.0, 0.0, 0.0, 0.0, 1.0, 0.0, 0.0, 0.0, 0.0, 0.0, 0.0]",0
돈향기,11,10,"[0.1, 0.5, 0.0, 0.0, 0.1, 0.2, 0.0, 0.0, 0.1, 0.0, 0.0]",0
호텔더블유 탑동점,24,1,"[0.0, 0.0, 0.0, 0.0, 0.0, 0.0, 0.0, 1.0, 0.0, 0.0, 0.0]",2
달인회센타,11,1,"[0.0, 0.0, 0.0, 0.0, 0.0, 0.0, 0.0, 0.0, 1.0, 0.0, 0.0]",0
페이보리오리,11,3,"[0.0, 0.666667, 0.0, 0.0, 0.0, 0.0, 0.0, 0.0, 0.333333, 0.0, 0.0]",0
여행스케치펜션,24,2,"[0.0, 0.0, 0.0, 0.0, 0.0, 0.0, 0.0, 1.0, 0.0, 0.0, 0.0]",2
스타벅스 제주협재점,11,35,"[0.142857, 0.028571, 0.0, 0.085714, 0.057143, 0.171429, 0.114286, 0.0, 0.371429, 0.0, 0.028571]",1
작은밥상,11,1,"[0.0, 0.0, 0.0, 0.0, 0.0, 0.0, 0.0, 0.0, 1.0, 0.0, 0.0]",0
가시아방국수,11,33,"[0.333333, 0.30303, 0.121212, 0.060606, 0.060606, 0.0, 0.0, 0.0, 0.090909, 0.0, 0.030303]",0
중문수원,11,3,"[0.0, 0.333333, 0.0, 0.0, 0.0, 0.0, 0.0, 0.666667, 0.0, 0.0, 0.0]",0
카페더라이트,11,4,"[0.0, 0.5, 0.0, 0.0, 0.0, 0.0, 0.0, 0.0, 0.5, 0.0, 0.0]",1
고기에오르다,11,6,"[0.166667, 0.5, 0.0, 0.0, 0.0, 0.166667, 0.0, 0.0, 0.166667, 0.0, 0.0]",0
로그인렌트카,10,29,"[0.034483, 0.103448, 0.0, 0.034483, 0.137931, 0.034483, 0.0, 0.413793, 0.0, 0.0, 0.241379]",2
페리카나 성산점,11,1,"[0.0, 0.0, 0.0, 0.0, 0.0, 0.0, 0.0, 0.0, 1.0, 0.0, 0.0]",0
순대이야기,11,7,"[0.0, 0.428571, 0.0, 0.142857, 0.428571, 0.0, 0.0, 0.0, 0.0, 0.0, 0.0]",0
호텔휴안스테이,24,6,"[0.0, 0.166667, 0.0, 0.0, 0.0, 0.0, 0.0, 0.666667, 0.0, 0.0, 0.166667]",2
오멍가멍쉬멍,11,1,"[1.0, 0.0, 0.0, 0.0, 0.0, 0.0, 0.0, 0.0, 0.0, 0.0, 0.0]",0
캠파제주,24,5,"[0.0, 0.2, 0.0, 0.4, 0.0, 0.0, 0.0, 0.4, 0.0, 0.0, 0.0]",2
외돌개,1,33,"[0.666667, 0.060606, 0.0, 0.151515, 0.030303, 0.0, 0.0, 0.0, 0.060606, 0.030303, 0.0]",2
랑이식당,11,3,"[0.0, 0.666667, 0.0, 0.0, 0.0, 0.333333, 0.0, 0.0, 0.0, 0.0, 0.0]",0
타마라 제주,24,28,"[0.0, 0.107143, 0.0, 0.0, 0.0, 0.071429, 0.0, 0.75, 0.0, 0.0, 0.071429]",2
미띠뽀,11,4,"[0.0, 0.25, 0.0, 0.5, 0.25, 0.0, 0.0, 0.0, 0.0, 0.0, 0.0]",0
돗돗,11,3,"[0.0, 0.333333, 0.0, 0.0, 0.333333, 0.0, 0.0, 0.0, 0.333333, 0.0, 0.0]",0
퍼스트짐 신서귀포점,5,1,"[0.0, 0.0, 0.0, 0.0, 0.0, 0.0, 0.0, 0.0, 0.0, 0.0, 1.0]",2
낯선하루게스트하우스,24,5,"[0.0, 0.0, 0.0, 0.0, 0.6, 0.2, 0.0, 0.2, 0.0, 0.0, 0.0]",2
만나빵집,11,1,"[0.0, 0.0, 0.0, 0.0, 1.0, 0.0, 0.0, 0.0, 0.0, 0.0, 0.0]",1
달리센트,10,3,"[0.0, 1.0, 0.0, 0.0, 0.0, 0.0, 0.0, 0.0, 0.0, 0.0, 0.0]",2
활엽수게스트하우스,24,4,"[0.0, 1.0, 0.0, 0.0, 0.0, 0.0, 0.0, 0.0, 0.0, 0.0, 0.0]",2
무드,10,4,"[0.25, 0.5, 0.0, 0.25, 0.0, 0.0, 0.0, 0.0, 0.0, 0.0, 0.0]",2
릴로,11,12,"[0.0, 0.666667, 0.0, 0.083333, 0.166667, 0.083333, 0.0, 0.0, 0.0, 0.0, 0.0]",0
무로이,11,19,"[0.263158, 0.578947, 0.0, 0.105263, 0.0, 0.0, 0.0, 0.0, 0.0, 0.0, 0.052632]",0
쁘띠제주빅터펜션,24,3,"[0.0, 0.666667, 0.0, 0.0, 0.0, 0.333333, 0.0, 0.0, 0.0, 0.0, 0.0]",2
두엔데,11,2,"[0.0, 0.0, 0.5, 0.0, 0.5, 0.0, 0.0, 0.0, 0.0, 0.0, 0.0]",0
후룩,11,3,"[0.333333, 0.666667, 0.0, 0.0, 0.0, 0.0, 0.0, 0.0, 0.0, 0.0, 0.0]",0
초이당,11,6,"[0.166667, 0.666667, 0.0, 0.0, 0.0, 0.0, 0.0, 0.0, 0.166667, 0.0, 0.0]",0
숙성도 함덕점,11,31,"[0.193548, 0.387097, 0.096774, 0.032258, 0.258065, 0.0, 0.0, 0.0, 0.032258, 0.0, 0.0]",0
베어파인,11,6,"[0.333333, 0.5, 0.0, 0.0, 0.166667, 0.0, 0.0, 0.0, 0.0, 0.0, 0.0]",1
양식당,11,3,"[0.0, 1.0, 0.0, 0.0, 0.0, 0.0, 0.0, 0.0, 0.0, 0.0, 0.0]",0
안도르,11,22,"[0.318182, 0.363636, 0.0, 0.090909, 0.045455, 0.045455, 0.0, 0.0, 0.090909, 0.0, 0.045455]",1
절물자연휴양림,1,36,"[0.5, 0.194444, 0.0, 0.138889, 0.138889, 0.0, 0.0, 0.0, 0.027778, 0.0, 0.0]",2
위드시티호텔,24,4,"[0.0, 0.5, 0.0, 0.5, 0.0, 0.0, 0.0, 0.0, 0.0, 0.0, 0.0]",2
이호테우등대,1,42,"[0.52381, 0.0, 0.0, 0.261905, 0.02381, 0.071429, 0.0, 0.0, 0.071429, 0.0, 0.047619]",2
와흘메밀농촌체험휴양마을,13,24,"[0.458333, 0.291667, 0.0, 0.0, 0.166667, 0.041667, 0.0, 0.0, 0.0, 0.0, 0.041667]",2
롱플레이제주,11,15,"[0.466667, 0.4, 0.0, 0.0, 0.066667, 0.0, 0.0, 0.0, 0.0, 0.0, 0.066667]",0
휘닉스제주 유민미술관,3,13,"[0.384615, 0.230769, 0.076923, 0.153846, 0.076923, 0.0, 0.0, 0.0, 0.0, 0.0, 0.076923]",2
디앤디파트먼트 제주,4,22,"[0.363636, 0.272727, 0.0, 0.272727, 0.090909, 0.0, 0.0, 0.0, 0.0, 0.0, 0.0]",0
슬로보트 아뜰리에,11,5,"[0.0, 1.0, 0.0, 0.0, 0.0, 0.0, 0.0, 0.0, 0.0, 0.0, 0.0]",0
5L2F(오엘이에프),11,5,"[0.4, 0.4, 0.0, 0.0, 0.0, 0.0, 0.0, 0.0, 0.2, 0.0, 0.0]",0
슌식당,11,3,"[0.0, 0.666667, 0.0, 0.0, 0.333333, 0.0, 0.0, 0.0, 0.0, 0.0, 0.0]",0
CU 서귀포동문점,10,3,"[0.0, 0.0, 0.0, 0.0, 0.0, 0.333333, 0.0, 0.0, 0.0, 0.0, 0.666667]",2
미도호스텔,24,25,"[0.0, 0.28, 0.0, 0.2, 0.0, 0.0, 0.04, 0.2, 0.0, 0.0, 0.28]",2
디저트39 서귀포명동로점,11,1,"[0.0, 1.0, 0.0, 0.0, 0.0, 0.0, 0.0, 0.0, 0.0, 0.0, 0.0]",0
애나의숲 브런치카페,11,2,"[1.0, 0.0, 0.0, 0.0, 0.0, 0.0, 0.0, 0.0, 0.0, 0.0, 0.0]",1
서귀포해뜨는집,11,1,"[0.0, 0.0, 0.0, 0.0, 1.0, 0.0, 0.0, 0.0, 0.0, 0.0, 0.0]",0
다정이네 올레시장본점,11,24,"[0.125, 0.541667, 0.0, 0.125, 0.125, 0.041667, 0.0, 0.0, 0.041667, 0.0, 0.0]",0
올레흑돼지김치말이,11,1,"[1.0, 0.0, 0.0, 0.0, 0.0, 0.0, 0.0, 0.0, 0.0, 0.0, 0.0]",0
CU 제주서부중앙점,10,3,"[0.0, 0.0, 0.0, 0.0, 0.0, 0.666667, 0.0, 0.0, 0.333333, 0.0, 0.0]",2
돌멩이감성소품,4,1,"[0.0, 0.0, 0.0, 0.0, 0.0, 0.0, 0.0, 0.0, 1.0, 0.0, 0.0]",2
한라통닭,11,1,"[0.0, 1.0, 0.0, 0.0, 0.0, 0.0, 0.0, 0.0, 0.0, 0.0, 0.0]",0
이디하우스,24,6,"[0.0, 0.333333, 0.0, 0.0, 0.0, 0.0, 0.0, 0.5, 0.0, 0.0, 0.166667]",2
올레길 20코스(김녕-하도 올레),7,6,"[0.666667, 0.0, 0.0, 0.166667, 0.0, 0.0, 0.0, 0.0, 0.166667, 0.0, 0.0]",2
다이소 제주동문시장점,10,11,"[0.0, 0.0, 0.0, 0.0, 0.0, 0.181818, 0.0, 0.272727, 0.272727, 0.0, 0.272727]",0
세화해변,1,85,"[0.494118, 0.047059, 0.0, 0.188235, 0.047059, 0.058824, 0.0, 0.0, 0.152941, 0.0, 0.011765]",2
세화민속오일시장,4,21,"[0.380952, 0.047619, 0.047619, 0.142857, 0.095238, 0.095238, 0.0, 0.0, 0.142857, 0.047619, 0.0]",2
카카오패밀리,10,6,"[0.0, 0.833333, 0.0, 0.0, 0.166667, 0.0, 0.0, 0.0, 0.0, 0.0, 0.0]",2
해녀박물관,2,30,"[0.166667, 0.033333, 0.066667, 0.066667, 0.133333, 0.066667, 0.0, 0.033333, 0.1, 0.333333, 0.0]",2
서우봉,1,28,"[0.571429, 0.071429, 0.0, 0.107143, 0.071429, 0.035714, 0.0, 0.0, 0.142857, 0.0, 0.0]",2
세화씨문방구,10,1,"[0.0, 0.0, 0.0, 0.0, 0.0, 0.0, 0.0, 0.0, 1.0, 0.0, 0.0]",2
바다정류장,10,3,"[0.0, 0.333333, 0.0, 0.0, 0.0, 0.0, 0.0, 0.0, 0.666667, 0.0, 0.0]",2
베지근국수,11,1,"[0.0, 0.0, 0.0, 0.0, 0.0, 0.0, 0.0, 0.0, 1.0, 0.0, 0.0]",0
진고복식당 제주공항점,11,6,"[0.0, 0.0, 0.0, 0.0, 0.0, 0.166667, 0.0, 0.0, 0.833333, 0.0, 0.0]",0
가는곶 세화,11,10,"[0.1, 0.7, 0.0, 0.2, 0.0, 0.0, 0.0, 0.0, 0.0, 0.0, 0.0]",0
모메존흑돼지,11,4,"[0.0, 0.5, 0.0, 0.0, 0.0, 0.25, 0.0, 0.25, 0.0, 0.0, 0.0]",0
단잠,24,8,"[0.0, 0.25, 0.0, 0.25, 0.0, 0.125, 0.125, 0.25, 0.0, 0.0, 0.0]",2
국수데이,11,5,"[0.0, 0.6, 0.0, 0.0, 0.2, 0.0, 0.0, 0.0, 0.2, 0.0, 0.0]",0
제주와함께라면,11,2,"[0.0, 0.5, 0.0, 0.0, 0.5, 0.0, 0.0, 0.0, 0.0, 0.0, 0.0]",0
꽃밥,11,5,"[0.0, 0.8, 0.0, 0.0, 0.2, 0.0, 0.0, 0.0, 0.0, 0.0, 0.0]",0
돈해상,11,7,"[0.142857, 0.142857, 0.0, 0.0, 0.0, 0.142857, 0.0, 0.0, 0.285714, 0.0, 0.285714]",0
로봇플래닛,3,5,"[0.0, 0.4, 0.0, 0.0, 0.0, 0.0, 0.0, 0.0, 0.2, 0.4, 0.0]",2
신우성흑돼지,11,1,"[0.0, 0.0, 0.0, 0.0, 0.0, 0.0, 0.0, 0.0, 1.0, 0.0, 0.0]",0
롯데호텔 제주,24,32,"[0.125, 0.1875, 0.0, 0.21875, 0.0, 0.0, 0.40625, 0.0, 0.03125, 0.0, 0.03125]",2
제미니국수,11,8,"[0.125, 0.75, 0.0, 0.0, 0.0, 0.0, 0.0, 0.0, 0.125, 0.0, 0.0]",0
제주현대렌트카,10,16,"[0.0, 0.0, 0.0, 0.0, 0.0625, 0.0, 0.0, 0.625, 0.0, 0.0, 0.3125]",2
신제주유람선,5,2,"[0.0, 0.0, 0.0, 0.0, 0.0, 0.0, 0.0, 0.5, 0.0, 0.0, 0.5]",2
제주앞바다횟집,11,2,"[0.0, 0.5, 0.0, 0.0, 0.5, 0.0, 0.0, 0.0, 0.0, 0.0, 0.0]",0
성산봄죽칼국수 성산점,11,14,"[0.0, 0.571429, 0.0, 0.071429, 0.071429, 0.142857, 0.0, 0.0, 0.071429, 0.0, 0.071429]",0
장수해장국,11,2,"[0.5, 0.0, 0.0, 0.0, 0.0, 0.0, 0.0, 0.0, 0.5, 0.0, 0.0]",0
세계조가비박물관,2,4,"[0.0, 0.5, 0.25, 0.0, 0.25, 0.0, 0.0, 0.0, 0.0, 0.0, 0.0]",2
그리고세화 해변점,24,2,"[0.5, 0.5, 0.0, 0.0, 0.0, 0.0, 0.0, 0.0, 0.0, 0.0, 0.0]",2
슬슬슬로우,11,4,"[0.0, 0.5, 0.0, 0.0, 0.5, 0.0, 0.0, 0.0, 0.0, 0.0, 0.0]",0
루마카,11,4,"[0.25, 0.5, 0.0, 0.0, 0.25, 0.0, 0.0, 0.0, 0.0, 0.0, 0.0]",0
인손,11,7,"[0.0, 0.714286, 0.0, 0.142857, 0.142857, 0.0, 0.0, 0.0, 0.0, 0.0, 0.0]",0
풍림다방 송당점,11,11,"[0.090909, 0.363636, 0.090909, 0.181818, 0.272727, 0.0, 0.0, 0.0, 0.0, 0.0, 0.0]",1
빨간맛집 세화점,11,1,"[0.0, 0.0, 0.0, 0.0, 0.0, 0.0, 0.0, 0.0, 1.0, 0.0, 0.0]",0
성산K마트,10,3,"[0.0, 0.0, 0.0, 0.0, 0.333333, 0.0, 0.333333, 0.0, 0.333333, 0.0, 0.0]",2
새연교,1,60,"[0.416667, 0.033333, 0.05, 0.216667, 0.066667, 0.016667, 0.0, 0.0, 0.116667, 0.0, 0.083333]",2
산지해장국 서귀포점,11,5,"[0.0, 0.2, 0.0, 0.2, 0.4, 0.2, 0.0, 0.0, 0.0, 0.0, 0.0]",0
백년손님,11,2,"[0.0, 0.0, 0.0, 0.0, 0.5, 0.0, 0.0, 0.0, 0.5, 0.0, 0.0]",0
카페콜라,11,3,"[0.0, 0.0, 0.0, 0.333333, 0.666667, 0.0, 0.0, 0.0, 0.0, 0.0, 0.0]",1
귀덕궤물동산,1,1,"[0.0, 0.0, 0.0, 0.0, 0.0, 0.0, 0.0, 0.0, 1.0, 0.0, 0.0]",2
귀덕바다 투명카약,5,5,"[0.0, 0.6, 0.2, 0.0, 0.0, 0.0, 0.0, 0.2, 0.0, 0.0, 0.0]",2
싱계물공원,1,17,"[0.352941, 0.235294, 0.058824, 0.176471, 0.117647, 0.058824, 0.0, 0.0, 0.0, 0.0, 0.0]",2
반핸,10,1,"[0.0, 1.0, 0.0, 0.0, 0.0, 0.0, 0.0, 0.0, 0.0, 0.0, 0.0]",2
서부농업기술센터,3,8,"[0.0, 0.75, 0.0, 0.125, 0.0, 0.0, 0.0, 0.0, 0.125, 0.0, 0.0]",2
제주할망밥상,11,12,"[0.083333, 0.666667, 0.0, 0.0, 0.083333, 0.0, 0.0, 0.166667, 0.0, 0.0, 0.0]",0
삼합소,11,5,"[0.2, 0.6, 0.0, 0.0, 0.2, 0.0, 0.0, 0.0, 0.0, 0.0, 0.0]",0
이호항,1,2,"[1.0, 0.0, 0.0, 0.0, 0.0, 0.0, 0.0, 0.0, 0.0, 0.0, 0.0]",2
쉬다가게,24,1,"[0.0, 1.0, 0.0, 0.0, 0.0, 0.0, 0.0, 0.0, 0.0, 0.0, 0.0]",2
한라산아래첫마을,7,26,"[0.230769, 0.307692, 0.115385, 0.076923, 0.153846, 0.0, 0.0, 0.0, 0.038462, 0.0, 0.076923]",2
아미고라운드,11,6,"[0.166667, 0.5, 0.0, 0.0, 0.0, 0.0, 0.166667, 0.0, 0.0, 0.0, 0.166667]",1
표선해수욕장,1,68,"[0.470588, 0.044118, 0.0, 0.161765, 0.044118, 0.088235, 0.0, 0.0, 0.147059, 0.0, 0.044118]",2
스위트호텔 제주점,24,16,"[0.25, 0.125, 0.0, 0.0, 0.0625, 0.375, 0.0, 0.125, 0.0, 0.0, 0.0625]",2
사우스바운더,11,3,"[0.333333, 0.333333, 0.0, 0.333333, 0.0, 0.0, 0.0, 0.0, 0.0, 0.0, 0.0]",0
모헨,11,2,"[0.0, 1.0, 0.0, 0.0, 0.0, 0.0, 0.0, 0.0, 0.0, 0.0, 0.0]",0
카페세화숲,11,4,"[0.0, 0.0, 0.0, 0.5, 0.0, 0.0, 0.0, 0.0, 0.25, 0.0, 0.25]",1
세화당구클럽,5,1,"[0.0, 0.0, 0.0, 0.0, 0.0, 0.0, 0.0, 0.0, 1.0, 0.0, 0.0]",2
모레기동타잔,11,1,"[1.0, 0.0, 0.0, 0.0, 0.0, 0.0, 0.0, 0.0, 0.0, 0.0, 0.0]",1
오조파스타앤피자,11,1,"[0.0, 0.0, 0.0, 0.0, 0.0, 0.0, 0.0, 0.0, 1.0, 0.0, 0.0]",0
공백,11,12,"[0.333333, 0.333333, 0.0, 0.0, 0.166667, 0.0, 0.0, 0.0, 0.166667, 0.0, 0.0]",1
풍차로가는길,11,6,"[0.166667, 0.166667, 0.0, 0.0, 0.0, 0.166667, 0.0, 0.0, 0.5, 0.0, 0.0]",0
모던플레이스,24,4,"[0.0, 0.25, 0.0, 0.5, 0.0, 0.25, 0.0, 0.0, 0.0, 0.0, 0.0]",2
망고홀릭 애월해안도로점,11,4,"[0.0, 0.25, 0.0, 0.0, 0.0, 0.0, 0.0, 0.0, 0.75, 0.0, 0.0]",0
안녕협재씨 제주협재점,11,11,"[0.272727, 0.545455, 0.0, 0.090909, 0.090909, 0.0, 0.0, 0.0, 0.0, 0.0, 0.0]",0
큰돈가 중문점,11,7,"[0.142857, 0.428571, 0.0, 0.142857, 0.285714, 0.0, 0.0, 0.0, 0.0, 0.0, 0.0]",0
더쉼팡풀빌라,24,1,"[0.0, 1.0, 0.0, 0.0, 0.0, 0.0, 0.0, 0.0, 0.0, 0.0, 0.0]",2
아스타호텔,24,12,"[0.0, 0.166667, 0.0, 0.0, 0.083333, 0.25, 0.0, 0.25, 0.0, 0.0, 0.25]",2
해월정 제주공항점,11,6,"[0.166667, 0.333333, 0.0, 0.0, 0.333333, 0.0, 0.0, 0.0, 0.166667, 0.0, 0.0]",0
바다속고등어쌈밥,11,9,"[0.0, 0.444444, 0.0, 0.333333, 0.0, 0.0, 0.0, 0.0, 0.111111, 0.0, 0.111111]",0
버거상점,11,2,"[0.0, 0.0, 0.0, 0.0, 0.0, 0.0, 0.0, 0.0, 1.0, 0.0, 0.0]",0
비밀의숲,1,85,"[0.564706, 0.282353, 0.011765, 0.058824, 0.047059, 0.0, 0.0, 0.0, 0.0, 0.0, 0.035294]",2
바이제주,10,40,"[0.125, 0.275, 0.0, 0.075, 0.125, 0.075, 0.05, 0.075, 0.175, 0.0, 0.025]",0
광어다,11,4,"[0.0, 0.5, 0.0, 0.0, 0.5, 0.0, 0.0, 0.0, 0.0, 0.0, 0.0]",0
광치기해변,1,98,"[0.377551, 0.142857, 0.0, 0.214286, 0.091837, 0.040816, 0.010204, 0.0, 0.071429, 0.010204, 0.040816]",2
돔베돈,11,4,"[0.25, 0.75, 0.0, 0.0, 0.0, 0.0, 0.0, 0.0, 0.0, 0.0, 0.0]",0
레몬밤스테이,24,4,"[0.0, 0.25, 0.0, 0.0, 0.0, 0.0, 0.0, 0.0, 0.0, 0.0, 0.75]",2
하와이안비치로스터리카페,11,4,"[0.0, 0.25, 0.0, 0.0, 0.0, 0.25, 0.0, 0.0, 0.25, 0.0, 0.25]",1
장승포식당,11,9,"[0.0, 0.777778, 0.0, 0.0, 0.111111, 0.0, 0.0, 0.0, 0.111111, 0.0, 0.0]",0
오저여,1,12,"[0.5, 0.083333, 0.083333, 0.0, 0.083333, 0.083333, 0.0, 0.0, 0.166667, 0.0, 0.0]",2
탐라렌트카,10,15,"[0.0, 0.0, 0.066667, 0.066667, 0.0, 0.2, 0.066667, 0.266667, 0.0, 0.0, 0.333333]",2
가시어멍김밥 제주본점,11,2,"[0.0, 0.0, 0.0, 0.5, 0.0, 0.0, 0.0, 0.0, 0.5, 0.0, 0.0]",0
풀빌라소랑,24,9,"[0.0, 0.222222, 0.0, 0.111111, 0.0, 0.0, 0.333333, 0.333333, 0.0, 0.0, 0.0]",2
국제리더스클럽,5,4,"[0.25, 0.25, 0.25, 0.0, 0.0, 0.25, 0.0, 0.0, 0.0, 0.0, 0.0]",2
트라인커피,11,1,"[0.0, 0.0, 0.0, 0.0, 0.0, 0.0, 0.0, 0.0, 1.0, 0.0, 0.0]",1
회심,11,8,"[0.0, 0.75, 0.0, 0.0, 0.25, 0.0, 0.0, 0.0, 0.0, 0.0, 0.0]",0
에이바우트커피 함덕해수욕장점,11,13,"[0.0, 0.0, 0.0, 0.384615, 0.076923, 0.076923, 0.0, 0.153846, 0.307692, 0.0, 0.0]",1
더큐브리조트 제주,24,22,"[0.045455, 0.136364, 0.0, 0.0, 0.136364, 0.0, 0.0, 0.5, 0.0, 0.0, 0.181818]",2
바라크라펜션,24,7,"[0.0, 0.0, 0.0, 0.0, 0.0, 0.0, 0.0, 0.285714, 0.0, 0.0, 0.714286]",2
백록담,1,8,"[1.0, 0.0, 0.0, 0.0, 0.0, 0.0, 0.0, 0.0, 0.0, 0.0, 0.0]",2
신창풍차해안,1,34,"[0.529412, 0.147059, 0.0, 0.088235, 0.117647, 0.0, 0.0, 0.0, 0.088235, 0.0, 0.029412]",0
홈플러스 서귀포점,4,12,"[0.0, 0.0, 0.0, 0.083333, 0.0, 0.333333, 0.25, 0.0, 0.166667, 0.0, 0.166667]",2
삼원정 본점,11,3,"[0.0, 0.333333, 0.0, 0.0, 0.666667, 0.0, 0.0, 0.0, 0.0, 0.0, 0.0]",0
산도롱맨도롱,11,14,"[0.142857, 0.5, 0.0, 0.071429, 0.214286, 0.0, 0.0, 0.0, 0.071429, 0.0, 0.0]",0
귤의 정원 바령,13,8,"[0.25, 0.625, 0.0, 0.0, 0.0, 0.0, 0.0, 0.0, 0.0, 0.0, 0.125]",2
한라산국립공원 성판악탐방로,1,29,"[0.586207, 0.0, 0.0, 0.206897, 0.034483, 0.0, 0.0, 0.0, 0.0, 0.0, 0.172414]",2
신천올레해수풀장,6,1,"[0.0, 0.0, 0.0, 0.0, 0.0, 0.0, 0.0, 0.0, 0.0, 0.0, 1.0]",2
화순항관리사무소,5,1,"[0.0, 1.0, 0.0, 0.0, 0.0, 0.0, 0.0, 0.0, 0.0, 0.0, 0.0]",2
서진향해장국 성산점,11,1,"[0.0, 0.0, 0.0, 0.0, 0.0, 0.0, 0.0, 0.0, 1.0, 0.0, 0.0]",0
제주등대아구찜(서귀포점),11,2,"[0.0, 0.5, 0.0, 0.0, 0.0, 0.0, 0.0, 0.0, 0.0, 0.0, 0.5]",0
서귀포 정이가네 중문점,11,2,"[0.0, 0.0, 0.0, 0.0, 0.5, 0.0, 0.0, 0.0, 0.5, 0.0, 0.0]",0
천제연폭포,1,40,"[0.65, 0.175, 0.0, 0.075, 0.025, 0.025, 0.0, 0.0, 0.025, 0.025, 0.0]",2
호텔퍼블리코,24,2,"[0.0, 0.0, 0.0, 0.0, 0.0, 0.0, 0.5, 0.5, 0.0, 0.0, 0.0]",2
복자씨연탄구이,11,7,"[0.0, 0.428571, 0.0, 0.142857, 0.142857, 0.0, 0.0, 0.0, 0.285714, 0.0, 0.0]",0
쇠소깍전통나룻배 체험매표소,13,1,"[1.0, 0.0, 0.0, 0.0, 0.0, 0.0, 0.0, 0.0, 0.0, 0.0, 0.0]",2
하버하우스웨스트,24,5,"[0.0, 0.8, 0.0, 0.0, 0.0, 0.0, 0.0, 0.0, 0.0, 0.0, 0.2]",2
교촌치킨 애월해안도로점,11,2,"[0.0, 0.0, 0.0, 0.0, 0.0, 0.0, 0.0, 0.0, 1.0, 0.0, 0.0]",0
혜원,11,3,"[0.333333, 0.333333, 0.0, 0.0, 0.0, 0.0, 0.333333, 0.0, 0.0, 0.0, 0.0]",0
제주다시,24,2,"[0.0, 1.0, 0.0, 0.0, 0.0, 0.0, 0.0, 0.0, 0.0, 0.0, 0.0]",2
한라당몰국수,11,2,"[0.0, 0.5, 0.0, 0.0, 0.0, 0.5, 0.0, 0.0, 0.0, 0.0, 0.0]",0
싱싱잇,11,11,"[0.636364, 0.181818, 0.0, 0.090909, 0.090909, 0.0, 0.0, 0.0, 0.0, 0.0, 0.0]",0
베리제주,10,5,"[0.0, 0.4, 0.0, 0.2, 0.0, 0.0, 0.0, 0.0, 0.4, 0.0, 0.0]",2
남제주 비행기 격납고,2,1,"[0.0, 0.0, 0.0, 0.0, 0.0, 0.0, 0.0, 0.0, 0.0, 1.0, 0.0]",2
항구식당,11,1,"[0.0, 1.0, 0.0, 0.0, 0.0, 0.0, 0.0, 0.0, 0.0, 0.0, 0.0]",0
도구리알,1,8,"[0.5, 0.375, 0.0, 0.0, 0.0, 0.0, 0.0, 0.0, 0.0, 0.0, 0.125]",2
스타벅스 제주신화월드R점,11,15,"[0.066667, 0.066667, 0.0, 0.2, 0.0, 0.2, 0.2, 0.0, 0.266667, 0.0, 0.0]",1
밤의테이블,11,2,"[0.0, 0.5, 0.0, 0.5, 0.0, 0.0, 0.0, 0.0, 0.0, 0.0, 0.0]",0
사가냥,10,2,"[0.0, 0.0, 0.0, 0.5, 0.0, 0.0, 0.0, 0.0, 0.5, 0.0, 0.0]",2
탱자싸롱 게스트하우스,24,6,"[0.0, 0.833333, 0.0, 0.0, 0.0, 0.0, 0.0, 0.166667, 0.0, 0.0, 0.0]",2
책방무사,10,5,"[0.0, 0.6, 0.0, 0.0, 0.2, 0.0, 0.0, 0.0, 0.0, 0.0, 0.2]",2
오늘은녹차한잔,11,18,"[0.333333, 0.388889, 0.0, 0.0, 0.055556, 0.0, 0.055556, 0.0, 0.055556, 0.0, 0.111111]",0
홍익인간,11,2,"[0.0, 0.0, 0.0, 0.0, 0.5, 0.5, 0.0, 0.0, 0.0, 0.0, 0.0]",0
선셋봉고,4,2,"[0.0, 0.5, 0.0, 0.0, 0.0, 0.0, 0.0, 0.0, 0.0, 0.0, 0.5]",2
회춘,11,5,"[0.0, 0.6, 0.0, 0.0, 0.0, 0.0, 0.0, 0.2, 0.2, 0.0, 0.0]",0
하양한,11,9,"[0.222222, 0.666667, 0.0, 0.0, 0.111111, 0.0, 0.0, 0.0, 0.0, 0.0, 0.0]",1
소심한책방,10,13,"[0.076923, 0.384615, 0.0, 0.307692, 0.153846, 0.0, 0.0, 0.0, 0.076923, 0.0, 0.0]",0
서문식당,11,5,"[0.0, 0.0, 0.0, 0.2, 0.4, 0.0, 0.0, 0.0, 0.4, 0.0, 0.0]",0
일본라멘집 유라유라,11,2,"[0.0, 0.5, 0.0, 0.5, 0.0, 0.0, 0.0, 0.0, 0.0, 0.0, 0.0]",0
스타벅스 서귀포올레점,11,17,"[0.058824, 0.0, 0.058824, 0.058824, 0.0, 0.117647, 0.176471, 0.0, 0.470588, 0.0, 0.058824]",1
하르비카페,11,5,"[0.0, 0.2, 0.0, 0.0, 0.4, 0.2, 0.0, 0.0, 0.2, 0.0, 0.0]",1
맥키쉬,11,2,"[0.0, 0.5, 0.0, 0.5, 0.0, 0.0, 0.0, 0.0, 0.0, 0.0, 0.0]",1
스타벅스 제주시청점,11,12,"[0.083333, 0.166667, 0.0, 0.083333, 0.083333, 0.333333, 0.083333, 0.0, 0.166667, 0.0, 0.0]",1
삼양해수욕장,1,34,"[0.352941, 0.147059, 0.0, 0.088235, 0.117647, 0.088235, 0.029412, 0.0, 0.147059, 0.0, 0.029412]",2
라바르,11,3,"[0.333333, 0.666667, 0.0, 0.0, 0.0, 0.0, 0.0, 0.0, 0.0, 0.0, 0.0]",0
잇뽕사계,11,4,"[0.25, 0.5, 0.0, 0.0, 0.25, 0.0, 0.0, 0.0, 0.0, 0.0, 0.0]",0
형제해안도로,1,5,"[0.2, 0.0, 0.0, 0.0, 0.0, 0.0, 0.0, 0.0, 0.6, 0.0, 0.2]",2
구럼비나무,11,5,"[0.4, 0.4, 0.0, 0.0, 0.0, 0.0, 0.2, 0.0, 0.0, 0.0, 0.0]",0
다이나믹메이즈 제주도성읍점,13,11,"[0.181818, 0.272727, 0.0, 0.272727, 0.090909, 0.090909, 0.0, 0.0, 0.090909, 0.0, 0.0]",2
함덕농협 하나로마트,10,4,"[0.0, 0.0, 0.0, 0.0, 0.0, 0.5, 0.0, 0.0, 0.5, 0.0, 0.0]",2
창경빌리지,24,2,"[0.0, 0.0, 0.0, 0.0, 0.0, 0.0, 0.0, 0.5, 0.0, 0.0, 0.5]",2
목장카페 밭디,4,20,"[0.3, 0.45, 0.0, 0.0, 0.1, 0.0, 0.0, 0.05, 0.05, 0.05, 0.0]",1
제주산방산황토펜션,24,1,"[0.0, 0.0, 0.0, 0.0, 0.0, 0.0, 0.0, 0.0, 0.0, 0.0, 1.0]",2
선흘방주할머니식당,11,7,"[0.0, 0.571429, 0.0, 0.142857, 0.142857, 0.142857, 0.0, 0.0, 0.0, 0.0, 0.0]",0
국수대표,11,2,"[0.0, 1.0, 0.0, 0.0, 0.0, 0.0, 0.0, 0.0, 0.0, 0.0, 0.0]",0
보리타작,11,5,"[0.0, 0.4, 0.0, 0.0, 0.2, 0.2, 0.0, 0.0, 0.2, 0.0, 0.0]",0
제주광해 애월본점,11,22,"[0.090909, 0.454545, 0.227273, 0.045455, 0.181818, 0.0, 0.0, 0.0, 0.0, 0.0, 0.0]",0
SK렌터카 제주지점,10,33,"[0.0, 0.181818, 0.060606, 0.121212, 0.090909, 0.030303, 0.212121, 0.030303, 0.0, 0.0, 0.272727]",2
스테이 서하온,24,6,"[0.0, 1.0, 0.0, 0.0, 0.0, 0.0, 0.0, 0.0, 0.0, 0.0, 0.0]",2
아녹,11,2,"[0.0, 1.0, 0.0, 0.0, 0.0, 0.0, 0.0, 0.0, 0.0, 0.0, 0.0]",1
그랜드조선 제주,24,24,"[0.083333, 0.375, 0.0, 0.208333, 0.0, 0.0, 0.208333, 0.0, 0.0, 0.0, 0.125]",2
일월선셋비치,11,2,"[0.0, 0.0, 0.0, 0.5, 0.0, 0.0, 0.0, 0.0, 0.0, 0.0, 0.5]",0
칠돈가 중문점,11,10,"[0.0, 0.6, 0.0, 0.2, 0.0, 0.1, 0.0, 0.0, 0.0, 0.0, 0.1]",0
회가서쪽에서뜨겠네,11,7,"[0.142857, 0.428571, 0.0, 0.0, 0.285714, 0.0, 0.0, 0.0, 0.0, 0.0, 0.142857]",0
바다위에코끼리,11,2,"[0.0, 0.5, 0.0, 0.5, 0.0, 0.0, 0.0, 0.0, 0.0, 0.0, 0.0]",1
산도롱맨도롱 제주공항점,11,5,"[0.0, 1.0, 0.0, 0.0, 0.0, 0.0, 0.0, 0.0, 0.0, 0.0, 0.0]",0
카페블루하우스 올레시장점,11,4,"[0.0, 0.5, 0.0, 0.0, 0.0, 0.0, 0.0, 0.0, 0.5, 0.0, 0.0]",1
바이올레,10,1,"[0.0, 0.0, 0.0, 0.0, 0.0, 0.0, 0.0, 0.0, 1.0, 0.0, 0.0]",2
나라국밥,11,1,"[0.0, 0.0, 0.0, 0.0, 0.0, 0.0, 0.0, 0.0, 1.0, 0.0, 0.0]",0
신신호텔 천지연,24,45,"[0.022222, 0.044444, 0.0, 0.0, 0.0, 0.088889, 0.0, 0.733333, 0.0, 0.0, 0.111111]",2
용연구름다리,1,20,"[0.35, 0.2, 0.0, 0.05, 0.0, 0.15, 0.0, 0.0, 0.25, 0.0, 0.0]",2
그랜드조선제주 아리아,11,6,"[0.166667, 0.666667, 0.0, 0.0, 0.0, 0.0, 0.166667, 0.0, 0.0, 0.0, 0.0]",0
무민랜드제주,6,10,"[0.2, 0.5, 0.0, 0.0, 0.1, 0.1, 0.0, 0.0, 0.0, 0.0, 0.1]",0
고돌집우럭,11,1,"[0.0, 0.0, 0.0, 0.0, 0.0, 0.0, 0.0, 0.0, 0.0, 0.0, 1.0]",0
제주김만복 성산점,11,8,"[0.0, 0.625, 0.0, 0.0, 0.0, 0.0, 0.0, 0.25, 0.125, 0.0, 0.0]",0
돈빠,11,1,"[0.0, 1.0, 0.0, 0.0, 0.0, 0.0, 0.0, 0.0, 0.0, 0.0, 0.0]",0
피즈,11,12,"[0.083333, 0.583333, 0.083333, 0.083333, 0.083333, 0.083333, 0.0, 0.0, 0.0, 0.0, 0.0]",0
카페록록,11,4,"[0.0, 1.0, 0.0, 0.0, 0.0, 0.0, 0.0, 0.0, 0.0, 0.0, 0.0]",1
헤이피피,11,3,"[0.0, 0.666667, 0.0, 0.0, 0.0, 0.0, 0.0, 0.0, 0.333333, 0.0, 0.0]",1
라마다제주시티호텔,24,33,"[0.0, 0.030303, 0.0, 0.121212, 0.030303, 0.424242, 0.030303, 0.30303, 0.0, 0.0, 0.060606]",2
모알보알 제주,11,21,"[0.095238, 0.52381, 0.0, 0.095238, 0.238095, 0.047619, 0.0, 0.0, 0.0, 0.0, 0.0]",0
로긴리조트,24,9,"[0.0, 0.0, 0.0, 0.111111, 0.0, 0.111111, 0.333333, 0.444444, 0.0, 0.0, 0.0]",2
큰노꼬메오름,1,6,"[0.333333, 0.333333, 0.166667, 0.0, 0.166667, 0.0, 0.0, 0.0, 0.0, 0.0, 0.0]",2
어영공원,1,22,"[0.090909, 0.181818, 0.0, 0.181818, 0.0, 0.090909, 0.0, 0.0, 0.454545, 0.0, 0.0]",2
폴바셋 제주용담DT점,11,12,"[0.083333, 0.083333, 0.0, 0.083333, 0.166667, 0.25, 0.0, 0.0, 0.333333, 0.0, 0.0]",0
달그락식탁,11,4,"[0.0, 0.75, 0.0, 0.0, 0.25, 0.0, 0.0, 0.0, 0.0, 0.0, 0.0]",0
한라하이킹,5,1,"[0.0, 1.0, 0.0, 0.0, 0.0, 0.0, 0.0, 0.0, 0.0, 0.0, 0.0]",2
고기장,11,4,"[0.0, 0.5, 0.0, 0.0, 0.25, 0.0, 0.0, 0.0, 0.25, 0.0, 0.0]",0
수애기베이커리,11,11,"[0.0, 0.363636, 0.0, 0.181818, 0.181818, 0.0, 0.0, 0.0, 0.181818, 0.0, 0.090909]",0
러디스,11,5,"[0.2, 0.2, 0.0, 0.0, 0.2, 0.0, 0.0, 0.0, 0.4, 0.0, 0.0]",0
스타벅스 성산일출봉점,11,28,"[0.035714, 0.0, 0.0, 0.178571, 0.035714, 0.142857, 0.142857, 0.0, 0.428571, 0.0, 0.035714]",1
해월정,11,10,"[0.0, 0.3, 0.3, 0.1, 0.2, 0.0, 0.0, 0.0, 0.1, 0.0, 0.0]",0
점보네게스트하우스,24,7,"[0.0, 0.571429, 0.0, 0.0, 0.0, 0.142857, 0.0, 0.142857, 0.0, 0.0, 0.142857]",2
어쩌다어른게스트하우스,24,1,"[0.0, 0.0, 0.0, 0.0, 0.0, 1.0, 0.0, 0.0, 0.0, 0.0, 0.0]",2
흑사돈 표선점,11,1,"[0.0, 0.0, 0.0, 0.0, 0.0, 1.0, 0.0, 0.0, 0.0, 0.0, 0.0]",0
징기스 신제주점,11,3,"[0.0, 0.0, 0.0, 0.333333, 0.666667, 0.0, 0.0, 0.0, 0.0, 0.0, 0.0]",0
제주엔찜함덕,11,1,"[0.0, 1.0, 0.0, 0.0, 0.0, 0.0, 0.0, 0.0, 0.0, 0.0, 0.0]",0
하멜상선전시관,3,6,"[0.333333, 0.0, 0.0, 0.0, 0.0, 0.0, 0.0, 0.0, 0.5, 0.166667, 0.0]",2
굿다이버,5,2,"[0.0, 0.0, 0.0, 1.0, 0.0, 0.0, 0.0, 0.0, 0.0, 0.0, 0.0]",2
카페용빵,11,1,"[0.0, 1.0, 0.0, 0.0, 0.0, 0.0, 0.0, 0.0, 0.0, 0.0, 0.0]",1
문치비,11,9,"[0.111111, 0.444444, 0.0, 0.0, 0.222222, 0.0, 0.0, 0.0, 0.0, 0.0, 0.222222]",0
천지연호텔,24,1,"[0.0, 0.0, 0.0, 0.0, 0.0, 0.0, 0.0, 1.0, 0.0, 0.0, 0.0]",2
바지선선상낚시,5,1,"[0.0, 0.0, 0.0, 0.0, 0.0, 0.0, 0.0, 0.0, 0.0, 0.0, 1.0]",2
호텔에어시티제주,24,1,"[0.0, 0.0, 0.0, 0.0, 0.0, 1.0, 0.0, 0.0, 0.0, 0.0, 0.0]",2
한옥집,11,3,"[0.0, 0.666667, 0.0, 0.333333, 0.0, 0.0, 0.0, 0.0, 0.0, 0.0, 0.0]",0
소낭집,11,3,"[0.333333, 0.0, 0.0, 0.333333, 0.333333, 0.0, 0.0, 0.0, 0.0, 0.0, 0.0]",0
노라바,11,17,"[0.117647, 0.705882, 0.0, 0.117647, 0.058824, 0.0, 0.0, 0.0, 0.0, 0.0, 0.0]",0
삼성혈,2,13,"[0.384615, 0.076923, 0.076923, 0.153846, 0.076923, 0.076923, 0.0, 0.0, 0.076923, 0.076923, 0.0]",2
무인제주,11,10,"[0.3, 0.3, 0.0, 0.0, 0.3, 0.0, 0.0, 0.0, 0.1, 0.0, 0.0]",0
숙성도 애월점,11,11,"[0.181818, 0.545455, 0.090909, 0.0, 0.090909, 0.0, 0.0, 0.0, 0.0, 0.0, 0.090909]",0
호텔난타,24,15,"[0.066667, 0.2, 0.066667, 0.066667, 0.2, 0.333333, 0.0, 0.066667, 0.0, 0.0, 0.0]",2
건강과성박물관,2,12,"[0.5, 0.083333, 0.0, 0.0, 0.0, 0.0, 0.0, 0.0, 0.333333, 0.083333, 0.0]",2
하영올레국수,11,13,"[0.076923, 0.615385, 0.0, 0.076923, 0.0, 0.076923, 0.076923, 0.0, 0.076923, 0.0, 0.0]",0
솔트,24,2,"[0.0, 1.0, 0.0, 0.0, 0.0, 0.0, 0.0, 0.0, 0.0, 0.0, 0.0]",2
다운타우너 제주애월,11,14,"[0.5, 0.285714, 0.0, 0.142857, 0.0, 0.0, 0.0, 0.0, 0.0, 0.0, 0.071429]",0
잔디공장,11,1,"[0.0, 1.0, 0.0, 0.0, 0.0, 0.0, 0.0, 0.0, 0.0, 0.0, 0.0]",1
쉬어갓,11,11,"[0.181818, 0.636364, 0.0, 0.0, 0.090909, 0.0, 0.0, 0.0, 0.0, 0.0, 0.090909]",1
괸당집 성산점,11,4,"[0.0, 0.5, 0.0, 0.0, 0.0, 0.0, 0.0, 0.0, 0.5, 0.0, 0.0]",0
모구리오름,7,1,"[1.0, 0.0, 0.0, 0.0, 0.0, 0.0, 0.0, 0.0, 0.0, 0.0, 0.0]",2
스타벅스 제주삼화DT점,11,6,"[0.0, 0.0, 0.0, 0.0, 0.0, 0.0, 0.0, 0.166667, 0.833333, 0.0, 0.0]",1
큰사슴이오름,1,5,"[0.0, 0.4, 0.0, 0.2, 0.4, 0.0, 0.0, 0.0, 0.0, 0.0, 0.0]",2
중문보말칼국수,11,13,"[0.0, 0.538462, 0.0, 0.0, 0.153846, 0.0, 0.0, 0.0, 0.230769, 0.0, 0.076923]",0
일루아,24,2,"[0.0, 0.5, 0.0, 0.0, 0.5, 0.0, 0.0, 0.0, 0.0, 0.0, 0.0]",2
돈사돈 중문점,11,1,"[0.0, 1.0, 0.0, 0.0, 0.0, 0.0, 0.0, 0.0, 0.0, 0.0, 0.0]",0
서귀포제트보트,5,1,"[0.0, 1.0, 0.0, 0.0, 0.0, 0.0, 0.0, 0.0, 0.0, 0.0, 0.0]",2
우지커피 서귀포점,11,1,"[0.0, 0.0, 0.0, 0.0, 0.0, 0.0, 0.0, 0.0, 1.0, 0.0, 0.0]",1
나지금제주,11,1,"[0.0, 0.0, 0.0, 0.0, 0.0, 0.0, 0.0, 0.0, 1.0, 0.0, 0.0]",1
제주공항게스트하우스 웨이브사운드,24,3,"[0.0, 0.0, 0.0, 0.0, 0.0, 1.0, 0.0, 0.0, 0.0, 0.0, 0.0]",2
스테이솔티,11,2,"[0.0, 0.0, 0.0, 0.0, 0.5, 0.0, 0.0, 0.0, 0.5, 0.0, 0.0]",0
우드스탁,11,2,"[0.0, 0.0, 0.0, 0.0, 0.0, 0.0, 0.0, 0.0, 1.0, 0.0, 0.0]",1
월정리유메이우동,11,5,"[0.0, 0.4, 0.0, 0.2, 0.0, 0.0, 0.0, 0.0, 0.2, 0.0, 0.2]",0
담백,11,9,"[0.0, 0.555556, 0.0, 0.111111, 0.333333, 0.0, 0.0, 0.0, 0.0, 0.0, 0.0]",0
도톰,11,5,"[0.0, 0.8, 0.0, 0.0, 0.2, 0.0, 0.0, 0.0, 0.0, 0.0, 0.0]",0
원조미풍해장국 본점,11,8,"[0.25, 0.25, 0.0, 0.0, 0.0, 0.25, 0.0, 0.0, 0.25, 0.0, 0.0]",0
모퉁이옷장,10,6,"[0.0, 0.333333, 0.333333, 0.0, 0.0, 0.0, 0.0, 0.0, 0.333333, 0.0, 0.0]",2
제주도게스트하우스파티 함비자,24,2,"[0.0, 0.5, 0.0, 0.0, 0.0, 0.0, 0.0, 0.0, 0.0, 0.0, 0.5]",2
티라호텔,24,12,"[0.0, 0.083333, 0.0, 0.0, 0.0, 0.083333, 0.0, 0.583333, 0.0, 0.0, 0.25]",2
미엘드세화,11,2,"[0.0, 0.5, 0.0, 0.0, 0.0, 0.0, 0.0, 0.0, 0.5, 0.0, 0.0]",1
한라전복,11,4,"[0.25, 0.5, 0.0, 0.0, 0.0, 0.0, 0.0, 0.0, 0.0, 0.0, 0.25]",0
마루해물라면,11,5,"[0.0, 0.2, 0.0, 0.0, 0.2, 0.2, 0.0, 0.0, 0.4, 0.0, 0.0]",0
일돈,11,2,"[0.0, 1.0, 0.0, 0.0, 0.0, 0.0, 0.0, 0.0, 0.0, 0.0, 0.0]",0
떡하니문어떡볶이,11,4,"[0.0, 1.0, 0.0, 0.0, 0.0, 0.0, 0.0, 0.0, 0.0, 0.0, 0.0]",0
속솜,11,1,"[0.0, 1.0, 0.0, 0.0, 0.0, 0.0, 0.0, 0.0, 0.0, 0.0, 0.0]",1
흑돼지구이집하영,11,2,"[0.0, 0.5, 0.0, 0.0, 0.5, 0.0, 0.0, 0.0, 0.0, 0.0, 0.0]",0
제주엘루이호텔,24,9,"[0.0, 0.0, 0.0, 0.0, 0.0, 0.333333, 0.0, 0.333333, 0.0, 0.0, 0.333333]",2
홉히워크룸,11,12,"[0.333333, 0.333333, 0.0, 0.25, 0.0, 0.0, 0.0, 0.0, 0.083333, 0.0, 0.0]",0
옐로우돕,11,2,"[0.0, 1.0, 0.0, 0.0, 0.0, 0.0, 0.0, 0.0, 0.0, 0.0, 0.0]",0
드림회센터,11,2,"[0.0, 0.0, 0.0, 0.0, 0.0, 0.0, 0.0, 0.5, 0.5, 0.0, 0.0]",0
왓츠유어플레이버,11,3,"[0.0, 0.0, 0.0, 0.0, 1.0, 0.0, 0.0, 0.0, 0.0, 0.0, 0.0]",0
마레보리조트,24,3,"[0.333333, 0.333333, 0.0, 0.0, 0.0, 0.0, 0.0, 0.0, 0.0, 0.0, 0.333333]",2
플레이커피랩,11,5,"[0.0, 0.2, 0.0, 0.2, 0.0, 0.0, 0.0, 0.0, 0.6, 0.0, 0.0]",1
제주약수터 올레시장점,11,12,"[0.25, 0.416667, 0.0, 0.083333, 0.166667, 0.0, 0.0, 0.0, 0.083333, 0.0, 0.0]",0
에이바우트커피 올레시장점,11,1,"[0.0, 0.0, 0.0, 0.0, 0.0, 0.0, 0.0, 0.0, 1.0, 0.0, 0.0]",1
와룽발리,11,5,"[0.0, 0.6, 0.0, 0.2, 0.0, 0.0, 0.0, 0.0, 0.0, 0.0, 0.2]",0
태웃개,1,9,"[0.222222, 0.222222, 0.222222, 0.111111, 0.111111, 0.0, 0.0, 0.0, 0.0, 0.0, 0.111111]",2
오프너마켓,10,2,"[0.0, 0.0, 0.0, 0.0, 0.0, 0.5, 0.0, 0.0, 0.5, 0.0, 0.0]",2
속골,1,11,"[0.454545, 0.0, 0.0, 0.272727, 0.090909, 0.0, 0.0, 0.0, 0.181818, 0.0, 0.0]",0
지미스,11,7,"[0.285714, 0.142857, 0.142857, 0.0, 0.142857, 0.0, 0.0, 0.0, 0.285714, 0.0, 0.0]",0
연돈볼카츠 제주성산일출봉점,11,11,"[0.272727, 0.272727, 0.090909, 0.0, 0.090909, 0.0, 0.0, 0.0, 0.272727, 0.0, 0.0]",0
윌라라,11,8,"[0.125, 0.75, 0.0, 0.0, 0.125, 0.0, 0.0, 0.0, 0.0, 0.0, 0.0]",0
백패커스홈,24,16,"[0.0, 0.4375, 0.0625, 0.0, 0.0, 0.25, 0.125, 0.0, 0.0, 0.0, 0.125]",2
제주스테이호텔,24,11,"[0.0, 0.0, 0.0, 0.0, 0.0, 0.090909, 0.0, 0.545455, 0.0, 0.0, 0.363636]",2
성산스테이션,24,18,"[0.0, 0.388889, 0.0, 0.0, 0.0, 0.388889, 0.0, 0.166667, 0.0, 0.0, 0.055556]",2
성산포항,1,3,"[0.666667, 0.0, 0.0, 0.0, 0.0, 0.333333, 0.0, 0.0, 0.0, 0.0, 0.0]",2
제주올레여행자센터,11,3,"[0.0, 0.0, 0.0, 0.0, 0.0, 0.0, 0.333333, 0.0, 0.666667, 0.0, 0.0]",0
천진항,1,2,"[1.0, 0.0, 0.0, 0.0, 0.0, 0.0, 0.0, 0.0, 0.0, 0.0, 0.0]",2
성산포자연산회센타,11,2,"[0.0, 0.5, 0.0, 0.0, 0.0, 0.0, 0.0, 0.0, 0.0, 0.0, 0.5]",0
독고집 성산본점,11,7,"[0.142857, 0.428571, 0.142857, 0.0, 0.142857, 0.0, 0.0, 0.0, 0.0, 0.0, 0.142857]",0
해저3만리,11,1,"[0.0, 0.0, 0.0, 0.0, 0.0, 0.0, 0.0, 0.0, 1.0, 0.0, 0.0]",0
떡갈비먹젠,11,1,"[0.0, 0.0, 0.0, 0.0, 0.0, 0.0, 0.0, 1.0, 0.0, 0.0, 0.0]",0
부전식당,11,2,"[0.0, 0.0, 0.0, 0.0, 0.0, 0.0, 0.0, 0.0, 1.0, 0.0, 0.0]",0
성산일출봉손칼국수,11,4,"[0.0, 0.5, 0.0, 0.0, 0.25, 0.0, 0.0, 0.0, 0.25, 0.0, 0.0]",0
올레길 7-1코스(월드컵경기장-서귀포 올레),7,2,"[0.0, 0.0, 0.0, 0.0, 0.5, 0.0, 0.0, 0.0, 0.0, 0.0, 0.5]",2
투썸플레이스 제주용두암점,11,5,"[0.2, 0.0, 0.0, 0.0, 0.0, 0.2, 0.0, 0.0, 0.6, 0.0, 0.0]",0
제주사교장,24,5,"[0.0, 0.6, 0.0, 0.0, 0.0, 0.0, 0.2, 0.2, 0.0, 0.0, 0.0]",2
올레길 7코스(서귀포-월평 올레),7,20,"[0.5, 0.05, 0.0, 0.05, 0.05, 0.05, 0.0, 0.05, 0.2, 0.0, 0.05]",2
도토리키친 본점,11,12,"[0.083333, 0.583333, 0.083333, 0.0, 0.25, 0.0, 0.0, 0.0, 0.0, 0.0, 0.0]",0
커피냅로스터스 제주,11,1,"[0.0, 1.0, 0.0, 0.0, 0.0, 0.0, 0.0, 0.0, 0.0, 0.0, 0.0]",1
제주여관 선인장,24,4,"[0.0, 0.0, 0.0, 1.0, 0.0, 0.0, 0.0, 0.0, 0.0, 0.0, 0.0]",2
카페루시아 본점,11,25,"[0.28, 0.56, 0.0, 0.08, 0.08, 0.0, 0.0, 0.0, 0.0, 0.0, 0.0]",1
녹고뫼휴양펜션 &제주캠핑장,24,3,"[0.0, 0.333333, 0.0, 0.0, 0.0, 0.333333, 0.0, 0.0, 0.0, 0.0, 0.333333]",2
방사탑,7,1,"[0.0, 0.0, 0.0, 0.0, 0.0, 0.0, 0.0, 0.0, 1.0, 0.0, 0.0]",2
수리코,11,3,"[0.0, 1.0, 0.0, 0.0, 0.0, 0.0, 0.0, 0.0, 0.0, 0.0, 0.0]",0
외도주유소,10,1,"[0.0, 0.0, 0.0, 0.0, 0.0, 0.0, 0.0, 0.0, 1.0, 0.0, 0.0]",2
알뜨르비행장,2,9,"[0.444444, 0.0, 0.0, 0.111111, 0.0, 0.0, 0.0, 0.0, 0.0, 0.444444, 0.0]",2
서귀피안,11,4,"[0.25, 0.5, 0.0, 0.0, 0.0, 0.0, 0.0, 0.0, 0.25, 0.0, 0.0]",1
GS25 이호해수욕장점 건너,1,1,"[0.0, 0.0, 0.0, 0.0, 0.0, 0.0, 0.0, 0.0, 1.0, 0.0, 0.0]",2
삼다수숲길,7,7,"[0.285714, 0.428571, 0.0, 0.142857, 0.142857, 0.0, 0.0, 0.0, 0.0, 0.0, 0.0]",2
카페 사분의이,11,3,"[0.0, 0.333333, 0.0, 0.333333, 0.0, 0.0, 0.333333, 0.0, 0.0, 0.0, 0.0]",1
빌리카,10,38,"[0.0, 0.078947, 0.0, 0.184211, 0.026316, 0.026316, 0.105263, 0.236842, 0.0, 0.0, 0.342105]",2
칠돈가 본점,11,13,"[0.230769, 0.384615, 0.0, 0.153846, 0.153846, 0.076923, 0.0, 0.0, 0.0, 0.0, 0.0]",0
아서원,11,5,"[0.0, 0.4, 0.0, 0.2, 0.0, 0.0, 0.0, 0.2, 0.2, 0.0, 0.0]",0
중문해녀의집,11,2,"[0.5, 0.0, 0.0, 0.0, 0.0, 0.0, 0.0, 0.0, 0.5, 0.0, 0.0]",0
라마다프라자 제주호텔,24,36,"[0.083333, 0.222222, 0.0, 0.166667, 0.083333, 0.25, 0.083333, 0.0, 0.0, 0.083333, 0.027778]",2
태광식당,11,7,"[0.0, 0.571429, 0.0, 0.142857, 0.142857, 0.0, 0.0, 0.0, 0.142857, 0.0, 0.0]",0
곱뜨락아띠,13,1,"[0.0, 0.0, 0.0, 0.0, 0.0, 0.0, 0.0, 0.0, 0.0, 0.0, 1.0]",2
알동네집 화순점,11,8,"[0.0, 0.5, 0.0, 0.25, 0.0, 0.0, 0.0, 0.125, 0.125, 0.0, 0.0]",0
화순금모래해수욕장,1,14,"[0.071429, 0.285714, 0.0, 0.142857, 0.071429, 0.071429, 0.071429, 0.071429, 0.071429, 0.0, 0.142857]",2
삼바리회센타,11,1,"[0.0, 0.0, 0.0, 0.0, 1.0, 0.0, 0.0, 0.0, 0.0, 0.0, 0.0]",0
대춘해장국 노형점,11,7,"[0.0, 0.285714, 0.0, 0.142857, 0.571429, 0.0, 0.0, 0.0, 0.0, 0.0, 0.0]",0
삼양해수사우나,5,1,"[0.0, 1.0, 0.0, 0.0, 0.0, 0.0, 0.0, 0.0, 0.0, 0.0, 0.0]",2
털보식당,11,1,"[0.0, 0.0, 0.0, 0.0, 0.0, 1.0, 0.0, 0.0, 0.0, 0.0, 0.0]",0
세모,11,9,"[0.111111, 0.777778, 0.0, 0.0, 0.0, 0.0, 0.0, 0.111111, 0.0, 0.0, 0.0]",0
바바호미,24,3,"[0.0, 1.0, 0.0, 0.0, 0.0, 0.0, 0.0, 0.0, 0.0, 0.0, 0.0]",2
위미항,1,7,"[0.142857, 0.0, 0.0, 0.428571, 0.142857, 0.0, 0.0, 0.0, 0.142857, 0.0, 0.142857]",2
아침의새소리,24,1,"[0.0, 1.0, 0.0, 0.0, 0.0, 0.0, 0.0, 0.0, 0.0, 0.0, 0.0]",2
마켓제주,10,5,"[0.0, 0.0, 0.0, 0.0, 0.0, 0.0, 0.0, 0.0, 1.0, 0.0, 0.0]",2
베케,11,14,"[0.142857, 0.571429, 0.0, 0.214286, 0.071429, 0.0, 0.0, 0.0, 0.0, 0.0, 0.0]",0
카페클로젯,11,1,"[0.0, 1.0, 0.0, 0.0, 0.0, 0.0, 0.0, 0.0, 0.0, 0.0, 0.0]",1
레이지펌프,11,9,"[0.111111, 0.444444, 0.0, 0.0, 0.222222, 0.0, 0.0, 0.0, 0.222222, 0.0, 0.0]",0
별방진,2,11,"[0.181818, 0.272727, 0.090909, 0.090909, 0.090909, 0.0, 0.0, 0.0, 0.272727, 0.0, 0.0]",2
포센트애월,13,1,"[1.0, 0.0, 0.0, 0.0, 0.0, 0.0, 0.0, 0.0, 0.0, 0.0, 0.0]",2
월령작야달의객잔,11,3,"[0.0, 0.666667, 0.0, 0.333333, 0.0, 0.0, 0.0, 0.0, 0.0, 0.0, 0.0]",0
타코밤,11,2,"[0.0, 0.5, 0.0, 0.0, 0.5, 0.0, 0.0, 0.0, 0.0, 0.0, 0.0]",0
아이스크림연구소카페,11,2,"[0.0, 1.0, 0.0, 0.0, 0.0, 0.0, 0.0, 0.0, 0.0, 0.0, 0.0]",1
우도올레보트,5,6,"[0.166667, 0.5, 0.0, 0.0, 0.166667, 0.0, 0.0, 0.0, 0.166667, 0.0, 0.0]",2
우도산호해변,1,25,"[0.56, 0.04, 0.0, 0.2, 0.0, 0.0, 0.0, 0.0, 0.2, 0.0, 0.0]",2
쇠머리오름,1,6,"[0.666667, 0.0, 0.0, 0.166667, 0.0, 0.0, 0.0, 0.0, 0.166667, 0.0, 0.0]",2
오크라,11,3,"[0.0, 0.666667, 0.0, 0.333333, 0.0, 0.0, 0.0, 0.0, 0.0, 0.0, 0.0]",1
서문공설시장,4,8,"[0.0, 0.25, 0.0, 0.125, 0.125, 0.25, 0.0, 0.125, 0.0, 0.0, 0.125]",2
목장카페드르쿰다,13,32,"[0.28125, 0.21875, 0.0, 0.15625, 0.03125, 0.03125, 0.0, 0.0625, 0.09375, 0.0, 0.125]",1
그리스신화박물관,2,6,"[0.166667, 0.333333, 0.0, 0.166667, 0.0, 0.0, 0.0, 0.0, 0.0, 0.166667, 0.166667]",2
애월농협하나로마트,10,23,"[0.0, 0.086957, 0.0, 0.086957, 0.0, 0.347826, 0.043478, 0.173913, 0.130435, 0.0, 0.130435]",2
동문공설시장,4,3,"[0.666667, 0.0, 0.0, 0.333333, 0.0, 0.0, 0.0, 0.0, 0.0, 0.0, 0.0]",2
당케올레국수,11,14,"[0.357143, 0.428571, 0.0, 0.071429, 0.071429, 0.0, 0.0, 0.0, 0.0, 0.0, 0.071429]",0
메이즈랜드,6,24,"[0.333333, 0.125, 0.125, 0.125, 0.125, 0.0, 0.0, 0.0, 0.041667, 0.041667, 0.083333]",2
순수한둠비,11,5,"[0.0, 0.8, 0.0, 0.2, 0.0, 0.0, 0.0, 0.0, 0.0, 0.0, 0.0]",0
하우투플레이,11,6,"[0.0, 0.666667, 0.0, 0.0, 0.0, 0.166667, 0.0, 0.0, 0.0, 0.0, 0.166667]",0
타코마씸,11,5,"[0.2, 0.4, 0.0, 0.2, 0.0, 0.0, 0.0, 0.0, 0.2, 0.0, 0.0]",0
돌집식당,11,2,"[0.0, 0.0, 0.0, 0.0, 0.0, 0.0, 0.5, 0.0, 0.5, 0.0, 0.0]",0
도렐 제주본점,11,22,"[0.272727, 0.181818, 0.0, 0.181818, 0.136364, 0.136364, 0.0, 0.0, 0.045455, 0.0, 0.045455]",0
제주해양동물박물관,2,4,"[0.0, 0.75, 0.0, 0.0, 0.0, 0.0, 0.0, 0.0, 0.0, 0.0, 0.25]",2
온오프,11,16,"[0.25, 0.5625, 0.0, 0.0, 0.1875, 0.0, 0.0, 0.0, 0.0, 0.0, 0.0]",0
모들카페앤펍,11,4,"[0.5, 0.0, 0.0, 0.0, 0.0, 0.5, 0.0, 0.0, 0.0, 0.0, 0.0]",1
오월공방카페,11,1,"[0.0, 0.0, 0.0, 0.0, 0.0, 0.0, 0.0, 0.0, 1.0, 0.0, 0.0]",1
똣똣,11,3,"[0.333333, 0.333333, 0.0, 0.0, 0.333333, 0.0, 0.0, 0.0, 0.0, 0.0, 0.0]",0
오션스퀘어,24,7,"[0.0, 0.0, 0.0, 0.0, 0.0, 0.285714, 0.0, 0.714286, 0.0, 0.0, 0.0]",2
바이브230,11,2,"[0.0, 0.0, 0.0, 0.0, 0.0, 0.5, 0.0, 0.0, 0.5, 0.0, 0.0]",0
꼬스뗀뇨,11,15,"[0.333333, 0.4, 0.0, 0.066667, 0.0, 0.133333, 0.0, 0.0, 0.066667, 0.0, 0.0]",0
오란이네 해산물,11,1,"[0.0, 0.0, 0.0, 0.0, 0.0, 0.0, 0.0, 0.0, 1.0, 0.0, 0.0]",0
돌담쉼팡,11,2,"[0.0, 1.0, 0.0, 0.0, 0.0, 0.0, 0.0, 0.0, 0.0, 0.0, 0.0]",0
하도어촌체험마을,13,3,"[0.333333, 0.333333, 0.0, 0.0, 0.0, 0.0, 0.0, 0.0, 0.0, 0.333333, 0.0]",2
까사디노아,11,1,"[0.0, 0.0, 0.0, 0.0, 1.0, 0.0, 0.0, 0.0, 0.0, 0.0, 0.0]",0
노랑꼬리,11,2,"[0.0, 1.0, 0.0, 0.0, 0.0, 0.0, 0.0, 0.0, 0.0, 0.0, 0.0]",0
유동커피,11,36,"[0.333333, 0.305556, 0.027778, 0.194444, 0.111111, 0.0, 0.0, 0.027778, 0.0, 0.0, 0.0]",1
고씨네천지국수,11,20,"[0.15, 0.55, 0.05, 0.2, 0.0, 0.0, 0.0, 0.05, 0.0, 0.0, 0.0]",0
카페봄봄 제주서귀남원점,11,1,"[0.0, 0.0, 0.0, 0.0, 0.0, 0.0, 0.0, 1.0, 0.0, 0.0, 0.0]",1
오하효,11,2,"[0.0, 0.5, 0.0, 0.5, 0.0, 0.0, 0.0, 0.0, 0.0, 0.0, 0.0]",1
벌센트,10,2,"[0.0, 0.5, 0.0, 0.0, 0.0, 0.0, 0.0, 0.0, 0.5, 0.0, 0.0]",2
제주호랭이 사계점,11,8,"[0.125, 0.375, 0.0, 0.0, 0.0, 0.0, 0.0, 0.125, 0.25, 0.0, 0.125]",0
바다를본돼지 제주서귀포점,11,9,"[0.0, 0.333333, 0.111111, 0.111111, 0.222222, 0.111111, 0.0, 0.0, 0.111111, 0.0, 0.0]",0
호도제과,10,2,"[0.0, 0.0, 0.0, 0.5, 0.0, 0.0, 0.0, 0.0, 0.5, 0.0, 0.0]",1
제주토끼,24,3,"[0.0, 0.666667, 0.0, 0.0, 0.0, 0.0, 0.0, 0.0, 0.0, 0.0, 0.333333]",2
헤이서귀포,24,31,"[0.0, 0.225806, 0.032258, 0.16129, 0.032258, 0.129032, 0.096774, 0.290323, 0.0, 0.0, 0.032258]",2
코우,11,4,"[0.0, 0.5, 0.0, 0.25, 0.25, 0.0, 0.0, 0.0, 0.0, 0.0, 0.0]",0
착한갈치,11,5,"[0.0, 0.2, 0.0, 0.0, 0.2, 0.0, 0.0, 0.2, 0.4, 0.0, 0.0]",0
남원농협하나로마트,10,10,"[0.0, 0.0, 0.0, 0.0, 0.0, 0.8, 0.0, 0.0, 0.2, 0.0, 0.0]",2
산지물 본점,11,7,"[0.0, 0.571429, 0.0, 0.0, 0.142857, 0.142857, 0.0, 0.0, 0.0, 0.0, 0.142857]",0
물고기자리,11,3,"[0.0, 0.666667, 0.0, 0.0, 0.0, 0.0, 0.0, 0.333333, 0.0, 0.0, 0.0]",0
육성가,11,3,"[0.0, 0.333333, 0.0, 0.0, 0.0, 0.333333, 0.0, 0.0, 0.333333, 0.0, 0.0]",1
성미가든,11,6,"[0.166667, 0.666667, 0.0, 0.0, 0.166667, 0.0, 0.0, 0.0, 0.0, 0.0, 0.0]",0
한라산렌트카,10,4,"[0.0, 0.0, 0.0, 0.0, 0.0, 0.0, 0.0, 0.75, 0.0, 0.0, 0.25]",2
제주 세계자연유산센터,3,6,"[0.0, 0.0, 0.0, 0.166667, 0.166667, 0.0, 0.0, 0.0, 0.0, 0.666667, 0.0]",2
몽그레 제주공항점,11,12,"[0.166667, 0.5, 0.0, 0.083333, 0.166667, 0.0, 0.0, 0.0, 0.0, 0.0, 0.083333]",0
용꽈배기,11,3,"[0.0, 0.333333, 0.0, 0.0, 0.333333, 0.0, 0.0, 0.333333, 0.0, 0.0, 0.0]",1
한라산둘레길 천아숲길,1,6,"[0.666667, 0.166667, 0.0, 0.0, 0.0, 0.0, 0.0, 0.0, 0.0, 0.0, 0.166667]",2
블루렌트카,10,6,"[0.0, 0.333333, 0.0, 0.166667, 0.0, 0.333333, 0.0, 0.166667, 0.0, 0.0, 0.0]",2
모이소,4,10,"[0.1, 0.6, 0.0, 0.0, 0.0, 0.0, 0.0, 0.0, 0.2, 0.0, 0.1]",2
제주바솔트,11,4,"[0.25, 0.5, 0.0, 0.0, 0.0, 0.0, 0.25, 0.0, 0.0, 0.0, 0.0]",0
스타즈호텔 제주로베로,24,34,"[0.0, 0.058824, 0.0, 0.0, 0.029412, 0.382353, 0.0, 0.470588, 0.0, 0.0, 0.058824]",2
제주팔레스호텔,24,21,"[0.0, 0.0, 0.0, 0.0, 0.0, 0.285714, 0.0, 0.190476, 0.0, 0.0, 0.52381]",2
제주흑돼지마씸,11,3,"[0.0, 0.666667, 0.0, 0.0, 0.333333, 0.0, 0.0, 0.0, 0.0, 0.0, 0.0]",0
에오마르,11,4,"[0.25, 0.25, 0.25, 0.0, 0.0, 0.0, 0.0, 0.0, 0.25, 0.0, 0.0]",1
장모식탁,11,9,"[0.0, 1.0, 0.0, 0.0, 0.0, 0.0, 0.0, 0.0, 0.0, 0.0, 0.0]",0
구제주포차,11,6,"[0.0, 0.5, 0.0, 0.0, 0.166667, 0.0, 0.0, 0.0, 0.333333, 0.0, 0.0]",0
삼달리참꽃네,24,1,"[0.0, 1.0, 0.0, 0.0, 0.0, 0.0, 0.0, 0.0, 0.0, 0.0, 0.0]",2
귤꽃다락,11,13,"[0.230769, 0.692308, 0.0, 0.0, 0.0, 0.0, 0.0, 0.0, 0.076923, 0.0, 0.0]",1
황우지해안,1,13,"[0.692308, 0.076923, 0.076923, 0.153846, 0.0, 0.0, 0.0, 0.0, 0.0, 0.0, 0.0]",2
바당길 서귀포점,11,3,"[0.0, 0.333333, 0.0, 0.0, 0.333333, 0.0, 0.0, 0.0, 0.333333, 0.0, 0.0]",0
미영이네식당,11,37,"[0.135135, 0.351351, 0.054054, 0.189189, 0.27027, 0.0, 0.0, 0.0, 0.0, 0.0, 0.0]",0
호텔브릿지 서귀포,24,28,"[0.0, 0.214286, 0.035714, 0.0, 0.071429, 0.107143, 0.035714, 0.5, 0.0, 0.0, 0.035714]",2
우도면파전리,11,1,"[0.0, 1.0, 0.0, 0.0, 0.0, 0.0, 0.0, 0.0, 0.0, 0.0, 0.0]",0
삼무뚝배기갈치,11,6,"[0.0, 0.333333, 0.0, 0.0, 0.333333, 0.0, 0.0, 0.0, 0.333333, 0.0, 0.0]",0
아이진호텔,24,17,"[0.0, 0.058824, 0.0, 0.176471, 0.352941, 0.058824, 0.0, 0.294118, 0.0, 0.0, 0.058824]",2
파도소리해녀촌,11,5,"[0.0, 0.6, 0.2, 0.0, 0.2, 0.0, 0.0, 0.0, 0.0, 0.0, 0.0]",0
코업시티호텔 성산,24,16,"[0.0, 0.25, 0.0, 0.125, 0.0, 0.0, 0.0625, 0.5625, 0.0, 0.0, 0.0]",2
맥도날드 제주노형DT점,11,11,"[0.0, 0.0, 0.0, 0.090909, 0.0, 0.454545, 0.090909, 0.0, 0.363636, 0.0, 0.0]",0
GS25 송당사거리점,10,2,"[0.0, 0.0, 0.0, 0.0, 0.0, 0.0, 0.0, 0.0, 1.0, 0.0, 0.0]",2
빠빠라기 신제주점,11,4,"[0.25, 0.5, 0.0, 0.25, 0.0, 0.0, 0.0, 0.0, 0.0, 0.0, 0.0]",0
서부회센타,11,1,"[0.0, 1.0, 0.0, 0.0, 0.0, 0.0, 0.0, 0.0, 0.0, 0.0, 0.0]",0
한라진칼국수,11,2,"[0.0, 1.0, 0.0, 0.0, 0.0, 0.0, 0.0, 0.0, 0.0, 0.0, 0.0]",0
에이원호텔,24,3,"[0.0, 0.0, 0.666667, 0.0, 0.0, 0.0, 0.0, 0.333333, 0.0, 0.0, 0.0]",2
크라운마트,10,1,"[0.0, 0.0, 0.0, 0.0, 0.0, 1.0, 0.0, 0.0, 0.0, 0.0, 0.0]",2
위니아에이드 애플공인서비스 신제주센터,4,1,"[0.0, 0.0, 0.0, 0.0, 1.0, 0.0, 0.0, 0.0, 0.0, 0.0, 0.0]",2
오키나와,11,1,"[0.0, 0.0, 0.0, 1.0, 0.0, 0.0, 0.0, 0.0, 0.0, 0.0, 0.0]",0
제주4.3평화공원 제주4.3평화기념관,2,3,"[0.333333, 0.0, 0.0, 0.0, 0.0, 0.0, 0.0, 0.0, 0.333333, 0.333333, 0.0]",2
스크루지 펍,11,1,"[0.0, 0.0, 0.0, 0.0, 1.0, 0.0, 0.0, 0.0, 0.0, 0.0, 0.0]",0
시트러스,11,1,"[0.0, 0.0, 0.0, 0.0, 0.0, 1.0, 0.0, 0.0, 0.0, 0.0, 0.0]",1
오름나그네,11,4,"[0.0, 0.25, 0.0, 0.25, 0.25, 0.25, 0.0, 0.0, 0.0, 0.0, 0.0]",0
제주설심당 본점,11,4,"[0.0, 0.75, 0.0, 0.0, 0.0, 0.0, 0.0, 0.0, 0.25, 0.0, 0.0]",0
색달식당 중문갈치조림구이 본점,11,7,"[0.0, 0.571429, 0.285714, 0.0, 0.142857, 0.0, 0.0, 0.0, 0.0, 0.0, 0.0]",0
치꼬,11,7,"[0.142857, 0.428571, 0.285714, 0.0, 0.142857, 0.0, 0.0, 0.0, 0.0, 0.0, 0.0]",0
제주진미마돈가,11,4,"[0.25, 0.5, 0.25, 0.0, 0.0, 0.0, 0.0, 0.0, 0.0, 0.0, 0.0]",0
호텔스카브로,24,7,"[0.0, 0.0, 0.0, 0.0, 0.0, 0.0, 0.0, 0.714286, 0.0, 0.0, 0.285714]",2
제주신화월드 더 코브,11,2,"[0.0, 0.5, 0.0, 0.0, 0.0, 0.0, 0.0, 0.0, 0.0, 0.0, 0.5]",0
제주한라국수,11,9,"[0.0, 0.666667, 0.111111, 0.111111, 0.0, 0.0, 0.0, 0.0, 0.111111, 0.0, 0.0]",0
라라카페 더블루,11,5,"[0.0, 0.0, 0.0, 0.2, 0.0, 0.2, 0.0, 0.0, 0.6, 0.0, 0.0]",1
제주이렌터카,10,2,"[0.0, 0.5, 0.0, 0.0, 0.0, 0.0, 0.0, 0.0, 0.0, 0.0, 0.5]",2
R고기인제주,11,1,"[0.0, 0.0, 0.0, 0.0, 1.0, 0.0, 0.0, 0.0, 0.0, 0.0, 0.0]",0
윤재커피,11,1,"[0.0, 0.0, 0.0, 0.0, 0.0, 0.0, 0.0, 0.0, 1.0, 0.0, 0.0]",1
갈치왕 중문점,11,5,"[0.0, 0.4, 0.0, 0.4, 0.2, 0.0, 0.0, 0.0, 0.0, 0.0, 0.0]",0
제주곶자왈도립공원,1,34,"[0.647059, 0.147059, 0.0, 0.117647, 0.058824, 0.0, 0.0, 0.0, 0.029412, 0.0, 0.0]",2
미드나잇제주,11,3,"[0.0, 0.0, 0.0, 0.0, 0.0, 0.333333, 0.0, 0.0, 0.666667, 0.0, 0.0]",0
제주시민속오일시장,4,14,"[0.285714, 0.0, 0.0, 0.285714, 0.285714, 0.0, 0.0, 0.0, 0.071429, 0.0, 0.071429]",2
더마파크 더마카트,5,2,"[0.0, 0.5, 0.0, 0.0, 0.5, 0.0, 0.0, 0.0, 0.0, 0.0, 0.0]",2
이운소나이국수 노형점,11,3,"[0.0, 0.0, 0.0, 0.0, 0.333333, 0.333333, 0.0, 0.0, 0.0, 0.0, 0.333333]",0
제주로렌터카,10,15,"[0.0, 0.133333, 0.0, 0.0, 0.0, 0.066667, 0.0, 0.466667, 0.0, 0.0, 0.333333]",2
낮갈치밤돼지,11,2,"[0.0, 0.5, 0.0, 0.0, 0.0, 0.0, 0.0, 0.0, 0.5, 0.0, 0.0]",0
술술바,4,1,"[0.0, 1.0, 0.0, 0.0, 0.0, 0.0, 0.0, 0.0, 0.0, 0.0, 0.0]",2
물뜰에쉼팡리조트,24,2,"[0.5, 0.0, 0.0, 0.0, 0.0, 0.0, 0.5, 0.0, 0.0, 0.0, 0.0]",2
제주거울미로 이상한나라의 앨리스,13,3,"[0.0, 0.0, 0.0, 0.0, 0.0, 0.666667, 0.0, 0.333333, 0.0, 0.0, 0.0]",2
넥슨컴퓨터박물관,2,20,"[0.15, 0.3, 0.1, 0.05, 0.1, 0.05, 0.0, 0.0, 0.0, 0.2, 0.05]",2
애월삼육공,11,3,"[0.0, 0.666667, 0.0, 0.0, 0.0, 0.0, 0.0, 0.0, 0.0, 0.0, 0.333333]",0
제주1번가더테라스오피스텔,24,15,"[0.0, 0.333333, 0.333333, 0.133333, 0.0, 0.066667, 0.0, 0.0, 0.0, 0.0, 0.133333]",2
팀버하우스,24,1,"[0.0, 1.0, 0.0, 0.0, 0.0, 0.0, 0.0, 0.0, 0.0, 0.0, 0.0]",2
키친요디,11,2,"[0.0, 1.0, 0.0, 0.0, 0.0, 0.0, 0.0, 0.0, 0.0, 0.0, 0.0]",0
아티스트,24,1,"[0.0, 0.0, 0.0, 0.0, 0.0, 0.0, 1.0, 0.0, 0.0, 0.0, 0.0]",2
화조원,13,21,"[0.190476, 0.333333, 0.0, 0.047619, 0.285714, 0.0, 0.0, 0.0, 0.047619, 0.047619, 0.047619]",2
백번가든,11,3,"[0.0, 0.666667, 0.0, 0.0, 0.0, 0.0, 0.0, 0.333333, 0.0, 0.0, 0.0]",0
쉬리의언덕,7,8,"[0.5, 0.125, 0.125, 0.125, 0.0, 0.125, 0.0, 0.0, 0.0, 0.0, 0.0]",2
호텔시리우스,24,23,"[0.0, 0.043478, 0.0, 0.0, 0.086957, 0.26087, 0.086957, 0.217391, 0.0, 0.0, 0.304348]",2
제주선채향,11,11,"[0.181818, 0.363636, 0.0, 0.272727, 0.181818, 0.0, 0.0, 0.0, 0.0, 0.0, 0.0]",0
월령선인장군락지,1,26,"[0.538462, 0.038462, 0.0, 0.192308, 0.076923, 0.0, 0.0, 0.0, 0.153846, 0.0, 0.0]",2
바다를본돼지 제주협재판포본점,11,12,"[0.0, 0.583333, 0.083333, 0.166667, 0.166667, 0.0, 0.0, 0.0, 0.0, 0.0, 0.0]",0
스타벅스 제주노형DT점,11,4,"[0.0, 0.0, 0.0, 0.0, 0.0, 0.25, 0.0, 0.0, 0.5, 0.0, 0.25]",1
푸르다오션펜션,24,12,"[0.0, 0.416667, 0.0, 0.0, 0.0, 0.0, 0.25, 0.0, 0.0, 0.0, 0.333333]",2
보배쌤보리김치와게장 함덕점,11,4,"[0.0, 0.75, 0.0, 0.0, 0.25, 0.0, 0.0, 0.0, 0.0, 0.0, 0.0]",0
씨앤하우스,24,2,"[0.0, 0.0, 0.0, 0.0, 0.0, 0.0, 0.0, 1.0, 0.0, 0.0, 0.0]",2
밀리우,11,2,"[0.5, 0.5, 0.0, 0.0, 0.0, 0.0, 0.0, 0.0, 0.0, 0.0, 0.0]",0
레드캡렌터카 제주지점,10,26,"[0.0, 0.076923, 0.0, 0.346154, 0.192308, 0.038462, 0.0, 0.115385, 0.0, 0.0, 0.230769]",2
엔폴리우드,11,6,"[0.0, 0.833333, 0.0, 0.0, 0.166667, 0.0, 0.0, 0.0, 0.0, 0.0, 0.0]",0
해비치호텔앤드리조트 마고,11,2,"[0.0, 0.0, 0.0, 0.5, 0.0, 0.5, 0.0, 0.0, 0.0, 0.0, 0.0]",0
청아투명카약,13,6,"[0.166667, 0.333333, 0.0, 0.0, 0.0, 0.0, 0.0, 0.0, 0.5, 0.0, 0.0]",2
고이정 본점,11,12,"[0.0, 0.5, 0.083333, 0.0, 0.25, 0.083333, 0.0, 0.0, 0.083333, 0.0, 0.0]",0
해비치호텔앤드리조트 제주,24,69,"[0.115942, 0.231884, 0.0, 0.333333, 0.028986, 0.028986, 0.15942, 0.057971, 0.014493, 0.014493, 0.014493]",0
우도로93,11,3,"[0.0, 0.333333, 0.0, 0.0, 0.666667, 0.0, 0.0, 0.0, 0.0, 0.0, 0.0]",0
바이나흐튼 크리스마스박물관,2,12,"[0.166667, 0.083333, 0.0, 0.0, 0.333333, 0.0, 0.0, 0.0, 0.166667, 0.0, 0.25]",2
서귀포자연휴양림,1,14,"[0.285714, 0.142857, 0.0, 0.214286, 0.0, 0.0, 0.0, 0.0, 0.142857, 0.0, 0.214286]",2
박수기정,1,8,"[0.5, 0.0, 0.0, 0.125, 0.25, 0.125, 0.0, 0.0, 0.0, 0.0, 0.0]",2
서귀다원,1,10,"[0.4, 0.5, 0.1, 0.0, 0.0, 0.0, 0.0, 0.0, 0.0, 0.0, 0.0]",0
제주약수터 본점,11,13,"[0.307692, 0.384615, 0.0, 0.076923, 0.153846, 0.0, 0.0, 0.0, 0.076923, 0.0, 0.0]",0
돈내코계곡,1,3,"[0.333333, 0.333333, 0.0, 0.0, 0.0, 0.0, 0.0, 0.0, 0.333333, 0.0, 0.0]",0
세화탐나는도새기,11,1,"[0.0, 0.0, 0.0, 0.0, 1.0, 0.0, 0.0, 0.0, 0.0, 0.0, 0.0]",0
다래향 세화점,11,2,"[0.0, 0.0, 0.0, 0.0, 0.5, 0.0, 0.0, 0.5, 0.0, 0.0, 0.0]",0
세화항,7,1,"[0.0, 0.0, 0.0, 0.0, 0.0, 0.0, 0.0, 0.0, 1.0, 0.0, 0.0]",2
테네시테이블,11,2,"[0.5, 0.0, 0.0, 0.0, 0.0, 0.5, 0.0, 0.0, 0.0, 0.0, 0.0]",0
재연식당,11,7,"[0.0, 0.142857, 0.0, 0.285714, 0.142857, 0.0, 0.0, 0.428571, 0.0, 0.0, 0.0]",0
김녕미로공원,1,13,"[0.307692, 0.384615, 0.0, 0.076923, 0.076923, 0.0, 0.0, 0.0, 0.0, 0.0, 0.153846]",2
CU 제주세화포구점,10,1,"[0.0, 0.0, 0.0, 0.0, 0.0, 0.0, 0.0, 0.0, 1.0, 0.0, 0.0]",2
모다정,11,9,"[0.0, 0.444444, 0.0, 0.111111, 0.333333, 0.111111, 0.0, 0.0, 0.0, 0.0, 0.0]",0
듬뿍토스트,11,3,"[0.0, 0.333333, 0.0, 0.0, 0.0, 0.0, 0.0, 0.666667, 0.0, 0.0, 0.0]",0
산방산초가집,11,3,"[0.0, 0.333333, 0.333333, 0.0, 0.333333, 0.0, 0.0, 0.0, 0.0, 0.0, 0.0]",0
은희네해장국,11,12,"[0.166667, 0.25, 0.083333, 0.25, 0.166667, 0.0, 0.0, 0.0, 0.083333, 0.0, 0.0]",0
귤당리,11,5,"[0.2, 0.4, 0.0, 0.0, 0.0, 0.0, 0.0, 0.0, 0.2, 0.0, 0.2]",1
켄싱턴리조트 제주중문,24,19,"[0.0, 0.052632, 0.0, 0.157895, 0.263158, 0.0, 0.0, 0.368421, 0.0, 0.0, 0.157895]",2
하버39,11,3,"[0.0, 0.333333, 0.0, 0.0, 0.0, 0.0, 0.0, 0.0, 0.0, 0.0, 0.666667]",0
특별한렌트카,10,19,"[0.0, 0.0, 0.0, 0.0, 0.052632, 0.105263, 0.0, 0.421053, 0.0, 0.0, 0.421053]",2
큰솔가흑돼지 중문본점,11,2,"[0.0, 0.5, 0.0, 0.0, 0.5, 0.0, 0.0, 0.0, 0.0, 0.0, 0.0]",0
제주안달루시아,24,2,"[0.0, 0.0, 0.0, 0.0, 0.5, 0.0, 0.0, 0.0, 0.0, 0.0, 0.5]",2
오만정성 제주협재점,11,5,"[0.0, 1.0, 0.0, 0.0, 0.0, 0.0, 0.0, 0.0, 0.0, 0.0, 0.0]",0
아주좋아,11,2,"[0.0, 0.0, 0.0, 0.0, 1.0, 0.0, 0.0, 0.0, 0.0, 0.0, 0.0]",0
가락국수,11,2,"[0.0, 0.0, 0.0, 0.0, 0.0, 0.5, 0.0, 0.0, 0.5, 0.0, 0.0]",0
수용배낚시,13,3,"[0.0, 0.666667, 0.0, 0.333333, 0.0, 0.0, 0.0, 0.0, 0.0, 0.0, 0.0]",2
한촌설렁탕 제주동광육거리점,11,5,"[0.0, 0.2, 0.0, 0.4, 0.0, 0.0, 0.0, 0.0, 0.4, 0.0, 0.0]",0
에버리스골프리조트,24,7,"[0.0, 0.0, 0.0, 0.0, 0.142857, 0.0, 0.714286, 0.0, 0.0, 0.0, 0.142857]",2
칠돈가 제주공항직영점,11,6,"[0.333333, 0.0, 0.0, 0.333333, 0.333333, 0.0, 0.0, 0.0, 0.0, 0.0, 0.0]",0
마라도,1,28,"[0.75, 0.0, 0.035714, 0.107143, 0.0, 0.0, 0.0, 0.0, 0.035714, 0.0, 0.071429]",2
은희네해장국 2호점,11,3,"[0.0, 0.333333, 0.0, 0.333333, 0.333333, 0.0, 0.0, 0.0, 0.0, 0.0, 0.0]",0
춘천명동닭갈비 연동점,11,1,"[0.0, 0.0, 0.0, 0.0, 0.0, 0.0, 0.0, 0.0, 1.0, 0.0, 0.0]",0
우도바당,11,1,"[0.0, 0.0, 0.0, 0.0, 0.0, 0.0, 0.0, 0.0, 1.0, 0.0, 0.0]",0
캐슬렉스제주,5,1,"[0.0, 0.0, 0.0, 0.0, 1.0, 0.0, 0.0, 0.0, 0.0, 0.0, 0.0]",2
빽다방 제주동광육거리점,10,2,"[0.0, 0.0, 0.0, 0.0, 0.0, 0.0, 0.0, 0.0, 1.0, 0.0, 0.0]",1
홍대부부,11,2,"[0.0, 0.5, 0.0, 0.0, 0.5, 0.0, 0.0, 0.0, 0.0, 0.0, 0.0]",0
삼성혈 해물탕 본점,11,1,"[0.0, 0.0, 0.0, 0.0, 1.0, 0.0, 0.0, 0.0, 0.0, 0.0, 0.0]",0
느루온,11,5,"[0.0, 0.4, 0.0, 0.2, 0.2, 0.0, 0.0, 0.0, 0.0, 0.0, 0.2]",0
스시애월,11,5,"[0.2, 0.4, 0.2, 0.0, 0.2, 0.0, 0.0, 0.0, 0.0, 0.0, 0.0]",0
윈드밀108,24,1,"[0.0, 1.0, 0.0, 0.0, 0.0, 0.0, 0.0, 0.0, 0.0, 0.0, 0.0]",2
벤티모호텔앤레지던스,24,11,"[0.0, 0.363636, 0.0, 0.090909, 0.0, 0.272727, 0.090909, 0.090909, 0.0, 0.0, 0.090909]",2
너븐숭이4.3기념관,2,6,"[0.0, 0.0, 0.0, 0.0, 0.0, 0.0, 0.0, 0.0, 0.166667, 0.666667, 0.166667]",2
윈드밀108 실내수영장,6,1,"[0.0, 1.0, 0.0, 0.0, 0.0, 0.0, 0.0, 0.0, 0.0, 0.0, 0.0]",2
피노&키오,24,4,"[0.0, 0.5, 0.0, 0.0, 0.0, 0.0, 0.0, 0.0, 0.0, 0.0, 0.5]",2
제원칼집 별관,11,3,"[0.0, 0.333333, 0.0, 0.0, 0.333333, 0.0, 0.0, 0.0, 0.333333, 0.0, 0.0]",0
꽃향유,11,1,"[0.0, 0.0, 0.0, 0.0, 0.0, 0.0, 0.0, 0.0, 1.0, 0.0, 0.0]",1
미르빌펜션&리조트,24,5,"[0.0, 0.2, 0.0, 0.0, 0.0, 0.2, 0.0, 0.4, 0.0, 0.0, 0.2]",2
초이,11,1,"[0.0, 1.0, 0.0, 0.0, 0.0, 0.0, 0.0, 0.0, 0.0, 0.0, 0.0]",0
1158족욕카페,11,2,"[0.0, 1.0, 0.0, 0.0, 0.0, 0.0, 0.0, 0.0, 0.0, 0.0, 0.0]",1
201,11,1,"[0.0, 1.0, 0.0, 0.0, 0.0, 0.0, 0.0, 0.0, 0.0, 0.0, 0.0]",0
문화통닭,11,2,"[0.0, 0.0, 0.0, 0.5, 0.5, 0.0, 0.0, 0.0, 0.0, 0.0, 0.0]",0
세븐먼스,11,1,"[0.0, 1.0, 0.0, 0.0, 0.0, 0.0, 0.0, 0.0, 0.0, 0.0, 0.0]",0
테쉬폰,1,1,"[0.0, 0.0, 0.0, 1.0, 0.0, 0.0, 0.0, 0.0, 0.0, 0.0, 0.0]",2
영그램,11,1,"[0.0, 1.0, 0.0, 0.0, 0.0, 0.0, 0.0, 0.0, 0.0, 0.0, 0.0]",1
제주관광공사 지정면세점,4,36,"[0.083333, 0.0, 0.027778, 0.25, 0.138889, 0.027778, 0.111111, 0.083333, 0.138889, 0.0, 0.138889]",2
그랜마스 신시가지점,11,1,"[0.0, 1.0, 0.0, 0.0, 0.0, 0.0, 0.0, 0.0, 0.0, 0.0, 0.0]",0
번네식당,11,8,"[0.125, 0.75, 0.0, 0.0, 0.125, 0.0, 0.0, 0.0, 0.0, 0.0, 0.0]",0
카페 오놀,11,3,"[0.333333, 0.0, 0.0, 0.0, 0.333333, 0.333333, 0.0, 0.0, 0.0, 0.0, 0.0]",1
서귀피안베이커리,11,30,"[0.2, 0.6, 0.0, 0.0, 0.066667, 0.033333, 0.0, 0.033333, 0.033333, 0.0, 0.033333]",0
이마트 서귀포점,4,36,"[0.0, 0.0, 0.0, 0.222222, 0.0, 0.166667, 0.194444, 0.166667, 0.166667, 0.0, 0.083333]",2
샵제주,4,2,"[0.0, 0.0, 0.0, 0.0, 0.0, 0.5, 0.0, 0.0, 0.5, 0.0, 0.0]",2
섬소나이,11,12,"[0.083333, 0.75, 0.0, 0.083333, 0.083333, 0.0, 0.0, 0.0, 0.0, 0.0, 0.0]",0
저팔계마라탕,11,1,"[0.0, 0.0, 0.0, 0.0, 0.0, 1.0, 0.0, 0.0, 0.0, 0.0, 0.0]",0
이도시장통닭,11,1,"[0.0, 1.0, 0.0, 0.0, 0.0, 0.0, 0.0, 0.0, 0.0, 0.0, 0.0]",0
별미콩나물국밥집,11,1,"[0.0, 0.0, 0.0, 0.0, 0.0, 1.0, 0.0, 0.0, 0.0, 0.0, 0.0]",0
다가미,11,6,"[0.0, 0.666667, 0.0, 0.166667, 0.0, 0.0, 0.0, 0.0, 0.166667, 0.0, 0.0]",0
모살물,11,3,"[0.0, 0.333333, 0.0, 0.0, 0.666667, 0.0, 0.0, 0.0, 0.0, 0.0, 0.0]",0
제주세호해장국 제주본점,11,2,"[0.0, 0.0, 0.5, 0.0, 0.5, 0.0, 0.0, 0.0, 0.0, 0.0, 0.0]",0
김재훈고사리육개장,11,6,"[0.0, 1.0, 0.0, 0.0, 0.0, 0.0, 0.0, 0.0, 0.0, 0.0, 0.0]",0
송악산해물라면오빠네본가,11,2,"[0.0, 1.0, 0.0, 0.0, 0.0, 0.0, 0.0, 0.0, 0.0, 0.0, 0.0]",0
중문수두리보말칼국수,11,23,"[0.173913, 0.391304, 0.0, 0.304348, 0.130435, 0.0, 0.0, 0.0, 0.0, 0.0, 0.0]",0
남춘식당,11,1,"[0.0, 1.0, 0.0, 0.0, 0.0, 0.0, 0.0, 0.0, 0.0, 0.0, 0.0]",0
털보스협재밀,11,3,"[0.0, 1.0, 0.0, 0.0, 0.0, 0.0, 0.0, 0.0, 0.0, 0.0, 0.0]",0
라라스테이,24,3,"[0.0, 1.0, 0.0, 0.0, 0.0, 0.0, 0.0, 0.0, 0.0, 0.0, 0.0]",2
더파스텔팬션,24,1,"[0.0, 1.0, 0.0, 0.0, 0.0, 0.0, 0.0, 0.0, 0.0, 0.0, 0.0]",2
수월봉전기자전거,5,10,"[0.2, 0.3, 0.1, 0.1, 0.2, 0.0, 0.0, 0.0, 0.1, 0.0, 0.0]",2
해심가든,11,7,"[0.0, 0.571429, 0.142857, 0.142857, 0.142857, 0.0, 0.0, 0.0, 0.0, 0.0, 0.0]",0
애월해안도로,7,16,"[0.4375, 0.0, 0.0, 0.3125, 0.0, 0.0, 0.0, 0.0, 0.1875, 0.0, 0.0625]",2
더파스텔펜션,24,1,"[0.0, 1.0, 0.0, 0.0, 0.0, 0.0, 0.0, 0.0, 0.0, 0.0, 0.0]",2
에이바우트커피 중문점,11,3,"[0.0, 0.333333, 0.0, 0.0, 0.0, 0.0, 0.0, 0.0, 0.666667, 0.0, 0.0]",1
제주김만복 애월점,11,12,"[0.5, 0.25, 0.083333, 0.083333, 0.083333, 0.0, 0.0, 0.0, 0.0, 0.0, 0.0]",0
J1카트클럽,5,1,"[0.0, 0.0, 0.0, 0.0, 0.0, 0.0, 0.0, 1.0, 0.0, 0.0, 0.0]",2
파리바게뜨 제주공항점,11,12,"[0.333333, 0.25, 0.083333, 0.0, 0.0, 0.0, 0.0, 0.0, 0.166667, 0.0, 0.166667]",0
우리두리,11,3,"[0.0, 0.666667, 0.0, 0.0, 0.0, 0.0, 0.0, 0.0, 0.333333, 0.0, 0.0]",0
두머니물공원,1,2,"[0.0, 0.5, 0.0, 0.0, 0.0, 0.0, 0.0, 0.0, 0.5, 0.0, 0.0]",2
고살리숲길,1,5,"[0.2, 0.4, 0.0, 0.0, 0.4, 0.0, 0.0, 0.0, 0.0, 0.0, 0.0]",2
이승이오름,1,11,"[0.090909, 0.181818, 0.0, 0.181818, 0.363636, 0.0, 0.0, 0.0, 0.0, 0.0, 0.181818]",2
소라의성,3,2,"[0.0, 0.0, 0.0, 1.0, 0.0, 0.0, 0.0, 0.0, 0.0, 0.0, 0.0]",2
양혜란식당,11,2,"[0.0, 0.0, 0.0, 1.0, 0.0, 0.0, 0.0, 0.0, 0.0, 0.0, 0.0]",0
도깨동산,1,2,"[0.0, 0.0, 0.0, 0.0, 0.0, 0.0, 0.0, 0.0, 1.0, 0.0, 0.0]",2
준하우스,24,4,"[0.0, 0.0, 0.0, 0.25, 0.0, 0.0, 0.0, 0.75, 0.0, 0.0, 0.0]",2
밥짓는시간,11,2,"[0.0, 0.5, 0.5, 0.0, 0.0, 0.0, 0.0, 0.0, 0.0, 0.0, 0.0]",0
제주오름승마랜드,13,4,"[0.5, 0.0, 0.0, 0.25, 0.0, 0.0, 0.0, 0.0, 0.25, 0.0, 0.0]",2
제주국제공항 JDC면세점,4,16,"[0.125, 0.0, 0.0, 0.0625, 0.0625, 0.0625, 0.125, 0.25, 0.25, 0.0, 0.0625]",2
월정리에서브런치,11,1,"[0.0, 1.0, 0.0, 0.0, 0.0, 0.0, 0.0, 0.0, 0.0, 0.0, 0.0]",1
아살람레스토랑,11,6,"[0.166667, 0.5, 0.0, 0.0, 0.333333, 0.0, 0.0, 0.0, 0.0, 0.0, 0.0]",0
탑동광장,7,35,"[0.142857, 0.028571, 0.028571, 0.028571, 0.085714, 0.171429, 0.0, 0.0, 0.4, 0.0, 0.114286]",2
레몬뮤지엄,3,7,"[0.428571, 0.285714, 0.0, 0.0, 0.0, 0.142857, 0.0, 0.142857, 0.0, 0.0, 0.0]",2
돈내코유원지,1,9,"[0.444444, 0.111111, 0.0, 0.111111, 0.0, 0.0, 0.0, 0.0, 0.333333, 0.0, 0.0]",2
서귀포칠십리축제,8,2,"[0.0, 0.0, 0.0, 0.0, 0.0, 0.0, 0.0, 0.0, 1.0, 0.0, 0.0]",2
두찜 서귀포동홍점,11,1,"[0.0, 0.0, 0.0, 0.0, 1.0, 0.0, 0.0, 0.0, 0.0, 0.0, 0.0]",0
추억의숲길,7,2,"[0.0, 0.0, 0.0, 0.0, 0.0, 0.0, 0.0, 0.0, 1.0, 0.0, 0.0]",2
뚱보아저씨,11,11,"[0.090909, 0.272727, 0.0, 0.0, 0.272727, 0.0, 0.0, 0.363636, 0.0, 0.0, 0.0]",0
우미노식탁,11,1,"[0.0, 1.0, 0.0, 0.0, 0.0, 0.0, 0.0, 0.0, 0.0, 0.0, 0.0]",0
쇠소깍 휴양펜션 엘마르,24,3,"[0.0, 0.333333, 0.0, 0.0, 0.0, 0.0, 0.0, 0.666667, 0.0, 0.0, 0.0]",2
생각하는정원,1,5,"[0.2, 0.2, 0.0, 0.0, 0.4, 0.0, 0.0, 0.0, 0.0, 0.0, 0.2]",2
투썸플레이스 제주애월한담점,11,9,"[0.111111, 0.0, 0.0, 0.0, 0.0, 0.0, 0.222222, 0.0, 0.555556, 0.0, 0.111111]",0
하멜,10,12,"[0.25, 0.583333, 0.0, 0.083333, 0.083333, 0.0, 0.0, 0.0, 0.0, 0.0, 0.0]",0
부산아지매집 노형점,11,1,"[0.0, 0.0, 0.0, 0.0, 1.0, 0.0, 0.0, 0.0, 0.0, 0.0, 0.0]",0
마녀의언덕카페,11,1,"[0.0, 1.0, 0.0, 0.0, 0.0, 0.0, 0.0, 0.0, 0.0, 0.0, 0.0]",1
둘레길 중문본점,11,5,"[0.0, 0.4, 0.0, 0.0, 0.2, 0.0, 0.0, 0.0, 0.4, 0.0, 0.0]",0
야키토리타키비,11,3,"[0.0, 1.0, 0.0, 0.0, 0.0, 0.0, 0.0, 0.0, 0.0, 0.0, 0.0]",0
남쪽나라펜션,24,3,"[0.0, 0.0, 0.0, 0.0, 0.0, 0.0, 0.0, 0.666667, 0.0, 0.0, 0.333333]",2
돌집 달문,24,3,"[0.0, 1.0, 0.0, 0.0, 0.0, 0.0, 0.0, 0.0, 0.0, 0.0, 0.0]",2
고깃소리더프리미엄,11,2,"[0.0, 0.0, 0.0, 0.0, 1.0, 0.0, 0.0, 0.0, 0.0, 0.0, 0.0]",0
짱구분식,11,6,"[0.0, 0.166667, 0.0, 0.5, 0.0, 0.0, 0.0, 0.166667, 0.166667, 0.0, 0.0]",0
가시식당,11,6,"[0.166667, 0.833333, 0.0, 0.0, 0.0, 0.0, 0.0, 0.0, 0.0, 0.0, 0.0]",0
애월게스트하우스 제주에 반하다,24,4,"[0.0, 0.25, 0.0, 0.0, 0.0, 0.0, 0.0, 0.75, 0.0, 0.0, 0.0]",2
스파오 제주중앙로점,4,3,"[0.0, 0.0, 0.0, 0.333333, 0.0, 0.0, 0.333333, 0.333333, 0.0, 0.0, 0.0]",2
스타벅스 서귀포DT,11,19,"[0.052632, 0.105263, 0.0, 0.105263, 0.052632, 0.315789, 0.157895, 0.0, 0.210526, 0.0, 0.0]",1
이마트 제주점,4,20,"[0.0, 0.0, 0.0, 0.05, 0.0, 0.3, 0.2, 0.15, 0.15, 0.0, 0.15]",2
산지천,7,5,"[0.0, 0.2, 0.0, 0.4, 0.0, 0.0, 0.0, 0.0, 0.4, 0.0, 0.0]",2
동복 해녀해산물직판장,11,3,"[0.0, 0.333333, 0.333333, 0.0, 0.333333, 0.0, 0.0, 0.0, 0.0, 0.0, 0.0]",0
곽지곤지암해장국,11,2,"[0.0, 0.5, 0.0, 0.0, 0.0, 0.0, 0.0, 0.0, 0.5, 0.0, 0.0]",0
더비비스제주,24,4,"[0.0, 0.25, 0.0, 0.0, 0.25, 0.0, 0.0, 0.5, 0.0, 0.0, 0.0]",2
해비치불턱,11,4,"[0.0, 0.25, 0.0, 0.0, 0.25, 0.0, 0.0, 0.0, 0.5, 0.0, 0.0]",0
호텔하루,24,4,"[0.0, 0.25, 0.0, 0.0, 0.0, 0.0, 0.0, 0.25, 0.25, 0.0, 0.25]",2
제주실탄사격장,13,16,"[0.375, 0.3125, 0.0, 0.0, 0.0, 0.125, 0.0, 0.0, 0.0625, 0.0, 0.125]",2
해뜨는성펜션,24,2,"[0.0, 0.0, 0.0, 0.0, 0.5, 0.0, 0.0, 0.5, 0.0, 0.0, 0.0]",2
오렌지호텔,24,2,"[0.0, 0.0, 0.0, 0.0, 0.0, 0.0, 0.0, 1.0, 0.0, 0.0, 0.0]",2
수목원길야시장,4,53,"[0.509434, 0.207547, 0.018868, 0.075472, 0.056604, 0.037736, 0.018868, 0.0, 0.037736, 0.0, 0.037736]",2
경미네집,11,4,"[0.0, 0.25, 0.0, 0.25, 0.0, 0.5, 0.0, 0.0, 0.0, 0.0, 0.0]",0
금자매식당,11,8,"[0.125, 0.0, 0.0, 0.0, 0.75, 0.0, 0.0, 0.0, 0.125, 0.0, 0.0]",0
행복한시저네,11,2,"[0.0, 0.0, 0.0, 0.0, 1.0, 0.0, 0.0, 0.0, 0.0, 0.0, 0.0]",0
하나렌트카,10,5,"[0.0, 0.0, 0.0, 0.0, 0.0, 0.0, 0.0, 0.4, 0.0, 0.0, 0.6]",2
오달콤제주,10,7,"[0.0, 0.142857, 0.0, 0.0, 0.0, 0.0, 0.0, 0.0, 0.857143, 0.0, 0.0]",2
노을해안로,1,1,"[0.0, 0.0, 1.0, 0.0, 0.0, 0.0, 0.0, 0.0, 0.0, 0.0, 0.0]",2
비욘드트러스트호(인천-제주행),24,1,"[0.0, 0.0, 0.0, 0.0, 1.0, 0.0, 0.0, 0.0, 0.0, 0.0, 0.0]",2
너와의첫여행,13,9,"[0.222222, 0.666667, 0.0, 0.0, 0.111111, 0.0, 0.0, 0.0, 0.0, 0.0, 0.0]",1
휘닉스제주섭지코지 해안산책로,7,3,"[0.666667, 0.0, 0.0, 0.333333, 0.0, 0.0, 0.0, 0.0, 0.0, 0.0, 0.0]",2
하도1558,24,2,"[0.0, 0.5, 0.0, 0.0, 0.0, 0.0, 0.0, 0.5, 0.0, 0.0, 0.0]",2
돈사돈 월정점,11,7,"[0.142857, 0.285714, 0.0, 0.142857, 0.285714, 0.0, 0.0, 0.142857, 0.0, 0.0, 0.0]",0
앞돈지,11,5,"[0.0, 0.2, 0.0, 0.2, 0.4, 0.0, 0.0, 0.0, 0.2, 0.0, 0.0]",0
던킨도너츠 제주금호리조트점,11,1,"[0.0, 0.0, 0.0, 0.0, 0.0, 0.0, 0.0, 0.0, 1.0, 0.0, 0.0]",0
올래국수 서귀포점,11,1,"[0.0, 1.0, 0.0, 0.0, 0.0, 0.0, 0.0, 0.0, 0.0, 0.0, 0.0]",0
사우스쇼어,11,10,"[0.2, 0.4, 0.0, 0.0, 0.0, 0.1, 0.1, 0.0, 0.2, 0.0, 0.0]",1
야호비치하우스,24,1,"[0.0, 1.0, 0.0, 0.0, 0.0, 0.0, 0.0, 0.0, 0.0, 0.0, 0.0]",2
강정천,1,3,"[0.666667, 0.0, 0.0, 0.333333, 0.0, 0.0, 0.0, 0.0, 0.0, 0.0, 0.0]",2
제주소품 함덕점,4,5,"[0.0, 0.0, 0.0, 0.0, 0.0, 0.2, 0.0, 0.0, 0.8, 0.0, 0.0]",2
라메르,11,2,"[0.0, 0.5, 0.0, 0.0, 0.0, 0.0, 0.0, 0.0, 0.5, 0.0, 0.0]",1
원앙폭포,1,12,"[0.5, 0.166667, 0.0, 0.0, 0.0, 0.0, 0.0, 0.0, 0.166667, 0.083333, 0.083333]",2
BBQ 금호제주리조트점,11,1,"[0.0, 0.0, 0.0, 0.0, 0.0, 1.0, 0.0, 0.0, 0.0, 0.0, 0.0]",0
카페그네,11,1,"[0.0, 0.0, 0.0, 0.0, 0.0, 0.0, 0.0, 0.0, 1.0, 0.0, 0.0]",1
금호리조트 제주아쿠아나,6,5,"[0.0, 0.4, 0.0, 0.0, 0.2, 0.2, 0.2, 0.0, 0.0, 0.0, 0.0]",2
제주센트럴시티호텔,24,13,"[0.0, 0.153846, 0.0, 0.076923, 0.0, 0.538462, 0.153846, 0.076923, 0.0, 0.0, 0.0]",2
보래드베이커스,11,11,"[0.181818, 0.636364, 0.0, 0.090909, 0.0, 0.0, 0.0, 0.0, 0.0, 0.0, 0.090909]",0
조안베어뮤지엄,3,2,"[0.0, 1.0, 0.0, 0.0, 0.0, 0.0, 0.0, 0.0, 0.0, 0.0, 0.0]",2
만세국수 본점,11,1,"[0.0, 0.0, 0.0, 1.0, 0.0, 0.0, 0.0, 0.0, 0.0, 0.0, 0.0]",0
메가커피 함덕해수욕장점,11,2,"[0.0, 0.0, 0.0, 0.0, 0.0, 0.5, 0.0, 0.0, 0.5, 0.0, 0.0]",1
도리빨,1,2,"[0.5, 0.0, 0.0, 0.5, 0.0, 0.0, 0.0, 0.0, 0.0, 0.0, 0.0]",2
돈까스송쉡,11,2,"[0.0, 0.0, 0.0, 0.5, 0.0, 0.0, 0.0, 0.0, 0.5, 0.0, 0.0]",0
스시도모다찌 제주점,11,2,"[0.0, 0.5, 0.0, 0.5, 0.0, 0.0, 0.0, 0.0, 0.0, 0.0, 0.0]",0
사계카페,11,5,"[0.2, 0.2, 0.0, 0.0, 0.0, 0.0, 0.0, 0.0, 0.6, 0.0, 0.0]",1
오카소,11,2,"[0.0, 1.0, 0.0, 0.0, 0.0, 0.0, 0.0, 0.0, 0.0, 0.0, 0.0]",1
서우봉 산책로,7,26,"[0.423077, 0.115385, 0.0, 0.153846, 0.076923, 0.038462, 0.0, 0.0, 0.153846, 0.0, 0.038462]",2
크레베떼,11,1,"[0.0, 1.0, 0.0, 0.0, 0.0, 0.0, 0.0, 0.0, 0.0, 0.0, 0.0]",0
솔지식당 시청점,11,3,"[0.0, 0.0, 0.0, 0.0, 1.0, 0.0, 0.0, 0.0, 0.0, 0.0, 0.0]",0
헬로제주,10,9,"[0.0, 0.0, 0.0, 0.111111, 0.111111, 0.0, 0.0, 0.0, 0.777778, 0.0, 0.0]",2
다니쉬,11,5,"[0.0, 0.6, 0.0, 0.0, 0.2, 0.0, 0.0, 0.0, 0.2, 0.0, 0.0]",1
해피데이,24,3,"[0.0, 0.0, 0.0, 0.0, 0.0, 0.0, 0.0, 0.0, 0.0, 0.0, 1.0]",2
일도촌,11,2,"[0.0, 1.0, 0.0, 0.0, 0.0, 0.0, 0.0, 0.0, 0.0, 0.0, 0.0]",0
모루쿠다,11,11,"[0.181818, 0.727273, 0.0, 0.090909, 0.0, 0.0, 0.0, 0.0, 0.0, 0.0, 0.0]",0
삼무공원흑돼지,11,1,"[0.0, 1.0, 0.0, 0.0, 0.0, 0.0, 0.0, 0.0, 0.0, 0.0, 0.0]",0
청춘괴기 신시가지본점,11,1,"[0.0, 1.0, 0.0, 0.0, 0.0, 0.0, 0.0, 0.0, 0.0, 0.0, 0.0]",0
국수만찬,11,8,"[0.25, 0.375, 0.0, 0.0, 0.375, 0.0, 0.0, 0.0, 0.0, 0.0, 0.0]",0
쉬멍해장국 중문점,11,3,"[0.0, 0.666667, 0.0, 0.0, 0.0, 0.333333, 0.0, 0.0, 0.0, 0.0, 0.0]",0
보말보말,11,2,"[0.0, 0.0, 0.0, 0.0, 0.0, 0.0, 0.0, 0.0, 1.0, 0.0, 0.0]",0
제주드림렌트카,10,3,"[0.0, 0.0, 0.0, 0.0, 0.333333, 0.0, 0.0, 0.333333, 0.0, 0.0, 0.333333]",2
천제2교,7,1,"[0.0, 0.0, 0.0, 0.0, 0.0, 0.0, 0.0, 0.0, 1.0, 0.0, 0.0]",2
씨사이드아덴리조트,24,6,"[0.0, 0.166667, 0.0, 0.0, 0.0, 0.666667, 0.0, 0.0, 0.0, 0.0, 0.166667]",2
조림명가,11,3,"[0.0, 0.333333, 0.0, 0.0, 0.333333, 0.0, 0.0, 0.0, 0.333333, 0.0, 0.0]",0
마시오름,11,2,"[0.0, 0.5, 0.0, 0.0, 0.5, 0.0, 0.0, 0.0, 0.0, 0.0, 0.0]",0
돈사돈 별관,11,8,"[0.125, 0.25, 0.0, 0.25, 0.375, 0.0, 0.0, 0.0, 0.0, 0.0, 0.0]",0
퍼랭,11,3,"[0.0, 1.0, 0.0, 0.0, 0.0, 0.0, 0.0, 0.0, 0.0, 0.0, 0.0]",0
남원바당,11,3,"[0.333333, 0.333333, 0.0, 0.0, 0.333333, 0.0, 0.0, 0.0, 0.0, 0.0, 0.0]",0
해녀의부엌 북촌점,11,4,"[0.25, 0.5, 0.0, 0.0, 0.25, 0.0, 0.0, 0.0, 0.0, 0.0, 0.0]",0
제주머슴네 전복김밥 제주본점,11,7,"[0.0, 0.571429, 0.0, 0.142857, 0.0, 0.0, 0.0, 0.0, 0.0, 0.0, 0.285714]",0
우도짜장면집,11,2,"[0.0, 0.5, 0.0, 0.0, 0.0, 0.0, 0.0, 0.0, 0.5, 0.0, 0.0]",0
안녕육지사람,11,8,"[0.25, 0.25, 0.0, 0.25, 0.125, 0.125, 0.0, 0.0, 0.0, 0.0, 0.0]",1
돈65흑돼지 중문본점,11,4,"[0.0, 0.25, 0.0, 0.25, 0.5, 0.0, 0.0, 0.0, 0.0, 0.0, 0.0]",0
다우래펜션,24,1,"[0.0, 0.0, 0.0, 0.0, 1.0, 0.0, 0.0, 0.0, 0.0, 0.0, 0.0]",2
미스터크랩&미스커피,11,2,"[0.0, 0.5, 0.0, 0.0, 0.0, 0.0, 0.0, 0.0, 0.5, 0.0, 0.0]",1
답다니탑망대,1,2,"[0.0, 0.0, 0.0, 0.0, 0.0, 0.0, 0.0, 0.0, 1.0, 0.0, 0.0]",2
현대농장,10,1,"[0.0, 0.0, 0.0, 0.0, 0.0, 0.0, 0.0, 1.0, 0.0, 0.0, 0.0]",2
우도하영,11,2,"[0.0, 0.5, 0.0, 0.0, 0.0, 0.0, 0.0, 0.0, 0.5, 0.0, 0.0]",1
밤수지맨드라미,10,3,"[0.333333, 0.0, 0.0, 0.333333, 0.0, 0.0, 0.0, 0.0, 0.333333, 0.0, 0.0]",2
우도i,10,9,"[0.0, 0.333333, 0.0, 0.0, 0.0, 0.0, 0.0, 0.0, 0.555556, 0.0, 0.111111]",2
우도팔경유람선,5,1,"[0.0, 0.0, 0.0, 1.0, 0.0, 0.0, 0.0, 0.0, 0.0, 0.0, 0.0]",2
이어돈가,11,1,"[0.0, 1.0, 0.0, 0.0, 0.0, 0.0, 0.0, 0.0, 0.0, 0.0, 0.0]",0
라인업서프 하도,5,1,"[0.0, 1.0, 0.0, 0.0, 0.0, 0.0, 0.0, 0.0, 0.0, 0.0, 0.0]",2
파인더웨이브,5,1,"[0.0, 1.0, 0.0, 0.0, 0.0, 0.0, 0.0, 0.0, 0.0, 0.0, 0.0]",2
동행in협재,24,4,"[0.0, 0.25, 0.0, 0.0, 0.5, 0.0, 0.25, 0.0, 0.0, 0.0, 0.0]",2
세화갈비,11,3,"[0.0, 0.333333, 0.0, 0.333333, 0.333333, 0.0, 0.0, 0.0, 0.0, 0.0, 0.0]",0
고집돌우럭 제주공항점,11,28,"[0.214286, 0.392857, 0.035714, 0.107143, 0.25, 0.0, 0.0, 0.0, 0.0, 0.0, 0.0]",0
호텔리젠트마린,24,40,"[0.0, 0.2, 0.0, 0.1, 0.025, 0.35, 0.025, 0.2, 0.0, 0.0, 0.1]",2
차귀놀,11,1,"[0.0, 0.0, 0.0, 0.0, 0.0, 0.0, 0.0, 0.0, 1.0, 0.0, 0.0]",0
반지만들기 은답하라99.9,13,1,"[0.0, 1.0, 0.0, 0.0, 0.0, 0.0, 0.0, 0.0, 0.0, 0.0, 0.0]",2
서가앤쿡 서귀포토평점,11,1,"[0.0, 0.0, 0.0, 0.0, 0.0, 1.0, 0.0, 0.0, 0.0, 0.0, 0.0]",0
저스트슬립,24,1,"[0.0, 1.0, 0.0, 0.0, 0.0, 0.0, 0.0, 0.0, 0.0, 0.0, 0.0]",2
그레이그로브,11,2,"[0.0, 0.5, 0.0, 0.0, 0.0, 0.0, 0.0, 0.0, 0.5, 0.0, 0.0]",1
제주고로,11,4,"[0.0, 1.0, 0.0, 0.0, 0.0, 0.0, 0.0, 0.0, 0.0, 0.0, 0.0]",0
떠돌이식객 열우니키친,11,2,"[0.0, 0.5, 0.0, 0.0, 0.5, 0.0, 0.0, 0.0, 0.0, 0.0, 0.0]",0
탐라승마장,13,4,"[0.0, 0.5, 0.0, 0.0, 0.0, 0.0, 0.0, 0.0, 0.25, 0.0, 0.25]",2
제주라프,5,10,"[0.5, 0.3, 0.0, 0.0, 0.0, 0.0, 0.0, 0.0, 0.0, 0.0, 0.2]",2
돌하르방미술관,3,3,"[0.666667, 0.0, 0.0, 0.0, 0.0, 0.0, 0.0, 0.0, 0.0, 0.0, 0.333333]",2
호텔위드제주,24,12,"[0.0, 0.25, 0.0, 0.0, 0.0, 0.0, 0.083333, 0.583333, 0.0, 0.0, 0.083333]",2
해녀식당,11,2,"[0.0, 0.5, 0.0, 0.0, 0.0, 0.5, 0.0, 0.0, 0.0, 0.0, 0.0]",0
코업시티호텔 하버뷰,24,18,"[0.0, 0.166667, 0.0, 0.166667, 0.0, 0.0, 0.0, 0.611111, 0.0, 0.0, 0.055556]",2
조이힐펜션,24,3,"[0.0, 1.0, 0.0, 0.0, 0.0, 0.0, 0.0, 0.0, 0.0, 0.0, 0.0]",2
수우동,11,13,"[0.153846, 0.538462, 0.0, 0.076923, 0.153846, 0.0, 0.0, 0.0, 0.0, 0.0, 0.076923]",0
천주교황사평성지,2,1,"[0.0, 1.0, 0.0, 0.0, 0.0, 0.0, 0.0, 0.0, 0.0, 0.0, 0.0]",2
오조,11,1,"[0.0, 1.0, 0.0, 0.0, 0.0, 0.0, 0.0, 0.0, 0.0, 0.0, 0.0]",0
렛츠런파크제주,6,10,"[0.2, 0.3, 0.0, 0.2, 0.1, 0.0, 0.0, 0.0, 0.1, 0.0, 0.1]",2
나즈온,24,1,"[0.0, 0.0, 0.0, 0.0, 1.0, 0.0, 0.0, 0.0, 0.0, 0.0, 0.0]",2
카페더씨,13,9,"[0.555556, 0.222222, 0.0, 0.0, 0.0, 0.111111, 0.0, 0.0, 0.111111, 0.0, 0.0]",1
삼삼막창&육회,11,1,"[0.0, 0.0, 0.0, 0.0, 1.0, 0.0, 0.0, 0.0, 0.0, 0.0, 0.0]",0
STAY종이와나무,24,1,"[0.0, 0.0, 0.0, 0.0, 1.0, 0.0, 0.0, 0.0, 0.0, 0.0, 0.0]",2
생이소리,11,2,"[0.0, 0.5, 0.0, 0.0, 0.0, 0.0, 0.0, 0.0, 0.5, 0.0, 0.0]",0
제스코마트 본점,10,4,"[0.0, 0.0, 0.0, 0.25, 0.25, 0.0, 0.0, 0.0, 0.0, 0.0, 0.5]",2
차귀도놀빛바다,11,3,"[0.0, 0.333333, 0.0, 0.0, 0.333333, 0.0, 0.0, 0.0, 0.333333, 0.0, 0.0]",0
파라토도스,11,6,"[0.166667, 0.5, 0.0, 0.166667, 0.0, 0.0, 0.0, 0.0, 0.166667, 0.0, 0.0]",0
발리렌트카,10,1,"[0.0, 0.0, 0.0, 0.0, 0.0, 0.0, 0.0, 1.0, 0.0, 0.0, 0.0]",2
제주오누이,11,7,"[0.0, 0.714286, 0.0, 0.142857, 0.142857, 0.0, 0.0, 0.0, 0.0, 0.0, 0.0]",0
보스코,11,3,"[0.0, 0.333333, 0.333333, 0.0, 0.333333, 0.0, 0.0, 0.0, 0.0, 0.0, 0.0]",0
동백동산,24,4,"[0.0, 0.5, 0.0, 0.0, 0.0, 0.0, 0.0, 0.5, 0.0, 0.0, 0.0]",2
노을과어울림,24,1,"[0.0, 0.0, 0.0, 0.0, 0.0, 0.0, 1.0, 0.0, 0.0, 0.0, 0.0]",2
제주고산농협 하나로마트,10,4,"[0.0, 0.0, 0.0, 0.0, 0.0, 0.25, 0.25, 0.0, 0.5, 0.0, 0.0]",2
제주오션팰리스,24,29,"[0.0, 0.034483, 0.0, 0.172414, 0.137931, 0.034483, 0.034483, 0.551724, 0.0, 0.0, 0.034483]",2
제주공감,11,2,"[0.0, 1.0, 0.0, 0.0, 0.0, 0.0, 0.0, 0.0, 0.0, 0.0, 0.0]",0
사우스포레스트,11,8,"[0.0, 0.875, 0.0, 0.0, 0.0, 0.0, 0.0, 0.0, 0.125, 0.0, 0.0]",0
네이처캔버스,11,3,"[0.0, 0.666667, 0.0, 0.0, 0.0, 0.0, 0.0, 0.0, 0.0, 0.0, 0.333333]",0
헬로키티아일랜드,3,17,"[0.588235, 0.117647, 0.0, 0.058824, 0.058824, 0.058824, 0.0, 0.0, 0.058824, 0.0, 0.058824]",2
고흐의정원,3,8,"[0.25, 0.25, 0.0, 0.0, 0.25, 0.0, 0.0, 0.0, 0.0, 0.0, 0.25]",2
도꼭지식당,11,1,"[0.0, 0.0, 0.0, 0.0, 0.0, 0.0, 0.0, 0.0, 1.0, 0.0, 0.0]",0
난드르바당,11,13,"[0.0, 0.538462, 0.0, 0.076923, 0.384615, 0.0, 0.0, 0.0, 0.0, 0.0, 0.0]",0
코자호텔,24,9,"[0.0, 0.111111, 0.0, 0.0, 0.0, 0.0, 0.444444, 0.222222, 0.0, 0.0, 0.222222]",2
이춘옥의원조고등어쌈밥,11,16,"[0.1875, 0.5625, 0.0, 0.125, 0.125, 0.0, 0.0, 0.0, 0.0, 0.0, 0.0]",0
에이바우트커피 한라대점,11,2,"[0.0, 0.0, 0.0, 0.0, 0.0, 0.0, 0.0, 0.5, 0.5, 0.0, 0.0]",1
블랑게스트하우스,24,2,"[0.0, 1.0, 0.0, 0.0, 0.0, 0.0, 0.0, 0.0, 0.0, 0.0, 0.0]",2
두산봉,1,1,"[0.0, 0.0, 0.0, 0.0, 0.0, 0.0, 0.0, 0.0, 0.0, 0.0, 1.0]",2
올레스테이,24,8,"[0.0, 0.125, 0.0, 0.375, 0.0, 0.0, 0.0, 0.375, 0.0, 0.0, 0.125]",0
시타북빠,3,1,"[0.0, 1.0, 0.0, 0.0, 0.0, 0.0, 0.0, 0.0, 0.0, 0.0, 0.0]",2
낭쿰낭쿰,11,13,"[0.0, 0.692308, 0.0, 0.076923, 0.153846, 0.0, 0.0, 0.0, 0.076923, 0.0, 0.0]",0
오름게스트하우스,24,5,"[0.0, 0.4, 0.0, 0.2, 0.2, 0.0, 0.0, 0.0, 0.0, 0.0, 0.2]",2
온정메밀 흑돼지돈까스,11,2,"[0.0, 1.0, 0.0, 0.0, 0.0, 0.0, 0.0, 0.0, 0.0, 0.0, 0.0]",0
제주풀무질,3,2,"[0.5, 0.5, 0.0, 0.0, 0.0, 0.0, 0.0, 0.0, 0.0, 0.0, 0.0]",2
김영갑갤러리두모악,3,10,"[0.2, 0.1, 0.0, 0.3, 0.3, 0.0, 0.0, 0.0, 0.0, 0.1, 0.0]",2
오봉도시락 제주표선점,11,1,"[0.0, 0.0, 0.0, 0.0, 0.0, 0.0, 0.0, 0.0, 1.0, 0.0, 0.0]",0
메밀의고향 구좌세화점,11,1,"[0.0, 0.0, 0.0, 0.0, 1.0, 0.0, 0.0, 0.0, 0.0, 0.0, 0.0]",0
우도봉 입구,1,16,"[0.5625, 0.0625, 0.0, 0.1875, 0.0625, 0.0, 0.0, 0.0, 0.125, 0.0, 0.0]",2
인스밀,11,14,"[0.285714, 0.285714, 0.0, 0.071429, 0.285714, 0.0, 0.0, 0.0, 0.0, 0.0, 0.071429]",1
꽃가람,11,6,"[0.0, 0.666667, 0.0, 0.0, 0.0, 0.0, 0.0, 0.166667, 0.166667, 0.0, 0.0]",0
호텔조이,24,7,"[0.0, 0.285714, 0.0, 0.0, 0.0, 0.0, 0.0, 0.714286, 0.0, 0.0, 0.0]",2
제주로컬 썸제주,4,3,"[0.0, 0.0, 0.0, 0.333333, 0.333333, 0.0, 0.0, 0.333333, 0.0, 0.0, 0.0]",2
투데이케이쿠,11,1,"[0.0, 1.0, 0.0, 0.0, 0.0, 0.0, 0.0, 0.0, 0.0, 0.0, 0.0]",1
순천미향,11,16,"[0.0625, 0.6875, 0.0, 0.0625, 0.1875, 0.0, 0.0, 0.0, 0.0, 0.0, 0.0]",0
카페그라나다,11,8,"[0.375, 0.375, 0.0, 0.0, 0.25, 0.0, 0.0, 0.0, 0.0, 0.0, 0.0]",1
디자인에이비,4,2,"[0.0, 0.5, 0.0, 0.0, 0.0, 0.0, 0.0, 0.0, 0.5, 0.0, 0.0]",2
제주다올,11,1,"[0.0, 0.0, 0.0, 0.0, 0.0, 0.0, 0.0, 0.0, 1.0, 0.0, 0.0]",0
미친부엌,11,15,"[0.066667, 0.466667, 0.0, 0.266667, 0.2, 0.0, 0.0, 0.0, 0.0, 0.0, 0.0]",0
카페원웨이,11,1,"[0.0, 1.0, 0.0, 0.0, 0.0, 0.0, 0.0, 0.0, 0.0, 0.0, 0.0]",1
디바인모먼츠,24,3,"[0.0, 0.0, 0.0, 0.0, 0.333333, 0.666667, 0.0, 0.0, 0.0, 0.0, 0.0]",2
로우하이카페,11,2,"[0.0, 0.5, 0.0, 0.0, 0.0, 0.0, 0.0, 0.0, 0.5, 0.0, 0.0]",1
정식,11,1,"[0.0, 1.0, 0.0, 0.0, 0.0, 0.0, 0.0, 0.0, 0.0, 0.0, 0.0]",0
마루나키친,11,8,"[0.125, 0.75, 0.0, 0.0, 0.125, 0.0, 0.0, 0.0, 0.0, 0.0, 0.0]",0
용담체육공원,5,1,"[1.0, 0.0, 0.0, 0.0, 0.0, 0.0, 0.0, 0.0, 0.0, 0.0, 0.0]",2
하나로마트 제주점,10,6,"[0.0, 0.0, 0.0, 0.0, 0.333333, 0.0, 0.166667, 0.0, 0.333333, 0.0, 0.166667]",2
메종글래드 삼다정,11,12,"[0.0, 0.166667, 0.0, 0.166667, 0.25, 0.25, 0.083333, 0.083333, 0.0, 0.0, 0.0]",0
가르송티미드 제주,10,7,"[0.142857, 0.285714, 0.0, 0.142857, 0.142857, 0.0, 0.0, 0.0, 0.285714, 0.0, 0.0]",2
오소소게스트하우스,24,14,"[0.071429, 0.285714, 0.0, 0.0, 0.071429, 0.0, 0.0, 0.142857, 0.0, 0.0, 0.428571]",2
서점숙소,24,7,"[0.0, 0.571429, 0.0, 0.285714, 0.0, 0.0, 0.0, 0.0, 0.0, 0.0, 0.142857]",2
꾸꾸제주,10,4,"[0.0, 0.0, 0.0, 0.0, 0.0, 0.0, 0.0, 0.0, 1.0, 0.0, 0.0]",2
스모크하우스인구억,11,2,"[0.0, 0.5, 0.0, 0.0, 0.5, 0.0, 0.0, 0.0, 0.0, 0.0, 0.0]",0
올레길 12코스(무릉-용수 올레),7,3,"[0.666667, 0.0, 0.0, 0.0, 0.0, 0.0, 0.0, 0.0, 0.0, 0.0, 0.333333]",2
수마,11,4,"[0.0, 0.75, 0.0, 0.0, 0.0, 0.0, 0.0, 0.0, 0.25, 0.0, 0.0]",1
열방대학 제주캠퍼스,2,1,"[0.0, 0.0, 0.0, 1.0, 0.0, 0.0, 0.0, 0.0, 0.0, 0.0, 0.0]",2
곰막식당,11,23,"[0.086957, 0.434783, 0.043478, 0.086957, 0.26087, 0.0, 0.0, 0.086957, 0.0, 0.0, 0.0]",0
돈사촌 본점,11,4,"[0.0, 0.25, 0.0, 0.0, 0.5, 0.0, 0.0, 0.0, 0.0, 0.0, 0.25]",0
틴더타운,24,3,"[0.666667, 0.0, 0.333333, 0.0, 0.0, 0.0, 0.0, 0.0, 0.0, 0.0, 0.0]",0
베이글림림,11,3,"[0.333333, 0.666667, 0.0, 0.0, 0.0, 0.0, 0.0, 0.0, 0.0, 0.0, 0.0]",1
히츠야,11,5,"[0.2, 0.4, 0.0, 0.0, 0.2, 0.0, 0.0, 0.0, 0.2, 0.0, 0.0]",0
보물선,11,2,"[0.0, 0.0, 0.5, 0.0, 0.5, 0.0, 0.0, 0.0, 0.0, 0.0, 0.0]",0
사는맛먹는맛,11,3,"[0.333333, 0.333333, 0.0, 0.0, 0.333333, 0.0, 0.0, 0.0, 0.0, 0.0, 0.0]",0
마틸다,11,6,"[0.166667, 0.5, 0.0, 0.0, 0.166667, 0.0, 0.0, 0.0, 0.166667, 0.0, 0.0]",0
영웅식당,11,1,"[0.0, 1.0, 0.0, 0.0, 0.0, 0.0, 0.0, 0.0, 0.0, 0.0, 0.0]",0
제주유레카,10,7,"[0.0, 0.0, 0.0, 0.0, 0.0, 0.142857, 0.0, 0.142857, 0.0, 0.0, 0.714286]",2
미소가펜션,24,3,"[0.0, 1.0, 0.0, 0.0, 0.0, 0.0, 0.0, 0.0, 0.0, 0.0, 0.0]",2
윈드스톤,11,1,"[0.0, 1.0, 0.0, 0.0, 0.0, 0.0, 0.0, 0.0, 0.0, 0.0, 0.0]",1
신신호텔 제주공항점,24,20,"[0.0, 0.05, 0.0, 0.05, 0.0, 0.2, 0.0, 0.65, 0.0, 0.0, 0.05]",2
공새미솥뚜껑,11,1,"[0.0, 1.0, 0.0, 0.0, 0.0, 0.0, 0.0, 0.0, 0.0, 0.0, 0.0]",0
올레시장,4,1,"[1.0, 0.0, 0.0, 0.0, 0.0, 0.0, 0.0, 0.0, 0.0, 0.0, 0.0]",2
한림칼국수 제주동문시장점,11,2,"[0.0, 0.5, 0.0, 0.0, 0.0, 0.5, 0.0, 0.0, 0.0, 0.0, 0.0]",0
듀포레,11,11,"[0.090909, 0.545455, 0.0, 0.0, 0.181818, 0.0, 0.0, 0.0, 0.181818, 0.0, 0.0]",0
카페모들,11,2,"[0.0, 0.0, 0.0, 0.0, 0.5, 0.0, 0.0, 0.0, 0.5, 0.0, 0.0]",1
파크선샤인제주,24,12,"[0.0, 0.583333, 0.0, 0.0, 0.0, 0.083333, 0.166667, 0.083333, 0.0, 0.0, 0.083333]",2
미풍해장국 제주항점,11,1,"[0.0, 1.0, 0.0, 0.0, 0.0, 0.0, 0.0, 0.0, 0.0, 0.0, 0.0]",0
이익새,11,3,"[0.0, 1.0, 0.0, 0.0, 0.0, 0.0, 0.0, 0.0, 0.0, 0.0, 0.0]",1
탐라요정 신제주점,11,4,"[0.0, 0.0, 0.0, 0.0, 0.25, 0.0, 0.0, 0.0, 0.75, 0.0, 0.0]",0
호텔샌드,24,42,"[0.452381, 0.404762, 0.0, 0.02381, 0.047619, 0.0, 0.0, 0.0, 0.071429, 0.0, 0.0]",1
세종호텔,24,5,"[0.0, 0.0, 0.0, 0.0, 0.2, 0.0, 0.0, 0.8, 0.0, 0.0, 0.0]",2
한라산게스트하우스,24,3,"[0.0, 0.0, 0.0, 0.333333, 0.0, 0.666667, 0.0, 0.0, 0.0, 0.0, 0.0]",2
은희네해장국 노형점,11,8,"[0.375, 0.125, 0.0, 0.5, 0.0, 0.0, 0.0, 0.0, 0.0, 0.0, 0.0]",0
노랑통닭 제주연동점,11,1,"[0.0, 0.0, 0.0, 0.0, 0.0, 0.0, 0.0, 1.0, 0.0, 0.0, 0.0]",0
협재국수가게,11,1,"[0.0, 0.0, 0.0, 0.0, 0.0, 0.0, 0.0, 0.0, 1.0, 0.0, 0.0]",0
전라도식당,11,1,"[0.0, 0.0, 0.0, 0.0, 0.0, 0.0, 0.0, 0.0, 1.0, 0.0, 0.0]",0
레전드야구존 제주연동2호점,5,1,"[0.0, 0.0, 0.0, 0.0, 1.0, 0.0, 0.0, 0.0, 0.0, 0.0, 0.0]",2
제주레포츠랜드,5,7,"[0.285714, 0.428571, 0.0, 0.0, 0.142857, 0.0, 0.0, 0.0, 0.0, 0.0, 0.142857]",2
더제이락볼링클럽,5,1,"[0.0, 0.0, 0.0, 0.0, 0.0, 1.0, 0.0, 0.0, 0.0, 0.0, 0.0]",2
에스호텔,24,1,"[0.0, 0.0, 0.0, 0.0, 0.0, 0.0, 0.0, 1.0, 0.0, 0.0, 0.0]",2
옹포83,11,3,"[0.0, 0.666667, 0.0, 0.0, 0.0, 0.0, 0.0, 0.0, 0.0, 0.0, 0.333333]",0
마라도가파도 정기여객선대합실,5,1,"[0.0, 1.0, 0.0, 0.0, 0.0, 0.0, 0.0, 0.0, 0.0, 0.0, 0.0]",2
석예원 본초족욕 성산,13,9,"[0.0, 0.444444, 0.222222, 0.111111, 0.0, 0.0, 0.0, 0.222222, 0.0, 0.0, 0.0]",2
퍼스트렌트카,10,17,"[0.0, 0.058824, 0.0, 0.058824, 0.0, 0.058824, 0.0, 0.470588, 0.0, 0.0, 0.352941]",2
흑마가든,11,1,"[0.0, 0.0, 0.0, 0.0, 1.0, 0.0, 0.0, 0.0, 0.0, 0.0, 0.0]",0
산물관광농원,2,8,"[0.0, 0.375, 0.0, 0.0, 0.0, 0.25, 0.0, 0.0, 0.0, 0.0, 0.375]",0
가마솥뼈다귀해장국,11,1,"[0.0, 1.0, 0.0, 0.0, 0.0, 0.0, 0.0, 0.0, 0.0, 0.0, 0.0]",0
제주모다정,11,1,"[1.0, 0.0, 0.0, 0.0, 0.0, 0.0, 0.0, 0.0, 0.0, 0.0, 0.0]",0
SK행복충전 성산LPG충전소 가격저렴,10,1,"[0.0, 0.0, 0.0, 0.0, 0.0, 0.0, 0.0, 0.0, 1.0, 0.0, 0.0]",2
돌과바람리조트,24,4,"[0.0, 0.25, 0.0, 0.0, 0.0, 0.25, 0.25, 0.25, 0.0, 0.0, 0.0]",2
제주중문관광단지 노을지는시간대 이쁜사진 핫플,7,1,"[0.0, 0.0, 0.0, 1.0, 0.0, 0.0, 0.0, 0.0, 0.0, 0.0, 0.0]",2
서울앵무새 제주점,11,16,"[0.4375, 0.375, 0.0, 0.0625, 0.125, 0.0, 0.0, 0.0, 0.0, 0.0, 0.0]",0
이정의댁,11,3,"[0.0, 1.0, 0.0, 0.0, 0.0, 0.0, 0.0, 0.0, 0.0, 0.0, 0.0]",1
숙성육 본점,11,2,"[0.0, 0.5, 0.0, 0.0, 0.5, 0.0, 0.0, 0.0, 0.0, 0.0, 0.0]",0
투썸플레이스 제주연북로점,11,1,"[0.0, 0.0, 0.0, 0.0, 0.0, 1.0, 0.0, 0.0, 0.0, 0.0, 0.0]",0
누웨마루거리,4,7,"[0.571429, 0.142857, 0.0, 0.142857, 0.142857, 0.0, 0.0, 0.0, 0.0, 0.0, 0.0]",2
그계절,11,4,"[0.0, 0.5, 0.0, 0.0, 0.25, 0.0, 0.0, 0.0, 0.25, 0.0, 0.0]",0
그꽃,10,2,"[0.5, 0.0, 0.0, 0.0, 0.0, 0.0, 0.5, 0.0, 0.0, 0.0, 0.0]",2
다과상점,11,2,"[0.0, 0.5, 0.0, 0.0, 0.0, 0.0, 0.0, 0.0, 0.5, 0.0, 0.0]",1
카페두가시,11,2,"[0.0, 0.5, 0.0, 0.0, 0.0, 0.0, 0.0, 0.0, 0.5, 0.0, 0.0]",1
글라스월평,11,4,"[0.25, 0.75, 0.0, 0.0, 0.0, 0.0, 0.0, 0.0, 0.0, 0.0, 0.0]",0
고산의낮고산의밤,11,1,"[0.0, 1.0, 0.0, 0.0, 0.0, 0.0, 0.0, 0.0, 0.0, 0.0, 0.0]",0
예스렌트카,10,19,"[0.0, 0.052632, 0.052632, 0.0, 0.052632, 0.0, 0.0, 0.421053, 0.0, 0.0, 0.421053]",2
다람쥐식탁,11,6,"[0.166667, 0.666667, 0.0, 0.166667, 0.0, 0.0, 0.0, 0.0, 0.0, 0.0, 0.0]",0
오오디,11,1,"[0.0, 1.0, 0.0, 0.0, 0.0, 0.0, 0.0, 0.0, 0.0, 0.0, 0.0]",1
아라리오뮤지엄 탑동시네마,3,9,"[0.666667, 0.111111, 0.0, 0.0, 0.0, 0.0, 0.0, 0.0, 0.222222, 0.0, 0.0]",2
섬반지,4,1,"[0.0, 0.0, 0.0, 0.0, 0.0, 0.0, 0.0, 0.0, 1.0, 0.0, 0.0]",2
제주탑동골목,11,4,"[0.5, 0.25, 0.0, 0.0, 0.25, 0.0, 0.0, 0.0, 0.0, 0.0, 0.0]",0
협재 서쪽게스트하우스,24,3,"[0.0, 0.0, 0.0, 0.0, 0.0, 0.0, 0.0, 0.333333, 0.0, 0.0, 0.666667]",2
고산수월봉가마솥순대국,11,1,"[0.0, 0.0, 0.0, 0.0, 0.0, 0.0, 0.0, 0.0, 1.0, 0.0, 0.0]",0
그랜드하얏트제주,24,81,"[0.382716, 0.123457, 0.024691, 0.024691, 0.037037, 0.08642, 0.17284, 0.012346, 0.0, 0.0, 0.135802]",0
가든업,11,1,"[0.0, 1.0, 0.0, 0.0, 0.0, 0.0, 0.0, 0.0, 0.0, 0.0, 0.0]",0
솔지식당,11,5,"[0.2, 0.2, 0.0, 0.0, 0.6, 0.0, 0.0, 0.0, 0.0, 0.0, 0.0]",0
인그리드,11,3,"[0.333333, 0.666667, 0.0, 0.0, 0.0, 0.0, 0.0, 0.0, 0.0, 0.0, 0.0]",1
유리네,11,7,"[0.142857, 0.285714, 0.142857, 0.142857, 0.285714, 0.0, 0.0, 0.0, 0.0, 0.0, 0.0]",0
가파도해물짜장짬뽕,11,9,"[0.0, 0.333333, 0.444444, 0.0, 0.111111, 0.0, 0.0, 0.0, 0.111111, 0.0, 0.0]",0
기찬밥상,11,2,"[0.0, 1.0, 0.0, 0.0, 0.0, 0.0, 0.0, 0.0, 0.0, 0.0, 0.0]",0
첨밀밀양꼬치 함덕점,11,2,"[0.0, 0.0, 0.0, 1.0, 0.0, 0.0, 0.0, 0.0, 0.0, 0.0, 0.0]",0
오후다섯시 두가지착각 조차도,11,6,"[0.0, 1.0, 0.0, 0.0, 0.0, 0.0, 0.0, 0.0, 0.0, 0.0, 0.0]",0
가리본가 광양점,11,2,"[0.0, 0.5, 0.0, 0.0, 0.5, 0.0, 0.0, 0.0, 0.0, 0.0, 0.0]",0
사하라호텔,24,3,"[0.0, 0.0, 0.0, 0.0, 0.0, 0.0, 0.0, 1.0, 0.0, 0.0, 0.0]",2
디아넥스 온천,6,3,"[0.333333, 0.333333, 0.0, 0.333333, 0.0, 0.0, 0.0, 0.0, 0.0, 0.0, 0.0]",2
서귀포 테니스장,5,1,"[1.0, 0.0, 0.0, 0.0, 0.0, 0.0, 0.0, 0.0, 0.0, 0.0, 0.0]",2
이삭토스트 서귀포광장점,10,1,"[0.0, 0.0, 0.0, 0.0, 0.0, 0.0, 0.0, 1.0, 0.0, 0.0, 0.0]",2
세븐일레븐 서귀포이든호텔점,10,1,"[0.0, 0.0, 0.0, 0.0, 0.0, 0.0, 0.0, 0.0, 1.0, 0.0, 0.0]",2
신화관 제주신화월드호텔앤리조트,24,52,"[0.211538, 0.192308, 0.0, 0.153846, 0.019231, 0.0, 0.25, 0.019231, 0.019231, 0.0, 0.134615]",2
오기목할망네,24,1,"[0.0, 0.0, 0.0, 0.0, 1.0, 0.0, 0.0, 0.0, 0.0, 0.0, 0.0]",2
제주김만복 본점,11,26,"[0.384615, 0.307692, 0.038462, 0.115385, 0.076923, 0.038462, 0.0, 0.0, 0.0, 0.0, 0.038462]",0
금돈가,11,6,"[0.0, 1.0, 0.0, 0.0, 0.0, 0.0, 0.0, 0.0, 0.0, 0.0, 0.0]",0
제주맥주 양조장,13,13,"[0.461538, 0.153846, 0.0, 0.0, 0.0, 0.0, 0.0, 0.0, 0.153846, 0.076923, 0.153846]",2
숨어있는집,11,3,"[0.0, 0.333333, 0.0, 0.333333, 0.333333, 0.0, 0.0, 0.0, 0.0, 0.0, 0.0]",0
하모해변,1,6,"[0.0, 0.166667, 0.0, 0.0, 0.0, 0.666667, 0.0, 0.0, 0.166667, 0.0, 0.0]",2
뽈살집 제주본점,11,24,"[0.208333, 0.5, 0.0, 0.166667, 0.125, 0.0, 0.0, 0.0, 0.0, 0.0, 0.0]",0
몬스터살롱,11,5,"[0.4, 0.4, 0.0, 0.2, 0.0, 0.0, 0.0, 0.0, 0.0, 0.0, 0.0]",0
글라글라하와이,11,7,"[0.0, 0.428571, 0.0, 0.0, 0.0, 0.0, 0.142857, 0.0, 0.285714, 0.0, 0.142857]",0
책약방,10,1,"[0.0, 1.0, 0.0, 0.0, 0.0, 0.0, 0.0, 0.0, 0.0, 0.0, 0.0]",2
플레이스캠프제주,24,45,"[0.133333, 0.244444, 0.0, 0.066667, 0.155556, 0.022222, 0.066667, 0.111111, 0.022222, 0.0, 0.177778]",2
성산일출봉농협하나로마트,10,24,"[0.0, 0.083333, 0.0, 0.166667, 0.0, 0.25, 0.125, 0.083333, 0.25, 0.0, 0.041667]",2
별방촌,11,2,"[0.0, 0.0, 0.5, 0.0, 0.0, 0.0, 0.0, 0.0, 0.5, 0.0, 0.0]",0
혼인지,2,8,"[0.125, 0.125, 0.0, 0.25, 0.0, 0.0, 0.0, 0.0, 0.25, 0.0, 0.25]",2
뽀르뽀라,11,1,"[0.0, 0.0, 0.0, 0.0, 0.0, 0.0, 0.0, 0.0, 1.0, 0.0, 0.0]",1
쇼룸오구팔,10,2,"[0.0, 0.5, 0.0, 0.0, 0.0, 0.0, 0.0, 0.0, 0.5, 0.0, 0.0]",2
삼무국수 성산점,11,1,"[0.0, 0.0, 0.0, 0.0, 0.0, 0.0, 0.0, 0.0, 1.0, 0.0, 0.0]",0
성산월드식자재마트,10,4,"[0.0, 0.25, 0.0, 0.0, 0.0, 0.25, 0.0, 0.25, 0.25, 0.0, 0.0]",2
카페 개인주의자,11,1,"[0.0, 0.0, 0.0, 0.0, 0.0, 0.0, 0.0, 0.0, 1.0, 0.0, 0.0]",1
공회당,11,8,"[0.0, 0.75, 0.0, 0.0, 0.125, 0.0, 0.0, 0.0, 0.125, 0.0, 0.0]",0
숙성도 애월직영점,11,4,"[0.25, 0.5, 0.0, 0.0, 0.25, 0.0, 0.0, 0.0, 0.0, 0.0, 0.0]",0
동백낭,11,1,"[0.0, 0.0, 0.0, 0.0, 1.0, 0.0, 0.0, 0.0, 0.0, 0.0, 0.0]",0
동굴리조트,24,1,"[0.0, 0.0, 0.0, 0.0, 0.0, 0.0, 0.0, 0.0, 1.0, 0.0, 0.0]",2
FK알레그리아호텔,24,6,"[0.0, 0.0, 0.0, 0.0, 0.0, 0.0, 0.0, 0.5, 0.0, 0.0, 0.5]",2
우도등대공원,1,3,"[0.666667, 0.0, 0.0, 0.0, 0.0, 0.0, 0.0, 0.0, 0.333333, 0.0, 0.0]",2
우도물들이 해녀의집,11,3,"[0.333333, 0.333333, 0.0, 0.0, 0.0, 0.0, 0.0, 0.0, 0.333333, 0.0, 0.0]",0
앳코너,24,1,"[0.0, 1.0, 0.0, 0.0, 0.0, 0.0, 0.0, 0.0, 0.0, 0.0, 0.0]",2
별돈별 협재해변점,11,12,"[0.166667, 0.666667, 0.083333, 0.083333, 0.0, 0.0, 0.0, 0.0, 0.0, 0.0, 0.0]",0
서프로와,5,1,"[0.0, 1.0, 0.0, 0.0, 0.0, 0.0, 0.0, 0.0, 0.0, 0.0, 0.0]",2
블랙씨걸,11,2,"[0.0, 0.5, 0.0, 0.0, 0.5, 0.0, 0.0, 0.0, 0.0, 0.0, 0.0]",0
협재신국수,11,8,"[0.125, 0.5, 0.125, 0.0, 0.125, 0.0, 0.0, 0.0, 0.125, 0.0, 0.0]",0
동명본가,11,1,"[0.0, 1.0, 0.0, 0.0, 0.0, 0.0, 0.0, 0.0, 0.0, 0.0, 0.0]",0
영빈횟집,11,3,"[0.0, 0.333333, 0.0, 0.0, 0.333333, 0.0, 0.0, 0.0, 0.0, 0.0, 0.333333]",0
돈사돈본관,11,10,"[0.0, 0.3, 0.0, 0.0, 0.5, 0.2, 0.0, 0.0, 0.0, 0.0, 0.0]",0
스테이하얀달,24,3,"[0.0, 0.333333, 0.0, 0.0, 0.0, 0.0, 0.0, 0.333333, 0.0, 0.0, 0.333333]",2
램앤블랙 (구.램하우스),11,4,"[0.0, 0.25, 0.0, 0.25, 0.5, 0.0, 0.0, 0.0, 0.0, 0.0, 0.0]",0
협재수우동 쇠소깍직영점,11,5,"[0.0, 0.6, 0.0, 0.0, 0.4, 0.0, 0.0, 0.0, 0.0, 0.0, 0.0]",0
스타벅스 제주도남DT점,11,4,"[0.0, 0.0, 0.0, 0.0, 0.0, 0.25, 0.0, 0.0, 0.5, 0.0, 0.25]",1
포도호텔,24,6,"[0.666667, 0.0, 0.0, 0.0, 0.166667, 0.0, 0.0, 0.0, 0.166667, 0.0, 0.0]",0
폐동밭,1,1,"[0.0, 0.0, 0.0, 0.0, 0.0, 0.0, 0.0, 0.0, 1.0, 0.0, 0.0]",2
식산봉,1,4,"[0.25, 0.0, 0.0, 0.25, 0.25, 0.0, 0.0, 0.0, 0.25, 0.0, 0.0]",2
한라산국립공원 영실탐방로,1,14,"[0.857143, 0.0, 0.071429, 0.0, 0.071429, 0.0, 0.0, 0.0, 0.0, 0.0, 0.0]",2
제주901,13,4,"[0.0, 0.0, 0.25, 0.0, 0.0, 0.0, 0.0, 0.0, 0.0, 0.0, 0.75]",2
김희선제주몸국,11,17,"[0.058824, 0.411765, 0.117647, 0.117647, 0.117647, 0.117647, 0.058824, 0.0, 0.0, 0.0, 0.0]",0
국립산림과학원 난대아열대산림연구소 한남연구시험림,1,1,"[0.0, 1.0, 0.0, 0.0, 0.0, 0.0, 0.0, 0.0, 0.0, 0.0, 0.0]",2
덕인당보리빵,11,5,"[0.4, 0.4, 0.0, 0.0, 0.2, 0.0, 0.0, 0.0, 0.0, 0.0, 0.0]",0
이마트 신제주점,4,35,"[0.0, 0.0, 0.0, 0.028571, 0.0, 0.428571, 0.228571, 0.057143, 0.171429, 0.0, 0.085714]",2
나홀로나무,1,3,"[0.666667, 0.333333, 0.0, 0.0, 0.0, 0.0, 0.0, 0.0, 0.0, 0.0, 0.0]",2
거린사슴 전망대,1,9,"[0.0, 0.0, 0.0, 0.111111, 0.0, 0.0, 0.0, 0.0, 0.888889, 0.0, 0.0]",2
일레인호텔,24,7,"[0.0, 0.0, 0.0, 0.428571, 0.0, 0.0, 0.0, 0.571429, 0.0, 0.0, 0.0]",2
오리프,11,5,"[0.2, 0.8, 0.0, 0.0, 0.0, 0.0, 0.0, 0.0, 0.0, 0.0, 0.0]",1
대정농협 하나로마트,10,9,"[0.0, 0.222222, 0.0, 0.0, 0.0, 0.555556, 0.111111, 0.0, 0.111111, 0.0, 0.0]",2
팜파스 갈대정원,1,5,"[0.2, 0.4, 0.0, 0.0, 0.4, 0.0, 0.0, 0.0, 0.0, 0.0, 0.0]",2
베터플랫,11,6,"[0.0, 0.166667, 0.0, 0.0, 0.166667, 0.333333, 0.0, 0.0, 0.333333, 0.0, 0.0]",0
제주해변공연장,1,5,"[0.0, 0.0, 0.0, 0.0, 0.0, 0.2, 0.0, 0.0, 0.2, 0.0, 0.6]",2
용소담,11,9,"[0.0, 0.333333, 0.0, 0.0, 0.111111, 0.0, 0.0, 0.0, 0.555556, 0.0, 0.0]",1
늘소담,11,7,"[0.0, 0.285714, 0.0, 0.0, 0.0, 0.428571, 0.0, 0.0, 0.285714, 0.0, 0.0]",0
함덕그때그집,11,5,"[0.0, 0.2, 0.0, 0.2, 0.4, 0.0, 0.0, 0.2, 0.0, 0.0, 0.0]",0
싱싱촘맛집(배낚시,13,1,"[0.0, 0.0, 1.0, 0.0, 0.0, 0.0, 0.0, 0.0, 0.0, 0.0, 0.0]",2
호텔스위트캐슬,24,7,"[0.0, 0.0, 0.0, 0.0, 0.0, 0.285714, 0.0, 0.714286, 0.0, 0.0, 0.0]",2
함덕리486,1,2,"[0.0, 0.0, 0.5, 0.0, 0.0, 0.0, 0.0, 0.0, 0.5, 0.0, 0.0]",2
호텔스위트캐슬(스파 체험),13,1,"[0.0, 0.0, 1.0, 0.0, 0.0, 0.0, 0.0, 0.0, 0.0, 0.0, 0.0]",2
싱싱촘맛집(귤따기 체험,13,1,"[0.0, 0.0, 1.0, 0.0, 0.0, 0.0, 0.0, 0.0, 0.0, 0.0, 0.0]",2
어덜트밤비노,11,2,"[0.0, 1.0, 0.0, 0.0, 0.0, 0.0, 0.0, 0.0, 0.0, 0.0, 0.0]",0
큰맘할매순대국 제주조천점,11,1,"[0.0, 1.0, 0.0, 0.0, 0.0, 0.0, 0.0, 0.0, 0.0, 0.0, 0.0]",0
산방식당 제주점,11,5,"[0.2, 0.4, 0.0, 0.0, 0.4, 0.0, 0.0, 0.0, 0.0, 0.0, 0.0]",0
천짓골식당,11,8,"[0.125, 0.375, 0.0, 0.125, 0.375, 0.0, 0.0, 0.0, 0.0, 0.0, 0.0]",0
TJ게스트하우스,24,2,"[0.0, 0.0, 0.0, 1.0, 0.0, 0.0, 0.0, 0.0, 0.0, 0.0, 0.0]",2
하도댁흑돼지두루치기,11,5,"[0.2, 0.8, 0.0, 0.0, 0.0, 0.0, 0.0, 0.0, 0.0, 0.0, 0.0]",0
제주스카이힐펜션,24,1,"[0.0, 0.0, 0.0, 0.0, 0.0, 0.0, 0.0, 1.0, 0.0, 0.0, 0.0]",2
월정퀵서프,5,6,"[0.0, 0.333333, 0.166667, 0.333333, 0.166667, 0.0, 0.0, 0.0, 0.0, 0.0, 0.0]",2
스타벅스 제주애월DT점,11,21,"[0.047619, 0.095238, 0.0, 0.047619, 0.0, 0.190476, 0.142857, 0.0, 0.47619, 0.0, 0.0]",1
에스프레소라운지,11,3,"[0.0, 0.333333, 0.0, 0.0, 0.666667, 0.0, 0.0, 0.0, 0.0, 0.0, 0.0]",0
금성487펜션,24,7,"[0.0, 0.0, 0.0, 0.0, 0.0, 0.571429, 0.0, 0.0, 0.0, 0.0, 0.428571]",2
곽지국시,11,6,"[0.166667, 0.166667, 0.0, 0.0, 0.166667, 0.333333, 0.0, 0.0, 0.166667, 0.0, 0.0]",0
슈닛츠,11,6,"[0.166667, 0.666667, 0.0, 0.0, 0.166667, 0.0, 0.0, 0.0, 0.0, 0.0, 0.0]",0
곽지식당,11,6,"[0.166667, 0.0, 0.166667, 0.166667, 0.0, 0.0, 0.0, 0.0, 0.333333, 0.0, 0.166667]",0
파티장설레임,11,1,"[0.0, 0.0, 0.0, 0.0, 0.0, 1.0, 0.0, 0.0, 0.0, 0.0, 0.0]",0
제주도고기국수만세국수,11,5,"[0.0, 0.6, 0.2, 0.0, 0.0, 0.0, 0.0, 0.0, 0.2, 0.0, 0.0]",0
백마가든,11,2,"[0.0, 0.5, 0.5, 0.0, 0.0, 0.0, 0.0, 0.0, 0.0, 0.0, 0.0]",0
삼일식당,11,1,"[0.0, 0.0, 0.0, 1.0, 0.0, 0.0, 0.0, 0.0, 0.0, 0.0, 0.0]",0
천돈가,11,2,"[0.0, 1.0, 0.0, 0.0, 0.0, 0.0, 0.0, 0.0, 0.0, 0.0, 0.0]",0
금능향토음식점,11,1,"[0.0, 1.0, 0.0, 0.0, 0.0, 0.0, 0.0, 0.0, 0.0, 0.0, 0.0]",0
머큐어앰배서더 제주,24,13,"[0.153846, 0.076923, 0.0, 0.076923, 0.0, 0.0, 0.615385, 0.0, 0.0, 0.0, 0.076923]",2
돈보리,11,1,"[0.0, 0.0, 0.0, 0.0, 1.0, 0.0, 0.0, 0.0, 0.0, 0.0, 0.0]",0
중문농협하나로마트 본점,10,15,"[0.0, 0.066667, 0.0, 0.0, 0.0, 0.533333, 0.0, 0.066667, 0.333333, 0.0, 0.0]",2
카페아오오,11,11,"[0.090909, 0.636364, 0.090909, 0.090909, 0.0, 0.0, 0.0, 0.0, 0.090909, 0.0, 0.0]",1
칠돈가 표선직영점,11,6,"[0.166667, 0.5, 0.166667, 0.0, 0.166667, 0.0, 0.0, 0.0, 0.0, 0.0, 0.0]",0
제주웨스턴그레이스 강정점,24,17,"[0.0, 0.058824, 0.0, 0.058824, 0.0, 0.0, 0.0, 0.470588, 0.0, 0.0, 0.411765]",0
빛의 벙커,3,15,"[0.266667, 0.4, 0.066667, 0.133333, 0.133333, 0.0, 0.0, 0.0, 0.0, 0.0, 0.0]",2
숲을걷다,10,3,"[0.0, 0.0, 0.0, 0.0, 0.333333, 0.0, 0.0, 0.0, 0.666667, 0.0, 0.0]",2
뜰에,11,4,"[0.25, 0.75, 0.0, 0.0, 0.0, 0.0, 0.0, 0.0, 0.0, 0.0, 0.0]",0
제주설심당 협재점,11,3,"[0.0, 0.333333, 0.0, 0.0, 0.0, 0.0, 0.0, 0.0, 0.666667, 0.0, 0.0]",0
소앵븟,11,1,"[0.0, 1.0, 0.0, 0.0, 0.0, 0.0, 0.0, 0.0, 0.0, 0.0, 0.0]",0
도두해녀의집,11,23,"[0.130435, 0.478261, 0.0, 0.130435, 0.130435, 0.086957, 0.0, 0.0, 0.0, 0.0, 0.043478]",0
넉둥베기,11,16,"[0.1875, 0.375, 0.0625, 0.0, 0.3125, 0.0, 0.0, 0.0, 0.0625, 0.0, 0.0]",0
또시오라,24,7,"[0.0, 0.0, 0.0, 0.0, 0.0, 0.0, 0.428571, 0.142857, 0.0, 0.0, 0.428571]",2
야해,11,1,"[0.0, 0.0, 0.0, 0.0, 1.0, 0.0, 0.0, 0.0, 0.0, 0.0, 0.0]",0
요술식탁,11,7,"[0.0, 0.857143, 0.0, 0.0, 0.0, 0.0, 0.0, 0.0, 0.0, 0.0, 0.142857]",0
사려니숲길 입구,1,5,"[0.4, 0.2, 0.0, 0.2, 0.2, 0.0, 0.0, 0.0, 0.0, 0.0, 0.0]",2
바움하우스,11,1,"[0.0, 0.0, 0.0, 0.0, 0.0, 0.0, 0.0, 0.0, 1.0, 0.0, 0.0]",1
마로호스텔,24,7,"[0.0, 0.0, 0.0, 0.0, 0.0, 0.0, 0.0, 1.0, 0.0, 0.0, 0.0]",2
제주파인비치펜션,24,1,"[0.0, 0.0, 0.0, 0.0, 0.0, 0.0, 0.0, 1.0, 0.0, 0.0, 0.0]",2
미소가김밥,11,1,"[0.0, 1.0, 0.0, 0.0, 0.0, 0.0, 0.0, 0.0, 0.0, 0.0, 0.0]",0
엘로망,24,1,"[0.0, 0.0, 0.0, 0.0, 0.0, 0.0, 0.0, 1.0, 0.0, 0.0, 0.0]",2
바다풍경,11,5,"[0.0, 0.2, 0.0, 0.0, 0.4, 0.0, 0.0, 0.2, 0.2, 0.0, 0.0]",0
제주호텔더엠,24,16,"[0.0, 0.0625, 0.0, 0.0, 0.0, 0.0, 0.0, 0.9375, 0.0, 0.0, 0.0]",2
쌍둥이횟집,11,12,"[0.166667, 0.5, 0.0, 0.083333, 0.166667, 0.0, 0.0, 0.0, 0.0, 0.0, 0.083333]",0
거멍국수,11,3,"[0.0, 1.0, 0.0, 0.0, 0.0, 0.0, 0.0, 0.0, 0.0, 0.0, 0.0]",0
은희네해장국 이도점,11,2,"[0.0, 0.0, 0.5, 0.0, 0.0, 0.0, 0.0, 0.5, 0.0, 0.0, 0.0]",0
모뉴에트,11,5,"[0.0, 0.8, 0.0, 0.2, 0.0, 0.0, 0.0, 0.0, 0.0, 0.0, 0.0]",1
해녀잠수촌,11,6,"[0.0, 0.333333, 0.166667, 0.0, 0.0, 0.166667, 0.0, 0.166667, 0.0, 0.0, 0.166667]",0
미향해장국 서귀포점,11,1,"[0.0, 0.0, 0.0, 0.0, 1.0, 0.0, 0.0, 0.0, 0.0, 0.0, 0.0]",0
휘슬락호텔,24,33,"[0.0, 0.212121, 0.0, 0.030303, 0.151515, 0.121212, 0.030303, 0.212121, 0.0, 0.151515, 0.090909]",2
돈사촌,11,2,"[0.0, 0.5, 0.0, 0.5, 0.0, 0.0, 0.0, 0.0, 0.0, 0.0, 0.0]",0
얌얌돈까스,11,4,"[0.0, 0.5, 0.25, 0.0, 0.25, 0.0, 0.0, 0.0, 0.0, 0.0, 0.0]",0
붉은오름,1,4,"[1.0, 0.0, 0.0, 0.0, 0.0, 0.0, 0.0, 0.0, 0.0, 0.0, 0.0]",2
슈가바당,11,2,"[0.0, 0.0, 0.0, 0.0, 0.0, 0.5, 0.0, 0.0, 0.5, 0.0, 0.0]",1
김영미해장국,11,1,"[0.0, 1.0, 0.0, 0.0, 0.0, 0.0, 0.0, 0.0, 0.0, 0.0, 0.0]",0
국제통닭 신제주점,11,1,"[0.0, 1.0, 0.0, 0.0, 0.0, 0.0, 0.0, 0.0, 0.0, 0.0, 0.0]",0
호텔통 연동점,24,3,"[0.0, 0.333333, 0.0, 0.0, 0.333333, 0.0, 0.0, 0.333333, 0.0, 0.0, 0.0]",2
올레길 16코스(고내-광령 올레),7,9,"[0.444444, 0.0, 0.0, 0.111111, 0.0, 0.0, 0.0, 0.0, 0.333333, 0.0, 0.111111]",2
더나인스테이,24,7,"[0.0, 0.0, 0.0, 0.0, 0.0, 0.285714, 0.0, 0.428571, 0.0, 0.0, 0.285714]",2
대굴대굴굴구이,11,1,"[0.0, 1.0, 0.0, 0.0, 0.0, 0.0, 0.0, 0.0, 0.0, 0.0, 0.0]",0
정희네두루치기,11,1,"[0.0, 1.0, 0.0, 0.0, 0.0, 0.0, 0.0, 0.0, 0.0, 0.0, 0.0]",0
부림온천,6,2,"[0.0, 0.5, 0.0, 0.0, 0.5, 0.0, 0.0, 0.0, 0.0, 0.0, 0.0]",2
소쿠리,11,2,"[0.0, 1.0, 0.0, 0.0, 0.0, 0.0, 0.0, 0.0, 0.0, 0.0, 0.0]",0
보내다제주,13,1,"[0.0, 1.0, 0.0, 0.0, 0.0, 0.0, 0.0, 0.0, 0.0, 0.0, 0.0]",2
성산포JC공원,1,4,"[0.0, 0.0, 0.0, 0.0, 0.25, 0.0, 0.0, 0.0, 0.75, 0.0, 0.0]",2
맛나식당,11,12,"[0.333333, 0.25, 0.083333, 0.166667, 0.166667, 0.0, 0.0, 0.0, 0.0, 0.0, 0.0]",0
장인더카페 제주점,11,10,"[0.3, 0.5, 0.0, 0.1, 0.0, 0.0, 0.0, 0.0, 0.0, 0.0, 0.1]",1
시시소소,11,2,"[0.0, 0.5, 0.0, 0.0, 0.5, 0.0, 0.0, 0.0, 0.0, 0.0, 0.0]",1
베드라디오 도두봉,24,7,"[0.0, 0.285714, 0.0, 0.0, 0.0, 0.0, 0.0, 0.0, 0.0, 0.0, 0.714286]",2
아끈다랑쉬오름,1,9,"[0.666667, 0.111111, 0.0, 0.0, 0.0, 0.0, 0.0, 0.0, 0.111111, 0.0, 0.111111]",2
더블유,5,4,"[0.0, 0.25, 0.0, 0.0, 0.0, 0.25, 0.0, 0.25, 0.25, 0.0, 0.0]",0
더애월 흑돼지김치찌개두루치기전문점 저지직영점,11,1,"[0.0, 0.0, 0.0, 0.0, 0.0, 0.0, 0.0, 0.0, 1.0, 0.0, 0.0]",0
더클리프,11,2,"[1.0, 0.0, 0.0, 0.0, 0.0, 0.0, 0.0, 0.0, 0.0, 0.0, 0.0]",0
메가MGC커피 제주동광육거리점,11,2,"[0.0, 0.0, 0.0, 0.0, 0.0, 0.0, 0.0, 0.0, 1.0, 0.0, 0.0]",1
불특정식당,11,3,"[0.0, 1.0, 0.0, 0.0, 0.0, 0.0, 0.0, 0.0, 0.0, 0.0, 0.0]",0
골든튤립제주성산호텔,24,22,"[0.0, 0.181818, 0.0, 0.090909, 0.0, 0.136364, 0.045455, 0.5, 0.0, 0.0, 0.045455]",2
팔미돈가 흑돼지 성산점,11,2,"[0.0, 0.5, 0.0, 0.0, 0.0, 0.0, 0.0, 0.0, 0.5, 0.0, 0.0]",0
용두암해촌,11,14,"[0.071429, 0.642857, 0.071429, 0.0, 0.0, 0.0, 0.071429, 0.0, 0.071429, 0.0, 0.071429]",0
장안해물보말칼국수,11,4,"[0.25, 0.25, 0.0, 0.0, 0.25, 0.0, 0.0, 0.0, 0.25, 0.0, 0.0]",0
삼위일체대성당,2,1,"[1.0, 0.0, 0.0, 0.0, 0.0, 0.0, 0.0, 0.0, 0.0, 0.0, 0.0]",2
곽지로온,24,3,"[0.0, 1.0, 0.0, 0.0, 0.0, 0.0, 0.0, 0.0, 0.0, 0.0, 0.0]",2
금악성당,2,2,"[0.5, 0.0, 0.0, 0.5, 0.0, 0.0, 0.0, 0.0, 0.0, 0.0, 0.0]",2
교래퐁낭,11,3,"[0.333333, 0.333333, 0.333333, 0.0, 0.0, 0.0, 0.0, 0.0, 0.0, 0.0, 0.0]",0
성이시돌센터,3,2,"[0.0, 0.0, 0.0, 0.5, 0.0, 0.0, 0.0, 0.0, 0.0, 0.0, 0.5]",2
라갈레트,11,1,"[1.0, 0.0, 0.0, 0.0, 0.0, 0.0, 0.0, 0.0, 0.0, 0.0, 0.0]",0
마크사이공 제주,11,3,"[0.0, 0.0, 0.0, 0.0, 0.0, 0.0, 0.0, 0.333333, 0.666667, 0.0, 0.0]",0
이레 용담점,11,2,"[0.0, 0.0, 0.0, 0.0, 0.5, 0.0, 0.0, 0.5, 0.0, 0.0, 0.0]",0
오션스위츠 제주호텔,24,28,"[0.0, 0.071429, 0.0, 0.071429, 0.071429, 0.142857, 0.142857, 0.107143, 0.0, 0.0, 0.392857]",2
수목원테마파크,6,21,"[0.238095, 0.333333, 0.0, 0.047619, 0.047619, 0.142857, 0.047619, 0.0, 0.095238, 0.0, 0.047619]",2
점보빌리지,13,12,"[0.333333, 0.166667, 0.0, 0.25, 0.083333, 0.0, 0.0, 0.0, 0.083333, 0.0, 0.083333]",2
하갈비,11,17,"[0.294118, 0.470588, 0.058824, 0.058824, 0.0, 0.058824, 0.0, 0.0, 0.058824, 0.0, 0.0]",0
까사그란데&덕평본가,24,1,"[0.0, 0.0, 0.0, 0.0, 0.0, 0.0, 0.0, 0.0, 0.0, 0.0, 1.0]",2
제주김만복 동문시장점,11,9,"[0.222222, 0.333333, 0.0, 0.222222, 0.0, 0.111111, 0.0, 0.111111, 0.0, 0.0, 0.0]",0
소인국테마파크,6,7,"[0.142857, 0.142857, 0.0, 0.0, 0.0, 0.142857, 0.0, 0.285714, 0.0, 0.285714, 0.0]",2
그린마일커피 애월점,11,2,"[0.5, 0.5, 0.0, 0.0, 0.0, 0.0, 0.0, 0.0, 0.0, 0.0, 0.0]",1
사계여행,24,1,"[0.0, 0.0, 0.0, 0.0, 0.0, 0.0, 0.0, 1.0, 0.0, 0.0, 0.0]",2
꿈in게스트하우스,24,1,"[0.0, 0.0, 0.0, 0.0, 0.0, 0.0, 0.0, 1.0, 0.0, 0.0, 0.0]",2
콤포스텔라 별들의들판,24,1,"[0.0, 0.0, 0.0, 0.0, 0.0, 0.0, 0.0, 1.0, 0.0, 0.0, 0.0]",2
올레길 8코스(월평-대평 올레),7,13,"[0.307692, 0.076923, 0.0, 0.0, 0.076923, 0.076923, 0.0, 0.0, 0.230769, 0.0, 0.230769]",2
지금,5,1,"[0.0, 1.0, 0.0, 0.0, 0.0, 0.0, 0.0, 0.0, 0.0, 0.0, 0.0]",2
종이시계,11,1,"[0.0, 0.0, 0.0, 0.0, 0.0, 0.0, 0.0, 0.0, 1.0, 0.0, 0.0]",1
스타벅스 제주외도DT점,11,9,"[0.0, 0.333333, 0.0, 0.222222, 0.0, 0.222222, 0.111111, 0.0, 0.111111, 0.0, 0.0]",1
달빛에구운고등어 제주이도점,11,2,"[0.0, 1.0, 0.0, 0.0, 0.0, 0.0, 0.0, 0.0, 0.0, 0.0, 0.0]",0
신산공원,8,13,"[0.153846, 0.230769, 0.0, 0.076923, 0.307692, 0.076923, 0.0, 0.0, 0.076923, 0.0, 0.076923]",2
먼치번즈,11,4,"[0.25, 0.5, 0.0, 0.0, 0.0, 0.25, 0.0, 0.0, 0.0, 0.0, 0.0]",0
순옥이네 명가 본점,11,9,"[0.0, 0.222222, 0.0, 0.222222, 0.444444, 0.0, 0.0, 0.0, 0.111111, 0.0, 0.0]",0
스완지리조트,24,3,"[0.0, 0.0, 0.0, 0.0, 0.0, 0.0, 0.0, 1.0, 0.0, 0.0, 0.0]",2
돈짱,11,1,"[0.0, 0.0, 0.0, 0.0, 0.0, 0.0, 0.0, 0.0, 1.0, 0.0, 0.0]",0
새벽해장국,11,1,"[0.0, 0.0, 0.0, 0.0, 0.0, 0.0, 0.0, 0.0, 1.0, 0.0, 0.0]",0
제주신라호텔 바당,11,3,"[0.333333, 0.333333, 0.0, 0.333333, 0.0, 0.0, 0.0, 0.0, 0.0, 0.0, 0.0]",0
짐보리,13,1,"[0.0, 0.0, 0.0, 1.0, 0.0, 0.0, 0.0, 0.0, 0.0, 0.0, 0.0]",2
제주신라호텔 더 파크뷰,24,13,"[0.076923, 0.153846, 0.0, 0.307692, 0.230769, 0.076923, 0.0, 0.0, 0.0, 0.0, 0.153846]",2
장위동유성집 중문점,11,2,"[0.0, 0.5, 0.0, 0.0, 0.5, 0.0, 0.0, 0.0, 0.0, 0.0, 0.0]",0
제주신라호텔 패스트리 부티크,4,2,"[0.0, 0.0, 0.0, 0.5, 0.5, 0.0, 0.0, 0.0, 0.0, 0.0, 0.0]",2
괸당집 함덕점,11,2,"[0.5, 0.5, 0.0, 0.0, 0.0, 0.0, 0.0, 0.0, 0.0, 0.0, 0.0]",0
굿우드무드,10,1,"[0.0, 0.0, 0.0, 0.0, 0.0, 0.0, 0.0, 0.0, 1.0, 0.0, 0.0]",2
한라축산정육식당,11,4,"[0.0, 0.5, 0.0, 0.0, 0.5, 0.0, 0.0, 0.0, 0.0, 0.0, 0.0]",0
메가MGC커피 제주동문시장점,11,3,"[0.0, 0.0, 0.0, 0.0, 0.0, 0.0, 0.0, 0.333333, 0.666667, 0.0, 0.0]",1
코코메아,11,2,"[0.0, 1.0, 0.0, 0.0, 0.0, 0.0, 0.0, 0.0, 0.0, 0.0, 0.0]",1
CU 제주함덕길점,10,1,"[0.0, 0.0, 0.0, 0.0, 0.0, 0.0, 0.0, 0.0, 1.0, 0.0, 0.0]",2
유코식당,11,1,"[0.0, 1.0, 0.0, 0.0, 0.0, 0.0, 0.0, 0.0, 0.0, 0.0, 0.0]",0
오가닉제주,10,5,"[0.0, 0.4, 0.0, 0.0, 0.0, 0.4, 0.0, 0.0, 0.2, 0.0, 0.0]",2
젠틀리하우스,24,5,"[0.0, 0.4, 0.0, 0.0, 0.4, 0.0, 0.0, 0.0, 0.0, 0.0, 0.2]",2
월정몰리네,4,2,"[0.5, 0.0, 0.0, 0.0, 0.0, 0.0, 0.0, 0.0, 0.5, 0.0, 0.0]",2
아코제주,10,5,"[0.0, 0.6, 0.0, 0.0, 0.2, 0.0, 0.0, 0.0, 0.2, 0.0, 0.0]",2
월정리갈비밥,11,8,"[0.0, 0.625, 0.0, 0.125, 0.125, 0.0, 0.0, 0.0, 0.125, 0.0, 0.0]",0
워너비제주,10,2,"[0.0, 0.0, 0.0, 0.0, 0.0, 0.0, 0.0, 0.0, 1.0, 0.0, 0.0]",2
삐끄니끄,11,2,"[0.5, 0.0, 0.0, 0.0, 0.0, 0.0, 0.0, 0.0, 0.5, 0.0, 0.0]",1
카페리,11,4,"[0.0, 0.75, 0.0, 0.25, 0.0, 0.0, 0.0, 0.0, 0.0, 0.0, 0.0]",1
만월당,11,11,"[0.090909, 0.818182, 0.0, 0.0, 0.0, 0.0, 0.0, 0.0, 0.0, 0.0, 0.090909]",0
열두가지곁호미,10,1,"[0.0, 1.0, 0.0, 0.0, 0.0, 0.0, 0.0, 0.0, 0.0, 0.0, 0.0]",2
여름문구사,10,8,"[0.0, 0.625, 0.0, 0.125, 0.125, 0.0, 0.0, 0.0, 0.125, 0.0, 0.0]",2
평대리해수욕장,1,17,"[0.117647, 0.058824, 0.0, 0.294118, 0.058824, 0.176471, 0.0, 0.0, 0.294118, 0.0, 0.0]",2
제주시관광안내센터,3,1,"[0.0, 0.0, 0.0, 0.0, 0.0, 0.0, 0.0, 0.0, 0.0, 0.0, 1.0]",2
제이앤클로이,24,5,"[0.0, 0.4, 0.0, 0.0, 0.2, 0.2, 0.0, 0.0, 0.0, 0.0, 0.2]",2
해거름전망대카페,11,1,"[0.0, 0.0, 0.0, 0.0, 0.0, 0.0, 0.0, 0.0, 1.0, 0.0, 0.0]",1
바다바라,11,6,"[0.166667, 0.333333, 0.0, 0.0, 0.166667, 0.0, 0.0, 0.0, 0.333333, 0.0, 0.0]",1
골목집,11,1,"[0.0, 0.0, 0.0, 0.0, 0.0, 0.0, 0.0, 0.0, 1.0, 0.0, 0.0]",0
GS25 성산삼달점,10,1,"[0.0, 0.0, 0.0, 0.0, 0.0, 0.0, 0.0, 0.0, 1.0, 0.0, 0.0]",2
연돈볼카츠 제주사수점,11,9,"[0.111111, 0.111111, 0.111111, 0.333333, 0.111111, 0.0, 0.0, 0.0, 0.222222, 0.0, 0.0]",0
어멍이해녀,11,1,"[0.0, 0.0, 0.0, 0.0, 0.0, 0.0, 0.0, 0.0, 1.0, 0.0, 0.0]",0
두발로하이킹,5,1,"[0.0, 0.0, 0.0, 0.0, 0.0, 0.0, 0.0, 1.0, 0.0, 0.0, 0.0]",2
메모리아리조트,24,1,"[0.0, 0.0, 0.0, 0.0, 0.0, 1.0, 0.0, 0.0, 0.0, 0.0, 0.0]",2
일과리해안도로,1,1,"[1.0, 0.0, 0.0, 0.0, 0.0, 0.0, 0.0, 0.0, 0.0, 0.0, 0.0]",2
하타나카,11,1,"[0.0, 0.0, 0.0, 0.0, 0.0, 0.0, 0.0, 0.0, 1.0, 0.0, 0.0]",0
고기왕,11,1,"[0.0, 0.0, 0.0, 0.0, 0.0, 0.0, 0.0, 0.0, 1.0, 0.0, 0.0]",0
더스테이센추리호텔,24,13,"[0.0, 0.076923, 0.0, 0.0, 0.0, 0.0, 0.0, 0.923077, 0.0, 0.0, 0.0]",2
에이바우트커피뷰 하귀포구점,11,5,"[0.0, 0.2, 0.0, 0.2, 0.0, 0.0, 0.2, 0.0, 0.4, 0.0, 0.0]",1
하귀농협하나로마트,10,10,"[0.0, 0.0, 0.0, 0.0, 0.0, 0.3, 0.1, 0.0, 0.6, 0.0, 0.0]",2
얼라이브카트,5,4,"[0.5, 0.5, 0.0, 0.0, 0.0, 0.0, 0.0, 0.0, 0.0, 0.0, 0.0]",2
우영담,11,9,"[0.0, 0.888889, 0.0, 0.0, 0.0, 0.111111, 0.0, 0.0, 0.0, 0.0, 0.0]",0
온다정,11,9,"[0.222222, 0.555556, 0.0, 0.0, 0.0, 0.0, 0.0, 0.0, 0.222222, 0.0, 0.0]",0
제주애월몽,24,2,"[0.5, 0.0, 0.0, 0.0, 0.5, 0.0, 0.0, 0.0, 0.0, 0.0, 0.0]",2
황해식당,11,5,"[0.2, 0.6, 0.0, 0.2, 0.0, 0.0, 0.0, 0.0, 0.0, 0.0, 0.0]",0
좋은마트,10,2,"[0.0, 0.0, 0.0, 0.0, 0.5, 0.0, 0.0, 0.0, 0.0, 0.0, 0.5]",2
낭쿰낭쿰 산방산점,11,4,"[0.5, 0.25, 0.0, 0.0, 0.25, 0.0, 0.0, 0.0, 0.0, 0.0, 0.0]",0
호랑호랑,11,6,"[0.166667, 0.333333, 0.0, 0.0, 0.0, 0.0, 0.0, 0.0, 0.5, 0.0, 0.0]",0
몽그레 월정리점,11,6,"[0.0, 0.833333, 0.0, 0.0, 0.0, 0.0, 0.0, 0.0, 0.166667, 0.0, 0.0]",0
종로3가감자탕 연동점,11,1,"[0.0, 0.0, 0.0, 0.0, 0.0, 0.0, 0.0, 0.0, 1.0, 0.0, 0.0]",0
마요피갤러리,24,7,"[0.0, 0.571429, 0.0, 0.142857, 0.142857, 0.0, 0.0, 0.142857, 0.0, 0.0, 0.0]",2
청파식당횟집,11,13,"[0.076923, 0.384615, 0.076923, 0.076923, 0.307692, 0.0, 0.0, 0.076923, 0.0, 0.0, 0.0]",0
평대리멍석,11,2,"[0.0, 1.0, 0.0, 0.0, 0.0, 0.0, 0.0, 0.0, 0.0, 0.0, 0.0]",0
자리돔횟집,11,5,"[0.2, 0.4, 0.0, 0.0, 0.2, 0.0, 0.0, 0.2, 0.0, 0.0, 0.0]",0
이디야커피 서귀포동홍점,11,1,"[0.0, 0.0, 0.0, 0.0, 0.0, 0.0, 0.0, 0.0, 1.0, 0.0, 0.0]",1
제주안덕농협하나로마트&로컬푸드직매장 제주1호점,10,7,"[0.0, 0.0, 0.0, 0.0, 0.0, 0.428571, 0.0, 0.142857, 0.285714, 0.0, 0.142857]",2
산방산에펜션,24,4,"[0.0, 0.0, 0.0, 0.0, 0.0, 0.25, 0.0, 0.75, 0.0, 0.0, 0.0]",2
카페블루하우스 서귀포시청점,11,4,"[0.0, 0.5, 0.0, 0.0, 0.25, 0.0, 0.0, 0.0, 0.25, 0.0, 0.0]",1
크래커스커피 대정점,11,3,"[0.666667, 0.0, 0.0, 0.0, 0.333333, 0.0, 0.0, 0.0, 0.0, 0.0, 0.0]",1
페를로,11,4,"[0.25, 0.5, 0.0, 0.0, 0.25, 0.0, 0.0, 0.0, 0.0, 0.0, 0.0]",0
세리월드,5,7,"[0.428571, 0.142857, 0.0, 0.0, 0.142857, 0.0, 0.0, 0.142857, 0.0, 0.0, 0.142857]",2
초콜릿박물관,2,3,"[0.333333, 0.0, 0.0, 0.0, 0.0, 0.0, 0.0, 0.0, 0.333333, 0.333333, 0.0]",2
갈치공장,11,10,"[0.0, 0.5, 0.0, 0.2, 0.3, 0.0, 0.0, 0.0, 0.0, 0.0, 0.0]",0
유유자적,11,3,"[0.0, 0.333333, 0.0, 0.0, 0.0, 0.0, 0.0, 0.0, 0.666667, 0.0, 0.0]",0
우도등대,1,2,"[0.5, 0.0, 0.0, 0.0, 0.0, 0.0, 0.0, 0.0, 0.5, 0.0, 0.0]",2
제주또시랑,11,5,"[0.0, 0.6, 0.2, 0.0, 0.2, 0.0, 0.0, 0.0, 0.0, 0.0, 0.0]",0
안녕성산,1,6,"[0.0, 0.166667, 0.0, 0.0, 0.0, 0.0, 0.0, 0.0, 0.833333, 0.0, 0.0]",2
크럼스쿠키,24,4,"[0.0, 0.0, 0.0, 0.0, 0.0, 0.0, 0.0, 0.25, 0.25, 0.0, 0.5]",1
본태박물관,2,22,"[0.409091, 0.090909, 0.136364, 0.090909, 0.0, 0.0, 0.0, 0.0, 0.045455, 0.136364, 0.090909]",2
숨게스트하우스 제주공항점,24,15,"[0.0, 0.266667, 0.0, 0.0, 0.0, 0.4, 0.066667, 0.133333, 0.0, 0.0, 0.133333]",2
미미국수,11,3,"[0.0, 0.666667, 0.0, 0.0, 0.0, 0.0, 0.0, 0.0, 0.333333, 0.0, 0.0]",0
제주특별자치도 민속자연사박물관,2,12,"[0.083333, 0.083333, 0.083333, 0.083333, 0.083333, 0.166667, 0.0, 0.0, 0.0, 0.416667, 0.0]",2
망고레이 본점,11,2,"[0.0, 1.0, 0.0, 0.0, 0.0, 0.0, 0.0, 0.0, 0.0, 0.0, 0.0]",0
SK행복충전 천마한림충전소,10,3,"[0.0, 0.0, 0.0, 0.0, 0.0, 0.333333, 0.0, 0.0, 0.333333, 0.0, 0.333333]",2
어영소공원 화장실,1,2,"[0.5, 0.0, 0.0, 0.0, 0.0, 0.0, 0.0, 0.0, 0.5, 0.0, 0.0]",2
화고,11,7,"[0.0, 0.857143, 0.0, 0.0, 0.142857, 0.0, 0.0, 0.0, 0.0, 0.0, 0.0]",0
미르반점,11,1,"[0.0, 0.0, 0.0, 0.0, 0.0, 1.0, 0.0, 0.0, 0.0, 0.0, 0.0]",0
충민정,11,3,"[0.0, 0.666667, 0.0, 0.0, 0.333333, 0.0, 0.0, 0.0, 0.0, 0.0, 0.0]",0
까망돼지 중문점,10,2,"[0.5, 0.0, 0.0, 0.0, 0.5, 0.0, 0.0, 0.0, 0.0, 0.0, 0.0]",0
롯데마트 제주점,4,14,"[0.071429, 0.0, 0.0, 0.071429, 0.0, 0.0, 0.357143, 0.0, 0.214286, 0.0, 0.285714]",2
웰컴비앤비 제주키즈펜션,24,1,"[0.0, 0.0, 0.0, 0.0, 0.0, 0.0, 0.0, 1.0, 0.0, 0.0, 0.0]",2
제주그리미,11,2,"[0.0, 0.0, 0.0, 0.0, 0.0, 0.5, 0.0, 0.0, 0.0, 0.0, 0.5]",0
양떼목장,6,4,"[0.0, 0.0, 0.0, 0.25, 0.0, 0.25, 0.0, 0.25, 0.25, 0.0, 0.0]",2
타이거탱크 힐링파크,13,2,"[0.0, 1.0, 0.0, 0.0, 0.0, 0.0, 0.0, 0.0, 0.0, 0.0, 0.0]",2
구이사이식당,11,5,"[0.0, 0.6, 0.0, 0.0, 0.0, 0.2, 0.0, 0.2, 0.0, 0.0, 0.0]",0
피자굽는돌하르방 본점,11,1,"[1.0, 0.0, 0.0, 0.0, 0.0, 0.0, 0.0, 0.0, 0.0, 0.0, 0.0]",0
제주빵집,11,4,"[0.25, 0.25, 0.25, 0.0, 0.0, 0.0, 0.0, 0.0, 0.25, 0.0, 0.0]",1
외계인방앗간 제주본점,11,3,"[0.333333, 0.333333, 0.0, 0.0, 0.0, 0.0, 0.0, 0.0, 0.333333, 0.0, 0.0]",0
사진놀이터,3,9,"[0.222222, 0.666667, 0.0, 0.0, 0.0, 0.0, 0.0, 0.0, 0.0, 0.0, 0.111111]",2
낭낭카페,11,1,"[0.0, 1.0, 0.0, 0.0, 0.0, 0.0, 0.0, 0.0, 0.0, 0.0, 0.0]",1
도두 주유소,10,1,"[0.0, 0.0, 0.0, 0.0, 0.0, 0.0, 0.0, 0.0, 1.0, 0.0, 0.0]",2
신신호텔 제주월드컵,24,15,"[0.133333, 0.0, 0.0, 0.0, 0.0, 0.066667, 0.066667, 0.533333, 0.133333, 0.0, 0.066667]",2
대평,13,1,"[0.0, 0.0, 0.0, 1.0, 0.0, 0.0, 0.0, 0.0, 0.0, 0.0, 0.0]",2
화순곶자왈,7,4,"[0.5, 0.0, 0.0, 0.25, 0.0, 0.0, 0.0, 0.0, 0.25, 0.0, 0.0]",2
정이가네,11,10,"[0.0, 0.4, 0.0, 0.3, 0.2, 0.0, 0.0, 0.0, 0.1, 0.0, 0.0]",0
카페곁에,11,2,"[0.0, 0.0, 0.0, 0.5, 0.0, 0.0, 0.0, 0.0, 0.5, 0.0, 0.0]",1
블랙샌즈호텔,24,2,"[0.0, 0.0, 0.0, 0.0, 0.0, 0.0, 0.0, 1.0, 0.0, 0.0, 0.0]",2
훈남횟집,11,7,"[0.142857, 0.428571, 0.142857, 0.0, 0.285714, 0.0, 0.0, 0.0, 0.0, 0.0, 0.0]",0
그초록,11,5,"[0.0, 0.4, 0.0, 0.0, 0.2, 0.0, 0.0, 0.0, 0.4, 0.0, 0.0]",1
선물고팡 제주공항점,10,11,"[0.0, 0.272727, 0.0, 0.0, 0.090909, 0.0, 0.090909, 0.090909, 0.363636, 0.0, 0.090909]",2
공육이육,11,1,"[0.0, 0.0, 0.0, 1.0, 0.0, 0.0, 0.0, 0.0, 0.0, 0.0, 0.0]",0
연화차,13,3,"[0.333333, 0.333333, 0.0, 0.0, 0.333333, 0.0, 0.0, 0.0, 0.0, 0.0, 0.0]",2
조천농협로컬푸드직매장,10,1,"[0.0, 0.0, 0.0, 0.0, 1.0, 0.0, 0.0, 0.0, 0.0, 0.0, 0.0]",2
미쿠니,11,3,"[0.0, 0.666667, 0.0, 0.0, 0.0, 0.0, 0.0, 0.0, 0.333333, 0.0, 0.0]",1
스콘가게끌림,11,2,"[0.0, 0.5, 0.0, 0.5, 0.0, 0.0, 0.0, 0.0, 0.0, 0.0, 0.0]",1
이에르바,11,1,"[0.0, 1.0, 0.0, 0.0, 0.0, 0.0, 0.0, 0.0, 0.0, 0.0, 0.0]",0
꼬뜨도르호텔,24,6,"[0.0, 0.333333, 0.0, 0.0, 0.0, 0.0, 0.0, 0.666667, 0.0, 0.0, 0.0]",2
맥파이브루잉컴퍼니 양조장,11,5,"[0.6, 0.4, 0.0, 0.0, 0.0, 0.0, 0.0, 0.0, 0.0, 0.0, 0.0]",0
올리브영 제주함덕점,4,2,"[0.0, 0.0, 0.0, 0.0, 0.0, 0.0, 0.0, 0.0, 0.5, 0.0, 0.5]",2
빽다방 호텔더본제주점,11,9,"[0.111111, 0.0, 0.0, 0.0, 0.0, 0.222222, 0.111111, 0.111111, 0.111111, 0.0, 0.333333]",1
팔도식당,11,3,"[0.0, 0.333333, 0.0, 0.0, 0.666667, 0.0, 0.0, 0.0, 0.0, 0.0, 0.0]",0
지영상회,11,1,"[0.0, 0.0, 0.0, 0.0, 0.0, 0.0, 0.0, 0.0, 1.0, 0.0, 0.0]",1
비자향,11,1,"[0.0, 1.0, 0.0, 0.0, 0.0, 0.0, 0.0, 0.0, 0.0, 0.0, 0.0]",0
밥먹자,11,1,"[0.0, 1.0, 0.0, 0.0, 0.0, 0.0, 0.0, 0.0, 0.0, 0.0, 0.0]",0
협재섬바다,11,6,"[0.0, 0.5, 0.0, 0.0, 0.333333, 0.0, 0.0, 0.166667, 0.0, 0.0, 0.0]",0
비단가52,24,4,"[0.0, 1.0, 0.0, 0.0, 0.0, 0.0, 0.0, 0.0, 0.0, 0.0, 0.0]",2
한림 칼국수 제주본점,11,1,"[1.0, 0.0, 0.0, 0.0, 0.0, 0.0, 0.0, 0.0, 0.0, 0.0, 0.0]",0
점점,11,14,"[0.214286, 0.642857, 0.0, 0.0, 0.0, 0.0, 0.0, 0.0, 0.142857, 0.0, 0.0]",1
문개항아리 조천본점,11,8,"[0.125, 0.625, 0.125, 0.0, 0.125, 0.0, 0.0, 0.0, 0.0, 0.0, 0.0]",0
저스트인2,24,1,"[0.0, 1.0, 0.0, 0.0, 0.0, 0.0, 0.0, 0.0, 0.0, 0.0, 0.0]",2
제주할망밥상 표선점,11,4,"[0.0, 0.5, 0.0, 0.0, 0.25, 0.0, 0.0, 0.25, 0.0, 0.0, 0.0]",0
수산저수지,1,3,"[1.0, 0.0, 0.0, 0.0, 0.0, 0.0, 0.0, 0.0, 0.0, 0.0, 0.0]",2
상가리야자숲,1,18,"[0.555556, 0.333333, 0.0, 0.0, 0.0, 0.0, 0.0, 0.0, 0.111111, 0.0, 0.0]",2
동복분식,11,3,"[0.0, 0.0, 0.0, 0.333333, 0.333333, 0.0, 0.333333, 0.0, 0.0, 0.0, 0.0]",0
북촌9길스낵,11,1,"[0.0, 0.0, 0.0, 1.0, 0.0, 0.0, 0.0, 0.0, 0.0, 0.0, 0.0]",0
종달스토리,24,1,"[1.0, 0.0, 0.0, 0.0, 0.0, 0.0, 0.0, 0.0, 0.0, 0.0, 0.0]",2
별미해장국,11,3,"[0.333333, 0.0, 0.0, 0.0, 0.0, 0.0, 0.0, 0.666667, 0.0, 0.0, 0.0]",0
달식당,4,1,"[1.0, 0.0, 0.0, 0.0, 0.0, 0.0, 0.0, 0.0, 0.0, 0.0, 0.0]",2
자상한시간,24,1,"[0.0, 0.0, 0.0, 0.0, 1.0, 0.0, 0.0, 0.0, 0.0, 0.0, 0.0]",2
왓새우,11,1,"[0.0, 0.0, 0.0, 1.0, 0.0, 0.0, 0.0, 0.0, 0.0, 0.0, 0.0]",0
돈이랑 본점,11,7,"[0.0, 0.428571, 0.142857, 0.285714, 0.0, 0.142857, 0.0, 0.0, 0.0, 0.0, 0.0]",0
색달로망스,11,1,"[0.0, 1.0, 0.0, 0.0, 0.0, 0.0, 0.0, 0.0, 0.0, 0.0, 0.0]",0
젤코바,11,1,"[0.0, 1.0, 0.0, 0.0, 0.0, 0.0, 0.0, 0.0, 0.0, 0.0, 0.0]",0
달리책방,11,3,"[0.0, 0.666667, 0.0, 0.0, 0.0, 0.0, 0.0, 0.0, 0.0, 0.333333, 0.0]",0
와인창고 본점,10,5,"[0.0, 0.2, 0.0, 0.0, 0.6, 0.2, 0.0, 0.0, 0.0, 0.0, 0.0]",0
팔도수산식당,11,1,"[0.0, 1.0, 0.0, 0.0, 0.0, 0.0, 0.0, 0.0, 0.0, 0.0, 0.0]",0
봉덕뜨락,11,2,"[0.0, 0.5, 0.0, 0.5, 0.0, 0.0, 0.0, 0.0, 0.0, 0.0, 0.0]",0
선물고팡 협재점,10,6,"[0.0, 0.333333, 0.0, 0.0, 0.0, 0.0, 0.0, 0.0, 0.666667, 0.0, 0.0]",2
스테이낭,24,1,"[0.0, 1.0, 0.0, 0.0, 0.0, 0.0, 0.0, 0.0, 0.0, 0.0, 0.0]",2
토이파크,1,2,"[0.5, 0.0, 0.0, 0.0, 0.0, 0.0, 0.0, 0.0, 0.5, 0.0, 0.0]",2
크래커스커피 한경점,11,3,"[0.0, 0.666667, 0.0, 0.0, 0.0, 0.0, 0.0, 0.0, 0.0, 0.0, 0.333333]",1
맥파이 탑동점,11,5,"[0.2, 0.4, 0.0, 0.2, 0.2, 0.0, 0.0, 0.0, 0.0, 0.0, 0.0]",0
제주칠성로상점가,4,1,"[0.0, 0.0, 0.0, 0.0, 0.0, 0.0, 0.0, 0.0, 1.0, 0.0, 0.0]",2
컴플리트커피 노형점,11,2,"[0.5, 0.0, 0.0, 0.0, 0.5, 0.0, 0.0, 0.0, 0.0, 0.0, 0.0]",1
빨간풍차펜션,24,10,"[0.0, 0.1, 0.0, 0.3, 0.0, 0.1, 0.0, 0.5, 0.0, 0.0, 0.0]",2
김녕킹마트,10,7,"[0.0, 0.0, 0.0, 0.0, 0.142857, 0.428571, 0.142857, 0.0, 0.285714, 0.0, 0.0]",2
제주밭담테마공원,6,4,"[0.0, 0.25, 0.0, 0.0, 0.0, 0.0, 0.0, 0.0, 0.0, 0.25, 0.5]",2
제주삼양동유적,2,1,"[0.0, 0.0, 0.0, 0.0, 1.0, 0.0, 0.0, 0.0, 0.0, 0.0, 0.0]",2
김녕항,1,2,"[0.0, 0.0, 0.0, 1.0, 0.0, 0.0, 0.0, 0.0, 0.0, 0.0, 0.0]",2
신흥리방사탑2호,1,1,"[0.0, 0.0, 0.0, 0.0, 0.0, 0.0, 0.0, 0.0, 1.0, 0.0, 0.0]",2
연북정,2,2,"[0.0, 0.0, 0.0, 0.0, 0.5, 0.0, 0.0, 0.0, 0.5, 0.0, 0.0]",2
김녕해녀촌,11,5,"[0.2, 0.2, 0.0, 0.0, 0.0, 0.0, 0.0, 0.2, 0.4, 0.0, 0.0]",0
제주남원농협하나로마트,10,3,"[0.0, 0.0, 0.0, 0.0, 0.0, 0.666667, 0.0, 0.0, 0.333333, 0.0, 0.0]",2
위미다온국밥,11,1,"[0.0, 1.0, 0.0, 0.0, 0.0, 0.0, 0.0, 0.0, 0.0, 0.0, 0.0]",0
희신이네,11,1,"[0.0, 1.0, 0.0, 0.0, 0.0, 0.0, 0.0, 0.0, 0.0, 0.0, 0.0]",0
솜반천,7,1,"[0.0, 0.0, 0.0, 0.0, 0.0, 0.0, 0.0, 0.0, 1.0, 0.0, 0.0]",2
고성오일시장,4,6,"[0.333333, 0.166667, 0.166667, 0.0, 0.0, 0.0, 0.0, 0.0, 0.0, 0.0, 0.333333]",2
해신짬뽕,11,3,"[0.0, 0.333333, 0.0, 0.0, 0.0, 0.0, 0.0, 0.0, 0.666667, 0.0, 0.0]",0
해뜨는초록마을,7,1,"[1.0, 0.0, 0.0, 0.0, 0.0, 0.0, 0.0, 0.0, 0.0, 0.0, 0.0]",2
비자림리조트,24,4,"[0.0, 0.0, 0.0, 0.0, 0.0, 0.0, 0.0, 1.0, 0.0, 0.0, 0.0]",2
성산포수협 수산물유통센터,4,1,"[0.0, 0.0, 0.0, 0.0, 0.0, 0.0, 0.0, 0.0, 1.0, 0.0, 0.0]",2
등머울펜션,24,2,"[0.0, 0.0, 0.0, 0.0, 0.0, 0.0, 0.0, 0.0, 1.0, 0.0, 0.0]",2
예원이네귤농장,13,2,"[0.0, 0.0, 0.0, 0.0, 0.0, 0.0, 0.5, 0.0, 0.5, 0.0, 0.0]",2
켄싱턴리조트 서귀포,24,3,"[0.0, 0.0, 0.0, 0.0, 0.0, 0.0, 0.333333, 0.666667, 0.0, 0.0, 0.0]",0
도깨비게스트하우스,24,4,"[0.0, 0.5, 0.0, 0.0, 0.0, 0.0, 0.25, 0.0, 0.0, 0.0, 0.25]",2
카페촐,11,2,"[0.0, 1.0, 0.0, 0.0, 0.0, 0.0, 0.0, 0.0, 0.0, 0.0, 0.0]",1
뷰제주하늘,13,2,"[0.0, 0.5, 0.0, 0.0, 0.0, 0.0, 0.0, 0.0, 0.0, 0.0, 0.5]",2
돈이랑 성산점,11,3,"[0.0, 0.666667, 0.0, 0.0, 0.0, 0.0, 0.0, 0.0, 0.333333, 0.0, 0.0]",0
가시버시,24,2,"[0.0, 0.0, 0.0, 0.0, 1.0, 0.0, 0.0, 0.0, 0.0, 0.0, 0.0]",2
서귀포매일올레시장 입구,4,1,"[1.0, 0.0, 0.0, 0.0, 0.0, 0.0, 0.0, 0.0, 0.0, 0.0, 0.0]",2
회뜰날,11,2,"[0.0, 1.0, 0.0, 0.0, 0.0, 0.0, 0.0, 0.0, 0.0, 0.0, 0.0]",0
토니토니,11,2,"[0.0, 0.5, 0.0, 0.0, 0.5, 0.0, 0.0, 0.0, 0.0, 0.0, 0.0]",0
라라코스트 서귀포광장점,11,1,"[0.0, 0.0, 0.0, 0.0, 0.0, 0.0, 0.0, 0.0, 1.0, 0.0, 0.0]",0
제주촌집,11,9,"[0.222222, 0.555556, 0.0, 0.0, 0.111111, 0.0, 0.0, 0.111111, 0.0, 0.0, 0.0]",0
모구리야영장,24,14,"[0.0, 0.142857, 0.0, 0.428571, 0.0, 0.071429, 0.0, 0.357143, 0.0, 0.0, 0.0]",2
모들한상,11,1,"[0.0, 0.0, 0.0, 0.0, 1.0, 0.0, 0.0, 0.0, 0.0, 0.0, 0.0]",0
형돈,11,4,"[0.0, 0.0, 0.0, 0.0, 0.75, 0.0, 0.0, 0.0, 0.25, 0.0, 0.0]",0
싸이공레시피,11,3,"[0.0, 0.0, 0.0, 0.0, 1.0, 0.0, 0.0, 0.0, 0.0, 0.0, 0.0]",0
카페세탁쏘,11,2,"[0.0, 0.5, 0.0, 0.0, 0.0, 0.0, 0.0, 0.0, 0.5, 0.0, 0.0]",1
수눌음,11,4,"[0.0, 0.25, 0.0, 0.25, 0.25, 0.0, 0.0, 0.25, 0.0, 0.0, 0.0]",0
환상숲곶자왈공원,1,13,"[0.0, 0.230769, 0.0, 0.153846, 0.461538, 0.0, 0.0, 0.0, 0.076923, 0.0, 0.076923]",2
킹스통나무펜션,24,4,"[0.0, 0.5, 0.0, 0.0, 0.0, 0.0, 0.0, 0.5, 0.0, 0.0, 0.0]",2
올레벗 게스트하우스,24,1,"[0.0, 0.0, 0.0, 0.0, 0.0, 0.0, 0.0, 1.0, 0.0, 0.0, 0.0]",2
앙데팡당,11,2,"[0.0, 0.0, 0.5, 0.0, 0.5, 0.0, 0.0, 0.0, 0.0, 0.0, 0.0]",1
뚜띠콜로리,13,1,"[0.0, 0.0, 0.0, 0.0, 1.0, 0.0, 0.0, 0.0, 0.0, 0.0, 0.0]",2
한라수목원,1,39,"[0.358974, 0.153846, 0.0, 0.102564, 0.153846, 0.102564, 0.0, 0.025641, 0.076923, 0.025641, 0.0]",2
돈오름숯불갈비,11,1,"[0.0, 0.0, 0.0, 0.0, 0.0, 0.0, 0.0, 0.0, 1.0, 0.0, 0.0]",0
머쉬,11,1,"[0.0, 1.0, 0.0, 0.0, 0.0, 0.0, 0.0, 0.0, 0.0, 0.0, 0.0]",0
제주개생활연구소,11,2,"[0.0, 1.0, 0.0, 0.0, 0.0, 0.0, 0.0, 0.0, 0.0, 0.0, 0.0]",0
브라운타임,11,2,"[0.0, 0.0, 0.0, 0.0, 0.0, 0.5, 0.0, 0.0, 0.5, 0.0, 0.0]",0
길동무,11,1,"[0.0, 1.0, 0.0, 0.0, 0.0, 0.0, 0.0, 0.0, 0.0, 0.0, 0.0]",0
카페 귤한가,4,5,"[0.4, 0.6, 0.0, 0.0, 0.0, 0.0, 0.0, 0.0, 0.0, 0.0, 0.0]",2
몰돗,11,2,"[0.0, 0.5, 0.0, 0.0, 0.0, 0.0, 0.0, 0.5, 0.0, 0.0, 0.0]",0
동한두기,7,3,"[0.333333, 0.0, 0.0, 0.333333, 0.0, 0.0, 0.0, 0.0, 0.333333, 0.0, 0.0]",2
온더스톤게스트하우스,24,1,"[0.0, 1.0, 0.0, 0.0, 0.0, 0.0, 0.0, 0.0, 0.0, 0.0, 0.0]",2
온더스톤 게스트하우스,24,3,"[0.0, 0.333333, 0.0, 0.0, 0.0, 0.0, 0.0, 0.666667, 0.0, 0.0, 0.0]",2
바이러닉 에스프레소바 제주도점,11,6,"[0.0, 0.833333, 0.0, 0.0, 0.0, 0.0, 0.0, 0.0, 0.166667, 0.0, 0.0]",0
제주국제공항 렌터카하우스,10,13,"[0.0, 0.076923, 0.0, 0.0, 0.0, 0.384615, 0.153846, 0.0, 0.0, 0.0, 0.384615]",2
비양도,1,35,"[0.657143, 0.085714, 0.0, 0.085714, 0.028571, 0.0, 0.0, 0.0, 0.114286, 0.0, 0.028571]",2
리치망고 함덕점,11,4,"[0.25, 0.0, 0.0, 0.0, 0.0, 0.0, 0.0, 0.0, 0.75, 0.0, 0.0]",0
제주나기,11,3,"[0.0, 0.666667, 0.0, 0.0, 0.333333, 0.0, 0.0, 0.0, 0.0, 0.0, 0.0]",0
키아오라리조트,24,2,"[0.0, 1.0, 0.0, 0.0, 0.0, 0.0, 0.0, 0.0, 0.0, 0.0, 0.0]",2
씨사이드뷰2,24,2,"[0.0, 1.0, 0.0, 0.0, 0.0, 0.0, 0.0, 0.0, 0.0, 0.0, 0.0]",2
KD렌트카,10,6,"[0.0, 0.0, 0.0, 0.0, 0.0, 0.333333, 0.0, 0.333333, 0.0, 0.0, 0.333333]",2
그대와함께라면,11,1,"[0.0, 1.0, 0.0, 0.0, 0.0, 0.0, 0.0, 0.0, 0.0, 0.0, 0.0]",0
백리향,11,3,"[0.0, 0.666667, 0.0, 0.0, 0.0, 0.0, 0.0, 0.333333, 0.0, 0.0, 0.0]",0
제주푸른호텔,24,11,"[0.0, 0.0, 0.0, 0.0, 0.0, 0.090909, 0.181818, 0.636364, 0.0, 0.0, 0.090909]",2
제주옹심이메밀칼국수,11,2,"[0.0, 0.5, 0.0, 0.0, 0.5, 0.0, 0.0, 0.0, 0.0, 0.0, 0.0]",0
비브레이브 혁신도시점,11,3,"[0.0, 0.0, 0.0, 0.333333, 0.666667, 0.0, 0.0, 0.0, 0.0, 0.0, 0.0]",0
우정횟집,11,1,"[0.0, 0.0, 0.0, 0.0, 0.0, 0.0, 0.0, 0.0, 1.0, 0.0, 0.0]",0
맥도날드 탑동점,11,7,"[0.0, 0.0, 0.0, 0.0, 0.0, 0.285714, 0.142857, 0.285714, 0.285714, 0.0, 0.0]",0
서귀포기적의도서관,3,1,"[0.0, 0.0, 0.0, 0.0, 0.0, 0.0, 0.0, 0.0, 0.0, 1.0, 0.0]",2
GS25 서귀동홍점,11,1,"[0.0, 0.0, 0.0, 0.0, 0.0, 0.0, 1.0, 0.0, 0.0, 0.0, 0.0]",0
명자,11,4,"[0.25, 0.5, 0.0, 0.0, 0.0, 0.0, 0.0, 0.0, 0.25, 0.0, 0.0]",0
인디고인디드,11,4,"[0.25, 0.5, 0.0, 0.0, 0.0, 0.0, 0.0, 0.0, 0.25, 0.0, 0.0]",0
귤귤스토어,4,13,"[0.076923, 0.076923, 0.0, 0.0, 0.076923, 0.0, 0.0, 0.0, 0.769231, 0.0, 0.0]",2
궁중오메기떡,10,1,"[0.0, 1.0, 0.0, 0.0, 0.0, 0.0, 0.0, 0.0, 0.0, 0.0, 0.0]",2
과수원집소원재,24,1,"[1.0, 0.0, 0.0, 0.0, 0.0, 0.0, 0.0, 0.0, 0.0, 0.0, 0.0]",2
비오제주,11,1,"[0.0, 1.0, 0.0, 0.0, 0.0, 0.0, 0.0, 0.0, 0.0, 0.0, 0.0]",0
참전복죽,11,1,"[0.0, 1.0, 0.0, 0.0, 0.0, 0.0, 0.0, 0.0, 0.0, 0.0, 0.0]",0
아니따파스타,11,7,"[0.0, 0.428571, 0.285714, 0.0, 0.285714, 0.0, 0.0, 0.0, 0.0, 0.0, 0.0]",0
소천지,1,12,"[0.5, 0.083333, 0.0, 0.166667, 0.083333, 0.0, 0.0, 0.0, 0.083333, 0.0, 0.083333]",2
돈어길,11,5,"[0.2, 0.8, 0.0, 0.0, 0.0, 0.0, 0.0, 0.0, 0.0, 0.0, 0.0]",0
바람에스치운다,24,5,"[0.2, 0.2, 0.0, 0.6, 0.0, 0.0, 0.0, 0.0, 0.0, 0.0, 0.0]",0
와인점방 제주점,10,1,"[0.0, 1.0, 0.0, 0.0, 0.0, 0.0, 0.0, 0.0, 0.0, 0.0, 0.0]",2
이스턴파트,11,2,"[0.0, 1.0, 0.0, 0.0, 0.0, 0.0, 0.0, 0.0, 0.0, 0.0, 0.0]",0
코코리파이프,11,3,"[0.0, 0.0, 0.0, 0.333333, 0.333333, 0.0, 0.0, 0.0, 0.0, 0.0, 0.333333]",0
하도락펜션,24,1,"[0.0, 1.0, 0.0, 0.0, 0.0, 0.0, 0.0, 0.0, 0.0, 0.0, 0.0]",2
수망다원,11,3,"[0.333333, 0.333333, 0.0, 0.0, 0.333333, 0.0, 0.0, 0.0, 0.0, 0.0, 0.0]",0
카페미와,11,6,"[0.0, 0.666667, 0.0, 0.166667, 0.166667, 0.0, 0.0, 0.0, 0.0, 0.0, 0.0]",1
귤한가,24,6,"[0.0, 0.833333, 0.0, 0.0, 0.0, 0.0, 0.0, 0.0, 0.0, 0.0, 0.166667]",0
제스코마트,10,2,"[0.0, 0.0, 0.0, 0.0, 0.0, 0.0, 0.5, 0.0, 0.0, 0.0, 0.5]",2
오션블루호텔,24,1,"[0.0, 0.0, 0.0, 0.0, 0.0, 0.0, 0.0, 1.0, 0.0, 0.0, 0.0]",2
협재고기부엌,11,10,"[0.1, 0.7, 0.0, 0.1, 0.1, 0.0, 0.0, 0.0, 0.0, 0.0, 0.0]",0
하모니리조트,24,3,"[0.0, 0.666667, 0.0, 0.0, 0.0, 0.0, 0.0, 0.333333, 0.0, 0.0, 0.0]",2
팜파스호텔 제주,24,10,"[0.0, 0.5, 0.1, 0.0, 0.0, 0.2, 0.0, 0.2, 0.0, 0.0, 0.0]",2
푸르곤,11,10,"[0.2, 0.3, 0.0, 0.0, 0.0, 0.2, 0.0, 0.1, 0.0, 0.0, 0.2]",0
국립제주박물관,2,22,"[0.136364, 0.181818, 0.0, 0.090909, 0.045455, 0.045455, 0.0, 0.0, 0.090909, 0.409091, 0.0]",2
파스테이스,11,6,"[0.0, 1.0, 0.0, 0.0, 0.0, 0.0, 0.0, 0.0, 0.0, 0.0, 0.0]",0
카페지니,11,3,"[0.0, 0.0, 0.0, 0.333333, 0.0, 0.0, 0.0, 0.0, 0.666667, 0.0, 0.0]",1
제주호랭이 제주점,11,4,"[0.75, 0.0, 0.0, 0.0, 0.0, 0.25, 0.0, 0.0, 0.0, 0.0, 0.0]",0
공천포,1,1,"[0.0, 0.0, 0.0, 1.0, 0.0, 0.0, 0.0, 0.0, 0.0, 0.0, 0.0]",2
이스트포레스트,11,5,"[0.0, 1.0, 0.0, 0.0, 0.0, 0.0, 0.0, 0.0, 0.0, 0.0, 0.0]",0
마라탕에취한날 본점,11,1,"[0.0, 0.0, 0.0, 0.0, 0.0, 1.0, 0.0, 0.0, 0.0, 0.0, 0.0]",0
레인보우제주,10,3,"[0.0, 0.0, 0.0, 0.0, 0.0, 0.0, 0.0, 0.0, 0.666667, 0.0, 0.333333]",2
달치즈,11,6,"[0.0, 0.666667, 0.0, 0.0, 0.0, 0.0, 0.0, 0.0, 0.333333, 0.0, 0.0]",0
상향평준화,8,2,"[0.5, 0.0, 0.0, 0.0, 0.5, 0.0, 0.0, 0.0, 0.0, 0.0, 0.0]",1
송당의 아침,11,5,"[0.2, 0.6, 0.0, 0.0, 0.0, 0.0, 0.0, 0.0, 0.2, 0.0, 0.0]",0
소로소로,24,3,"[0.0, 0.0, 0.0, 0.0, 0.0, 0.0, 0.0, 0.333333, 0.0, 0.0, 0.666667]",2
당오름,1,1,"[1.0, 0.0, 0.0, 0.0, 0.0, 0.0, 0.0, 0.0, 0.0, 0.0, 0.0]",2
으뜨미식당,11,8,"[0.0, 0.75, 0.0, 0.0, 0.125, 0.0, 0.0, 0.0, 0.125, 0.0, 0.0]",0
해맞이쉼터,11,2,"[0.0, 0.5, 0.0, 0.0, 0.0, 0.0, 0.0, 0.0, 0.0, 0.0, 0.5]",0
제주드림타워,24,11,"[0.181818, 0.090909, 0.090909, 0.0, 0.090909, 0.090909, 0.272727, 0.0, 0.181818, 0.0, 0.0]",0
후하,10,1,"[0.0, 1.0, 0.0, 0.0, 0.0, 0.0, 0.0, 0.0, 0.0, 0.0, 0.0]",2
도두어부의밥상,11,1,"[0.0, 1.0, 0.0, 0.0, 0.0, 0.0, 0.0, 0.0, 0.0, 0.0, 0.0]",0
산방산호텔,24,8,"[0.0, 0.0, 0.0, 0.0, 0.125, 0.0, 0.25, 0.5, 0.0, 0.0, 0.125]",2
심야식당 코나카,11,2,"[0.0, 0.0, 0.0, 0.0, 1.0, 0.0, 0.0, 0.0, 0.0, 0.0, 0.0]",0
비양놀,11,6,"[0.166667, 0.5, 0.0, 0.0, 0.333333, 0.0, 0.0, 0.0, 0.0, 0.0, 0.0]",1
키치니토키친 제주점,11,6,"[0.166667, 0.833333, 0.0, 0.0, 0.0, 0.0, 0.0, 0.0, 0.0, 0.0, 0.0]",0
바미아일랜드,11,5,"[0.0, 0.4, 0.0, 0.2, 0.2, 0.0, 0.0, 0.0, 0.2, 0.0, 0.0]",0
가로수길마루,11,2,"[0.0, 0.5, 0.0, 0.0, 0.0, 0.0, 0.0, 0.0, 0.5, 0.0, 0.0]",0
빌롱스테이,24,1,"[0.0, 1.0, 0.0, 0.0, 0.0, 0.0, 0.0, 0.0, 0.0, 0.0, 0.0]",2
강식당,11,9,"[0.222222, 0.666667, 0.0, 0.0, 0.111111, 0.0, 0.0, 0.0, 0.0, 0.0, 0.0]",0
어라운드폴리,24,5,"[0.4, 0.6, 0.0, 0.0, 0.0, 0.0, 0.0, 0.0, 0.0, 0.0, 0.0]",2
쉼게스트하우스,24,2,"[0.0, 0.0, 0.0, 0.0, 0.5, 0.0, 0.5, 0.0, 0.0, 0.0, 0.0]",2
돼지굽는정원,11,5,"[0.0, 0.0, 0.0, 0.0, 0.6, 0.0, 0.2, 0.0, 0.2, 0.0, 0.0]",0
남양수산,11,3,"[0.0, 0.333333, 0.0, 0.0, 0.666667, 0.0, 0.0, 0.0, 0.0, 0.0, 0.0]",0
나인브로스커피,13,1,"[0.0, 0.0, 0.0, 1.0, 0.0, 0.0, 0.0, 0.0, 0.0, 0.0, 0.0]",2
홍마트 모슬포점,10,3,"[0.0, 0.0, 0.0, 0.0, 0.0, 0.666667, 0.0, 0.333333, 0.0, 0.0, 0.0]",2
산방굴사,2,6,"[0.166667, 0.333333, 0.0, 0.333333, 0.166667, 0.0, 0.0, 0.0, 0.0, 0.0, 0.0]",2
호텔연,24,11,"[0.0, 0.363636, 0.0, 0.181818, 0.0, 0.090909, 0.0, 0.363636, 0.0, 0.0, 0.0]",2
따라비오름,1,21,"[0.52381, 0.095238, 0.0, 0.047619, 0.142857, 0.047619, 0.0, 0.0, 0.047619, 0.0, 0.095238]",2
미풍해장국 서귀포직영점,11,3,"[0.333333, 0.333333, 0.0, 0.0, 0.333333, 0.0, 0.0, 0.0, 0.0, 0.0, 0.0]",0
제주어촌,11,1,"[0.0, 0.0, 0.0, 0.0, 0.0, 0.0, 0.0, 0.0, 1.0, 0.0, 0.0]",0
새벽해장국 플랑,11,1,"[0.0, 0.0, 0.0, 0.0, 0.0, 0.0, 0.0, 0.0, 1.0, 0.0, 0.0]",0
석다원,11,1,"[0.0, 0.0, 0.0, 0.0, 1.0, 0.0, 0.0, 0.0, 0.0, 0.0, 0.0]",0
제주와요펜션,24,1,"[0.0, 1.0, 0.0, 0.0, 0.0, 0.0, 0.0, 0.0, 0.0, 0.0, 0.0]",2
해동분식,11,1,"[0.0, 0.0, 0.0, 0.0, 0.0, 0.0, 0.0, 0.0, 1.0, 0.0, 0.0]",0
서귀포백돼지,11,2,"[0.0, 0.0, 0.0, 0.0, 0.0, 0.0, 0.0, 0.5, 0.5, 0.0, 0.0]",0
제주할망밥상 모슬포점,1,2,"[0.0, 0.0, 0.0, 0.0, 0.0, 0.0, 0.0, 0.0, 0.5, 0.0, 0.5]",0
Flow,11,1,"[0.0, 0.0, 0.0, 0.0, 0.0, 0.0, 0.0, 0.0, 1.0, 0.0, 0.0]",0
메가MGC커피 제주송악산점,11,2,"[0.5, 0.0, 0.0, 0.0, 0.0, 0.0, 0.0, 0.5, 0.0, 0.0, 0.0]",1
마블링,11,2,"[0.0, 0.0, 0.0, 0.0, 0.0, 0.0, 0.0, 0.0, 1.0, 0.0, 0.0]",0
졸띠체험승마,13,4,"[0.0, 0.5, 0.0, 0.0, 0.25, 0.0, 0.0, 0.0, 0.0, 0.0, 0.25]",2
어반아일랜드호텔,24,15,"[0.0, 0.066667, 0.0, 0.0, 0.0, 0.266667, 0.0, 0.6, 0.0, 0.0, 0.066667]",2
버블탱크,5,2,"[0.0, 0.0, 0.0, 0.0, 0.5, 0.5, 0.0, 0.0, 0.0, 0.0, 0.0]",2
보룡제과,11,8,"[0.375, 0.5, 0.0, 0.0, 0.0, 0.0, 0.0, 0.125, 0.0, 0.0, 0.0]",1
성산스쿠버리조트,5,2,"[0.0, 0.5, 0.0, 0.0, 0.0, 0.0, 0.0, 0.0, 0.0, 0.0, 0.5]",2
카페돗돗헌,11,1,"[0.0, 0.0, 0.0, 0.0, 0.0, 0.0, 0.0, 0.0, 1.0, 0.0, 0.0]",1
낭구지횟집,11,1,"[0.0, 0.0, 0.0, 0.0, 0.0, 0.0, 0.0, 0.0, 1.0, 0.0, 0.0]",0
내도음악상가,11,6,"[0.333333, 0.333333, 0.0, 0.0, 0.333333, 0.0, 0.0, 0.0, 0.0, 0.0, 0.0]",0
카페살레,11,11,"[0.181818, 0.181818, 0.0, 0.272727, 0.0, 0.0, 0.0, 0.0, 0.363636, 0.0, 0.0]",1
비스타리조트,24,6,"[0.0, 0.0, 0.0, 0.666667, 0.0, 0.0, 0.0, 0.333333, 0.0, 0.0, 0.0]",2
금박돈,11,2,"[0.0, 1.0, 0.0, 0.0, 0.0, 0.0, 0.0, 0.0, 0.0, 0.0, 0.0]",0
어니스트밀크 본점,11,10,"[0.1, 0.4, 0.0, 0.1, 0.2, 0.0, 0.0, 0.0, 0.2, 0.0, 0.0]",0
리치망고 신제주점,11,1,"[0.0, 1.0, 0.0, 0.0, 0.0, 0.0, 0.0, 0.0, 0.0, 0.0, 0.0]",0
비스비제주 앤 팜빌리지,24,8,"[0.25, 0.5, 0.0, 0.0, 0.0, 0.0, 0.0, 0.0, 0.0, 0.0, 0.25]",2
하영횟집,11,1,"[0.0, 1.0, 0.0, 0.0, 0.0, 0.0, 0.0, 0.0, 0.0, 0.0, 0.0]",0
머문공간 게스트하우스,24,7,"[0.0, 0.857143, 0.0, 0.0, 0.0, 0.0, 0.0, 0.0, 0.0, 0.0, 0.142857]",2
제주드림타워 그랜드키친,11,9,"[0.0, 0.777778, 0.0, 0.0, 0.0, 0.222222, 0.0, 0.0, 0.0, 0.0, 0.0]",0
파르나스호텔 제주,24,44,"[0.386364, 0.386364, 0.0, 0.0, 0.0, 0.0, 0.136364, 0.0, 0.045455, 0.0, 0.045455]",2
라운지38,11,4,"[0.0, 0.25, 0.0, 0.0, 0.25, 0.0, 0.0, 0.0, 0.0, 0.0, 0.5]",0
더캔버스,11,5,"[0.0, 0.2, 0.0, 0.2, 0.0, 0.0, 0.0, 0.4, 0.0, 0.0, 0.2]",0
엉덩물횟집,11,2,"[0.5, 0.0, 0.0, 0.0, 0.0, 0.5, 0.0, 0.0, 0.0, 0.0, 0.0]",0
글라 레스토랑,11,1,"[0.0, 0.0, 0.0, 0.0, 0.0, 0.0, 0.0, 0.0, 1.0, 0.0, 0.0]",0
장원삼계탕,11,1,"[0.0, 0.0, 0.0, 0.0, 0.0, 0.0, 0.0, 0.0, 1.0, 0.0, 0.0]",0
명리동식당 본점,11,4,"[0.25, 0.25, 0.0, 0.25, 0.25, 0.0, 0.0, 0.0, 0.0, 0.0, 0.0]",0
레인보우모빌리티 렌트카,10,1,"[0.0, 0.0, 0.0, 0.0, 0.0, 0.0, 0.0, 0.0, 0.0, 0.0, 1.0]",2
도두봉공원,1,8,"[0.5, 0.0, 0.0, 0.125, 0.25, 0.125, 0.0, 0.0, 0.0, 0.0, 0.0]",2
충청북도해양교육원 제주분원,24,5,"[0.0, 0.0, 0.0, 0.6, 0.0, 0.0, 0.0, 0.0, 0.0, 0.0, 0.4]",2
신스버거,11,3,"[0.0, 0.0, 0.0, 0.0, 0.333333, 0.0, 0.333333, 0.0, 0.333333, 0.0, 0.0]",0
황가네뚝배기,11,1,"[0.0, 1.0, 0.0, 0.0, 0.0, 0.0, 0.0, 0.0, 0.0, 0.0, 0.0]",0
원조마라도짜장면집,11,5,"[0.8, 0.0, 0.0, 0.0, 0.0, 0.0, 0.0, 0.0, 0.2, 0.0, 0.0]",0
롯데리아 제주공항국내선탑승점,11,6,"[0.0, 0.0, 0.0, 0.0, 0.0, 0.166667, 0.0, 0.166667, 0.666667, 0.0, 0.0]",0
제주도게스트하우스파티 한담누리,24,5,"[0.2, 0.4, 0.0, 0.0, 0.0, 0.0, 0.2, 0.2, 0.0, 0.0, 0.0]",2
일리있는,11,3,"[0.0, 0.333333, 0.0, 0.0, 0.333333, 0.0, 0.0, 0.0, 0.333333, 0.0, 0.0]",0
드림오션요트투어,13,1,"[0.0, 0.0, 0.0, 0.0, 1.0, 0.0, 0.0, 0.0, 0.0, 0.0, 0.0]",2
엔제리너스 제주공항1층점,11,2,"[0.0, 0.0, 0.0, 0.0, 0.0, 0.5, 0.0, 0.0, 0.0, 0.0, 0.5]",0
길게스트하우스 산과바다사이,24,5,"[0.0, 0.6, 0.0, 0.0, 0.0, 0.0, 0.0, 0.2, 0.0, 0.0, 0.2]",2
가파도 별미식당,11,2,"[0.0, 0.5, 0.0, 0.0, 0.0, 0.0, 0.0, 0.0, 0.5, 0.0, 0.0]",0
무수천주유소,10,1,"[0.0, 0.0, 0.0, 0.0, 0.0, 0.0, 0.0, 0.0, 0.0, 0.0, 1.0]",2
제주드림타워 차이나하우스,11,1,"[0.0, 0.0, 0.0, 1.0, 0.0, 0.0, 0.0, 0.0, 0.0, 0.0, 0.0]",0
노릇,11,2,"[0.0, 0.5, 0.0, 0.0, 0.5, 0.0, 0.0, 0.0, 0.0, 0.0, 0.0]",0
바당길,11,9,"[0.111111, 0.555556, 0.0, 0.111111, 0.222222, 0.0, 0.0, 0.0, 0.0, 0.0, 0.0]",0
롯데시티호텔 제주,24,21,"[0.0, 0.238095, 0.047619, 0.047619, 0.142857, 0.142857, 0.047619, 0.190476, 0.0, 0.0, 0.142857]",2
한라산,1,7,"[0.285714, 0.142857, 0.142857, 0.142857, 0.0, 0.0, 0.0, 0.0, 0.0, 0.0, 0.285714]",2
돈블럭,11,1,"[0.0, 1.0, 0.0, 0.0, 0.0, 0.0, 0.0, 0.0, 0.0, 0.0, 0.0]",0
중문회포장센터 새벽야시장,4,4,"[0.0, 0.5, 0.0, 0.25, 0.25, 0.0, 0.0, 0.0, 0.0, 0.0, 0.0]",2
제주플래티늄카라반,24,3,"[0.0, 0.333333, 0.0, 0.0, 0.0, 0.0, 0.0, 0.0, 0.0, 0.0, 0.666667]",2
소노캄 제주,24,37,"[0.243243, 0.216216, 0.0, 0.027027, 0.243243, 0.054054, 0.054054, 0.027027, 0.0, 0.0, 0.135135]",2
그리운바다 성산포,11,5,"[0.4, 0.2, 0.0, 0.2, 0.2, 0.0, 0.0, 0.0, 0.0, 0.0, 0.0]",0
정직한돈 본점,11,5,"[0.2, 0.8, 0.0, 0.0, 0.0, 0.0, 0.0, 0.0, 0.0, 0.0, 0.0]",0
다인오세아노호텔,24,8,"[0.0, 0.0, 0.0, 0.0, 0.0, 0.375, 0.125, 0.25, 0.0, 0.0, 0.25]",0
에버그린돈까스,11,1,"[0.0, 0.0, 0.0, 0.0, 0.0, 1.0, 0.0, 0.0, 0.0, 0.0, 0.0]",0
마실펜션,24,4,"[0.0, 0.0, 0.0, 0.75, 0.0, 0.0, 0.0, 0.0, 0.0, 0.0, 0.25]",2
송도옥,11,1,"[0.0, 1.0, 0.0, 0.0, 0.0, 0.0, 0.0, 0.0, 0.0, 0.0, 0.0]",0
명단,11,2,"[0.0, 0.5, 0.0, 0.0, 0.5, 0.0, 0.0, 0.0, 0.0, 0.0, 0.0]",0
순희밥상,11,2,"[0.0, 1.0, 0.0, 0.0, 0.0, 0.0, 0.0, 0.0, 0.0, 0.0, 0.0]",0
서문레지던스,24,5,"[0.0, 0.0, 0.0, 0.0, 0.0, 0.2, 0.4, 0.2, 0.0, 0.0, 0.2]",2
방글방글,11,3,"[0.333333, 0.0, 0.0, 0.0, 0.0, 0.0, 0.0, 0.0, 0.666667, 0.0, 0.0]",0
나드리마트,10,3,"[0.0, 0.0, 0.0, 0.0, 0.0, 0.333333, 0.0, 0.333333, 0.333333, 0.0, 0.0]",2
뽀요요펜션카페,11,7,"[0.0, 0.285714, 0.0, 0.0, 0.0, 0.428571, 0.0, 0.142857, 0.0, 0.0, 0.142857]",1
난산리다방,11,10,"[0.2, 0.4, 0.0, 0.2, 0.2, 0.0, 0.0, 0.0, 0.0, 0.0, 0.0]",1
꺼멍목장,11,5,"[0.0, 1.0, 0.0, 0.0, 0.0, 0.0, 0.0, 0.0, 0.0, 0.0, 0.0]",0
카페갤러리앤샵,11,1,"[0.0, 1.0, 0.0, 0.0, 0.0, 0.0, 0.0, 0.0, 0.0, 0.0, 0.0]",1
포레스트사파리,3,2,"[0.0, 0.5, 0.0, 0.0, 0.0, 0.0, 0.0, 0.0, 0.0, 0.0, 0.5]",2
모든날이행복하기를,24,3,"[0.0, 1.0, 0.0, 0.0, 0.0, 0.0, 0.0, 0.0, 0.0, 0.0, 0.0]",2
카페뷰,11,1,"[0.0, 0.0, 0.0, 0.0, 0.0, 0.0, 0.0, 0.0, 1.0, 0.0, 0.0]",1
로뎀가든,11,5,"[0.2, 0.4, 0.0, 0.2, 0.0, 0.0, 0.0, 0.0, 0.2, 0.0, 0.0]",0
각지불,11,2,"[0.0, 0.5, 0.0, 0.0, 0.5, 0.0, 0.0, 0.0, 0.0, 0.0, 0.0]",0
우도해녀식당,11,7,"[0.142857, 0.714286, 0.0, 0.0, 0.0, 0.0, 0.0, 0.0, 0.142857, 0.0, 0.0]",0
아녜스의앞치마,11,3,"[0.0, 1.0, 0.0, 0.0, 0.0, 0.0, 0.0, 0.0, 0.0, 0.0, 0.0]",0
솔루나x퍼머넌트베케이션,24,2,"[0.0, 1.0, 0.0, 0.0, 0.0, 0.0, 0.0, 0.0, 0.0, 0.0, 0.0]",2
아줄레주,11,11,"[0.181818, 0.636364, 0.0, 0.181818, 0.0, 0.0, 0.0, 0.0, 0.0, 0.0, 0.0]",1
토템오어,11,2,"[0.0, 1.0, 0.0, 0.0, 0.0, 0.0, 0.0, 0.0, 0.0, 0.0, 0.0]",0
고집돌우럭 함덕점,11,17,"[0.0, 0.647059, 0.0, 0.0, 0.352941, 0.0, 0.0, 0.0, 0.0, 0.0, 0.0]",0
돈걱정,11,2,"[0.0, 0.5, 0.5, 0.0, 0.0, 0.0, 0.0, 0.0, 0.0, 0.0, 0.0]",0
비양도등대,1,3,"[0.333333, 0.0, 0.0, 0.0, 0.0, 0.0, 0.0, 0.0, 0.333333, 0.0, 0.333333]",2
데미안,11,7,"[0.285714, 0.428571, 0.0, 0.142857, 0.0, 0.0, 0.0, 0.142857, 0.0, 0.0, 0.0]",0
애월970스테이,24,6,"[0.0, 0.0, 0.0, 0.0, 0.0, 0.0, 0.0, 0.0, 0.0, 0.0, 1.0]",2
제주카약올레,5,7,"[0.142857, 0.0, 0.0, 0.142857, 0.142857, 0.142857, 0.0, 0.0, 0.428571, 0.0, 0.0]",2
중문고등어쌈밥 제주점,11,5,"[0.2, 0.6, 0.0, 0.0, 0.0, 0.0, 0.0, 0.0, 0.2, 0.0, 0.0]",0
해변산책,7,10,"[0.1, 0.1, 0.0, 0.0, 0.0, 0.2, 0.0, 0.3, 0.1, 0.0, 0.2]",2
해오반,11,5,"[0.0, 0.8, 0.0, 0.0, 0.0, 0.2, 0.0, 0.0, 0.0, 0.0, 0.0]",0
걸리버여행기,5,6,"[0.0, 0.333333, 0.0, 0.0, 0.166667, 0.0, 0.0, 0.0, 0.333333, 0.0, 0.166667]",2
코코분식,11,1,"[0.0, 0.0, 0.0, 0.0, 0.0, 0.0, 0.0, 1.0, 0.0, 0.0, 0.0]",0
세광양대창 제주연동점,11,2,"[0.0, 0.0, 0.0, 0.0, 0.5, 0.0, 0.0, 0.0, 0.5, 0.0, 0.0]",0
마트로 탑동점,10,2,"[0.0, 0.0, 0.0, 0.5, 0.0, 0.0, 0.0, 0.0, 0.5, 0.0, 0.0]",2
거문오름,1,15,"[0.666667, 0.133333, 0.0, 0.066667, 0.0, 0.0, 0.0, 0.0, 0.0, 0.0, 0.133333]",2
산방산에머물다,24,3,"[0.0, 0.666667, 0.0, 0.0, 0.0, 0.0, 0.0, 0.0, 0.333333, 0.0, 0.0]",2
남쪽마녀의레시피,11,5,"[0.0, 0.2, 0.0, 0.0, 0.0, 0.0, 0.0, 0.0, 0.8, 0.0, 0.0]",0
우도자연식당,11,3,"[0.0, 0.0, 0.0, 0.333333, 0.0, 0.0, 0.333333, 0.0, 0.333333, 0.0, 0.0]",0
팔미돈가,11,1,"[0.0, 1.0, 0.0, 0.0, 0.0, 0.0, 0.0, 0.0, 0.0, 0.0, 0.0]",0
하도리 어느 해변가,1,1,"[0.0, 0.0, 0.0, 0.0, 0.0, 0.0, 0.0, 0.0, 1.0, 0.0, 0.0]",2
이야기별방펜션 앞 산책길,7,1,"[0.0, 0.0, 0.0, 0.0, 0.0, 0.0, 0.0, 0.0, 0.0, 0.0, 1.0]",2
황우치해변,1,4,"[0.5, 0.0, 0.0, 0.0, 0.0, 0.0, 0.0, 0.0, 0.25, 0.0, 0.25]",2
스타벅스 제주공항DT점,11,17,"[0.0, 0.058824, 0.0, 0.0, 0.058824, 0.529412, 0.176471, 0.0, 0.117647, 0.0, 0.058824]",1
gs25 산방산사계로점,10,1,"[0.0, 0.0, 0.0, 0.0, 0.0, 0.0, 0.0, 0.0, 1.0, 0.0, 0.0]",2
하나로미니 성산포지점,10,1,"[0.0, 0.0, 0.0, 0.0, 0.0, 1.0, 0.0, 0.0, 0.0, 0.0, 0.0]",2
몽마르카부덴,11,1,"[0.0, 0.0, 0.0, 0.0, 0.0, 0.0, 0.0, 0.0, 1.0, 0.0, 0.0]",0
이야기별방펜션,24,1,"[0.0, 1.0, 0.0, 0.0, 0.0, 0.0, 0.0, 0.0, 0.0, 0.0, 0.0]",2
서프보이,11,4,"[0.0, 0.75, 0.0, 0.0, 0.0, 0.0, 0.0, 0.0, 0.25, 0.0, 0.0]",0
미르담,11,2,"[0.5, 0.5, 0.0, 0.0, 0.0, 0.0, 0.0, 0.0, 0.0, 0.0, 0.0]",0
천향휘훠궈 제주본점,11,1,"[0.0, 0.0, 0.0, 0.0, 1.0, 0.0, 0.0, 0.0, 0.0, 0.0, 0.0]",0
오쉐어,10,3,"[0.0, 0.666667, 0.0, 0.0, 0.0, 0.333333, 0.0, 0.0, 0.0, 0.0, 0.0]",2
뷰스트,11,12,"[0.166667, 0.416667, 0.0, 0.083333, 0.0, 0.083333, 0.0, 0.0, 0.25, 0.0, 0.0]",1
돈나무흑돼지,11,2,"[0.0, 0.0, 0.0, 0.0, 0.0, 0.5, 0.5, 0.0, 0.0, 0.0, 0.0]",0
삼거리농원,11,4,"[0.0, 0.5, 0.25, 0.0, 0.25, 0.0, 0.0, 0.0, 0.0, 0.0, 0.0]",0
사람풍경,11,1,"[0.0, 0.0, 0.0, 0.0, 1.0, 0.0, 0.0, 0.0, 0.0, 0.0, 0.0]",0
우림일식,11,1,"[0.0, 0.0, 0.0, 0.0, 0.0, 1.0, 0.0, 0.0, 0.0, 0.0, 0.0]",0
임성반점,11,4,"[0.0, 0.5, 0.0, 0.0, 0.25, 0.0, 0.0, 0.25, 0.0, 0.0, 0.0]",0
소길별하,3,15,"[0.8, 0.066667, 0.133333, 0.0, 0.0, 0.0, 0.0, 0.0, 0.0, 0.0, 0.0]",0
제주수학체험관,13,1,"[0.0, 1.0, 0.0, 0.0, 0.0, 0.0, 0.0, 0.0, 0.0, 0.0, 0.0]",2
송키 샤브샤브,11,1,"[0.0, 0.0, 0.0, 0.0, 1.0, 0.0, 0.0, 0.0, 0.0, 0.0, 0.0]",0
삼무국수,11,24,"[0.083333, 0.625, 0.0, 0.083333, 0.166667, 0.0, 0.0, 0.0, 0.0, 0.0, 0.041667]",0
한라회센타,11,4,"[0.0, 0.5, 0.0, 0.25, 0.25, 0.0, 0.0, 0.0, 0.0, 0.0, 0.0]",0
포도호텔 레스토랑,11,2,"[0.0, 0.5, 0.0, 0.0, 0.5, 0.0, 0.0, 0.0, 0.0, 0.0, 0.0]",0
M1971 요트투어,5,7,"[0.142857, 0.571429, 0.0, 0.0, 0.0, 0.0, 0.0, 0.0, 0.142857, 0.0, 0.142857]",0
카페일분 제주일도점,11,1,"[0.0, 0.0, 0.0, 0.0, 0.0, 0.0, 0.0, 0.0, 0.0, 0.0, 1.0]",1
베어포레스트,24,3,"[0.0, 0.0, 0.0, 0.0, 0.0, 0.0, 1.0, 0.0, 0.0, 0.0, 0.0]",2
제주카페거리,4,2,"[0.0, 0.0, 0.0, 0.0, 0.0, 0.5, 0.0, 0.0, 0.0, 0.0, 0.5]",2
퍼시픽렌터카 제주지점,10,10,"[0.0, 0.0, 0.0, 0.1, 0.0, 0.0, 0.0, 0.5, 0.0, 0.0, 0.4]",2
CU 서귀사계중앙로점,10,2,"[0.0, 0.0, 0.0, 0.0, 0.0, 0.0, 0.5, 0.0, 0.0, 0.0, 0.5]",2
새물국수,11,3,"[0.0, 0.0, 0.0, 0.0, 1.0, 0.0, 0.0, 0.0, 0.0, 0.0, 0.0]",0
꼼비노,11,2,"[0.0, 0.5, 0.0, 0.0, 0.0, 0.0, 0.0, 0.0, 0.5, 0.0, 0.0]",1
에이바우트커피 칠성점,11,4,"[0.0, 0.25, 0.0, 0.0, 0.0, 0.5, 0.25, 0.0, 0.0, 0.0, 0.0]",1
흑생,11,1,"[0.0, 1.0, 0.0, 0.0, 0.0, 0.0, 0.0, 0.0, 0.0, 0.0, 0.0]",0
화순별곡,11,3,"[0.0, 0.333333, 0.0, 0.333333, 0.0, 0.0, 0.0, 0.0, 0.333333, 0.0, 0.0]",0
양이주택,24,3,"[0.0, 0.666667, 0.0, 0.333333, 0.0, 0.0, 0.0, 0.0, 0.0, 0.0, 0.0]",2
디사이드온,11,1,"[0.0, 0.0, 0.0, 0.0, 0.0, 0.0, 0.0, 0.0, 1.0, 0.0, 0.0]",0
다이소 서귀포남원점,10,2,"[0.0, 0.0, 0.0, 0.0, 0.0, 0.5, 0.0, 0.0, 0.0, 0.0, 0.5]",2
올레길 5코스(남원-쇠소깍 올레),7,11,"[0.363636, 0.0, 0.181818, 0.0, 0.090909, 0.0, 0.0, 0.0, 0.181818, 0.0, 0.181818]",2
가시코너국수,11,1,"[0.0, 0.0, 0.0, 0.0, 0.0, 0.0, 0.0, 0.0, 1.0, 0.0, 0.0]",0
식당마요네즈,11,4,"[0.25, 0.0, 0.0, 0.25, 0.25, 0.0, 0.0, 0.0, 0.25, 0.0, 0.0]",0
천아오름,1,1,"[1.0, 0.0, 0.0, 0.0, 0.0, 0.0, 0.0, 0.0, 0.0, 0.0, 0.0]",2
우와국수,11,1,"[0.0, 1.0, 0.0, 0.0, 0.0, 0.0, 0.0, 0.0, 0.0, 0.0, 0.0]",0
서가장인곱창 제주신화월드점,11,3,"[0.0, 0.333333, 0.0, 0.333333, 0.0, 0.0, 0.0, 0.0, 0.333333, 0.0, 0.0]",0
신화워터파크,6,15,"[0.266667, 0.066667, 0.0, 0.066667, 0.066667, 0.133333, 0.333333, 0.0, 0.0, 0.0, 0.066667]",2
신화관 제주신화월드 스카이풀,6,11,"[0.272727, 0.363636, 0.0, 0.090909, 0.0, 0.0, 0.090909, 0.0, 0.090909, 0.0, 0.090909]",2
금악무짠지냉면,11,1,"[0.0, 0.0, 0.0, 0.0, 1.0, 0.0, 0.0, 0.0, 0.0, 0.0, 0.0]",0
신화테라스,11,7,"[0.0, 0.142857, 0.0, 0.142857, 0.0, 0.142857, 0.0, 0.142857, 0.142857, 0.0, 0.285714]",0
이호정원,7,1,"[0.0, 1.0, 0.0, 0.0, 0.0, 0.0, 0.0, 0.0, 0.0, 0.0, 0.0]",2
카페 숑,11,1,"[0.0, 1.0, 0.0, 0.0, 0.0, 0.0, 0.0, 0.0, 0.0, 0.0, 0.0]",1
제주허브동산,6,17,"[0.529412, 0.235294, 0.058824, 0.0, 0.058824, 0.0, 0.0, 0.0, 0.0, 0.0, 0.117647]",2
동선제면가,11,7,"[0.142857, 0.428571, 0.0, 0.142857, 0.142857, 0.0, 0.0, 0.0, 0.142857, 0.0, 0.0]",0
미친게스트하우스,24,3,"[0.0, 0.333333, 0.0, 0.0, 0.0, 0.0, 0.0, 0.666667, 0.0, 0.0, 0.0]",2
양주고을부대찌개,11,1,"[0.0, 0.0, 0.0, 0.0, 1.0, 0.0, 0.0, 0.0, 0.0, 0.0, 0.0]",0
돈내코손두부,11,4,"[0.0, 0.5, 0.0, 0.0, 0.5, 0.0, 0.0, 0.0, 0.0, 0.0, 0.0]",0
로즈마린,11,4,"[0.25, 0.0, 0.0, 0.5, 0.25, 0.0, 0.0, 0.0, 0.0, 0.0, 0.0]",0
순두부엔짬뽕 서귀포직영점,11,1,"[0.0, 0.0, 0.0, 0.0, 1.0, 0.0, 0.0, 0.0, 0.0, 0.0, 0.0]",0
삼보식당,11,3,"[0.666667, 0.333333, 0.0, 0.0, 0.0, 0.0, 0.0, 0.0, 0.0, 0.0, 0.0]",0
오르바,11,3,"[0.0, 0.0, 0.0, 0.333333, 0.333333, 0.333333, 0.0, 0.0, 0.0, 0.0, 0.0]",1
제주에인감귤밭,11,4,"[0.25, 0.5, 0.0, 0.0, 0.25, 0.0, 0.0, 0.0, 0.0, 0.0, 0.0]",1
서귀포항,5,10,"[0.1, 0.0, 0.0, 0.4, 0.1, 0.0, 0.1, 0.0, 0.2, 0.0, 0.1]",2
마틴스키친,11,4,"[0.0, 0.0, 0.0, 0.0, 0.0, 0.0, 0.0, 0.0, 1.0, 0.0, 0.0]",0
반디왓,11,1,"[0.0, 1.0, 0.0, 0.0, 0.0, 0.0, 0.0, 0.0, 0.0, 0.0, 0.0]",1
루프탑정원,24,2,"[0.0, 0.5, 0.0, 0.0, 0.0, 0.0, 0.0, 0.0, 0.0, 0.0, 0.5]",2
호텔홀라인 제주협재점,10,1,"[0.0, 0.0, 0.0, 0.0, 1.0, 0.0, 0.0, 0.0, 0.0, 0.0, 0.0]",2
해녀고기,11,1,"[0.0, 1.0, 0.0, 0.0, 0.0, 0.0, 0.0, 0.0, 0.0, 0.0, 0.0]",0
바당어부펜션,24,1,"[0.0, 0.0, 0.0, 0.0, 0.0, 1.0, 0.0, 0.0, 0.0, 0.0, 0.0]",2
성아시,11,4,"[0.25, 0.5, 0.0, 0.0, 0.0, 0.25, 0.0, 0.0, 0.0, 0.0, 0.0]",0
금능해장국,11,3,"[0.0, 0.0, 0.0, 0.666667, 0.0, 0.333333, 0.0, 0.0, 0.0, 0.0, 0.0]",0
제주부영호텔앤리조트,24,44,"[0.159091, 0.113636, 0.0, 0.181818, 0.0, 0.181818, 0.022727, 0.090909, 0.0, 0.159091, 0.090909]",0
카페이면,11,4,"[0.0, 0.75, 0.0, 0.0, 0.25, 0.0, 0.0, 0.0, 0.0, 0.0, 0.0]",1
키아나요가,5,1,"[0.0, 0.0, 0.0, 0.0, 0.0, 0.0, 0.0, 0.0, 0.0, 1.0, 0.0]",2
GS25 제주함덕점,10,1,"[0.0, 0.0, 0.0, 0.0, 0.0, 1.0, 0.0, 0.0, 0.0, 0.0, 0.0]",2
동백돼지불백,11,1,"[0.0, 1.0, 0.0, 0.0, 0.0, 0.0, 0.0, 0.0, 0.0, 0.0, 0.0]",0
하미,24,1,"[0.0, 1.0, 0.0, 0.0, 0.0, 0.0, 0.0, 0.0, 0.0, 0.0, 0.0]",2
카페주디,11,5,"[0.2, 0.6, 0.0, 0.2, 0.0, 0.0, 0.0, 0.0, 0.0, 0.0, 0.0]",1
아일랜드프로젝트,10,2,"[0.5, 0.0, 0.0, 0.5, 0.0, 0.0, 0.0, 0.0, 0.0, 0.0, 0.0]",2
웨딩카페나비인,11,1,"[0.0, 0.0, 0.0, 0.0, 0.0, 0.0, 0.0, 0.0, 1.0, 0.0, 0.0]",1
카페141,11,2,"[0.0, 0.0, 0.0, 0.0, 0.5, 0.0, 0.0, 0.0, 0.5, 0.0, 0.0]",1
휘닉스제주 민트레스토랑,11,5,"[0.6, 0.0, 0.0, 0.2, 0.0, 0.0, 0.0, 0.0, 0.2, 0.0, 0.0]",0
도치돌목장,13,16,"[0.3125, 0.25, 0.0, 0.0625, 0.1875, 0.0, 0.0, 0.0, 0.0625, 0.0625, 0.0625]",2
보일식당,11,3,"[0.333333, 0.333333, 0.0, 0.0, 0.0, 0.0, 0.0, 0.333333, 0.0, 0.0, 0.0]",0
차귀도달래배낚시,13,8,"[0.25, 0.375, 0.125, 0.125, 0.0, 0.0, 0.0, 0.125, 0.0, 0.0, 0.0]",2
퐁낭댁,24,1,"[0.0, 1.0, 0.0, 0.0, 0.0, 0.0, 0.0, 0.0, 0.0, 0.0, 0.0]",2
캠핑스토리,24,5,"[0.0, 0.0, 0.0, 0.4, 0.2, 0.0, 0.4, 0.0, 0.0, 0.0, 0.0]",2
인생밥집 한림협재본점,11,4,"[0.5, 0.0, 0.0, 0.0, 0.5, 0.0, 0.0, 0.0, 0.0, 0.0, 0.0]",0
서귀포JS호텔,24,22,"[0.0, 0.227273, 0.0, 0.045455, 0.090909, 0.0, 0.045455, 0.454545, 0.0, 0.0, 0.136364]",2
뜨랑국수,11,1,"[1.0, 0.0, 0.0, 0.0, 0.0, 0.0, 0.0, 0.0, 0.0, 0.0, 0.0]",0
BBQ 서귀포월드컵점,11,1,"[0.0, 0.0, 0.0, 0.0, 0.0, 0.0, 0.0, 0.0, 0.0, 0.0, 1.0]",0
한림보말칼국수,11,5,"[0.0, 0.8, 0.0, 0.0, 0.0, 0.0, 0.0, 0.0, 0.2, 0.0, 0.0]",0
초밥충전,11,1,"[0.0, 1.0, 0.0, 0.0, 0.0, 0.0, 0.0, 0.0, 0.0, 0.0, 0.0]",0
감따남,11,6,"[0.333333, 0.333333, 0.0, 0.0, 0.0, 0.0, 0.166667, 0.0, 0.0, 0.0, 0.166667]",1
돈내코주유소,10,1,"[0.0, 0.0, 0.0, 0.0, 0.0, 0.0, 0.0, 0.0, 0.0, 0.0, 1.0]",2
한라산영실휴게소,1,3,"[0.666667, 0.0, 0.0, 0.0, 0.0, 0.0, 0.0, 0.0, 0.0, 0.0, 0.333333]",2
솟솟리버스,4,6,"[0.0, 0.166667, 0.0, 0.0, 0.0, 0.0, 0.0, 0.0, 0.5, 0.0, 0.333333]",2
한라산둘레길 안내센터,1,2,"[0.0, 0.0, 0.0, 0.0, 0.0, 0.0, 0.0, 0.0, 0.0, 0.0, 1.0]",2
교촌치킨 제주탑동점,11,1,"[0.0, 0.0, 0.0, 0.0, 0.0, 0.0, 0.0, 0.0, 1.0, 0.0, 0.0]",0
한라산둘레길 돌오름길 입구,1,1,"[0.0, 0.0, 0.0, 0.0, 0.0, 0.0, 0.0, 0.0, 0.0, 0.0, 1.0]",2
제주센트럴파크레지던스,24,7,"[0.0, 0.0, 0.0, 0.0, 0.0, 0.285714, 0.0, 0.142857, 0.0, 0.0, 0.571429]",2
소못,11,5,"[0.0, 0.6, 0.4, 0.0, 0.0, 0.0, 0.0, 0.0, 0.0, 0.0, 0.0]",0
오지힐 제주점,11,2,"[0.0, 0.5, 0.0, 0.0, 0.5, 0.0, 0.0, 0.0, 0.0, 0.0, 0.0]",0
더세븐렌트카,10,5,"[0.0, 0.2, 0.0, 0.0, 0.0, 0.0, 0.2, 0.2, 0.0, 0.0, 0.4]",2
제주어멍국수 본점,11,1,"[0.0, 0.0, 0.0, 0.0, 0.0, 0.0, 0.0, 1.0, 0.0, 0.0, 0.0]",0
달이머물다 게스트하우스,24,5,"[0.0, 0.2, 0.0, 0.0, 0.0, 0.2, 0.0, 0.4, 0.0, 0.0, 0.2]",2
월정리곳간,11,4,"[0.0, 0.5, 0.0, 0.0, 0.0, 0.25, 0.0, 0.0, 0.25, 0.0, 0.0]",0
노을리카페,11,19,"[0.315789, 0.368421, 0.0, 0.0, 0.105263, 0.0, 0.0, 0.0, 0.105263, 0.0, 0.105263]",1
고근산 산책로,7,2,"[0.5, 0.0, 0.0, 0.0, 0.5, 0.0, 0.0, 0.0, 0.0, 0.0, 0.0]",2
장수애섬식당,11,2,"[0.0, 1.0, 0.0, 0.0, 0.0, 0.0, 0.0, 0.0, 0.0, 0.0, 0.0]",0
송당백년해장국,11,1,"[0.0, 0.0, 0.0, 0.0, 0.0, 0.0, 0.0, 0.0, 1.0, 0.0, 0.0]",0
세리바,11,1,"[0.0, 0.0, 0.0, 0.0, 0.0, 0.0, 0.0, 0.0, 1.0, 0.0, 0.0]",0
용연교,1,2,"[1.0, 0.0, 0.0, 0.0, 0.0, 0.0, 0.0, 0.0, 0.0, 0.0, 0.0]",2
예그리나,11,3,"[0.0, 0.0, 0.0, 0.0, 0.0, 0.0, 0.0, 0.0, 0.666667, 0.0, 0.333333]",1
잉가이,11,3,"[0.0, 0.333333, 0.0, 0.0, 0.333333, 0.0, 0.0, 0.0, 0.333333, 0.0, 0.0]",0
용이식당,11,10,"[0.2, 0.4, 0.0, 0.0, 0.2, 0.0, 0.0, 0.1, 0.1, 0.0, 0.0]",0
카멜리아힐 베이커리,11,1,"[0.0, 0.0, 0.0, 0.0, 0.0, 0.0, 0.0, 0.0, 1.0, 0.0, 0.0]",0
유군짬뽕,11,2,"[0.0, 0.5, 0.0, 0.0, 0.5, 0.0, 0.0, 0.0, 0.0, 0.0, 0.0]",0
피노호텔,24,11,"[0.0, 0.181818, 0.0, 0.0, 0.0, 0.363636, 0.0, 0.363636, 0.0, 0.0, 0.090909]",2
네거리식당,11,13,"[0.0, 0.692308, 0.076923, 0.0, 0.230769, 0.0, 0.0, 0.0, 0.0, 0.0, 0.0]",0
오직흑돼지 공항본점,11,4,"[0.0, 1.0, 0.0, 0.0, 0.0, 0.0, 0.0, 0.0, 0.0, 0.0, 0.0]",0
카페톨칸이,11,7,"[0.0, 0.571429, 0.0, 0.0, 0.0, 0.0, 0.0, 0.0, 0.142857, 0.0, 0.285714]",1
블루메베이글,11,5,"[0.4, 0.0, 0.0, 0.2, 0.4, 0.0, 0.0, 0.0, 0.0, 0.0, 0.0]",1
설빙 서귀점,11,1,"[0.0, 1.0, 0.0, 0.0, 0.0, 0.0, 0.0, 0.0, 0.0, 0.0, 0.0]",0
삼다수목장,5,3,"[0.333333, 0.333333, 0.0, 0.0, 0.0, 0.0, 0.0, 0.333333, 0.0, 0.0, 0.0]",2
피즈버거 노형점,11,1,"[0.0, 0.0, 0.0, 0.0, 1.0, 0.0, 0.0, 0.0, 0.0, 0.0, 0.0]",0
산방식당,11,8,"[0.0, 0.125, 0.125, 0.25, 0.375, 0.125, 0.0, 0.0, 0.0, 0.0, 0.0]",0
채집,10,1,"[0.0, 0.0, 0.0, 0.0, 0.0, 0.0, 0.0, 0.0, 0.0, 0.0, 1.0]",2
쉴쿠다,24,5,"[0.0, 0.6, 0.0, 0.0, 0.0, 0.0, 0.0, 0.4, 0.0, 0.0, 0.0]",2
라온쥬,13,1,"[1.0, 0.0, 0.0, 0.0, 0.0, 0.0, 0.0, 0.0, 0.0, 0.0, 0.0]",2
김선장회센타,11,1,"[0.0, 1.0, 0.0, 0.0, 0.0, 0.0, 0.0, 0.0, 0.0, 0.0, 0.0]",0
꺼멍연탄구이,11,1,"[0.0, 1.0, 0.0, 0.0, 0.0, 0.0, 0.0, 0.0, 0.0, 0.0, 0.0]",0
제주돔베막국수,11,1,"[1.0, 0.0, 0.0, 0.0, 0.0, 0.0, 0.0, 0.0, 0.0, 0.0, 0.0]",0
투썸플레이스 제주오라우정점,11,1,"[0.0, 0.0, 0.0, 0.0, 0.0, 1.0, 0.0, 0.0, 0.0, 0.0, 0.0]",0
올레길 6코스(쇠소깍-서귀포 올레),7,8,"[0.875, 0.0, 0.0, 0.0, 0.0, 0.0, 0.0, 0.0, 0.125, 0.0, 0.0]",2
호텔서귀피안,24,4,"[0.0, 0.25, 0.0, 0.0, 0.0, 0.0, 0.0, 0.5, 0.0, 0.0, 0.25]",2
기당미술관,3,12,"[0.083333, 0.166667, 0.0, 0.166667, 0.25, 0.083333, 0.0, 0.0, 0.0, 0.166667, 0.083333]",2
테라로사 서귀포점,11,26,"[0.384615, 0.307692, 0.0, 0.115385, 0.115385, 0.038462, 0.0, 0.0, 0.0, 0.0, 0.038462]",0
제주공항렌트카 본사,10,17,"[0.0, 0.352941, 0.058824, 0.117647, 0.0, 0.0, 0.0, 0.352941, 0.0, 0.0, 0.117647]",2
귤품은흑돼지 제주공항점,11,2,"[0.0, 0.5, 0.0, 0.0, 0.5, 0.0, 0.0, 0.0, 0.0, 0.0, 0.0]",0
무거버거,11,11,"[0.181818, 0.363636, 0.090909, 0.181818, 0.090909, 0.0, 0.0, 0.0, 0.090909, 0.0, 0.0]",0
솔브레,11,2,"[0.0, 0.0, 0.0, 0.0, 0.5, 0.0, 0.0, 0.0, 0.5, 0.0, 0.0]",1
삼다셀프주유소,10,1,"[0.0, 0.0, 0.0, 0.0, 0.0, 0.0, 0.0, 0.0, 1.0, 0.0, 0.0]",2
선녀상회,4,1,"[0.0, 0.0, 0.0, 0.0, 0.0, 0.0, 0.0, 0.0, 1.0, 0.0, 0.0]",2
귤밭에댕댕이 체험농장&공방,13,1,"[0.0, 0.0, 0.0, 0.0, 1.0, 0.0, 0.0, 0.0, 0.0, 0.0, 0.0]",2
빨간집 성산점,11,2,"[0.0, 0.0, 0.0, 0.5, 0.0, 0.0, 0.0, 0.0, 0.5, 0.0, 0.0]",0
코지펜션,24,1,"[0.0, 0.0, 0.0, 0.0, 0.0, 0.0, 0.0, 1.0, 0.0, 0.0, 0.0]",2
날씬흑돼지,11,2,"[0.0, 0.5, 0.0, 0.0, 0.0, 0.5, 0.0, 0.0, 0.0, 0.0, 0.0]",0
빌라노이제주,24,9,"[0.111111, 0.333333, 0.0, 0.333333, 0.0, 0.0, 0.0, 0.222222, 0.0, 0.0, 0.0]",2
지구상회,11,1,"[0.0, 0.0, 0.0, 0.0, 0.0, 0.0, 0.0, 0.0, 1.0, 0.0, 0.0]",0
알동네국수,11,3,"[0.0, 0.666667, 0.0, 0.0, 0.0, 0.0, 0.0, 0.0, 0.333333, 0.0, 0.0]",0
새미동산,13,2,"[0.0, 0.5, 0.0, 0.0, 0.0, 0.0, 0.0, 0.0, 0.0, 0.0, 0.5]",2
제주마실게스트하우스,24,9,"[0.0, 0.0, 0.0, 0.111111, 0.0, 0.555556, 0.0, 0.333333, 0.0, 0.0, 0.0]",2
종달수다뜰,11,5,"[0.0, 0.2, 0.0, 0.0, 0.2, 0.2, 0.0, 0.0, 0.4, 0.0, 0.0]",0
동막골 서사라점,11,1,"[0.0, 0.0, 0.0, 0.0, 0.0, 0.0, 0.0, 0.0, 1.0, 0.0, 0.0]",0
고래의바다,10,2,"[0.0, 0.5, 0.0, 0.0, 0.0, 0.0, 0.0, 0.0, 0.5, 0.0, 0.0]",0
포시즌호텔,24,1,"[0.0, 0.0, 0.0, 0.0, 0.0, 1.0, 0.0, 0.0, 0.0, 0.0, 0.0]",2
탐라해동밥상,11,2,"[0.0, 0.5, 0.0, 0.0, 0.5, 0.0, 0.0, 0.0, 0.0, 0.0, 0.0]",0
농업회사법인마미포유,4,2,"[0.5, 0.5, 0.0, 0.0, 0.0, 0.0, 0.0, 0.0, 0.0, 0.0, 0.0]",2
황금손가락,11,2,"[0.0, 0.5, 0.0, 0.0, 0.5, 0.0, 0.0, 0.0, 0.0, 0.0, 0.0]",0
크라운돼지 제주점,11,2,"[0.0, 0.5, 0.0, 0.5, 0.0, 0.0, 0.0, 0.0, 0.0, 0.0, 0.0]",0
카페갤러리,11,2,"[0.0, 0.5, 0.0, 0.5, 0.0, 0.0, 0.0, 0.0, 0.0, 0.0, 0.0]",1
마니주횟집,11,4,"[0.25, 0.25, 0.0, 0.0, 0.5, 0.0, 0.0, 0.0, 0.0, 0.0, 0.0]",0
인섬스토리,11,1,"[0.0, 0.0, 0.0, 0.0, 0.0, 0.0, 0.0, 0.0, 1.0, 0.0, 0.0]",0
쉼그대머물다,11,2,"[0.0, 0.0, 0.0, 0.5, 0.0, 0.0, 0.5, 0.0, 0.0, 0.0, 0.0]",0
호돌이식당,11,1,"[0.0, 0.0, 0.0, 1.0, 0.0, 0.0, 0.0, 0.0, 0.0, 0.0, 0.0]",0
비양봉,1,1,"[0.0, 0.0, 0.0, 1.0, 0.0, 0.0, 0.0, 0.0, 0.0, 0.0, 0.0]",2
한라산과자점,10,4,"[0.5, 0.25, 0.0, 0.0, 0.0, 0.0, 0.0, 0.0, 0.0, 0.0, 0.25]",2
감귤박물관,2,19,"[0.210526, 0.105263, 0.0, 0.105263, 0.052632, 0.0, 0.052632, 0.052632, 0.157895, 0.263158, 0.0]",2
제주락,24,2,"[0.0, 0.5, 0.0, 0.0, 0.0, 0.0, 0.0, 0.0, 0.0, 0.0, 0.5]",2
국수앤,11,7,"[0.142857, 0.714286, 0.0, 0.142857, 0.0, 0.0, 0.0, 0.0, 0.0, 0.0, 0.0]",0
지금사계,13,1,"[0.0, 1.0, 0.0, 0.0, 0.0, 0.0, 0.0, 0.0, 0.0, 0.0, 0.0]",2
바다보는날,11,4,"[0.0, 0.5, 0.0, 0.0, 0.0, 0.0, 0.0, 0.0, 0.5, 0.0, 0.0]",0
이너프,11,3,"[0.333333, 0.333333, 0.0, 0.0, 0.333333, 0.0, 0.0, 0.0, 0.0, 0.0, 0.0]",1
퓨어스테이오션,24,16,"[0.0, 0.0, 0.0, 0.125, 0.0, 0.25, 0.0625, 0.4375, 0.0, 0.0, 0.125]",2
터낭하우스,24,4,"[0.0, 0.5, 0.0, 0.0, 0.0, 0.5, 0.0, 0.0, 0.0, 0.0, 0.0]",2
비자림국수집,11,3,"[0.0, 0.333333, 0.0, 0.0, 0.0, 0.0, 0.0, 0.333333, 0.333333, 0.0, 0.0]",0
오쿠다 공항점,11,2,"[0.5, 0.0, 0.0, 0.0, 0.0, 0.0, 0.0, 0.0, 0.0, 0.0, 0.5]",0
하도야비어 하도야베드 민박,24,3,"[0.0, 0.333333, 0.0, 0.0, 0.0, 0.0, 0.333333, 0.0, 0.0, 0.0, 0.333333]",2
우니담,11,8,"[0.125, 0.5, 0.125, 0.125, 0.125, 0.0, 0.0, 0.0, 0.0, 0.0, 0.0]",0
메가리조트,24,5,"[0.2, 0.0, 0.0, 0.2, 0.0, 0.0, 0.0, 0.6, 0.0, 0.0, 0.0]",2
대문집,11,2,"[0.0, 0.5, 0.0, 0.0, 0.5, 0.0, 0.0, 0.0, 0.0, 0.0, 0.0]",0
제주환상전기자전거,13,2,"[0.5, 0.5, 0.0, 0.0, 0.0, 0.0, 0.0, 0.0, 0.0, 0.0, 0.0]",2
안녕하샌,11,4,"[0.0, 0.75, 0.0, 0.0, 0.0, 0.0, 0.0, 0.0, 0.25, 0.0, 0.0]",0
지금이순간,11,4,"[0.0, 0.5, 0.0, 0.0, 0.0, 0.0, 0.0, 0.0, 0.5, 0.0, 0.0]",1
김녕농협 하나로미니 월정점,4,1,"[0.0, 0.0, 0.0, 0.0, 0.0, 0.0, 0.0, 0.0, 1.0, 0.0, 0.0]",2
24시뼈다귀탕 제주점,11,1,"[0.0, 0.0, 0.0, 1.0, 0.0, 0.0, 0.0, 0.0, 0.0, 0.0, 0.0]",0
세화점방,10,3,"[0.0, 0.0, 0.0, 0.333333, 0.0, 0.0, 0.0, 0.0, 0.666667, 0.0, 0.0]",2
올레파머스 월정점,10,5,"[0.0, 0.0, 0.0, 0.2, 0.0, 0.0, 0.0, 0.0, 0.8, 0.0, 0.0]",2
낙지로,11,2,"[0.0, 0.5, 0.0, 0.0, 0.5, 0.0, 0.0, 0.0, 0.0, 0.0, 0.0]",0
미유 애월점,10,4,"[0.0, 0.0, 0.0, 0.0, 0.0, 0.0, 0.0, 0.0, 1.0, 0.0, 0.0]",2
그라벨호텔제주,24,16,"[0.0, 0.25, 0.0, 0.0, 0.125, 0.0625, 0.0625, 0.25, 0.0, 0.0, 0.25]",2
쓩쓩렌탈샵 월정점,5,2,"[0.0, 1.0, 0.0, 0.0, 0.0, 0.0, 0.0, 0.0, 0.0, 0.0, 0.0]",2
미녀국수 월정본점,11,1,"[0.0, 1.0, 0.0, 0.0, 0.0, 0.0, 0.0, 0.0, 0.0, 0.0, 0.0]",0
토끼가 아이스크림 먹고가래,11,1,"[0.0, 0.0, 0.0, 0.0, 0.0, 0.0, 0.0, 0.0, 1.0, 0.0, 0.0]",0
누누상점,10,2,"[0.0, 0.0, 0.0, 0.0, 0.0, 0.0, 0.0, 0.0, 1.0, 0.0, 0.0]",2
물고기자리게스트하우스,24,6,"[0.0, 0.0, 0.0, 0.0, 0.0, 0.333333, 0.0, 0.666667, 0.0, 0.0, 0.0]",2
런던다락,10,5,"[0.0, 0.0, 0.0, 0.2, 0.0, 0.0, 0.0, 0.0, 0.8, 0.0, 0.0]",2
제주화연이네,11,1,"[0.0, 1.0, 0.0, 0.0, 0.0, 0.0, 0.0, 0.0, 0.0, 0.0, 0.0]",0
다락쉼터,1,2,"[0.0, 0.5, 0.0, 0.0, 0.0, 0.0, 0.0, 0.0, 0.5, 0.0, 0.0]",2
비주비주 한림점,11,4,"[0.0, 0.5, 0.0, 0.0, 0.0, 0.0, 0.0, 0.0, 0.25, 0.0, 0.25]",0
솔동산고기국수,11,7,"[0.0, 0.428571, 0.0, 0.0, 0.0, 0.0, 0.0, 0.0, 0.571429, 0.0, 0.0]",0
오돈가,11,2,"[0.0, 1.0, 0.0, 0.0, 0.0, 0.0, 0.0, 0.0, 0.0, 0.0, 0.0]",0
회춘 애월점,11,7,"[0.142857, 0.714286, 0.0, 0.0, 0.142857, 0.0, 0.0, 0.0, 0.0, 0.0, 0.0]",0
멕시카나치킨 송산천지점,11,1,"[0.0, 1.0, 0.0, 0.0, 0.0, 0.0, 0.0, 0.0, 0.0, 0.0, 0.0]",0
바다해호텔,24,6,"[0.0, 0.166667, 0.0, 0.0, 0.0, 0.5, 0.0, 0.333333, 0.0, 0.0, 0.0]",2
언더워터스쿠버,5,3,"[0.0, 1.0, 0.0, 0.0, 0.0, 0.0, 0.0, 0.0, 0.0, 0.0, 0.0]",2
맘스터치 서귀중앙점,11,1,"[0.0, 0.0, 0.0, 0.0, 0.0, 1.0, 0.0, 0.0, 0.0, 0.0, 0.0]",0
앤티앤스프레즐 제주서귀포점,11,1,"[0.0, 0.0, 0.0, 0.0, 0.0, 0.0, 0.0, 1.0, 0.0, 0.0, 0.0]",0
메이비,11,2,"[0.0, 0.5, 0.0, 0.0, 0.0, 0.0, 0.0, 0.0, 0.5, 0.0, 0.0]",1
언더더씨,5,1,"[0.0, 1.0, 0.0, 0.0, 0.0, 0.0, 0.0, 0.0, 0.0, 0.0, 0.0]",2
서귀포고기국수,11,4,"[0.25, 0.25, 0.0, 0.25, 0.0, 0.25, 0.0, 0.0, 0.0, 0.0, 0.0]",0
썬렌트카,10,3,"[0.0, 0.0, 0.0, 0.0, 0.0, 0.0, 0.0, 0.666667, 0.0, 0.0, 0.333333]",2
864펜션,24,7,"[0.0, 0.428571, 0.0, 0.571429, 0.0, 0.0, 0.0, 0.0, 0.0, 0.0, 0.0]",2
신해바라기분식 한라대점,11,3,"[0.333333, 0.666667, 0.0, 0.0, 0.0, 0.0, 0.0, 0.0, 0.0, 0.0, 0.0]",0
국밥생각 노형점,11,1,"[0.0, 1.0, 0.0, 0.0, 0.0, 0.0, 0.0, 0.0, 0.0, 0.0, 0.0]",0
비아판포,24,1,"[0.0, 1.0, 0.0, 0.0, 0.0, 0.0, 0.0, 0.0, 0.0, 0.0, 0.0]",2
소소한담,10,2,"[0.0, 0.0, 0.0, 0.0, 0.0, 0.0, 0.0, 0.0, 1.0, 0.0, 0.0]",2
하도리오길잘했어,24,3,"[0.0, 1.0, 0.0, 0.0, 0.0, 0.0, 0.0, 0.0, 0.0, 0.0, 0.0]",2
바다상점,10,2,"[0.0, 0.0, 0.0, 0.0, 0.0, 0.0, 0.0, 0.0, 1.0, 0.0, 0.0]",2
구르메스시,10,2,"[0.5, 0.0, 0.0, 0.0, 0.5, 0.0, 0.0, 0.0, 0.0, 0.0, 0.0]",0
고도,11,3,"[0.0, 0.333333, 0.0, 0.0, 0.333333, 0.0, 0.0, 0.0, 0.333333, 0.0, 0.0]",0
커피템플,11,9,"[0.222222, 0.222222, 0.0, 0.222222, 0.333333, 0.0, 0.0, 0.0, 0.0, 0.0, 0.0]",1
상춘재,11,11,"[0.0, 0.545455, 0.090909, 0.0, 0.363636, 0.0, 0.0, 0.0, 0.0, 0.0, 0.0]",0
청굴물,1,16,"[0.625, 0.1875, 0.0, 0.0, 0.125, 0.0, 0.0, 0.0, 0.0625, 0.0, 0.0]",2
큰엉식당,11,2,"[0.0, 0.5, 0.0, 0.0, 0.0, 0.5, 0.0, 0.0, 0.0, 0.0, 0.0]",0
달이뜨는식탁,11,7,"[0.142857, 0.571429, 0.0, 0.142857, 0.142857, 0.0, 0.0, 0.0, 0.0, 0.0, 0.0]",0
에코티엘,24,9,"[0.0, 0.0, 0.0, 0.0, 0.0, 0.0, 0.0, 0.0, 0.0, 0.0, 1.0]",2
마라도해녀촌 연동점,11,1,"[0.0, 1.0, 0.0, 0.0, 0.0, 0.0, 0.0, 0.0, 0.0, 0.0, 0.0]",0
줄리브 신제주점,11,1,"[0.0, 0.0, 0.0, 0.0, 0.0, 0.0, 0.0, 0.0, 1.0, 0.0, 0.0]",0
스트라이크존 신제주구장,5,1,"[0.0, 0.0, 0.0, 0.0, 0.0, 0.0, 0.0, 0.0, 1.0, 0.0, 0.0]",2
제원칼집 본점,11,2,"[0.0, 0.5, 0.0, 0.5, 0.0, 0.0, 0.0, 0.0, 0.0, 0.0, 0.0]",0
88돼지,11,2,"[0.0, 0.0, 0.0, 0.5, 0.0, 0.0, 0.0, 0.0, 0.5, 0.0, 0.0]",0
참베지근,11,1,"[0.0, 1.0, 0.0, 0.0, 0.0, 0.0, 0.0, 0.0, 0.0, 0.0, 0.0]",0
원조제원깡통숯불구이,11,2,"[0.0, 0.0, 0.0, 0.0, 0.0, 0.5, 0.0, 0.0, 0.5, 0.0, 0.0]",0
훈데스힐즈,6,1,"[0.0, 1.0, 0.0, 0.0, 0.0, 0.0, 0.0, 0.0, 0.0, 0.0, 0.0]",2
항해진미,11,2,"[0.0, 0.5, 0.0, 0.0, 0.0, 0.0, 0.0, 0.0, 0.0, 0.0, 0.5]",0
제주신화월드 한라원,11,3,"[0.0, 0.0, 0.0, 0.0, 0.0, 0.0, 0.0, 0.333333, 0.333333, 0.0, 0.333333]",0
제주향토음식점,11,3,"[0.0, 0.0, 0.0, 0.333333, 0.0, 0.333333, 0.0, 0.0, 0.333333, 0.0, 0.0]",0
창꼼,1,24,"[0.708333, 0.166667, 0.083333, 0.041667, 0.0, 0.0, 0.0, 0.0, 0.0, 0.0, 0.0]",2
풍원,11,2,"[0.0, 1.0, 0.0, 0.0, 0.0, 0.0, 0.0, 0.0, 0.0, 0.0, 0.0]",0
제주신화월드 랜딩다이닝,11,13,"[0.0, 0.076923, 0.0, 0.076923, 0.0, 0.076923, 0.307692, 0.0, 0.076923, 0.0, 0.384615]",0
저지예술정보화마을,7,3,"[0.0, 0.0, 0.0, 0.0, 0.666667, 0.333333, 0.0, 0.0, 0.0, 0.0, 0.0]",2
북스토어 아베끄,10,7,"[0.285714, 0.285714, 0.0, 0.285714, 0.142857, 0.0, 0.0, 0.0, 0.0, 0.0, 0.0]",0
해안도로입구 금릉서쪽방면,2,1,"[0.0, 0.0, 1.0, 0.0, 0.0, 0.0, 0.0, 0.0, 0.0, 0.0, 0.0]",2
제주으뜸원펜션,24,1,"[0.0, 1.0, 0.0, 0.0, 0.0, 0.0, 0.0, 0.0, 0.0, 0.0, 0.0]",2
여운쉐어하우스,24,7,"[0.0, 0.0, 0.0, 1.0, 0.0, 0.0, 0.0, 0.0, 0.0, 0.0, 0.0]",2
진성배낚시,13,4,"[0.0, 0.75, 0.0, 0.0, 0.0, 0.0, 0.0, 0.25, 0.0, 0.0, 0.0]",2
아델카페,11,1,"[0.0, 0.0, 0.0, 0.0, 0.0, 0.0, 0.0, 0.0, 1.0, 0.0, 0.0]",1
언플러그,11,1,"[0.0, 0.0, 0.0, 0.0, 1.0, 0.0, 0.0, 0.0, 0.0, 0.0, 0.0]",1
제주 올레길 14코스,7,1,"[0.0, 0.0, 0.0, 1.0, 0.0, 0.0, 0.0, 0.0, 0.0, 0.0, 0.0]",2
탑볼링장,5,1,"[0.0, 0.0, 0.0, 0.0, 0.0, 0.0, 0.0, 0.0, 1.0, 0.0, 0.0]",2
카이로스,11,1,"[0.0, 0.0, 0.0, 0.0, 1.0, 0.0, 0.0, 0.0, 0.0, 0.0, 0.0]",0
울트라마린,11,9,"[0.222222, 0.444444, 0.0, 0.0, 0.222222, 0.0, 0.0, 0.0, 0.111111, 0.0, 0.0]",1
레이지피크닉,11,1,"[0.0, 1.0, 0.0, 0.0, 0.0, 0.0, 0.0, 0.0, 0.0, 0.0, 0.0]",1
카페태희,11,6,"[0.166667, 0.333333, 0.0, 0.166667, 0.166667, 0.0, 0.0, 0.0, 0.166667, 0.0, 0.0]",1
신해바라기분식 본점,11,15,"[0.333333, 0.266667, 0.0, 0.2, 0.133333, 0.0, 0.0, 0.066667, 0.0, 0.0, 0.0]",0
비스마일,11,2,"[0.0, 0.5, 0.0, 0.5, 0.0, 0.0, 0.0, 0.0, 0.0, 0.0, 0.0]",1
제주항공우주호텔,24,4,"[0.0, 0.25, 0.0, 0.0, 0.0, 0.0, 0.0, 0.5, 0.0, 0.0, 0.25]",2
오설록티뮤지엄 서광차밭,1,4,"[0.5, 0.0, 0.0, 0.25, 0.0, 0.25, 0.0, 0.0, 0.0, 0.0, 0.0]",2
맥도날드 제주월드컵스타디움DT점,11,8,"[0.125, 0.0, 0.0, 0.0, 0.0, 0.25, 0.0, 0.375, 0.25, 0.0, 0.0]",0
보말이네,11,3,"[0.0, 0.666667, 0.0, 0.0, 0.0, 0.333333, 0.0, 0.0, 0.0, 0.0, 0.0]",0
제주성읍마을,7,25,"[0.4, 0.08, 0.0, 0.04, 0.04, 0.0, 0.0, 0.0, 0.24, 0.16, 0.04]",2
우연히그곳,11,2,"[0.0, 0.0, 0.0, 0.0, 0.0, 0.5, 0.0, 0.0, 0.5, 0.0, 0.0]",1
서실리책방,10,3,"[0.0, 0.333333, 0.0, 0.0, 0.333333, 0.0, 0.0, 0.0, 0.333333, 0.0, 0.0]",2
안친오름,1,1,"[0.0, 0.0, 0.0, 0.0, 0.0, 0.0, 0.0, 0.0, 1.0, 0.0, 0.0]",2
제주기사정식뷔페,11,1,"[0.0, 0.0, 0.0, 0.0, 0.0, 0.0, 0.0, 1.0, 0.0, 0.0, 0.0]",0
513텐동 제주점,11,4,"[0.0, 0.75, 0.0, 0.25, 0.0, 0.0, 0.0, 0.0, 0.0, 0.0, 0.0]",0
제주미래교육연구원 과학탐구체험관,13,1,"[0.0, 0.0, 0.0, 0.0, 0.0, 0.0, 0.0, 0.0, 0.0, 1.0, 0.0]",2
한라생태숲,1,12,"[0.333333, 0.166667, 0.0, 0.083333, 0.083333, 0.0, 0.0, 0.083333, 0.083333, 0.0, 0.166667]",2
나인스파빌,24,5,"[0.0, 0.2, 0.0, 0.0, 0.0, 0.0, 0.4, 0.2, 0.0, 0.0, 0.2]",2
펜션연리,24,4,"[0.0, 0.0, 0.0, 0.0, 0.0, 0.0, 1.0, 0.0, 0.0, 0.0, 0.0]",2
목포고을,11,1,"[0.0, 0.0, 0.0, 0.0, 1.0, 0.0, 0.0, 0.0, 0.0, 0.0, 0.0]",0
제주순풍 신제주본점,11,2,"[0.0, 0.5, 0.0, 0.0, 0.5, 0.0, 0.0, 0.0, 0.0, 0.0, 0.0]",0
론푸드차이나,11,2,"[0.0, 1.0, 0.0, 0.0, 0.0, 0.0, 0.0, 0.0, 0.0, 0.0, 0.0]",0
은희네해장국 서귀포점,11,10,"[0.1, 0.4, 0.1, 0.2, 0.2, 0.0, 0.0, 0.0, 0.0, 0.0, 0.0]",0
유채꽃길에머문시간펜션,24,1,"[0.0, 0.0, 0.0, 0.0, 0.0, 0.0, 0.0, 1.0, 0.0, 0.0, 0.0]",2
낙타트래킹,13,11,"[0.090909, 0.454545, 0.0, 0.0, 0.0, 0.0, 0.0, 0.181818, 0.181818, 0.0, 0.090909]",2
유채꽃프라자,1,14,"[0.428571, 0.357143, 0.0, 0.071429, 0.071429, 0.0, 0.0, 0.0, 0.071429, 0.0, 0.0]",0
저지오름,1,5,"[0.4, 0.0, 0.0, 0.2, 0.0, 0.0, 0.0, 0.2, 0.2, 0.0, 0.0]",2
제주목 관아,2,18,"[0.333333, 0.055556, 0.0, 0.0, 0.166667, 0.111111, 0.0, 0.0, 0.166667, 0.166667, 0.0]",2
올레길 14코스(저지-한림 올레),7,4,"[0.0, 0.0, 0.25, 0.0, 0.0, 0.0, 0.0, 0.0, 0.75, 0.0, 0.0]",2
낙천의자공원,1,2,"[0.5, 0.5, 0.0, 0.0, 0.0, 0.0, 0.0, 0.0, 0.0, 0.0, 0.0]",2
올레길 14-1코스(저지-서광 올레),7,1,"[0.0, 0.0, 0.0, 0.0, 0.0, 0.0, 0.0, 0.0, 0.0, 1.0, 0.0]",2
바언제주게스트하우스,24,1,"[0.0, 0.0, 0.0, 0.0, 0.0, 0.0, 1.0, 0.0, 0.0, 0.0, 0.0]",2
올레길 13코스(용수-저지 올레),7,4,"[0.5, 0.0, 0.0, 0.0, 0.0, 0.0, 0.0, 0.0, 0.0, 0.25, 0.25]",2
아지호스텔,24,3,"[0.0, 0.0, 0.0, 0.0, 0.0, 0.0, 0.0, 1.0, 0.0, 0.0, 0.0]",2
파미유스파리조트,24,4,"[0.0, 0.0, 0.0, 0.0, 0.5, 0.0, 0.25, 0.25, 0.0, 0.0, 0.0]",2
도주제김밥,11,12,"[0.0, 0.5, 0.0, 0.0, 0.333333, 0.0, 0.0, 0.0, 0.166667, 0.0, 0.0]",0
퐁당제주,5,1,"[1.0, 0.0, 0.0, 0.0, 0.0, 0.0, 0.0, 0.0, 0.0, 0.0, 0.0]",2
호텔골든데이지 서귀포오션,24,20,"[0.0, 0.15, 0.0, 0.0, 0.0, 0.15, 0.2, 0.45, 0.0, 0.0, 0.05]",2
스톤아일랜드 탭하우스,11,8,"[0.125, 0.125, 0.0, 0.0, 0.375, 0.125, 0.0, 0.0, 0.25, 0.0, 0.0]",0
뜨레비호텔,24,4,"[0.0, 0.0, 0.0, 0.0, 0.0, 0.0, 0.0, 1.0, 0.0, 0.0, 0.0]",2
영주말가든,11,1,"[0.0, 0.0, 1.0, 0.0, 0.0, 0.0, 0.0, 0.0, 0.0, 0.0, 0.0]",0
호텔가온제이스테이,24,4,"[0.0, 0.25, 0.0, 0.0, 0.0, 0.0, 0.0, 0.75, 0.0, 0.0, 0.0]",2
송악산해물라면,11,3,"[0.0, 0.333333, 0.0, 0.0, 0.0, 0.0, 0.0, 0.0, 0.666667, 0.0, 0.0]",0
노마드인제주,24,3,"[0.0, 0.0, 0.0, 0.0, 0.333333, 0.0, 0.0, 0.666667, 0.0, 0.0, 0.0]",2
유원식당,11,1,"[0.0, 0.0, 0.0, 0.0, 0.0, 0.0, 0.0, 0.0, 1.0, 0.0, 0.0]",0
CU 제주용해로점,10,1,"[0.0, 0.0, 0.0, 0.0, 0.0, 0.0, 0.0, 0.0, 1.0, 0.0, 0.0]",2
CU 서귀천지점,10,1,"[0.0, 0.0, 0.0, 0.0, 0.0, 0.0, 0.0, 0.0, 1.0, 0.0, 0.0]",2
산방산랜드,6,7,"[0.428571, 0.285714, 0.0, 0.142857, 0.0, 0.0, 0.0, 0.0, 0.142857, 0.0, 0.0]",2
하이하이볼,11,3,"[0.0, 0.666667, 0.0, 0.0, 0.0, 0.333333, 0.0, 0.0, 0.0, 0.0, 0.0]",0
소낭게스트하우스 1호점,24,1,"[0.0, 0.0, 0.0, 1.0, 0.0, 0.0, 0.0, 0.0, 0.0, 0.0, 0.0]",2
제주문화예술진흥원 제주문예회관,3,6,"[0.0, 0.166667, 0.0, 0.0, 0.166667, 0.0, 0.0, 0.0, 0.0, 0.333333, 0.333333]",2
단백,11,2,"[0.5, 0.5, 0.0, 0.0, 0.0, 0.0, 0.0, 0.0, 0.0, 0.0, 0.0]",0
오조리비앤비펜션,24,4,"[0.0, 1.0, 0.0, 0.0, 0.0, 0.0, 0.0, 0.0, 0.0, 0.0, 0.0]",2
서양차관,11,4,"[0.0, 0.75, 0.0, 0.0, 0.25, 0.0, 0.0, 0.0, 0.0, 0.0, 0.0]",0
아트스테이함덕비치,24,13,"[0.076923, 0.0, 0.0, 0.230769, 0.0, 0.0, 0.0, 0.384615, 0.0, 0.0, 0.307692]",2
게리가,11,2,"[0.0, 0.0, 0.0, 0.0, 0.0, 0.0, 0.0, 0.0, 1.0, 0.0, 0.0]",1
행원연대봉,7,1,"[0.0, 0.0, 0.0, 0.0, 0.0, 0.0, 0.0, 0.0, 1.0, 0.0, 0.0]",2
제주신라호텔 히노데,11,1,"[0.0, 0.0, 0.0, 1.0, 0.0, 0.0, 0.0, 0.0, 0.0, 0.0, 0.0]",0
제주신라호텔 와이너리,24,1,"[0.0, 0.0, 0.0, 1.0, 0.0, 0.0, 0.0, 0.0, 0.0, 0.0, 0.0]",2
신라스테이 제주,24,20,"[0.05, 0.05, 0.0, 0.1, 0.05, 0.2, 0.15, 0.25, 0.0, 0.0, 0.15]",2
쉴만한물가,11,1,"[0.0, 0.0, 0.0, 1.0, 0.0, 0.0, 0.0, 0.0, 0.0, 0.0, 0.0]",1
마농 제주본점,11,1,"[0.0, 1.0, 0.0, 0.0, 0.0, 0.0, 0.0, 0.0, 0.0, 0.0, 0.0]",0
외도339,11,6,"[0.166667, 0.0, 0.0, 0.166667, 0.5, 0.166667, 0.0, 0.0, 0.0, 0.0, 0.0]",0
제주신화월드 셀렉더테이블,11,5,"[0.0, 0.0, 0.0, 0.0, 0.0, 0.8, 0.2, 0.0, 0.0, 0.0, 0.0]",0
신화돌담집,11,5,"[0.0, 0.2, 0.0, 0.0, 0.0, 0.8, 0.0, 0.0, 0.0, 0.0, 0.0]",0
불란지호스텔,24,1,"[0.0, 0.0, 0.0, 0.0, 0.0, 0.0, 0.0, 0.0, 1.0, 0.0, 0.0]",2
광명식당,11,2,"[0.0, 0.5, 0.5, 0.0, 0.0, 0.0, 0.0, 0.0, 0.0, 0.0, 0.0]",0
제주만석이펜션,24,1,"[0.0, 0.0, 0.0, 0.0, 0.0, 1.0, 0.0, 0.0, 0.0, 0.0, 0.0]",2
제주자전거여행,13,1,"[0.0, 0.0, 0.0, 0.0, 0.0, 1.0, 0.0, 0.0, 0.0, 0.0, 0.0]",2
해성도뚜리가든,11,4,"[0.0, 0.25, 0.0, 0.25, 0.5, 0.0, 0.0, 0.0, 0.0, 0.0, 0.0]",0
만선식당,11,8,"[0.0, 0.125, 0.0, 0.25, 0.25, 0.0, 0.0, 0.0, 0.125, 0.0, 0.25]",0
제주에코스위츠,24,1,"[0.0, 0.0, 0.0, 0.0, 0.0, 0.0, 1.0, 0.0, 0.0, 0.0, 0.0]",2
한라산국립공원 영실매표소,1,1,"[0.0, 0.0, 0.0, 0.0, 1.0, 0.0, 0.0, 0.0, 0.0, 0.0, 0.0]",2
JB풀빌라 남원점,24,3,"[0.0, 1.0, 0.0, 0.0, 0.0, 0.0, 0.0, 0.0, 0.0, 0.0, 0.0]",2
털보네고양이,11,4,"[0.0, 0.25, 0.0, 0.25, 0.25, 0.0, 0.0, 0.0, 0.0, 0.0, 0.25]",0
맥도날드 제주시청DT점,11,3,"[0.0, 0.0, 0.0, 0.0, 0.0, 0.666667, 0.0, 0.0, 0.0, 0.0, 0.333333]",0
하늘꽃카페,11,3,"[0.333333, 0.0, 0.0, 0.0, 0.0, 0.0, 0.0, 0.0, 0.333333, 0.0, 0.333333]",1
유탑유블레스호텔 제주,24,22,"[0.181818, 0.272727, 0.0, 0.227273, 0.0, 0.090909, 0.090909, 0.090909, 0.0, 0.0, 0.045455]",2
라 플라주,11,7,"[0.428571, 0.0, 0.0, 0.0, 0.0, 0.0, 0.0, 0.0, 0.428571, 0.0, 0.142857]",0
순전이해녀김밥,11,12,"[0.083333, 0.416667, 0.0, 0.25, 0.0, 0.083333, 0.0, 0.0, 0.0, 0.0, 0.166667]",0
프로젝트064다방,11,1,"[0.0, 0.0, 0.0, 0.0, 1.0, 0.0, 0.0, 0.0, 0.0, 0.0, 0.0]",1
바다다,11,13,"[0.307692, 0.307692, 0.0, 0.307692, 0.0, 0.0, 0.0, 0.0, 0.0, 0.0, 0.076923]",1
오조항,5,1,"[0.0, 0.0, 0.0, 0.0, 0.0, 0.0, 0.0, 0.0, 1.0, 0.0, 0.0]",2
금빛감귤체험농원,13,1,"[0.0, 1.0, 0.0, 0.0, 0.0, 0.0, 0.0, 0.0, 0.0, 0.0, 0.0]",2
무명화가의집게스트하우스,24,3,"[0.0, 0.0, 0.0, 0.333333, 0.0, 0.0, 0.0, 0.666667, 0.0, 0.0, 0.0]",2
백기해녀의집,11,6,"[0.0, 0.5, 0.0, 0.0, 0.166667, 0.0, 0.0, 0.0, 0.333333, 0.0, 0.0]",0
우뭇개동산,2,1,"[1.0, 0.0, 0.0, 0.0, 0.0, 0.0, 0.0, 0.0, 0.0, 0.0, 0.0]",2
표선우동가게,11,11,"[0.0, 0.454545, 0.0, 0.0, 0.454545, 0.090909, 0.0, 0.0, 0.0, 0.0, 0.0]",0
교래흑돼지 본점,11,8,"[0.0, 0.625, 0.0, 0.0, 0.125, 0.125, 0.0, 0.0, 0.125, 0.0, 0.0]",0
에코랜드호텔,24,28,"[0.214286, 0.571429, 0.0, 0.071429, 0.107143, 0.0, 0.0, 0.0, 0.0, 0.0, 0.035714]",2
카페 동백,3,2,"[0.5, 0.5, 0.0, 0.0, 0.0, 0.0, 0.0, 0.0, 0.0, 0.0, 0.0]",1
밀림원,11,1,"[0.0, 1.0, 0.0, 0.0, 0.0, 0.0, 0.0, 0.0, 0.0, 0.0, 0.0]",0
서귀포농협하나로마트 천지간이점,10,2,"[0.0, 0.0, 0.0, 0.0, 0.0, 0.0, 0.0, 0.0, 1.0, 0.0, 0.0]",2
닥그네할망,11,7,"[0.428571, 0.285714, 0.0, 0.0, 0.142857, 0.142857, 0.0, 0.0, 0.0, 0.0, 0.0]",0
효퇴국수,11,10,"[0.0, 0.5, 0.0, 0.0, 0.5, 0.0, 0.0, 0.0, 0.0, 0.0, 0.0]",0
홍회장보말칼국수,11,2,"[0.0, 1.0, 0.0, 0.0, 0.0, 0.0, 0.0, 0.0, 0.0, 0.0, 0.0]",0
꽁순이네,11,3,"[0.0, 0.666667, 0.0, 0.0, 0.0, 0.0, 0.0, 0.0, 0.333333, 0.0, 0.0]",0
금갈치타운,11,1,"[0.0, 0.0, 0.0, 0.0, 0.0, 0.0, 0.0, 0.0, 0.0, 0.0, 1.0]",0
그린데이 게스트하우스,24,14,"[0.0, 0.142857, 0.0, 0.0, 0.071429, 0.0, 0.0, 0.714286, 0.071429, 0.0, 0.0]",2
물항식당 본점,11,3,"[0.0, 0.0, 0.0, 0.0, 0.666667, 0.0, 0.333333, 0.0, 0.0, 0.0, 0.0]",0
골목식당,11,1,"[0.0, 1.0, 0.0, 0.0, 0.0, 0.0, 0.0, 0.0, 0.0, 0.0, 0.0]",0
빵귿,11,5,"[0.4, 0.6, 0.0, 0.0, 0.0, 0.0, 0.0, 0.0, 0.0, 0.0, 0.0]",1
스시우다,11,2,"[0.0, 0.0, 0.5, 0.0, 0.5, 0.0, 0.0, 0.0, 0.0, 0.0, 0.0]",0
사계의시간,11,10,"[0.0, 0.5, 0.0, 0.3, 0.2, 0.0, 0.0, 0.0, 0.0, 0.0, 0.0]",0
더앨리 제주애월점,11,1,"[0.0, 0.0, 0.0, 1.0, 0.0, 0.0, 0.0, 0.0, 0.0, 0.0, 0.0]",0
이스탄불케밥,11,2,"[0.0, 0.0, 0.0, 0.0, 0.0, 0.0, 0.0, 0.0, 0.5, 0.0, 0.5]",0
추사유배지,2,5,"[0.0, 0.0, 0.0, 0.2, 0.0, 0.0, 0.0, 0.0, 0.4, 0.4, 0.0]",2
오또도넛 서귀점,11,1,"[0.0, 0.0, 0.0, 0.0, 0.0, 1.0, 0.0, 0.0, 0.0, 0.0, 0.0]",0
제주사랑렌트카,10,6,"[0.0, 0.0, 0.0, 0.0, 0.0, 0.0, 0.0, 0.333333, 0.0, 0.0, 0.666667]",2
골드원호텔&스위트,24,4,"[0.0, 0.5, 0.0, 0.0, 0.0, 0.0, 0.25, 0.0, 0.0, 0.0, 0.25]",2
흑돈향,11,1,"[0.0, 0.0, 0.0, 0.0, 1.0, 0.0, 0.0, 0.0, 0.0, 0.0, 0.0]",0
24시국수회관,11,2,"[0.0, 1.0, 0.0, 0.0, 0.0, 0.0, 0.0, 0.0, 0.0, 0.0, 0.0]",0
나니물휴게소,11,1,"[0.0, 0.0, 0.0, 0.0, 0.0, 0.0, 0.0, 0.0, 1.0, 0.0, 0.0]",0
제주만복이네호떡,11,1,"[0.0, 0.0, 0.0, 0.0, 0.0, 0.0, 0.0, 0.0, 1.0, 0.0, 0.0]",0
옷귀마테마타운 승마장,6,2,"[0.5, 0.5, 0.0, 0.0, 0.0, 0.0, 0.0, 0.0, 0.0, 0.0, 0.0]",2
산도위치 제주본점,11,4,"[0.0, 1.0, 0.0, 0.0, 0.0, 0.0, 0.0, 0.0, 0.0, 0.0, 0.0]",0
코코마마 성산점,11,5,"[0.2, 0.6, 0.0, 0.0, 0.2, 0.0, 0.0, 0.0, 0.0, 0.0, 0.0]",0
중문해장북어국,11,1,"[0.0, 1.0, 0.0, 0.0, 0.0, 0.0, 0.0, 0.0, 0.0, 0.0, 0.0]",0
조유암펜션,24,1,"[0.0, 0.0, 0.0, 0.0, 0.0, 0.0, 0.0, 1.0, 0.0, 0.0, 0.0]",2
솔펜션,24,13,"[0.230769, 0.0, 0.0, 0.0, 0.0, 0.076923, 0.076923, 0.461538, 0.0, 0.0, 0.153846]",2
제주감성소품,4,2,"[0.0, 0.5, 0.0, 0.0, 0.0, 0.0, 0.0, 0.0, 0.5, 0.0, 0.0]",2
버거요 제주본점,11,4,"[0.0, 0.75, 0.0, 0.0, 0.0, 0.25, 0.0, 0.0, 0.0, 0.0, 0.0]",0
남매네흑돼지,11,5,"[0.2, 0.4, 0.0, 0.0, 0.4, 0.0, 0.0, 0.0, 0.0, 0.0, 0.0]",0
윤스타피자앤파스타,11,1,"[0.0, 0.0, 0.0, 0.0, 1.0, 0.0, 0.0, 0.0, 0.0, 0.0, 0.0]",0
보야지,24,3,"[0.0, 0.0, 0.0, 0.0, 0.0, 0.333333, 0.0, 0.333333, 0.0, 0.0, 0.333333]",2
제주돌문화공원,1,12,"[0.25, 0.25, 0.0, 0.083333, 0.25, 0.0, 0.0, 0.0, 0.083333, 0.083333, 0.0]",2
대록산,1,2,"[0.0, 0.5, 0.0, 0.0, 0.5, 0.0, 0.0, 0.0, 0.0, 0.0, 0.0]",2
동화로 연탄구이,11,3,"[0.0, 0.333333, 0.0, 0.0, 0.666667, 0.0, 0.0, 0.0, 0.0, 0.0, 0.0]",0
제주베스트힐,24,1,"[0.0, 1.0, 0.0, 0.0, 0.0, 0.0, 0.0, 0.0, 0.0, 0.0, 0.0]",2
교래향,11,5,"[0.0, 0.8, 0.0, 0.0, 0.0, 0.0, 0.0, 0.0, 0.2, 0.0, 0.0]",0
루시드엠,24,2,"[0.0, 0.0, 0.0, 0.0, 0.5, 0.0, 0.0, 0.0, 0.0, 0.0, 0.5]",2
제주오케이렌터카,10,8,"[0.0, 0.0, 0.0, 0.0, 0.125, 0.25, 0.0, 0.25, 0.0, 0.0, 0.375]",2
창고망난돌,1,3,"[0.666667, 0.333333, 0.0, 0.0, 0.0, 0.0, 0.0, 0.0, 0.0, 0.0, 0.0]",2
제주하늘을날다,5,2,"[0.0, 1.0, 0.0, 0.0, 0.0, 0.0, 0.0, 0.0, 0.0, 0.0, 0.0]",2
돈고팡 산방산점,11,2,"[0.0, 0.5, 0.0, 0.0, 0.0, 0.5, 0.0, 0.0, 0.0, 0.0, 0.0]",0
산방댁,24,7,"[0.0, 0.571429, 0.0, 0.142857, 0.285714, 0.0, 0.0, 0.0, 0.0, 0.0, 0.0]",2
꿈펜션,24,1,"[0.0, 0.0, 0.0, 0.0, 0.0, 0.0, 0.0, 1.0, 0.0, 0.0, 0.0]",2
폴카페,11,2,"[0.0, 1.0, 0.0, 0.0, 0.0, 0.0, 0.0, 0.0, 0.0, 0.0, 0.0]",1
애월온기,11,8,"[0.125, 0.5, 0.125, 0.0, 0.0, 0.125, 0.0, 0.125, 0.0, 0.0, 0.0]",0
한림수협위판장,4,3,"[0.0, 0.0, 0.0, 0.333333, 0.333333, 0.0, 0.333333, 0.0, 0.0, 0.0, 0.0]",2
호탕,11,3,"[0.0, 0.0, 0.0, 0.0, 1.0, 0.0, 0.0, 0.0, 0.0, 0.0, 0.0]",0
한담공원,1,4,"[0.5, 0.25, 0.0, 0.25, 0.0, 0.0, 0.0, 0.0, 0.0, 0.0, 0.0]",2
제주에가면,11,8,"[0.125, 0.5, 0.0, 0.0, 0.0, 0.125, 0.0, 0.0, 0.25, 0.0, 0.0]",0
제주소품관,10,6,"[0.0, 0.0, 0.0, 0.0, 0.0, 0.0, 0.0, 0.0, 1.0, 0.0, 0.0]",2
히든스테이,24,10,"[0.0, 0.1, 0.0, 0.0, 0.1, 0.0, 0.7, 0.0, 0.0, 0.0, 0.1]",2
자드부팡,11,7,"[0.142857, 0.714286, 0.0, 0.0, 0.0, 0.0, 0.0, 0.0, 0.142857, 0.0, 0.0]",1
제주고집,11,4,"[0.0, 1.0, 0.0, 0.0, 0.0, 0.0, 0.0, 0.0, 0.0, 0.0, 0.0]",0
하루필름 애월점,10,9,"[0.555556, 0.222222, 0.0, 0.111111, 0.0, 0.0, 0.0, 0.0, 0.111111, 0.0, 0.0]",0
머룬스테이,24,2,"[0.0, 1.0, 0.0, 0.0, 0.0, 0.0, 0.0, 0.0, 0.0, 0.0, 0.0]",2
대한불교조계종천왕사,2,11,"[0.363636, 0.272727, 0.0, 0.090909, 0.0, 0.0, 0.0, 0.0, 0.181818, 0.0, 0.090909]",2
논짓물식당,11,8,"[0.125, 0.5, 0.0, 0.125, 0.25, 0.0, 0.0, 0.0, 0.0, 0.0, 0.0]",0
천아계곡,1,12,"[0.583333, 0.25, 0.0, 0.083333, 0.083333, 0.0, 0.0, 0.0, 0.0, 0.0, 0.0]",2
서해안로24,1,1,"[0.0, 0.0, 0.0, 0.0, 0.0, 0.0, 0.0, 0.0, 1.0, 0.0, 0.0]",2
한라흑돼지식당,11,1,"[0.0, 0.0, 0.0, 0.0, 0.0, 0.0, 0.0, 1.0, 0.0, 0.0, 0.0]",0
성산고궁보말손칼국수,11,4,"[0.0, 0.25, 0.0, 0.5, 0.25, 0.0, 0.0, 0.0, 0.0, 0.0, 0.0]",0
현대식당,11,2,"[0.0, 0.0, 0.0, 0.0, 0.0, 0.5, 0.0, 0.0, 0.0, 0.0, 0.5]",0
예소담,11,15,"[0.0, 0.466667, 0.0, 0.133333, 0.0, 0.066667, 0.0, 0.0, 0.266667, 0.0, 0.066667]",0
성산포사랑펜션,24,4,"[0.0, 0.5, 0.0, 0.0, 0.0, 0.25, 0.0, 0.0, 0.0, 0.0, 0.25]",2
용마마을,7,6,"[0.333333, 0.333333, 0.0, 0.0, 0.333333, 0.0, 0.0, 0.0, 0.0, 0.0, 0.0]",2
에이팩토리 베이커리카페,11,2,"[0.5, 0.5, 0.0, 0.0, 0.0, 0.0, 0.0, 0.0, 0.0, 0.0, 0.0]",1
제주i,10,10,"[0.2, 0.6, 0.0, 0.0, 0.2, 0.0, 0.0, 0.0, 0.0, 0.0, 0.0]",2
올리브영 제주탑동점,10,1,"[0.0, 0.0, 0.0, 0.0, 0.0, 0.0, 0.0, 0.0, 1.0, 0.0, 0.0]",2
러블리제주,10,3,"[0.0, 0.0, 0.0, 0.0, 0.0, 0.0, 0.0, 0.0, 1.0, 0.0, 0.0]",2
플라이오조,11,1,"[0.0, 0.0, 0.0, 0.0, 0.0, 0.0, 0.0, 0.0, 1.0, 0.0, 0.0]",1
도두후레쉬,11,8,"[0.0, 0.75, 0.0, 0.0, 0.125, 0.0, 0.0, 0.0, 0.125, 0.0, 0.0]",0
에너벨리,11,2,"[0.0, 0.5, 0.0, 0.0, 0.0, 0.0, 0.0, 0.5, 0.0, 0.0, 0.0]",0
협재곶,11,1,"[0.0, 0.0, 0.0, 0.0, 1.0, 0.0, 0.0, 0.0, 0.0, 0.0, 0.0]",0
카페인우도,11,1,"[0.0, 0.0, 0.0, 0.0, 0.0, 0.0, 0.0, 0.0, 1.0, 0.0, 0.0]",1
애월찜,11,8,"[0.125, 0.375, 0.0, 0.25, 0.125, 0.0, 0.0, 0.0, 0.125, 0.0, 0.0]",0
국수나무 제주공항점,11,5,"[0.0, 0.0, 0.0, 0.0, 0.0, 0.4, 0.0, 0.0, 0.6, 0.0, 0.0]",0
설렘펜션,24,4,"[0.0, 0.0, 0.0, 0.0, 0.0, 0.5, 0.0, 0.5, 0.0, 0.0, 0.0]",2
우도팔경동굴보트,5,2,"[0.0, 0.0, 0.0, 0.0, 1.0, 0.0, 0.0, 0.0, 0.0, 0.0, 0.0]",2
몽상드애월,11,12,"[0.333333, 0.083333, 0.0, 0.083333, 0.25, 0.083333, 0.0, 0.0, 0.166667, 0.0, 0.0]",0
홍조단괴해빈,1,3,"[0.0, 0.0, 0.0, 0.0, 0.0, 0.0, 0.0, 0.0, 1.0, 0.0, 0.0]",2
중문국수나라,11,3,"[0.0, 0.666667, 0.0, 0.0, 0.0, 0.0, 0.0, 0.333333, 0.0, 0.0, 0.0]",0
씨에스호텔앤리조트,24,7,"[0.428571, 0.0, 0.0, 0.0, 0.428571, 0.142857, 0.0, 0.0, 0.0, 0.0, 0.0]",2
은하감귤체험농장,13,2,"[0.0, 0.0, 0.0, 0.0, 0.0, 0.5, 0.0, 0.0, 0.5, 0.0, 0.0]",2
만미식당,11,1,"[0.0, 1.0, 0.0, 0.0, 0.0, 0.0, 0.0, 0.0, 0.0, 0.0, 0.0]",0
대화해장국 화순점,11,4,"[0.0, 0.25, 0.0, 0.0, 0.5, 0.25, 0.0, 0.0, 0.0, 0.0, 0.0]",0
스타벅스 제주송악산점,11,17,"[0.0, 0.058824, 0.0, 0.0, 0.0, 0.176471, 0.058824, 0.0, 0.588235, 0.0, 0.117647]",1
제주보말칼국수,11,4,"[0.0, 0.5, 0.5, 0.0, 0.0, 0.0, 0.0, 0.0, 0.0, 0.0, 0.0]",0
고도500,11,2,"[0.5, 0.0, 0.0, 0.0, 0.0, 0.5, 0.0, 0.0, 0.0, 0.0, 0.0]",0
동해미락,11,3,"[0.0, 0.333333, 0.666667, 0.0, 0.0, 0.0, 0.0, 0.0, 0.0, 0.0, 0.0]",0
빽다방베이커리 제주사수점,11,36,"[0.111111, 0.361111, 0.0, 0.055556, 0.083333, 0.027778, 0.0, 0.222222, 0.138889, 0.0, 0.0]",1
블루하와이리조트,24,30,"[0.0, 0.0, 0.0, 0.1, 0.0, 0.133333, 0.0, 0.533333, 0.0, 0.0, 0.233333]",2
예래팜 창천점,13,3,"[0.333333, 0.0, 0.0, 0.0, 0.0, 0.0, 0.0, 0.0, 0.333333, 0.333333, 0.0]",2
용두암엄마해장국,11,4,"[0.0, 0.5, 0.0, 0.0, 0.25, 0.0, 0.0, 0.0, 0.25, 0.0, 0.0]",0
보라네,11,1,"[0.0, 1.0, 0.0, 0.0, 0.0, 0.0, 0.0, 0.0, 0.0, 0.0, 0.0]",0
후포갤러리,11,1,"[0.0, 0.0, 0.0, 0.0, 0.0, 0.0, 0.0, 0.0, 1.0, 0.0, 0.0]",0
추자도등대,7,1,"[1.0, 0.0, 0.0, 0.0, 0.0, 0.0, 0.0, 0.0, 0.0, 0.0, 0.0]",2
추자도남자해녀집,11,1,"[0.0, 1.0, 0.0, 0.0, 0.0, 0.0, 0.0, 0.0, 0.0, 0.0, 0.0]",0
후포해변,1,2,"[0.5, 0.0, 0.0, 0.0, 0.5, 0.0, 0.0, 0.0, 0.0, 0.0, 0.0]",2
해진마트,10,1,"[0.0, 0.0, 0.0, 0.0, 0.0, 0.0, 0.0, 0.0, 0.0, 0.0, 1.0]",2
제주최영장군사당,2,1,"[0.0, 0.0, 0.0, 0.0, 0.0, 0.0, 0.0, 0.0, 1.0, 0.0, 0.0]",2
눈물의십자가,2,1,"[1.0, 0.0, 0.0, 0.0, 0.0, 0.0, 0.0, 0.0, 0.0, 0.0, 0.0]",2
나바론절벽,7,1,"[1.0, 0.0, 0.0, 0.0, 0.0, 0.0, 0.0, 0.0, 0.0, 0.0, 0.0]",2
용둠벙전망대,7,1,"[1.0, 0.0, 0.0, 0.0, 0.0, 0.0, 0.0, 0.0, 0.0, 0.0, 0.0]",2
모리노아루요,11,1,"[1.0, 0.0, 0.0, 0.0, 0.0, 0.0, 0.0, 0.0, 0.0, 0.0, 0.0]",0
한화리조트 제주,24,25,"[0.12, 0.0, 0.0, 0.12, 0.04, 0.08, 0.04, 0.4, 0.0, 0.0, 0.2]",2
느영나영,10,1,"[0.0, 1.0, 0.0, 0.0, 0.0, 0.0, 0.0, 0.0, 0.0, 0.0, 0.0]",2
오름,11,1,"[0.0, 0.0, 0.0, 0.0, 0.0, 1.0, 0.0, 0.0, 0.0, 0.0, 0.0]",0
시흥해녀의집,11,4,"[0.0, 0.5, 0.0, 0.25, 0.0, 0.0, 0.0, 0.0, 0.25, 0.0, 0.0]",0
제주노블레스관광호텔,24,7,"[0.0, 0.0, 0.0, 0.0, 0.142857, 0.142857, 0.0, 0.285714, 0.0, 0.0, 0.428571]",2
대명홈마트,10,9,"[0.0, 0.0, 0.0, 0.222222, 0.0, 0.222222, 0.111111, 0.222222, 0.222222, 0.0, 0.0]",2
평대스낵,11,4,"[0.0, 0.25, 0.0, 0.5, 0.25, 0.0, 0.0, 0.0, 0.0, 0.0, 0.0]",0
을왕리해수욕장,1,1,"[1.0, 0.0, 0.0, 0.0, 0.0, 0.0, 0.0, 0.0, 0.0, 0.0, 0.0]",2
후프바베큐,11,6,"[0.166667, 0.833333, 0.0, 0.0, 0.0, 0.0, 0.0, 0.0, 0.0, 0.0, 0.0]",0
온평바다한그릇,11,8,"[0.125, 0.75, 0.125, 0.0, 0.0, 0.0, 0.0, 0.0, 0.0, 0.0, 0.0]",0
고수목마,11,2,"[0.0, 0.0, 0.0, 0.0, 1.0, 0.0, 0.0, 0.0, 0.0, 0.0, 0.0]",0
와일드루센트,24,1,"[0.0, 1.0, 0.0, 0.0, 0.0, 0.0, 0.0, 0.0, 0.0, 0.0, 0.0]",2
더송,11,1,"[0.0, 1.0, 0.0, 0.0, 0.0, 0.0, 0.0, 0.0, 0.0, 0.0, 0.0]",0
호랑이다락,11,4,"[0.0, 0.25, 0.0, 0.0, 0.25, 0.0, 0.0, 0.0, 0.5, 0.0, 0.0]",0
뚜비뚜밥,11,1,"[0.0, 1.0, 0.0, 0.0, 0.0, 0.0, 0.0, 0.0, 0.0, 0.0, 0.0]",0
언니네시골집,24,19,"[0.0, 0.368421, 0.0, 0.315789, 0.157895, 0.0, 0.0, 0.0, 0.0, 0.0, 0.157895]",2
호랑이주택,24,18,"[0.0, 0.444444, 0.0, 0.444444, 0.055556, 0.0, 0.0, 0.0, 0.055556, 0.0, 0.0]",2
롯데리아 제주한림점,11,1,"[0.0, 0.0, 0.0, 0.0, 0.0, 0.0, 0.0, 0.0, 1.0, 0.0, 0.0]",0
제주세호해장국 연동직영점,11,3,"[0.0, 0.666667, 0.0, 0.333333, 0.0, 0.0, 0.0, 0.0, 0.0, 0.0, 0.0]",0
일빈관,11,2,"[0.0, 0.0, 0.0, 0.5, 0.0, 0.0, 0.0, 0.0, 0.5, 0.0, 0.0]",0
협재화덕 도나토스 DONATO'S,11,3,"[0.0, 0.333333, 0.0, 0.0, 0.666667, 0.0, 0.0, 0.0, 0.0, 0.0, 0.0]",0
제주협재서프,5,2,"[0.0, 0.5, 0.0, 0.0, 0.0, 0.0, 0.0, 0.0, 0.0, 0.0, 0.5]",2
채훈이네해장국,11,6,"[0.0, 0.5, 0.0, 0.0, 0.0, 0.166667, 0.0, 0.0, 0.166667, 0.0, 0.166667]",0
태리타운,11,2,"[0.5, 0.0, 0.0, 0.0, 0.5, 0.0, 0.0, 0.0, 0.0, 0.0, 0.0]",0
협재비선루,11,2,"[0.0, 0.5, 0.0, 0.0, 0.0, 0.5, 0.0, 0.0, 0.0, 0.0, 0.0]",0
신주양꼬치 제주점,11,1,"[0.0, 1.0, 0.0, 0.0, 0.0, 0.0, 0.0, 0.0, 0.0, 0.0, 0.0]",0
한림항,1,6,"[0.0, 0.0, 0.0, 0.166667, 0.166667, 0.0, 0.0, 0.0, 0.666667, 0.0, 0.0]",2
제주홍돈 본점,11,2,"[0.0, 0.5, 0.0, 0.0, 0.5, 0.0, 0.0, 0.0, 0.0, 0.0, 0.0]",0
알앤알,11,5,"[0.2, 0.0, 0.0, 0.4, 0.4, 0.0, 0.0, 0.0, 0.0, 0.0, 0.0]",0
파크사이드호텔,24,3,"[0.0, 0.0, 0.0, 0.0, 0.0, 0.0, 0.0, 1.0, 0.0, 0.0, 0.0]",2
옹다방,11,2,"[0.0, 0.0, 0.0, 0.0, 0.0, 0.0, 0.0, 0.0, 1.0, 0.0, 0.0]",1
장수물식당,11,13,"[0.0, 0.461538, 0.230769, 0.076923, 0.153846, 0.0, 0.0, 0.0, 0.076923, 0.0, 0.0]",0
베드라디오 동문점,24,14,"[0.0, 0.0, 0.0, 0.142857, 0.071429, 0.285714, 0.071429, 0.285714, 0.0, 0.0, 0.142857]",0
패밀리렌트카,10,19,"[0.0, 0.0, 0.0, 0.0, 0.0, 0.052632, 0.052632, 0.263158, 0.0, 0.0, 0.631579]",2
산지등대,1,5,"[0.8, 0.0, 0.0, 0.0, 0.0, 0.2, 0.0, 0.0, 0.0, 0.0, 0.0]",2
수월봉전망대,1,10,"[0.5, 0.1, 0.0, 0.1, 0.0, 0.0, 0.0, 0.0, 0.2, 0.1, 0.0]",2
군산오름 등산로 입구,1,3,"[0.333333, 0.333333, 0.0, 0.333333, 0.0, 0.0, 0.0, 0.0, 0.0, 0.0, 0.0]",2
안덕계곡,1,11,"[0.363636, 0.181818, 0.0, 0.272727, 0.0, 0.0, 0.0, 0.0, 0.090909, 0.0, 0.090909]",2
빌레왓,11,1,"[0.0, 1.0, 0.0, 0.0, 0.0, 0.0, 0.0, 0.0, 0.0, 0.0, 0.0]",0
물의도시 베니스랜드,13,6,"[0.0, 0.666667, 0.0, 0.0, 0.0, 0.0, 0.0, 0.0, 0.333333, 0.0, 0.0]",2
마우돈,11,6,"[0.0, 0.666667, 0.166667, 0.0, 0.0, 0.0, 0.0, 0.0, 0.166667, 0.0, 0.0]",0
오렌지렌트카,10,2,"[0.0, 0.0, 0.0, 0.0, 0.0, 0.0, 0.0, 1.0, 0.0, 0.0, 0.0]",2
돈파스타정원,11,1,"[0.0, 1.0, 0.0, 0.0, 0.0, 0.0, 0.0, 0.0, 0.0, 0.0, 0.0]",0
벨룸리조트,24,10,"[0.0, 0.5, 0.0, 0.0, 0.4, 0.0, 0.0, 0.0, 0.0, 0.0, 0.1]",2
군산오름 전망대,1,4,"[0.0, 0.25, 0.0, 0.25, 0.25, 0.0, 0.0, 0.0, 0.25, 0.0, 0.0]",2
금악 똣똣라면,11,8,"[0.5, 0.0, 0.25, 0.0, 0.125, 0.0, 0.0, 0.125, 0.0, 0.0, 0.0]",0
중문신라원,11,3,"[0.333333, 0.666667, 0.0, 0.0, 0.0, 0.0, 0.0, 0.0, 0.0, 0.0, 0.0]",0
퍼시픽 마리나요트계류장,13,3,"[1.0, 0.0, 0.0, 0.0, 0.0, 0.0, 0.0, 0.0, 0.0, 0.0, 0.0]",2
본가 호텔더본제주점,11,1,"[0.0, 1.0, 0.0, 0.0, 0.0, 0.0, 0.0, 0.0, 0.0, 0.0, 0.0]",0
미스칠,11,3,"[0.0, 1.0, 0.0, 0.0, 0.0, 0.0, 0.0, 0.0, 0.0, 0.0, 0.0]",0
우수미회센타 호텔더본점,11,1,"[0.0, 1.0, 0.0, 0.0, 0.0, 0.0, 0.0, 0.0, 0.0, 0.0, 0.0]",0
중문색달통갈치,11,3,"[0.0, 1.0, 0.0, 0.0, 0.0, 0.0, 0.0, 0.0, 0.0, 0.0, 0.0]",0
카페애월로11,11,1,"[0.0, 0.0, 0.0, 0.0, 0.0, 0.0, 0.0, 0.0, 1.0, 0.0, 0.0]",1
봄봄카페 오일장점,11,1,"[0.0, 0.0, 0.0, 0.0, 0.0, 0.0, 0.0, 0.0, 1.0, 0.0, 0.0]",1
기똥차네,11,1,"[0.0, 1.0, 0.0, 0.0, 0.0, 0.0, 0.0, 0.0, 0.0, 0.0, 0.0]",0
한라봉스시,11,11,"[0.090909, 0.909091, 0.0, 0.0, 0.0, 0.0, 0.0, 0.0, 0.0, 0.0, 0.0]",0
투아일랜드,11,1,"[0.0, 1.0, 0.0, 0.0, 0.0, 0.0, 0.0, 0.0, 0.0, 0.0, 0.0]",0
제주제트 중문점,5,10,"[0.2, 0.6, 0.0, 0.0, 0.0, 0.0, 0.0, 0.0, 0.1, 0.0, 0.1]",2
일번렌트카,10,7,"[0.0, 0.0, 0.0, 0.0, 0.0, 0.0, 0.0, 0.714286, 0.0, 0.0, 0.285714]",2
오션뷰제주 게스트하우스,24,8,"[0.0, 0.625, 0.0, 0.0, 0.0, 0.0, 0.125, 0.25, 0.0, 0.0, 0.0]",2
걸어가는늑대들 전이수갤러리,3,8,"[0.0, 0.125, 0.0, 0.125, 0.125, 0.0, 0.0, 0.0, 0.125, 0.5, 0.0]",0
안돌오름,1,11,"[0.545455, 0.181818, 0.0, 0.0, 0.0, 0.0, 0.0, 0.0, 0.090909, 0.0, 0.181818]",2
강정해오름노을길,1,1,"[0.0, 1.0, 0.0, 0.0, 0.0, 0.0, 0.0, 0.0, 0.0, 0.0, 0.0]",2
탐라는파스타 호텔더본점,24,4,"[0.0, 0.0, 0.0, 0.0, 0.0, 0.25, 0.0, 0.0, 0.0, 0.0, 0.75]",0
요유나카페,11,2,"[0.0, 0.0, 0.0, 0.5, 0.0, 0.0, 0.0, 0.0, 0.0, 0.0, 0.5]",1
어나더페이지,10,1,"[0.0, 1.0, 0.0, 0.0, 0.0, 0.0, 0.0, 0.0, 0.0, 0.0, 0.0]",2
제주양조장,10,1,"[0.0, 0.0, 0.0, 0.0, 0.0, 0.0, 0.0, 0.0, 0.0, 0.0, 1.0]",2
엄마손횟집,11,2,"[0.0, 0.5, 0.0, 0.0, 0.5, 0.0, 0.0, 0.0, 0.0, 0.0, 0.0]",0
서귀포호,11,2,"[0.0, 0.5, 0.0, 0.0, 0.5, 0.0, 0.0, 0.0, 0.0, 0.0, 0.0]",0
굿모닝하우스,24,2,"[0.0, 0.0, 0.0, 0.0, 0.0, 0.0, 0.0, 1.0, 0.0, 0.0, 0.0]",2
그림포레스트,3,1,"[1.0, 0.0, 0.0, 0.0, 0.0, 0.0, 0.0, 0.0, 0.0, 0.0, 0.0]",2
브릭캠퍼스 제주,3,6,"[0.166667, 0.166667, 0.0, 0.0, 0.333333, 0.0, 0.0, 0.0, 0.166667, 0.166667, 0.0]",2
메밀애,11,2,"[0.0, 0.0, 0.0, 0.0, 0.5, 0.0, 0.0, 0.0, 0.5, 0.0, 0.0]",0
나무이야기 남원점,24,2,"[0.0, 0.0, 0.5, 0.5, 0.0, 0.0, 0.0, 0.0, 0.0, 0.0, 0.0]",2
카페 뵤뵤,11,6,"[0.166667, 0.833333, 0.0, 0.0, 0.0, 0.0, 0.0, 0.0, 0.0, 0.0, 0.0]",1
천하육회 시청점,4,1,"[0.0, 0.0, 0.0, 0.0, 0.0, 0.0, 0.0, 0.0, 1.0, 0.0, 0.0]",2
두맹이골목,3,1,"[0.0, 0.0, 0.0, 0.0, 1.0, 0.0, 0.0, 0.0, 0.0, 0.0, 0.0]",2
프리페어,4,1,"[0.0, 0.0, 0.0, 0.0, 0.0, 0.0, 0.0, 0.0, 1.0, 0.0, 0.0]",2
무시로,4,1,"[0.0, 0.0, 0.0, 0.0, 1.0, 0.0, 0.0, 0.0, 0.0, 0.0, 0.0]",2
제주중앙지하상가,4,3,"[0.333333, 0.0, 0.0, 0.0, 0.0, 0.0, 0.0, 0.0, 0.666667, 0.0, 0.0]",2
CGV 제주,3,2,"[0.0, 0.0, 0.0, 0.0, 0.0, 1.0, 0.0, 0.0, 0.0, 0.0, 0.0]",2
김주학짬뽕,11,1,"[0.0, 0.0, 0.0, 0.0, 1.0, 0.0, 0.0, 0.0, 0.0, 0.0, 0.0]",0
카카듀,11,4,"[0.25, 0.0, 0.0, 0.0, 0.5, 0.0, 0.0, 0.0, 0.25, 0.0, 0.0]",1
대빵오락실,3,1,"[0.0, 0.0, 0.0, 0.0, 0.0, 0.0, 0.0, 0.0, 1.0, 0.0, 0.0]",2
제주예찬,11,7,"[0.142857, 0.714286, 0.0, 0.0, 0.0, 0.142857, 0.0, 0.0, 0.0, 0.0, 0.0]",0
뱅듸승마클럽,5,1,"[0.0, 1.0, 0.0, 0.0, 0.0, 0.0, 0.0, 0.0, 0.0, 0.0, 0.0]",2
올레렌트카,10,7,"[0.0, 0.0, 0.0, 0.0, 0.0, 0.0, 0.0, 0.714286, 0.0, 0.0, 0.285714]",2
꽃과그늘민박,24,2,"[0.0, 1.0, 0.0, 0.0, 0.0, 0.0, 0.0, 0.0, 0.0, 0.0, 0.0]",2
만배회센타,11,2,"[0.5, 0.0, 0.0, 0.0, 0.5, 0.0, 0.0, 0.0, 0.0, 0.0, 0.0]",0
담돌국수,11,1,"[0.0, 0.0, 0.0, 0.0, 0.0, 0.0, 0.0, 0.0, 1.0, 0.0, 0.0]",0
올리브영 제주연동점,4,1,"[0.0, 0.0, 0.0, 0.0, 0.0, 1.0, 0.0, 0.0, 0.0, 0.0, 0.0]",2
더 리틀 코너 The little corner,4,1,"[0.0, 0.0, 0.0, 0.0, 0.0, 1.0, 0.0, 0.0, 0.0, 0.0, 0.0]",2
2046호,11,1,"[0.0, 0.0, 0.0, 0.0, 0.0, 0.0, 0.0, 0.0, 1.0, 0.0, 0.0]",0
세븐일레븐 제주수동마을점,10,1,"[0.0, 0.0, 0.0, 0.0, 0.0, 0.0, 0.0, 0.0, 1.0, 0.0, 0.0]",2
새별,11,2,"[1.0, 0.0, 0.0, 0.0, 0.0, 0.0, 0.0, 0.0, 0.0, 0.0, 0.0]",0
오름지기,11,3,"[0.0, 0.333333, 0.0, 0.333333, 0.0, 0.333333, 0.0, 0.0, 0.0, 0.0, 0.0]",0
서귀포월드컵리조트,24,8,"[0.0, 0.0, 0.0, 0.375, 0.25, 0.0, 0.0, 0.375, 0.0, 0.0, 0.0]",2
낭뜰에쉼팡,11,5,"[0.2, 0.0, 0.0, 0.0, 0.4, 0.0, 0.0, 0.0, 0.2, 0.0, 0.2]",0
효섬마을초가집,11,4,"[0.0, 0.75, 0.0, 0.0, 0.25, 0.0, 0.0, 0.0, 0.0, 0.0, 0.0]",0
코데인커피로스터스,11,4,"[0.0, 0.75, 0.0, 0.25, 0.0, 0.0, 0.0, 0.0, 0.0, 0.0, 0.0]",1
영공방 제주점,10,1,"[0.0, 1.0, 0.0, 0.0, 0.0, 0.0, 0.0, 0.0, 0.0, 0.0, 0.0]",2
유공주유소,10,1,"[0.0, 0.0, 0.0, 0.0, 0.0, 1.0, 0.0, 0.0, 0.0, 0.0, 0.0]",2
카페브릭,11,5,"[0.0, 0.4, 0.2, 0.0, 0.2, 0.0, 0.0, 0.0, 0.2, 0.0, 0.0]",1
나르샤리조트,24,2,"[0.0, 0.0, 0.0, 0.0, 0.0, 0.0, 0.0, 1.0, 0.0, 0.0, 0.0]",2
오라디오라,11,2,"[0.5, 0.0, 0.0, 0.0, 0.5, 0.0, 0.0, 0.0, 0.0, 0.0, 0.0]",1
럼피 (LUMTP),11,2,"[0.0, 1.0, 0.0, 0.0, 0.0, 0.0, 0.0, 0.0, 0.0, 0.0, 0.0]",0
사계항,7,3,"[0.666667, 0.0, 0.0, 0.0, 0.333333, 0.0, 0.0, 0.0, 0.0, 0.0, 0.0]",2
GS25 제주산방산점,10,1,"[0.0, 0.0, 0.0, 0.0, 0.0, 0.0, 1.0, 0.0, 0.0, 0.0, 0.0]",2
빅트리,11,1,"[0.0, 0.0, 0.0, 0.0, 0.0, 0.0, 0.0, 0.0, 1.0, 0.0, 0.0]",1
사계월,11,1,"[0.0, 1.0, 0.0, 0.0, 0.0, 0.0, 0.0, 0.0, 0.0, 0.0, 0.0]",0
화순항,2,3,"[0.0, 0.0, 0.0, 1.0, 0.0, 0.0, 0.0, 0.0, 0.0, 0.0, 0.0]",2
해상,11,1,"[1.0, 0.0, 0.0, 0.0, 0.0, 0.0, 0.0, 0.0, 0.0, 0.0, 0.0]",0
24시얼큰시원생고기김치찌개 아라점,11,1,"[0.0, 0.0, 0.0, 0.0, 0.0, 1.0, 0.0, 0.0, 0.0, 0.0, 0.0]",0
걸쇠오름,1,2,"[0.0, 0.0, 0.0, 0.0, 1.0, 0.0, 0.0, 0.0, 0.0, 0.0, 0.0]",2
영성반점,11,1,"[0.0, 0.0, 0.0, 0.0, 1.0, 0.0, 0.0, 0.0, 0.0, 0.0, 0.0]",0
서민당,11,2,"[0.0, 0.5, 0.0, 0.0, 0.5, 0.0, 0.0, 0.0, 0.0, 0.0, 0.0]",0
준코뮤직타운 제주일도이동1호점,11,1,"[0.0, 0.0, 0.0, 0.0, 1.0, 0.0, 0.0, 0.0, 0.0, 0.0, 0.0]",0
느지리오름,1,5,"[0.0, 0.4, 0.0, 0.0, 0.2, 0.0, 0.0, 0.0, 0.4, 0.0, 0.0]",2
왕왕순대국밥몸국,11,2,"[0.0, 0.0, 0.0, 0.0, 0.5, 0.5, 0.0, 0.0, 0.0, 0.0, 0.0]",0
심바카레,11,4,"[0.0, 0.25, 0.0, 0.0, 0.25, 0.0, 0.0, 0.0, 0.25, 0.0, 0.25]",0
미술카페 쌤,11,1,"[0.0, 0.0, 0.0, 0.0, 1.0, 0.0, 0.0, 0.0, 0.0, 0.0, 0.0]",1
협재 마당게스트하우스,24,4,"[0.0, 1.0, 0.0, 0.0, 0.0, 0.0, 0.0, 0.0, 0.0, 0.0, 0.0]",2
제주미작,11,5,"[0.4, 0.4, 0.0, 0.0, 0.0, 0.0, 0.0, 0.0, 0.2, 0.0, 0.0]",1
바다를본돼지 제주노형점,11,3,"[0.0, 0.666667, 0.0, 0.0, 0.333333, 0.0, 0.0, 0.0, 0.0, 0.0, 0.0]",0
벨아벨카페,11,3,"[0.0, 0.0, 0.0, 0.0, 0.0, 0.0, 0.0, 0.0, 1.0, 0.0, 0.0]",1
숯불덮밥화리,11,6,"[0.0, 0.5, 0.0, 0.0, 0.333333, 0.0, 0.0, 0.0, 0.166667, 0.0, 0.0]",0
말로나카페,11,1,"[0.0, 1.0, 0.0, 0.0, 0.0, 0.0, 0.0, 0.0, 0.0, 0.0, 0.0]",1
제주 유,11,9,"[0.0, 1.0, 0.0, 0.0, 0.0, 0.0, 0.0, 0.0, 0.0, 0.0, 0.0]",0
행복 날개주유소 삼화석유직영,10,1,"[0.0, 0.0, 0.0, 0.0, 0.0, 1.0, 0.0, 0.0, 0.0, 0.0, 0.0]",2
염돈주유소,10,2,"[0.0, 0.0, 0.0, 0.0, 0.0, 0.0, 0.0, 0.0, 0.5, 0.0, 0.5]",2
제주향토음싣점,11,1,"[0.0, 0.0, 0.0, 0.0, 0.0, 0.0, 0.0, 0.0, 1.0, 0.0, 0.0]",0
짚불도,11,1,"[0.0, 0.0, 0.0, 0.0, 0.0, 0.0, 0.0, 0.0, 1.0, 0.0, 0.0]",0
스토브온 제주,11,5,"[0.0, 0.6, 0.0, 0.0, 0.2, 0.0, 0.2, 0.0, 0.0, 0.0, 0.0]",0
빽다방 서귀포성읍마을점,11,4,"[0.0, 0.25, 0.0, 0.0, 0.0, 0.25, 0.0, 0.0, 0.5, 0.0, 0.0]",1
제주커피,11,1,"[0.0, 0.0, 0.0, 0.0, 0.0, 1.0, 0.0, 0.0, 0.0, 0.0, 0.0]",1
성산짬뽕,11,5,"[0.2, 0.4, 0.0, 0.2, 0.0, 0.0, 0.0, 0.0, 0.2, 0.0, 0.0]",0
김녕오라이,11,12,"[0.083333, 0.833333, 0.083333, 0.0, 0.0, 0.0, 0.0, 0.0, 0.0, 0.0, 0.0]",0
엠제이호텔,24,4,"[0.0, 0.0, 0.0, 0.0, 0.0, 0.0, 0.0, 0.75, 0.0, 0.0, 0.25]",2
더오크라호텔,24,2,"[0.0, 0.0, 0.0, 0.0, 0.0, 0.5, 0.5, 0.0, 0.0, 0.0, 0.0]",2
애월바다향기펜션,24,1,"[0.0, 0.0, 0.0, 0.0, 0.0, 1.0, 0.0, 0.0, 0.0, 0.0, 0.0]",2
교래옹달샘,11,1,"[0.0, 0.0, 0.0, 0.0, 0.0, 0.0, 0.0, 1.0, 0.0, 0.0, 0.0]",0
제주한잔세화,10,4,"[0.0, 0.5, 0.0, 0.0, 0.0, 0.0, 0.0, 0.0, 0.5, 0.0, 0.0]",2
마방목지,1,9,"[0.555556, 0.111111, 0.0, 0.222222, 0.0, 0.0, 0.0, 0.0, 0.111111, 0.0, 0.0]",2
구좌농협하나로마트 중부점,10,13,"[0.0, 0.0, 0.0, 0.076923, 0.0, 0.153846, 0.0, 0.076923, 0.615385, 0.0, 0.076923]",2
도두항식당,11,4,"[0.0, 0.5, 0.0, 0.0, 0.0, 0.0, 0.0, 0.0, 0.5, 0.0, 0.0]",0
비자림길,11,2,"[0.0, 0.0, 0.0, 0.0, 0.0, 0.0, 0.0, 0.5, 0.5, 0.0, 0.0]",0
표선수산마트,10,8,"[0.0, 0.25, 0.0, 0.0, 0.5, 0.125, 0.0, 0.0, 0.125, 0.0, 0.0]",2
카페청굴물,11,7,"[0.285714, 0.428571, 0.0, 0.0, 0.0, 0.0, 0.0, 0.0, 0.285714, 0.0, 0.0]",1
토스카나호텔,24,12,"[0.083333, 0.25, 0.0, 0.083333, 0.333333, 0.0, 0.166667, 0.0, 0.0, 0.0, 0.083333]",2
토스카나호텔내 키즈카페,13,1,"[0.0, 0.0, 0.0, 0.0, 0.0, 1.0, 0.0, 0.0, 0.0, 0.0, 0.0]",2
야자수영농조합법인,13,1,"[0.0, 0.0, 0.0, 0.0, 0.0, 1.0, 0.0, 0.0, 0.0, 0.0, 0.0]",2
태백산 제주본점,11,1,"[0.0, 0.0, 0.0, 0.0, 1.0, 0.0, 0.0, 0.0, 0.0, 0.0, 0.0]",0
스타렌트카,10,8,"[0.0, 0.0, 0.0, 0.375, 0.125, 0.0, 0.125, 0.125, 0.0, 0.0, 0.25]",2
포토이즘스튜디오 제주점,13,1,"[0.0, 1.0, 0.0, 0.0, 0.0, 0.0, 0.0, 0.0, 0.0, 0.0, 0.0]",2
해나게스트하우스,24,3,"[0.0, 0.0, 0.0, 0.0, 1.0, 0.0, 0.0, 0.0, 0.0, 0.0, 0.0]",2
아날로그감귤밭,13,1,"[1.0, 0.0, 0.0, 0.0, 0.0, 0.0, 0.0, 0.0, 0.0, 0.0, 0.0]",2
올레길 17코스(광령-제주원도심 올레),7,13,"[0.307692, 0.076923, 0.076923, 0.076923, 0.0, 0.0, 0.0, 0.0, 0.461538, 0.0, 0.0]",2
신화역사공원,2,3,"[0.666667, 0.0, 0.0, 0.0, 0.0, 0.0, 0.333333, 0.0, 0.0, 0.0, 0.0]",2
올리브영 제주중문점,10,3,"[0.0, 0.0, 0.0, 0.333333, 0.333333, 0.0, 0.0, 0.0, 0.333333, 0.0, 0.0]",2
다이소 서귀포동광점,4,3,"[0.0, 0.0, 0.0, 0.0, 0.0, 0.333333, 0.0, 0.0, 0.666667, 0.0, 0.0]",2
제주흑돼지 노형그때그집,11,1,"[0.0, 0.0, 0.0, 0.0, 0.0, 0.0, 0.0, 0.0, 0.0, 0.0, 1.0]",0
인생네컷 제주인생트레일러점,13,1,"[0.0, 0.0, 0.0, 0.0, 0.0, 0.0, 0.0, 0.0, 1.0, 0.0, 0.0]",2
스트롱베리,11,1,"[0.0, 0.0, 0.0, 0.0, 0.0, 0.0, 1.0, 0.0, 0.0, 0.0, 0.0]",1
우리회수산,11,5,"[0.2, 0.2, 0.0, 0.2, 0.0, 0.0, 0.0, 0.0, 0.2, 0.0, 0.2]",0
힛잇업,11,1,"[0.0, 0.0, 0.0, 0.0, 0.0, 0.0, 0.0, 0.0, 1.0, 0.0, 0.0]",0
세화카페텐더럽,11,3,"[0.0, 0.333333, 0.0, 0.0, 0.0, 0.0, 0.0, 0.0, 0.333333, 0.0, 0.333333]",1
리유니온,11,1,"[0.0, 0.0, 0.0, 0.0, 0.0, 1.0, 0.0, 0.0, 0.0, 0.0, 0.0]",0
포토그레이 제주점,4,1,"[0.0, 0.0, 0.0, 0.0, 0.0, 1.0, 0.0, 0.0, 0.0, 0.0, 0.0]",2
세리월드 카트레이싱,5,2,"[0.0, 0.5, 0.0, 0.0, 0.0, 0.0, 0.0, 0.0, 0.5, 0.0, 0.0]",2
탐나는팜,24,1,"[0.0, 1.0, 0.0, 0.0, 0.0, 0.0, 0.0, 0.0, 0.0, 0.0, 0.0]",2
바이킹배낚시,13,1,"[0.0, 1.0, 0.0, 0.0, 0.0, 0.0, 0.0, 0.0, 0.0, 0.0, 0.0]",2
앙끄레국수,11,1,"[0.0, 1.0, 0.0, 0.0, 0.0, 0.0, 0.0, 0.0, 0.0, 0.0, 0.0]",0
탐나는농장,13,1,"[0.0, 0.0, 0.0, 0.0, 0.0, 0.0, 0.0, 0.0, 0.0, 0.0, 1.0]",2
매일렌트카,10,4,"[0.0, 0.25, 0.0, 0.25, 0.0, 0.0, 0.0, 0.5, 0.0, 0.0, 0.0]",2
호텔버지니아,24,5,"[0.0, 0.0, 0.0, 0.0, 0.0, 0.2, 0.0, 0.4, 0.0, 0.0, 0.4]",2
매일올레돈,11,2,"[0.0, 1.0, 0.0, 0.0, 0.0, 0.0, 0.0, 0.0, 0.0, 0.0, 0.0]",0
산굼부리매표소,1,2,"[0.5, 0.5, 0.0, 0.0, 0.0, 0.0, 0.0, 0.0, 0.0, 0.0, 0.0]",2
카페갤럭시아,11,7,"[0.0, 0.714286, 0.0, 0.0, 0.0, 0.142857, 0.0, 0.0, 0.142857, 0.0, 0.0]",1
마하나임카페,11,1,"[0.0, 0.0, 0.0, 0.0, 0.0, 0.0, 0.0, 0.0, 1.0, 0.0, 0.0]",1
하얀산호카페,11,2,"[0.0, 0.0, 0.0, 0.0, 0.0, 0.0, 0.0, 0.0, 1.0, 0.0, 0.0]",1
이어돈성산그 두번째이야기,11,2,"[0.0, 1.0, 0.0, 0.0, 0.0, 0.0, 0.0, 0.0, 0.0, 0.0, 0.0]",0
Pickus 피커스,11,5,"[0.0, 0.6, 0.0, 0.0, 0.2, 0.2, 0.0, 0.0, 0.0, 0.0, 0.0]",0
우도해광식당,11,6,"[0.0, 0.333333, 0.0, 0.166667, 0.333333, 0.0, 0.0, 0.0, 0.166667, 0.0, 0.0]",0
하례감귤체험농장,13,8,"[0.0, 0.875, 0.0, 0.0, 0.0, 0.0, 0.0, 0.0, 0.0, 0.0, 0.125]",2
서귀포KAL호텔,24,14,"[0.071429, 0.285714, 0.0, 0.071429, 0.0, 0.0, 0.0, 0.071429, 0.071429, 0.0, 0.428571]",2
양혜정의 만능장,11,3,"[0.0, 0.666667, 0.0, 0.0, 0.0, 0.333333, 0.0, 0.0, 0.0, 0.0, 0.0]",0
로스트&헤븐,11,5,"[0.2, 0.2, 0.0, 0.0, 0.0, 0.0, 0.0, 0.0, 0.6, 0.0, 0.0]",0
노리터서핑스쿨,5,1,"[0.0, 0.0, 0.0, 0.0, 1.0, 0.0, 0.0, 0.0, 0.0, 0.0, 0.0]",2
작가의산책길,7,8,"[0.125, 0.0, 0.0, 0.125, 0.0, 0.25, 0.0, 0.0, 0.5, 0.0, 0.0]",2
조천수산,11,1,"[0.0, 0.0, 0.0, 0.0, 0.0, 0.0, 0.0, 1.0, 0.0, 0.0, 0.0]",0
카페느슨,11,3,"[0.0, 0.333333, 0.0, 0.0, 0.333333, 0.0, 0.0, 0.0, 0.0, 0.0, 0.333333]",1
함덕해장국,11,1,"[0.0, 0.0, 0.0, 1.0, 0.0, 0.0, 0.0, 0.0, 0.0, 0.0, 0.0]",0
호루의한끼,11,3,"[0.333333, 0.333333, 0.0, 0.333333, 0.0, 0.0, 0.0, 0.0, 0.0, 0.0, 0.0]",0
위호텔,24,4,"[0.25, 0.25, 0.25, 0.0, 0.0, 0.25, 0.0, 0.0, 0.0, 0.0, 0.0]",0
CGV 제주노형,3,2,"[0.0, 0.0, 0.0, 0.0, 0.0, 0.5, 0.5, 0.0, 0.0, 0.0, 0.0]",2
부커피,11,1,"[0.0, 0.0, 0.0, 0.0, 0.0, 1.0, 0.0, 0.0, 0.0, 0.0, 0.0]",1
아랑회초밥,11,2,"[0.0, 0.5, 0.0, 0.0, 0.0, 0.5, 0.0, 0.0, 0.0, 0.0, 0.0]",0
마모루,11,2,"[0.0, 0.5, 0.0, 0.5, 0.0, 0.0, 0.0, 0.0, 0.0, 0.0, 0.0]",0
동백정원,11,3,"[0.333333, 0.333333, 0.0, 0.0, 0.0, 0.0, 0.0, 0.0, 0.333333, 0.0, 0.0]",1
CU 제주금능해변점,10,1,"[0.0, 0.0, 0.0, 0.0, 0.0, 0.0, 0.0, 0.0, 0.0, 0.0, 1.0]",2
카페월령,11,1,"[0.0, 0.0, 0.0, 0.0, 0.0, 1.0, 0.0, 0.0, 0.0, 0.0, 0.0]",1
노리터서핑,5,2,"[0.0, 0.0, 0.0, 0.0, 0.5, 0.0, 0.0, 0.5, 0.0, 0.0, 0.0]",2
설빙 제주협재점,11,1,"[0.0, 0.0, 0.0, 0.0, 0.0, 0.0, 0.0, 0.0, 1.0, 0.0, 0.0]",0
슬레이트룸커피,11,1,"[0.0, 0.0, 0.0, 0.0, 1.0, 0.0, 0.0, 0.0, 0.0, 0.0, 0.0]",1
도리관광농원,11,1,"[0.0, 1.0, 0.0, 0.0, 0.0, 0.0, 0.0, 0.0, 0.0, 0.0, 0.0]",0
샤브마니아 제주스카이워터쇼점,1,1,"[0.0, 1.0, 0.0, 0.0, 0.0, 0.0, 0.0, 0.0, 0.0, 0.0, 0.0]",2
삼공오공식당,11,2,"[0.0, 1.0, 0.0, 0.0, 0.0, 0.0, 0.0, 0.0, 0.0, 0.0, 0.0]",0
모록밭,11,1,"[0.0, 1.0, 0.0, 0.0, 0.0, 0.0, 0.0, 0.0, 0.0, 0.0, 0.0]",0
제주자연생태공원,1,6,"[0.166667, 0.333333, 0.0, 0.0, 0.0, 0.0, 0.0, 0.0, 0.0, 0.333333, 0.166667]",2
취다선 티앤메디테이션,10,5,"[0.0, 0.6, 0.0, 0.2, 0.0, 0.0, 0.0, 0.0, 0.0, 0.0, 0.2]",2
서귀포예술의전당,3,12,"[0.166667, 0.166667, 0.166667, 0.166667, 0.0, 0.083333, 0.0, 0.083333, 0.0, 0.166667, 0.0]",2
수킹(SOOKING),11,2,"[0.0, 0.5, 0.0, 0.0, 0.5, 0.0, 0.0, 0.0, 0.0, 0.0, 0.0]",0
돌카롱 제주공항점,10,4,"[0.25, 0.25, 0.0, 0.0, 0.5, 0.0, 0.0, 0.0, 0.0, 0.0, 0.0]",0
장모님밥상,11,1,"[0.0, 0.0, 0.0, 0.0, 0.0, 0.0, 0.0, 0.0, 1.0, 0.0, 0.0]",0
쿠야,11,1,"[0.0, 0.0, 0.0, 0.0, 1.0, 0.0, 0.0, 0.0, 0.0, 0.0, 0.0]",0
마보기,1,4,"[0.25, 0.25, 0.0, 0.0, 0.25, 0.0, 0.0, 0.0, 0.0, 0.0, 0.25]",2
법환항,1,1,"[0.0, 1.0, 0.0, 0.0, 0.0, 0.0, 0.0, 0.0, 0.0, 0.0, 0.0]",2
또와리 중문점,11,1,"[0.0, 1.0, 0.0, 0.0, 0.0, 0.0, 0.0, 0.0, 0.0, 0.0, 0.0]",0
만덕이네,11,7,"[0.142857, 0.285714, 0.571429, 0.0, 0.0, 0.0, 0.0, 0.0, 0.0, 0.0, 0.0]",0
선스토리,24,5,"[0.0, 0.8, 0.0, 0.0, 0.0, 0.0, 0.2, 0.0, 0.0, 0.0, 0.0]",2
수스테이,24,1,"[0.0, 0.0, 0.0, 0.0, 0.0, 0.0, 0.0, 1.0, 0.0, 0.0, 0.0]",2
제주 쇠소깍 제트보트,5,1,"[0.0, 0.0, 0.0, 0.0, 0.0, 0.0, 0.0, 0.0, 1.0, 0.0, 0.0]",2
남원수제돈까스,11,2,"[0.0, 0.0, 0.0, 0.0, 0.0, 0.5, 0.0, 0.0, 0.5, 0.0, 0.0]",0
무지개렌트카,10,7,"[0.0, 0.0, 0.0, 0.0, 0.0, 0.0, 0.142857, 0.571429, 0.0, 0.0, 0.285714]",2
채우네소머리국밥,11,1,"[0.0, 0.0, 0.0, 0.0, 0.0, 0.0, 0.0, 0.0, 1.0, 0.0, 0.0]",0
롯데리아 제주표선해변점,11,3,"[0.0, 0.333333, 0.0, 0.0, 0.0, 0.0, 0.0, 0.0, 0.666667, 0.0, 0.0]",0
버들집,11,3,"[0.0, 0.333333, 0.0, 0.0, 0.0, 0.0, 0.0, 0.666667, 0.0, 0.0, 0.0]",0
꽃이피다앤블라썸,11,2,"[0.5, 0.0, 0.0, 0.5, 0.0, 0.0, 0.0, 0.0, 0.0, 0.0, 0.0]",0
한라막창,11,1,"[0.0, 0.0, 0.0, 0.0, 0.0, 0.0, 0.0, 1.0, 0.0, 0.0, 0.0]",0
아이미제주비치호텔,24,13,"[0.076923, 0.0, 0.0, 0.0, 0.0, 0.0, 0.0, 0.769231, 0.0, 0.0, 0.153846]",2
베니키아호텔 제주,24,14,"[0.0, 0.0, 0.0, 0.071429, 0.0, 0.142857, 0.0, 0.714286, 0.0, 0.0, 0.071429]",2
아리랑렌트카,10,14,"[0.0, 0.071429, 0.0, 0.0, 0.0, 0.0, 0.0, 0.571429, 0.0, 0.0, 0.357143]",2
카페공작소,11,5,"[0.2, 0.2, 0.0, 0.0, 0.2, 0.0, 0.0, 0.0, 0.4, 0.0, 0.0]",1
델문도 김녕점,11,11,"[0.363636, 0.363636, 0.0, 0.0, 0.181818, 0.0, 0.0, 0.0, 0.090909, 0.0, 0.0]",0
한라전복 성산본점,11,2,"[0.0, 1.0, 0.0, 0.0, 0.0, 0.0, 0.0, 0.0, 0.0, 0.0, 0.0]",0
뉴대한렌트카,10,12,"[0.0, 0.083333, 0.0, 0.0, 0.0, 0.0, 0.0, 0.583333, 0.0, 0.0, 0.333333]",2
흑돼지박스,11,2,"[0.0, 0.5, 0.0, 0.0, 0.0, 0.0, 0.0, 0.0, 0.5, 0.0, 0.0]",0
용용선생 제주연동점,11,3,"[0.0, 0.333333, 0.0, 0.0, 0.333333, 0.0, 0.0, 0.0, 0.333333, 0.0, 0.0]",0
1158흑돼지,11,2,"[0.0, 0.0, 0.0, 0.0, 0.0, 0.5, 0.0, 0.0, 0.5, 0.0, 0.0]",0
쌍둥이네,11,1,"[0.0, 0.0, 0.0, 0.0, 0.0, 1.0, 0.0, 0.0, 0.0, 0.0, 0.0]",0
제주김귤,11,2,"[0.0, 0.0, 0.0, 0.0, 0.0, 1.0, 0.0, 0.0, 0.0, 0.0, 0.0]",1
하올람커피,11,2,"[0.0, 0.0, 0.0, 0.0, 0.0, 0.5, 0.0, 0.0, 0.0, 0.0, 0.5]",1
우정회센타,11,8,"[0.0, 0.5, 0.0, 0.375, 0.0, 0.125, 0.0, 0.0, 0.0, 0.0, 0.0]",0
호텔스카이파크 제주1호점,24,4,"[0.0, 0.0, 0.0, 0.0, 0.0, 0.0, 0.0, 1.0, 0.0, 0.0, 0.0]",2
VT 하가 이스케이프,24,1,"[0.0, 1.0, 0.0, 0.0, 0.0, 0.0, 0.0, 0.0, 0.0, 0.0, 0.0]",2
제주동마트,10,3,"[0.333333, 0.0, 0.0, 0.0, 0.0, 0.0, 0.0, 0.333333, 0.333333, 0.0, 0.0]",2
우도예쁘다,11,3,"[0.0, 0.333333, 0.0, 0.0, 0.0, 0.0, 0.0, 0.0, 0.333333, 0.0, 0.333333]",0
더베스트제주성산,24,33,"[0.0, 0.090909, 0.0, 0.060606, 0.0, 0.060606, 0.090909, 0.484848, 0.0, 0.0, 0.212121]",0
어조횟집,11,3,"[0.0, 0.666667, 0.0, 0.0, 0.0, 0.333333, 0.0, 0.0, 0.0, 0.0, 0.0]",0
족풍,11,1,"[0.0, 1.0, 0.0, 0.0, 0.0, 0.0, 0.0, 0.0, 0.0, 0.0, 0.0]",0
제주영롱가,11,2,"[0.0, 0.0, 0.0, 0.0, 0.5, 0.5, 0.0, 0.0, 0.0, 0.0, 0.0]",0
제주본참숯불갈비,4,2,"[0.0, 0.5, 0.0, 0.0, 0.0, 0.0, 0.0, 0.0, 0.5, 0.0, 0.0]",0
갈치관,11,4,"[0.25, 0.5, 0.0, 0.0, 0.0, 0.25, 0.0, 0.0, 0.0, 0.0, 0.0]",0
서귀포장수해장국,11,2,"[0.0, 0.5, 0.0, 0.0, 0.5, 0.0, 0.0, 0.0, 0.0, 0.0, 0.0]",0
신태백관,11,1,"[0.0, 1.0, 0.0, 0.0, 0.0, 0.0, 0.0, 0.0, 0.0, 0.0, 0.0]",0
더하노이,11,2,"[0.0, 0.0, 0.0, 0.0, 0.0, 0.5, 0.0, 0.0, 0.5, 0.0, 0.0]",0
남호식당,11,3,"[0.0, 0.333333, 0.0, 0.0, 0.666667, 0.0, 0.0, 0.0, 0.0, 0.0, 0.0]",0
투썸플레이스 제주영어도시점,11,3,"[0.0, 0.0, 0.0, 0.0, 0.0, 0.0, 0.333333, 0.0, 0.666667, 0.0, 0.0]",0
시스터필드베이커리,11,5,"[0.4, 0.4, 0.0, 0.2, 0.0, 0.0, 0.0, 0.0, 0.0, 0.0, 0.0]",0
상상나무키즈펜션,24,3,"[0.0, 0.0, 0.0, 0.0, 0.0, 0.0, 0.333333, 0.666667, 0.0, 0.0, 0.0]",2
수망손칼국수,11,1,"[0.0, 0.0, 0.0, 0.0, 0.0, 0.0, 0.0, 1.0, 0.0, 0.0, 0.0]",0
위미항활어회센터,4,2,"[0.0, 0.5, 0.5, 0.0, 0.0, 0.0, 0.0, 0.0, 0.0, 0.0, 0.0]",0
텐저린카페,11,2,"[0.5, 0.5, 0.0, 0.0, 0.0, 0.0, 0.0, 0.0, 0.0, 0.0, 0.0]",1
신토불이식당,11,1,"[0.0, 0.0, 1.0, 0.0, 0.0, 0.0, 0.0, 0.0, 0.0, 0.0, 0.0]",0
타무라,11,3,"[0.0, 0.333333, 0.0, 0.333333, 0.0, 0.0, 0.0, 0.333333, 0.0, 0.0, 0.0]",0
서귀포칠십리시공원,1,10,"[0.2, 0.1, 0.0, 0.2, 0.1, 0.1, 0.0, 0.0, 0.2, 0.0, 0.1]",2
산방산우리동네,11,2,"[0.0, 0.5, 0.0, 0.0, 0.0, 0.5, 0.0, 0.0, 0.0, 0.0, 0.0]",0
코코티에,11,5,"[0.2, 0.2, 0.0, 0.0, 0.2, 0.2, 0.0, 0.0, 0.2, 0.0, 0.0]",0
자담하우스,24,2,"[0.0, 0.0, 0.0, 0.0, 0.0, 0.0, 0.0, 1.0, 0.0, 0.0, 0.0]",2
이레 메밀막국수,11,1,"[0.0, 0.0, 0.0, 0.0, 0.0, 0.0, 0.0, 0.0, 1.0, 0.0, 0.0]",0
피어22,11,3,"[0.333333, 0.333333, 0.0, 0.0, 0.333333, 0.0, 0.0, 0.0, 0.0, 0.0, 0.0]",0
골목깡통구이,11,4,"[0.0, 0.25, 0.0, 0.0, 0.75, 0.0, 0.0, 0.0, 0.0, 0.0, 0.0]",0
덕승식당,11,5,"[0.0, 0.2, 0.0, 0.2, 0.4, 0.0, 0.0, 0.0, 0.2, 0.0, 0.0]",0
길리추팡,11,3,"[0.333333, 0.333333, 0.0, 0.0, 0.333333, 0.0, 0.0, 0.0, 0.0, 0.0, 0.0]",0
엔크린주유소,10,1,"[0.0, 0.0, 0.0, 0.0, 0.0, 0.0, 0.0, 1.0, 0.0, 0.0, 0.0]",2
메르블루호텔,24,4,"[0.0, 1.0, 0.0, 0.0, 0.0, 0.0, 0.0, 0.0, 0.0, 0.0, 0.0]",2
김녕미항,11,1,"[0.0, 0.0, 0.0, 0.0, 0.0, 1.0, 0.0, 0.0, 0.0, 0.0, 0.0]",0
도련감귤나무숲,13,8,"[0.125, 0.375, 0.0, 0.0, 0.0, 0.25, 0.0, 0.0, 0.0, 0.125, 0.125]",2
돈뜨레 용담점,11,2,"[0.0, 0.5, 0.0, 0.0, 0.5, 0.0, 0.0, 0.0, 0.0, 0.0, 0.0]",0
간또,11,1,"[0.0, 0.0, 0.0, 0.0, 1.0, 0.0, 0.0, 0.0, 0.0, 0.0, 0.0]",0
커큐민흑돼지,11,6,"[0.333333, 0.333333, 0.0, 0.0, 0.166667, 0.0, 0.0, 0.0, 0.0, 0.0, 0.166667]",0
제주항일기념관,2,4,"[0.25, 0.0, 0.0, 0.0, 0.0, 0.0, 0.0, 0.0, 0.0, 0.75, 0.0]",2
원조부안집 연동점,11,1,"[0.0, 1.0, 0.0, 0.0, 0.0, 0.0, 0.0, 0.0, 0.0, 0.0, 0.0]",0
테이블앤데스크,11,1,"[1.0, 0.0, 0.0, 0.0, 0.0, 0.0, 0.0, 0.0, 0.0, 0.0, 0.0]",0
돌담통닭,11,3,"[0.333333, 0.666667, 0.0, 0.0, 0.0, 0.0, 0.0, 0.0, 0.0, 0.0, 0.0]",0
곽지해녀의집,11,5,"[0.0, 0.0, 0.2, 0.2, 0.0, 0.0, 0.0, 0.2, 0.4, 0.0, 0.0]",0
은희네해장국 함덕점,11,3,"[0.0, 0.333333, 0.0, 0.333333, 0.0, 0.0, 0.0, 0.0, 0.333333, 0.0, 0.0]",0
올레길 3-A코스(온평-표선 올레),7,1,"[0.0, 0.0, 0.0, 1.0, 0.0, 0.0, 0.0, 0.0, 0.0, 0.0, 0.0]",2
월정투명카약,5,8,"[0.25, 0.25, 0.0, 0.125, 0.0, 0.0, 0.0, 0.0, 0.25, 0.125, 0.0]",2
역전할머니맥주,11,1,"[0.0, 0.0, 0.0, 0.0, 0.0, 0.0, 0.0, 1.0, 0.0, 0.0, 0.0]",0
홀라인 제주평대점,4,4,"[0.0, 0.0, 0.0, 0.5, 0.0, 0.0, 0.25, 0.0, 0.25, 0.0, 0.0]",2
돌빌레,11,2,"[0.0, 0.0, 0.0, 1.0, 0.0, 0.0, 0.0, 0.0, 0.0, 0.0, 0.0]",0
브릿지레지던스호텔,24,15,"[0.0, 0.0, 0.0, 0.0, 0.0, 0.0, 0.333333, 0.666667, 0.0, 0.0, 0.0]",2
홀라인 협재점,10,2,"[0.0, 0.5, 0.0, 0.0, 0.0, 0.0, 0.0, 0.0, 0.5, 0.0, 0.0]",2
역전할머니맥주 서귀포신시가지점,11,3,"[0.0, 0.333333, 0.0, 0.0, 0.0, 0.0, 0.0, 0.333333, 0.333333, 0.0, 0.0]",0
버거307 제주함덕점,11,5,"[0.0, 0.2, 0.0, 0.0, 0.0, 0.0, 0.0, 0.0, 0.8, 0.0, 0.0]",0
올레길 19코스(조천-김녕 올레),7,7,"[0.285714, 0.0, 0.0, 0.142857, 0.0, 0.0, 0.0, 0.0, 0.571429, 0.0, 0.0]",2
푸른달이레,11,1,"[0.0, 0.0, 0.0, 0.0, 0.0, 0.0, 0.0, 0.0, 1.0, 0.0, 0.0]",0
GS25 제주에코그린점,10,1,"[0.0, 0.0, 0.0, 0.0, 0.0, 0.0, 1.0, 0.0, 0.0, 0.0, 0.0]",2
청춘당꽈배기 서귀점,4,2,"[0.0, 0.0, 0.0, 0.0, 0.0, 0.0, 0.0, 0.0, 1.0, 0.0, 0.0]",0
아놔고,11,2,"[0.0, 1.0, 0.0, 0.0, 0.0, 0.0, 0.0, 0.0, 0.0, 0.0, 0.0]",0
다래향,11,4,"[0.25, 0.25, 0.0, 0.25, 0.25, 0.0, 0.0, 0.0, 0.0, 0.0, 0.0]",0
서프라이즈테마파크,6,4,"[0.5, 0.0, 0.0, 0.0, 0.0, 0.0, 0.0, 0.0, 0.0, 0.0, 0.5]",2
투썸플레이스 제주루마인점,11,2,"[0.0, 0.0, 0.0, 0.0, 0.0, 0.5, 0.0, 0.0, 0.5, 0.0, 0.0]",0
에그인선셋,11,3,"[0.0, 0.0, 0.0, 0.0, 0.0, 0.333333, 0.0, 0.0, 0.0, 0.0, 0.666667]",0
하늘래기교래국수촌,11,1,"[0.0, 0.0, 0.0, 0.0, 0.0, 0.0, 0.0, 0.0, 1.0, 0.0, 0.0]",0
예원,11,2,"[0.0, 0.5, 0.0, 0.0, 0.5, 0.0, 0.0, 0.0, 0.0, 0.0, 0.0]",0
돌담위에흑돼지,11,4,"[0.0, 0.5, 0.0, 0.0, 0.25, 0.25, 0.0, 0.0, 0.0, 0.0, 0.0]",0
런던1972,11,1,"[0.0, 0.0, 0.0, 0.0, 0.0, 0.0, 0.0, 0.0, 1.0, 0.0, 0.0]",0
호텔제이힐,24,9,"[0.0, 0.0, 0.0, 0.111111, 0.0, 0.0, 0.111111, 0.666667, 0.0, 0.0, 0.111111]",2
늘조은명품흑돼지 2호점,11,1,"[0.0, 1.0, 0.0, 0.0, 0.0, 0.0, 0.0, 0.0, 0.0, 0.0, 0.0]",0
수희식당,11,4,"[0.25, 0.5, 0.0, 0.0, 0.0, 0.25, 0.0, 0.0, 0.0, 0.0, 0.0]",0
스카이호텔,24,6,"[0.0, 0.166667, 0.0, 0.0, 0.166667, 0.0, 0.166667, 0.5, 0.0, 0.0, 0.0]",2
단소바,11,1,"[0.0, 0.0, 0.0, 0.0, 1.0, 0.0, 0.0, 0.0, 0.0, 0.0, 0.0]",0
난산리 식당,11,4,"[0.75, 0.25, 0.0, 0.0, 0.0, 0.0, 0.0, 0.0, 0.0, 0.0, 0.0]",0
진주식당,11,3,"[0.0, 0.666667, 0.0, 0.0, 0.0, 0.0, 0.0, 0.0, 0.0, 0.0, 0.333333]",0
봄사무소,10,5,"[0.0, 1.0, 0.0, 0.0, 0.0, 0.0, 0.0, 0.0, 0.0, 0.0, 0.0]",2
카페브리프,11,1,"[0.0, 1.0, 0.0, 0.0, 0.0, 0.0, 0.0, 0.0, 0.0, 0.0, 0.0]",1
하버호텔,24,6,"[0.0, 0.0, 0.0, 0.0, 0.0, 0.0, 0.0, 1.0, 0.0, 0.0, 0.0]",2
컴컴제주,11,2,"[0.0, 1.0, 0.0, 0.0, 0.0, 0.0, 0.0, 0.0, 0.0, 0.0, 0.0]",0
뉴맨하탄관광호텔,24,1,"[0.0, 0.0, 0.0, 0.0, 0.0, 0.0, 0.0, 0.0, 0.0, 0.0, 1.0]",2
제주이야기 용두암점,10,5,"[0.0, 0.2, 0.0, 0.2, 0.0, 0.0, 0.0, 0.0, 0.6, 0.0, 0.0]",2
카페도두,11,3,"[0.0, 0.0, 0.0, 0.0, 0.0, 0.0, 0.0, 0.0, 1.0, 0.0, 0.0]",1
어영소공원,1,2,"[0.0, 0.0, 0.0, 0.0, 0.0, 0.0, 0.0, 0.0, 1.0, 0.0, 0.0]",2
성화주유소,10,1,"[0.0, 0.0, 0.0, 0.0, 0.0, 0.0, 0.0, 0.0, 1.0, 0.0, 0.0]",2
숙성도실버,11,5,"[0.0, 0.2, 0.0, 0.2, 0.4, 0.0, 0.0, 0.0, 0.2, 0.0, 0.0]",0
CU 제주메르블루점,10,1,"[0.0, 0.0, 0.0, 0.0, 0.0, 1.0, 0.0, 0.0, 0.0, 0.0, 0.0]",2
한라산조랑말,11,1,"[0.0, 1.0, 0.0, 0.0, 0.0, 0.0, 0.0, 0.0, 0.0, 0.0, 0.0]",0
무릉외갓집,8,3,"[0.0, 0.333333, 0.0, 0.0, 0.0, 0.0, 0.0, 0.0, 0.0, 0.0, 0.666667]",2
에이바우트 한라수목원점,11,1,"[0.0, 0.0, 0.0, 0.0, 0.0, 0.0, 0.0, 0.0, 1.0, 0.0, 0.0]",0
곶자왈화덕피자,11,1,"[0.0, 1.0, 0.0, 0.0, 0.0, 0.0, 0.0, 0.0, 0.0, 0.0, 0.0]",0
소랑벨101,11,1,"[0.0, 0.0, 0.0, 0.0, 0.0, 0.0, 0.0, 0.0, 1.0, 0.0, 0.0]",0
서귀포층 패류화석산지,1,2,"[0.5, 0.0, 0.0, 0.0, 0.0, 0.0, 0.0, 0.0, 0.0, 0.5, 0.0]",2
제주로움,11,5,"[0.0, 1.0, 0.0, 0.0, 0.0, 0.0, 0.0, 0.0, 0.0, 0.0, 0.0]",0
바다야펜션,24,9,"[0.0, 0.0, 0.0, 0.0, 0.0, 0.111111, 0.0, 0.888889, 0.0, 0.0, 0.0]",2
김녕사굴,1,1,"[0.0, 0.0, 0.0, 0.0, 0.0, 0.0, 0.0, 0.0, 0.0, 1.0, 0.0]",2
골목,11,13,"[0.230769, 0.230769, 0.0, 0.153846, 0.384615, 0.0, 0.0, 0.0, 0.0, 0.0, 0.0]",0
BBQ 제주함덕점,11,1,"[0.0, 0.0, 0.0, 1.0, 0.0, 0.0, 0.0, 0.0, 0.0, 0.0, 0.0]",0
벵뒤굴,1,1,"[0.0, 0.0, 0.0, 0.0, 0.0, 0.0, 0.0, 0.0, 0.0, 1.0, 0.0]",2
무무,11,1,"[0.0, 0.0, 0.0, 0.0, 1.0, 0.0, 0.0, 0.0, 0.0, 0.0, 0.0]",1
모멘터리커피,11,1,"[0.0, 1.0, 0.0, 0.0, 0.0, 0.0, 0.0, 0.0, 0.0, 0.0, 0.0]",1
은희네해장국 성산점,11,3,"[0.0, 0.0, 0.0, 0.666667, 0.0, 0.0, 0.0, 0.0, 0.333333, 0.0, 0.0]",0
제주도감,11,3,"[0.0, 1.0, 0.0, 0.0, 0.0, 0.0, 0.0, 0.0, 0.0, 0.0, 0.0]",0
라헌,11,1,"[0.0, 0.0, 0.0, 0.0, 0.0, 0.0, 0.0, 0.0, 1.0, 0.0, 0.0]",1
또랑게스트하우스,24,10,"[0.0, 0.1, 0.0, 0.0, 0.0, 0.3, 0.3, 0.2, 0.0, 0.0, 0.1]",2
올레수제초밥,11,1,"[0.0, 0.0, 0.0, 0.0, 0.0, 0.0, 0.0, 0.0, 1.0, 0.0, 0.0]",0
새섬,1,3,"[0.333333, 0.0, 0.0, 0.0, 0.0, 0.666667, 0.0, 0.0, 0.0, 0.0, 0.0]",2
국수사랑,11,1,"[0.0, 0.0, 0.0, 0.0, 0.0, 0.0, 0.0, 0.0, 1.0, 0.0, 0.0]",0
제주탑해장국앤돈가스 본점,11,2,"[0.0, 0.0, 0.0, 0.0, 0.0, 0.0, 0.0, 0.0, 1.0, 0.0, 0.0]",0
태흥교회,2,1,"[0.0, 0.0, 0.0, 0.0, 0.0, 0.0, 0.0, 0.0, 0.0, 0.0, 1.0]",2
한림수협 다목적어업인종합지원센터,4,1,"[0.0, 0.0, 0.0, 0.0, 0.0, 1.0, 0.0, 0.0, 0.0, 0.0, 0.0]",2
컴포즈커피 제주한림점,11,1,"[0.0, 0.0, 0.0, 0.0, 0.0, 1.0, 0.0, 0.0, 0.0, 0.0, 0.0]",1
카페하리,11,1,"[0.0, 0.0, 0.0, 0.0, 0.0, 1.0, 0.0, 0.0, 0.0, 0.0, 0.0]",1
한림 작은영화관,3,3,"[0.0, 0.333333, 0.0, 0.333333, 0.0, 0.0, 0.0, 0.333333, 0.0, 0.0, 0.0]",2
맛있는폴부엌,11,2,"[0.5, 0.5, 0.0, 0.0, 0.0, 0.0, 0.0, 0.0, 0.0, 0.0, 0.0]",0
글로스터호텔제주,24,19,"[0.0, 0.0, 0.0, 0.0, 0.105263, 0.315789, 0.0, 0.421053, 0.0, 0.0, 0.157895]",2
김명자굴국밥 제주본점,11,1,"[0.0, 1.0, 0.0, 0.0, 0.0, 0.0, 0.0, 0.0, 0.0, 0.0, 0.0]",0
정모시쉼터,1,2,"[0.0, 0.5, 0.0, 0.5, 0.0, 0.0, 0.0, 0.0, 0.0, 0.0, 0.0]",2
취향의섬 북앤띵즈,10,4,"[0.25, 0.5, 0.0, 0.0, 0.0, 0.0, 0.0, 0.0, 0.25, 0.0, 0.0]",2
남도고기국수,11,1,"[0.0, 1.0, 0.0, 0.0, 0.0, 0.0, 0.0, 0.0, 0.0, 0.0, 0.0]",0
솔빛바다,11,1,"[0.0, 1.0, 0.0, 0.0, 0.0, 0.0, 0.0, 0.0, 0.0, 0.0, 0.0]",0
손두부집,11,2,"[0.0, 0.5, 0.0, 0.0, 0.0, 0.0, 0.0, 0.0, 0.5, 0.0, 0.0]",0
신효귤향과즐판매점,10,1,"[0.0, 1.0, 0.0, 0.0, 0.0, 0.0, 0.0, 0.0, 0.0, 0.0, 0.0]",2
제주가좋아서,24,2,"[0.0, 1.0, 0.0, 0.0, 0.0, 0.0, 0.0, 0.0, 0.0, 0.0, 0.0]",2
은희네흑돼지,11,1,"[0.0, 0.0, 0.0, 0.0, 0.0, 0.0, 0.0, 1.0, 0.0, 0.0, 0.0]",0
전망대횟집,11,2,"[0.0, 1.0, 0.0, 0.0, 0.0, 0.0, 0.0, 0.0, 0.0, 0.0, 0.0]",0
캐니언파크 제주점,13,5,"[0.2, 0.2, 0.0, 0.0, 0.0, 0.2, 0.0, 0.0, 0.0, 0.2, 0.2]",2
제주스쿠터투어,5,2,"[0.0, 0.0, 0.0, 0.0, 0.0, 0.0, 0.0, 0.0, 0.0, 0.0, 1.0]",2
윈스카이호텔,24,17,"[0.0, 0.0, 0.0, 0.0, 0.352941, 0.235294, 0.0, 0.176471, 0.0, 0.0, 0.235294]",2
주상절리대,1,4,"[0.5, 0.0, 0.0, 0.0, 0.25, 0.0, 0.0, 0.0, 0.0, 0.25, 0.0]",2
옹포리 한림협재본점,11,1,"[1.0, 0.0, 0.0, 0.0, 0.0, 0.0, 0.0, 0.0, 0.0, 0.0, 0.0]",0
탐라밸리,11,2,"[0.0, 0.0, 0.0, 0.0, 0.0, 0.5, 0.0, 0.0, 0.5, 0.0, 0.0]",0
백록집,11,5,"[0.0, 1.0, 0.0, 0.0, 0.0, 0.0, 0.0, 0.0, 0.0, 0.0, 0.0]",0
돈키쥬쥬,13,1,"[0.0, 0.0, 0.0, 0.0, 0.0, 0.0, 0.0, 0.0, 1.0, 0.0, 0.0]",2
손맛촌,11,7,"[0.0, 0.714286, 0.0, 0.0, 0.0, 0.142857, 0.0, 0.0, 0.142857, 0.0, 0.0]",0
히든클리프호텔&네이쳐,24,24,"[0.291667, 0.291667, 0.0, 0.041667, 0.125, 0.0, 0.125, 0.041667, 0.0, 0.0, 0.083333]",2
에이바우트커피 삼무공원점,11,3,"[0.0, 0.0, 0.0, 0.0, 0.0, 0.333333, 0.0, 0.666667, 0.0, 0.0, 0.0]",1
중식당 화월랑,11,1,"[0.0, 0.0, 0.0, 0.0, 0.0, 0.0, 0.0, 0.0, 1.0, 0.0, 0.0]",0
카페깅코,11,2,"[0.0, 0.5, 0.0, 0.0, 0.0, 0.0, 0.0, 0.0, 0.5, 0.0, 0.0]",1
아싸살아있네,11,1,"[0.0, 1.0, 0.0, 0.0, 0.0, 0.0, 0.0, 0.0, 0.0, 0.0, 0.0]",0
남문 숯불바베큐&치킨 신제주점,11,1,"[0.0, 0.0, 0.0, 0.0, 1.0, 0.0, 0.0, 0.0, 0.0, 0.0, 0.0]",0
화리,11,3,"[0.0, 0.666667, 0.0, 0.0, 0.333333, 0.0, 0.0, 0.0, 0.0, 0.0, 0.0]",0
수마포해안,1,2,"[0.0, 0.0, 0.0, 0.0, 0.0, 0.0, 0.0, 0.0, 1.0, 0.0, 0.0]",2
우뭇개일번지,11,5,"[0.0, 0.2, 0.0, 0.0, 0.0, 0.2, 0.0, 0.0, 0.6, 0.0, 0.0]",0
선녀바위,1,1,"[1.0, 0.0, 0.0, 0.0, 0.0, 0.0, 0.0, 0.0, 0.0, 0.0, 0.0]",2
통발,11,6,"[0.0, 0.5, 0.0, 0.0, 0.166667, 0.0, 0.0, 0.166667, 0.166667, 0.0, 0.0]",0
제주올래국수,11,2,"[0.0, 0.5, 0.0, 0.0, 0.0, 0.0, 0.0, 0.0, 0.5, 0.0, 0.0]",0
하효살롱협동조합,13,3,"[0.333333, 0.666667, 0.0, 0.0, 0.0, 0.0, 0.0, 0.0, 0.0, 0.0, 0.0]",2
성읍랜드,5,2,"[1.0, 0.0, 0.0, 0.0, 0.0, 0.0, 0.0, 0.0, 0.0, 0.0, 0.0]",2
제주참더덕과흑돼지,11,1,"[0.0, 0.0, 0.0, 0.0, 1.0, 0.0, 0.0, 0.0, 0.0, 0.0, 0.0]",0
수산한못,1,10,"[0.1, 0.2, 0.0, 0.1, 0.3, 0.0, 0.0, 0.0, 0.2, 0.0, 0.1]",2
한림일품,11,1,"[0.0, 1.0, 0.0, 0.0, 0.0, 0.0, 0.0, 0.0, 0.0, 0.0, 0.0]",0
제주바다해찬,11,6,"[0.0, 0.833333, 0.0, 0.0, 0.0, 0.0, 0.0, 0.0, 0.166667, 0.0, 0.0]",0
맛집칼국수,11,5,"[0.0, 0.8, 0.0, 0.0, 0.0, 0.2, 0.0, 0.0, 0.0, 0.0, 0.0]",0
브루클린 제주,11,2,"[0.5, 0.5, 0.0, 0.0, 0.0, 0.0, 0.0, 0.0, 0.0, 0.0, 0.0]",0
카페유주,11,4,"[0.0, 0.25, 0.0, 0.0, 0.25, 0.0, 0.0, 0.0, 0.5, 0.0, 0.0]",1
탑스텐빌라드애월 제주,24,5,"[0.0, 0.4, 0.0, 0.0, 0.0, 0.0, 0.0, 0.4, 0.0, 0.0, 0.2]",2
예그,10,1,"[0.0, 1.0, 0.0, 0.0, 0.0, 0.0, 0.0, 0.0, 0.0, 0.0, 0.0]",2
서문떡볶이 시청점,11,1,"[0.0, 1.0, 0.0, 0.0, 0.0, 0.0, 0.0, 0.0, 0.0, 0.0, 0.0]",0
진진,11,2,"[0.0, 0.5, 0.0, 0.5, 0.0, 0.0, 0.0, 0.0, 0.0, 0.0, 0.0]",0
뽈살집 한림점,11,8,"[0.0, 0.375, 0.0, 0.0, 0.625, 0.0, 0.0, 0.0, 0.0, 0.0, 0.0]",0
오복떡집,10,1,"[0.0, 0.0, 0.0, 1.0, 0.0, 0.0, 0.0, 0.0, 0.0, 0.0, 0.0]",2
카페띠아모 서귀포서홍점,11,1,"[0.0, 0.0, 0.0, 0.0, 0.0, 0.0, 0.0, 0.0, 1.0, 0.0, 0.0]",1
플로티에가든,11,2,"[0.0, 0.5, 0.0, 0.0, 0.5, 0.0, 0.0, 0.0, 0.0, 0.0, 0.0]",0
그랜드밀리언스호텔 서귀포,24,10,"[0.0, 0.2, 0.0, 0.0, 0.0, 0.0, 0.0, 0.8, 0.0, 0.0, 0.0]",2
카페이피엘,11,5,"[0.4, 0.4, 0.0, 0.2, 0.0, 0.0, 0.0, 0.0, 0.0, 0.0, 0.0]",1
하마다게스트하우스,24,2,"[0.0, 1.0, 0.0, 0.0, 0.0, 0.0, 0.0, 0.0, 0.0, 0.0, 0.0]",2
공새미59,11,2,"[0.0, 1.0, 0.0, 0.0, 0.0, 0.0, 0.0, 0.0, 0.0, 0.0, 0.0]",0
사진말전문갤러리 마음빛그리미,3,2,"[0.0, 0.5, 0.0, 0.0, 0.0, 0.0, 0.0, 0.0, 0.5, 0.0, 0.0]",2
한남리머체왓숲길,1,6,"[0.666667, 0.166667, 0.0, 0.0, 0.166667, 0.0, 0.0, 0.0, 0.0, 0.0, 0.0]",2
섬소나이 위미점,11,3,"[0.0, 1.0, 0.0, 0.0, 0.0, 0.0, 0.0, 0.0, 0.0, 0.0, 0.0]",0
루씨쏜아뜰리에,13,1,"[0.0, 0.0, 0.0, 0.0, 0.0, 0.0, 0.0, 0.0, 0.0, 1.0, 0.0]",2
호텔휴식 서귀포,24,10,"[0.0, 0.2, 0.0, 0.1, 0.0, 0.1, 0.0, 0.3, 0.0, 0.0, 0.3]",2
용연보말칼국수,11,2,"[0.0, 0.0, 0.0, 0.0, 0.5, 0.5, 0.0, 0.0, 0.0, 0.0, 0.0]",0
제주엔젤렌트카,10,17,"[0.0, 0.117647, 0.0, 0.176471, 0.176471, 0.058824, 0.058824, 0.294118, 0.0, 0.0, 0.117647]",2
위드펫민박,24,2,"[0.0, 1.0, 0.0, 0.0, 0.0, 0.0, 0.0, 0.0, 0.0, 0.0, 0.0]",2
텐저린맨션,24,3,"[0.333333, 0.333333, 0.0, 0.0, 0.0, 0.0, 0.0, 0.0, 0.0, 0.333333, 0.0]",2
서귀포시축협 축산물플라자 성산점,11,1,"[0.0, 0.0, 0.0, 0.0, 1.0, 0.0, 0.0, 0.0, 0.0, 0.0, 0.0]",0
동뜬식당,11,1,"[0.0, 0.0, 0.0, 0.0, 0.0, 0.0, 0.0, 0.0, 1.0, 0.0, 0.0]",0
훈데르트힐즈,24,11,"[0.454545, 0.181818, 0.0, 0.0, 0.090909, 0.0, 0.181818, 0.0, 0.090909, 0.0, 0.0]",1
소머리오름,7,1,"[0.0, 0.0, 0.0, 0.0, 0.0, 0.0, 0.0, 0.0, 1.0, 0.0, 0.0]",2
태흥연가,24,2,"[0.0, 0.0, 0.0, 0.0, 0.0, 0.0, 1.0, 0.0, 0.0, 0.0, 0.0]",2
레스토랑점심,11,1,"[0.0, 0.0, 0.0, 0.0, 1.0, 0.0, 0.0, 0.0, 0.0, 0.0, 0.0]",0
흑돼지스토리,11,1,"[0.0, 1.0, 0.0, 0.0, 0.0, 0.0, 0.0, 0.0, 0.0, 0.0, 0.0]",0
하례정원,1,2,"[0.5, 0.0, 0.0, 0.5, 0.0, 0.0, 0.0, 0.0, 0.0, 0.0, 0.0]",0
신양섭지해수욕장,1,15,"[0.266667, 0.0, 0.0, 0.133333, 0.066667, 0.2, 0.0, 0.0, 0.333333, 0.0, 0.0]",2
휘닉스제주,24,37,"[0.054054, 0.081081, 0.0, 0.216216, 0.189189, 0.054054, 0.243243, 0.0, 0.0, 0.0, 0.162162]",2
국수바다 본점,11,11,"[0.090909, 0.454545, 0.090909, 0.090909, 0.181818, 0.0, 0.0, 0.0, 0.0, 0.0, 0.090909]",0
금돗,11,6,"[0.166667, 0.5, 0.166667, 0.0, 0.0, 0.0, 0.0, 0.0, 0.166667, 0.0, 0.0]",0
연이네,11,2,"[0.0, 0.0, 0.0, 0.0, 0.0, 0.0, 0.0, 0.0, 1.0, 0.0, 0.0]",0
어리목매표소,1,2,"[1.0, 0.0, 0.0, 0.0, 0.0, 0.0, 0.0, 0.0, 0.0, 0.0, 0.0]",2
우도정원,1,9,"[0.333333, 0.555556, 0.0, 0.111111, 0.0, 0.0, 0.0, 0.0, 0.0, 0.0, 0.0]",2
재주시올레시장,4,1,"[0.0, 0.0, 0.0, 1.0, 0.0, 0.0, 0.0, 0.0, 0.0, 0.0, 0.0]",2
우도이모네식당,11,1,"[0.0, 1.0, 0.0, 0.0, 0.0, 0.0, 0.0, 0.0, 0.0, 0.0, 0.0]",0
마돈가제트,11,2,"[0.0, 1.0, 0.0, 0.0, 0.0, 0.0, 0.0, 0.0, 0.0, 0.0, 0.0]",0
국시트멍,11,13,"[0.153846, 0.384615, 0.0, 0.153846, 0.230769, 0.0, 0.0, 0.0, 0.076923, 0.0, 0.0]",0
제주등대아구찜,11,3,"[0.0, 0.333333, 0.0, 0.333333, 0.333333, 0.0, 0.0, 0.0, 0.0, 0.0, 0.0]",0
금데기횟집,11,3,"[0.0, 0.666667, 0.0, 0.0, 0.333333, 0.0, 0.0, 0.0, 0.0, 0.0, 0.0]",0
페이지672,24,3,"[0.0, 1.0, 0.0, 0.0, 0.0, 0.0, 0.0, 0.0, 0.0, 0.0, 0.0]",2
일품순두부 애월점,11,2,"[0.0, 0.0, 0.0, 0.0, 0.5, 0.0, 0.0, 0.0, 0.5, 0.0, 0.0]",0
모해통갈치화덕구이,11,1,"[0.0, 0.0, 0.0, 0.0, 1.0, 0.0, 0.0, 0.0, 0.0, 0.0, 0.0]",0
고요새,11,5,"[0.4, 0.4, 0.0, 0.0, 0.2, 0.0, 0.0, 0.0, 0.0, 0.0, 0.0]",1
돌카롱 사려니숲길본점,11,4,"[0.25, 0.25, 0.0, 0.0, 0.0, 0.0, 0.0, 0.0, 0.5, 0.0, 0.0]",0
베큠,11,3,"[0.333333, 0.333333, 0.0, 0.0, 0.0, 0.0, 0.0, 0.0, 0.333333, 0.0, 0.0]",1
모이세해장국 본점,11,4,"[0.25, 0.25, 0.25, 0.0, 0.25, 0.0, 0.0, 0.0, 0.0, 0.0, 0.0]",0
해든빌레펜션,24,3,"[0.0, 0.333333, 0.0, 0.0, 0.0, 0.0, 0.0, 0.333333, 0.0, 0.0, 0.333333]",2
제지기오름,1,3,"[0.0, 0.333333, 0.333333, 0.333333, 0.0, 0.0, 0.0, 0.0, 0.0, 0.0, 0.0]",2
가회식당,11,1,"[0.0, 0.0, 0.0, 0.0, 0.0, 0.0, 0.0, 0.0, 1.0, 0.0, 0.0]",0
도어스,10,2,"[0.0, 0.5, 0.0, 0.0, 0.5, 0.0, 0.0, 0.0, 0.0, 0.0, 0.0]",0
올레서울식당,11,1,"[0.0, 1.0, 0.0, 0.0, 0.0, 0.0, 0.0, 0.0, 0.0, 0.0, 0.0]",0
순옥이네 명가 함덕점,11,3,"[0.0, 1.0, 0.0, 0.0, 0.0, 0.0, 0.0, 0.0, 0.0, 0.0, 0.0]",0
서귀포흑돈,11,1,"[0.0, 1.0, 0.0, 0.0, 0.0, 0.0, 0.0, 0.0, 0.0, 0.0, 0.0]",0
리하우스,24,1,"[0.0, 0.0, 0.0, 0.0, 0.0, 0.0, 0.0, 0.0, 0.0, 0.0, 1.0]",2
오투힐 제주점,24,2,"[0.0, 0.0, 0.0, 0.0, 0.0, 0.0, 0.0, 0.0, 0.0, 0.0, 1.0]",2
이모션오르골카페,11,3,"[0.333333, 0.0, 0.0, 0.0, 0.0, 0.0, 0.0, 0.0, 0.0, 0.333333, 0.333333]",1
센잇,11,2,"[0.0, 1.0, 0.0, 0.0, 0.0, 0.0, 0.0, 0.0, 0.0, 0.0, 0.0]",1
삼화수산,4,2,"[0.5, 0.0, 0.0, 0.0, 0.5, 0.0, 0.0, 0.0, 0.0, 0.0, 0.0]",0
딤섬9898,11,2,"[0.0, 0.0, 0.0, 0.0, 1.0, 0.0, 0.0, 0.0, 0.0, 0.0, 0.0]",0
오가다 제주공항점,11,2,"[0.0, 0.0, 0.0, 0.0, 0.0, 0.0, 0.0, 0.0, 1.0, 0.0, 0.0]",0
이스방한상,11,2,"[0.0, 0.5, 0.0, 0.0, 0.5, 0.0, 0.0, 0.0, 0.0, 0.0, 0.0]",0
제주의추억,24,1,"[0.0, 0.0, 0.0, 0.0, 0.0, 0.0, 1.0, 0.0, 0.0, 0.0, 0.0]",2
한림칼국수 제주세화점,11,2,"[0.0, 0.0, 0.0, 0.5, 0.0, 0.0, 0.0, 0.0, 0.5, 0.0, 0.0]",0
탐앤탐스 외도점,11,2,"[0.0, 0.0, 0.0, 0.0, 0.0, 0.5, 0.0, 0.0, 0.5, 0.0, 0.0]",1
88버거,11,16,"[0.0625, 0.75, 0.0625, 0.0, 0.125, 0.0, 0.0, 0.0, 0.0, 0.0, 0.0]",0
할리스 제주도두해안DT점,11,2,"[0.5, 0.0, 0.0, 0.0, 0.0, 0.0, 0.0, 0.0, 0.5, 0.0, 0.0]",0
카페파노,11,1,"[0.0, 0.0, 0.0, 0.0, 0.0, 0.0, 0.0, 0.0, 1.0, 0.0, 0.0]",1
제주그때그집 오션뷰 판포점,11,2,"[0.0, 0.5, 0.0, 0.0, 0.0, 0.0, 0.0, 0.0, 0.5, 0.0, 0.0]",0
그라나다,11,1,"[1.0, 0.0, 0.0, 0.0, 0.0, 0.0, 0.0, 0.0, 0.0, 0.0, 0.0]",0
어반트리펜션,24,2,"[0.0, 0.0, 0.0, 0.0, 0.0, 0.0, 0.0, 0.0, 0.0, 0.0, 1.0]",2
오로라호텔,24,2,"[0.0, 0.5, 0.0, 0.0, 0.0, 0.0, 0.0, 0.5, 0.0, 0.0, 0.0]",2
유재덕의 산양산삼해물라면 제주도본점,11,2,"[0.0, 0.0, 0.0, 0.0, 0.0, 0.0, 0.0, 0.0, 1.0, 0.0, 0.0]",0
스물셋,24,1,"[0.0, 0.0, 0.0, 0.0, 0.0, 0.0, 1.0, 0.0, 0.0, 0.0, 0.0]",2
제주 유리의성,6,2,"[0.0, 0.5, 0.0, 0.5, 0.0, 0.0, 0.0, 0.0, 0.0, 0.0, 0.0]",2
인정김밥,11,1,"[0.0, 1.0, 0.0, 0.0, 0.0, 0.0, 0.0, 0.0, 0.0, 0.0, 0.0]",0
제주혼디펜션,24,2,"[0.0, 1.0, 0.0, 0.0, 0.0, 0.0, 0.0, 0.0, 0.0, 0.0, 0.0]",2
해물삼합,11,1,"[0.0, 1.0, 0.0, 0.0, 0.0, 0.0, 0.0, 0.0, 0.0, 0.0, 0.0]",0
캔디원,13,5,"[0.0, 0.6, 0.0, 0.2, 0.0, 0.0, 0.0, 0.0, 0.0, 0.2, 0.0]",2
라봉상회,10,2,"[0.0, 1.0, 0.0, 0.0, 0.0, 0.0, 0.0, 0.0, 0.0, 0.0, 0.0]",1
샤르망,11,1,"[0.0, 0.0, 0.0, 0.0, 0.0, 0.0, 0.0, 0.0, 1.0, 0.0, 0.0]",1
옥돔식당,11,7,"[0.0, 0.285714, 0.285714, 0.285714, 0.142857, 0.0, 0.0, 0.0, 0.0, 0.0, 0.0]",0
제주할망뚝배기,11,6,"[0.0, 0.666667, 0.0, 0.0, 0.0, 0.0, 0.0, 0.0, 0.333333, 0.0, 0.0]",0
참솔식당,11,3,"[0.0, 0.333333, 0.0, 0.0, 0.666667, 0.0, 0.0, 0.0, 0.0, 0.0, 0.0]",0
엄장해암길,1,1,"[1.0, 0.0, 0.0, 0.0, 0.0, 0.0, 0.0, 0.0, 0.0, 0.0, 0.0]",2
제주돈아 고내점,11,1,"[0.0, 1.0, 0.0, 0.0, 0.0, 0.0, 0.0, 0.0, 0.0, 0.0, 0.0]",0
섶섬,1,5,"[0.4, 0.0, 0.0, 0.4, 0.0, 0.0, 0.0, 0.0, 0.0, 0.0, 0.2]",2
씨리얼,11,4,"[0.0, 0.5, 0.0, 0.0, 0.25, 0.0, 0.0, 0.0, 0.0, 0.0, 0.25]",0
플레이스우도,11,5,"[0.0, 0.2, 0.0, 0.0, 0.0, 0.0, 0.0, 0.0, 0.8, 0.0, 0.0]",0
성산연화,11,7,"[0.428571, 0.0, 0.0, 0.142857, 0.142857, 0.142857, 0.0, 0.0, 0.142857, 0.0, 0.0]",0
야자수카페,11,1,"[0.0, 0.0, 0.0, 0.0, 0.0, 0.0, 0.0, 0.0, 1.0, 0.0, 0.0]",1
노블아로마애월,1,1,"[0.0, 1.0, 0.0, 0.0, 0.0, 0.0, 0.0, 0.0, 0.0, 0.0, 0.0]",2
제주동행아이맥스 제주점,13,1,"[0.0, 0.0, 0.0, 0.0, 0.0, 0.0, 0.0, 0.0, 1.0, 0.0, 0.0]",2
여누카페,11,1,"[0.0, 0.0, 0.0, 0.0, 0.0, 0.0, 0.0, 0.0, 1.0, 0.0, 0.0]",1
위미장가네닭곰탕,11,2,"[0.0, 0.5, 0.0, 0.0, 0.0, 0.0, 0.0, 0.0, 0.5, 0.0, 0.0]",0
해양소공원,7,1,"[0.0, 0.0, 0.0, 0.0, 0.0, 1.0, 0.0, 0.0, 0.0, 0.0, 0.0]",2
쇠소깍빵명장,11,10,"[0.0, 0.3, 0.1, 0.0, 0.0, 0.0, 0.0, 0.0, 0.5, 0.0, 0.1]",1
제주보리빵마을,7,2,"[0.0, 0.5, 0.0, 0.0, 0.0, 0.0, 0.0, 0.0, 0.5, 0.0, 0.0]",2
보롬창고,11,2,"[0.0, 0.0, 0.0, 0.0, 0.0, 0.0, 0.0, 0.0, 1.0, 0.0, 0.0]",0
산호반점 본점,11,5,"[0.2, 0.2, 0.2, 0.0, 0.0, 0.0, 0.0, 0.0, 0.4, 0.0, 0.0]",0
조약돌가든,11,2,"[0.0, 1.0, 0.0, 0.0, 0.0, 0.0, 0.0, 0.0, 0.0, 0.0, 0.0]",0
카페한라산,11,12,"[0.25, 0.583333, 0.0, 0.0, 0.0, 0.0, 0.0, 0.0, 0.166667, 0.0, 0.0]",1
미향해장국 성산점,11,5,"[0.2, 0.2, 0.0, 0.0, 0.2, 0.4, 0.0, 0.0, 0.0, 0.0, 0.0]",0
조랑말체험공원,13,5,"[0.2, 0.2, 0.0, 0.0, 0.2, 0.0, 0.0, 0.0, 0.2, 0.2, 0.0]",2
우도다올펜션,24,2,"[0.0, 0.0, 0.0, 0.0, 0.0, 0.0, 0.0, 1.0, 0.0, 0.0, 0.0]",2
현대렌트,5,4,"[0.0, 0.0, 0.0, 0.0, 0.0, 0.0, 0.0, 0.25, 0.75, 0.0, 0.0]",2
해녀의태왁,13,1,"[0.0, 1.0, 0.0, 0.0, 0.0, 0.0, 0.0, 0.0, 0.0, 0.0, 0.0]",2
계절식탁향토,11,3,"[0.0, 0.666667, 0.0, 0.0, 0.0, 0.333333, 0.0, 0.0, 0.0, 0.0, 0.0]",0
안녕전복,11,4,"[0.0, 0.5, 0.0, 0.0, 0.0, 0.0, 0.0, 0.0, 0.5, 0.0, 0.0]",0
갈치옥 함덕,11,3,"[0.333333, 0.333333, 0.0, 0.0, 0.0, 0.0, 0.0, 0.0, 0.333333, 0.0, 0.0]",0
이춘옥원조고등어쌈밥 월정점,11,3,"[0.0, 0.333333, 0.333333, 0.0, 0.0, 0.333333, 0.0, 0.0, 0.0, 0.0, 0.0]",0
제주백화점,4,2,"[0.0, 0.0, 0.0, 0.0, 1.0, 0.0, 0.0, 0.0, 0.0, 0.0, 0.0]",2
호텔펄리플러스,24,3,"[0.0, 0.0, 0.0, 0.0, 0.0, 0.333333, 0.333333, 0.333333, 0.0, 0.0, 0.0]",2
비스타케이호텔 월드컵,24,13,"[0.0, 0.076923, 0.0, 0.0, 0.0, 0.0, 0.0, 0.846154, 0.0, 0.0, 0.076923]",2
제주미당,11,3,"[0.0, 0.0, 0.0, 0.0, 0.333333, 0.0, 0.0, 0.666667, 0.0, 0.0, 0.0]",0
석부작박물관 마음의정원,2,1,"[0.0, 1.0, 0.0, 0.0, 0.0, 0.0, 0.0, 0.0, 0.0, 0.0, 0.0]",2
신옛촌 제주점,11,2,"[0.0, 0.5, 0.0, 0.0, 0.0, 0.0, 0.0, 0.0, 0.5, 0.0, 0.0]",0
올레길 9코스(대평-화순 올레),7,1,"[0.0, 0.0, 1.0, 0.0, 0.0, 0.0, 0.0, 0.0, 0.0, 0.0, 0.0]",2
호텔징크,24,6,"[0.0, 0.166667, 0.0, 0.0, 0.0, 0.0, 0.166667, 0.5, 0.0, 0.0, 0.166667]",2
초원주유소,10,2,"[0.0, 0.0, 0.0, 0.0, 0.0, 0.0, 0.0, 0.5, 0.5, 0.0, 0.0]",2
뽕꼬랑김밥,11,1,"[1.0, 0.0, 0.0, 0.0, 0.0, 0.0, 0.0, 0.0, 0.0, 0.0, 0.0]",0
다소니,11,1,"[0.0, 1.0, 0.0, 0.0, 0.0, 0.0, 0.0, 0.0, 0.0, 0.0, 0.0]",0
시인의집,11,2,"[0.5, 0.5, 0.0, 0.0, 0.0, 0.0, 0.0, 0.0, 0.0, 0.0, 0.0]",1
온더스톤펜션,24,3,"[0.0, 0.0, 0.0, 0.0, 0.0, 0.333333, 0.0, 0.666667, 0.0, 0.0, 0.0]",2
카페데스틸,11,2,"[0.5, 0.0, 0.0, 0.0, 0.0, 0.5, 0.0, 0.0, 0.0, 0.0, 0.0]",1
르토아베이스먼트,11,4,"[0.0, 0.25, 0.0, 0.0, 0.5, 0.0, 0.0, 0.0, 0.25, 0.0, 0.0]",1
씨에스호텔 카노푸스 다이닝,24,1,"[0.0, 1.0, 0.0, 0.0, 0.0, 0.0, 0.0, 0.0, 0.0, 0.0, 0.0]",2
서촌제 스시100,11,3,"[0.333333, 0.0, 0.0, 0.333333, 0.0, 0.0, 0.0, 0.333333, 0.0, 0.0, 0.0]",0
영광식당,11,1,"[0.0, 0.0, 0.0, 0.0, 1.0, 0.0, 0.0, 0.0, 0.0, 0.0, 0.0]",0
윤활,11,2,"[0.0, 1.0, 0.0, 0.0, 0.0, 0.0, 0.0, 0.0, 0.0, 0.0, 0.0]",0
안녕세화씨,11,1,"[0.0, 0.0, 0.0, 0.0, 0.0, 0.0, 0.0, 0.0, 1.0, 0.0, 0.0]",0
백수당,11,3,"[0.0, 0.333333, 0.0, 0.0, 0.333333, 0.0, 0.0, 0.0, 0.333333, 0.0, 0.0]",1
송당동백낭,11,2,"[0.0, 0.5, 0.0, 0.0, 0.0, 0.0, 0.0, 0.0, 0.5, 0.0, 0.0]",0
다랑쉬오름,1,22,"[0.590909, 0.090909, 0.0, 0.090909, 0.181818, 0.0, 0.0, 0.0, 0.045455, 0.0, 0.0]",2
하도해변,1,9,"[0.444444, 0.0, 0.0, 0.0, 0.111111, 0.111111, 0.0, 0.0, 0.333333, 0.0, 0.0]",2
카페숲숲,11,4,"[0.0, 0.5, 0.0, 0.0, 0.0, 0.0, 0.0, 0.0, 0.25, 0.0, 0.25]",1
법환동해녀물질체험장,13,1,"[0.0, 0.0, 0.0, 1.0, 0.0, 0.0, 0.0, 0.0, 0.0, 0.0, 0.0]",2
유러하우스펜션,24,1,"[0.0, 1.0, 0.0, 0.0, 0.0, 0.0, 0.0, 0.0, 0.0, 0.0, 0.0]",2
돌담흑돼지 중문,11,4,"[0.25, 0.5, 0.0, 0.0, 0.25, 0.0, 0.0, 0.0, 0.0, 0.0, 0.0]",0
공천포식당,11,3,"[0.0, 0.333333, 0.0, 0.0, 0.0, 0.0, 0.0, 0.0, 0.333333, 0.0, 0.333333]",0
스피닝울프,11,10,"[0.3, 0.2, 0.0, 0.2, 0.0, 0.3, 0.0, 0.0, 0.0, 0.0, 0.0]",0
그랑빌펜션,24,3,"[0.0, 0.0, 0.0, 0.0, 0.0, 0.0, 0.0, 0.333333, 0.0, 0.0, 0.666667]",2
비치스토리호텔,24,3,"[0.333333, 0.0, 0.0, 0.0, 0.0, 0.0, 0.0, 0.666667, 0.0, 0.0, 0.0]",2
그림리조트,24,6,"[0.0, 0.0, 0.0, 0.0, 0.166667, 0.333333, 0.0, 0.333333, 0.0, 0.0, 0.166667]",2
블루마운틴호텔,24,11,"[0.0, 0.090909, 0.0, 0.0, 0.0, 0.090909, 0.0, 0.818182, 0.0, 0.0, 0.0]",2
빽다방 제주삼도일동점,11,1,"[0.0, 0.0, 0.0, 0.0, 0.0, 0.0, 0.0, 0.0, 1.0, 0.0, 0.0]",1
조간대,2,1,"[0.0, 0.0, 0.0, 0.0, 0.0, 0.0, 0.0, 0.0, 1.0, 0.0, 0.0]",2
세기알해변,1,13,"[0.461538, 0.153846, 0.0, 0.153846, 0.076923, 0.0, 0.0, 0.0, 0.076923, 0.0, 0.076923]",2
김녕리도대불,2,2,"[0.5, 0.0, 0.0, 0.0, 0.0, 0.0, 0.0, 0.0, 0.5, 0.0, 0.0]",2
미각,11,1,"[0.0, 0.0, 0.0, 0.0, 0.0, 0.0, 0.0, 0.0, 1.0, 0.0, 0.0]",0
한라산아래첫마을 제주민속촌점,11,5,"[0.6, 0.4, 0.0, 0.0, 0.0, 0.0, 0.0, 0.0, 0.0, 0.0, 0.0]",0
중문레져UTV,13,2,"[0.5, 0.0, 0.5, 0.0, 0.0, 0.0, 0.0, 0.0, 0.0, 0.0, 0.0]",2
올드캡,11,6,"[0.0, 0.833333, 0.0, 0.0, 0.0, 0.0, 0.0, 0.0, 0.166667, 0.0, 0.0]",0
엉또폭포,1,5,"[0.8, 0.0, 0.0, 0.0, 0.0, 0.0, 0.0, 0.0, 0.2, 0.0, 0.0]",2
충남식당,11,5,"[0.0, 0.4, 0.0, 0.2, 0.0, 0.2, 0.0, 0.0, 0.2, 0.0, 0.0]",0
차한모금,11,2,"[0.5, 0.0, 0.0, 0.0, 0.5, 0.0, 0.0, 0.0, 0.0, 0.0, 0.0]",1
기린빌라리조트,24,4,"[0.0, 0.0, 0.0, 0.0, 0.0, 0.0, 0.0, 0.0, 0.0, 0.0, 1.0]",2
이그제큐티브홈인제주,24,1,"[0.0, 1.0, 0.0, 0.0, 0.0, 0.0, 0.0, 0.0, 0.0, 0.0, 0.0]",2
CU 서귀스프링데일CC점,10,1,"[0.0, 0.0, 0.0, 0.0, 0.0, 1.0, 0.0, 0.0, 0.0, 0.0, 0.0]",2
다올,10,1,"[0.0, 0.0, 0.0, 0.0, 1.0, 0.0, 0.0, 0.0, 0.0, 0.0, 0.0]",2
섬마을운정이네 본점,11,2,"[0.0, 1.0, 0.0, 0.0, 0.0, 0.0, 0.0, 0.0, 0.0, 0.0, 0.0]",0
초가시월,11,2,"[0.0, 0.0, 0.0, 0.0, 0.0, 0.5, 0.0, 0.0, 0.5, 0.0, 0.0]",1
김녕요트투어,5,3,"[0.0, 0.333333, 0.333333, 0.333333, 0.0, 0.0, 0.0, 0.0, 0.0, 0.0, 0.0]",2
피크엔드,24,7,"[0.0, 0.571429, 0.0, 0.0, 0.285714, 0.0, 0.0, 0.0, 0.0, 0.0, 0.142857]",2
앤트러사이트 제주한림점,11,7,"[0.285714, 0.285714, 0.0, 0.142857, 0.285714, 0.0, 0.0, 0.0, 0.0, 0.0, 0.0]",0
부뚜막식당,11,2,"[0.5, 0.0, 0.0, 0.0, 0.5, 0.0, 0.0, 0.0, 0.0, 0.0, 0.0]",0
너랑나랑게스트하우스,24,4,"[0.0, 0.5, 0.0, 0.0, 0.0, 0.0, 0.0, 0.5, 0.0, 0.0, 0.0]",2
일도전복,11,1,"[1.0, 0.0, 0.0, 0.0, 0.0, 0.0, 0.0, 0.0, 0.0, 0.0, 0.0]",0
다미회,11,2,"[0.0, 0.5, 0.0, 0.0, 0.0, 0.0, 0.0, 0.5, 0.0, 0.0, 0.0]",0
윤옥,11,3,"[0.0, 0.666667, 0.0, 0.0, 0.333333, 0.0, 0.0, 0.0, 0.0, 0.0, 0.0]",0
브라보비치,11,8,"[0.125, 0.625, 0.0, 0.0, 0.125, 0.0, 0.0, 0.0, 0.125, 0.0, 0.0]",0
고기다,11,2,"[0.0, 1.0, 0.0, 0.0, 0.0, 0.0, 0.0, 0.0, 0.0, 0.0, 0.0]",0
마마뜰마켓,10,2,"[0.0, 0.0, 0.0, 0.0, 0.0, 0.0, 0.5, 0.0, 0.5, 0.0, 0.0]",2
요기국수,11,1,"[0.0, 0.0, 0.0, 0.0, 0.0, 0.0, 0.0, 0.0, 1.0, 0.0, 0.0]",0
달인수산,4,1,"[0.0, 0.0, 0.0, 1.0, 0.0, 0.0, 0.0, 0.0, 0.0, 0.0, 0.0]",2
에스제이렌트카,10,5,"[0.0, 0.2, 0.0, 0.0, 0.0, 0.0, 0.0, 0.2, 0.0, 0.0, 0.6]",2
ODE Music Bar 오드,11,2,"[0.5, 0.0, 0.0, 0.0, 0.0, 0.0, 0.0, 0.0, 0.5, 0.0, 0.0]",0
옹포바다횟집,11,3,"[0.0, 0.666667, 0.0, 0.333333, 0.0, 0.0, 0.0, 0.0, 0.0, 0.0, 0.0]",0
하이월드,6,1,"[1.0, 0.0, 0.0, 0.0, 0.0, 0.0, 0.0, 0.0, 0.0, 0.0, 0.0]",2
벨진밧,11,5,"[0.2, 0.6, 0.0, 0.0, 0.0, 0.0, 0.0, 0.0, 0.2, 0.0, 0.0]",1
보름숲,11,1,"[0.0, 1.0, 0.0, 0.0, 0.0, 0.0, 0.0, 0.0, 0.0, 0.0, 0.0]",0
존자암지,2,1,"[0.0, 0.0, 0.0, 1.0, 0.0, 0.0, 0.0, 0.0, 0.0, 0.0, 0.0]",2
황우지해안열두굴,1,2,"[0.0, 0.0, 0.0, 0.5, 0.0, 0.0, 0.0, 0.0, 0.5, 0.0, 0.0]",2
애플망고1947,11,4,"[0.5, 0.25, 0.0, 0.0, 0.0, 0.0, 0.0, 0.0, 0.25, 0.0, 0.0]",1
칠십리음식특화거리,4,1,"[0.0, 0.0, 0.0, 0.0, 0.0, 0.0, 0.0, 0.0, 1.0, 0.0, 0.0]",2
제주명가두루치기,11,4,"[0.0, 1.0, 0.0, 0.0, 0.0, 0.0, 0.0, 0.0, 0.0, 0.0, 0.0]",0
다비치안경 보청기 신서귀포이마트옆점,10,1,"[0.0, 0.0, 0.0, 0.0, 0.0, 1.0, 0.0, 0.0, 0.0, 0.0, 0.0]",2
어나더 우드 스토어,10,2,"[0.0, 0.5, 0.0, 0.0, 0.0, 0.0, 0.0, 0.5, 0.0, 0.0, 0.0]",2
낮잠나무,4,1,"[0.0, 1.0, 0.0, 0.0, 0.0, 0.0, 0.0, 0.0, 0.0, 0.0, 0.0]",2
스테이도노,24,3,"[0.0, 0.0, 0.0, 0.0, 0.0, 0.0, 1.0, 0.0, 0.0, 0.0, 0.0]",2
성산마씸,11,10,"[0.0, 0.8, 0.0, 0.0, 0.1, 0.0, 0.0, 0.0, 0.0, 0.0, 0.1]",0
하이제주호텔,24,6,"[0.0, 0.333333, 0.0, 0.0, 0.0, 0.0, 0.166667, 0.166667, 0.0, 0.0, 0.333333]",2
호텔윈스토리,24,19,"[0.0, 0.105263, 0.0, 0.105263, 0.0, 0.105263, 0.0, 0.526316, 0.0, 0.0, 0.157895]",2
올레시장에갓더라면,11,3,"[0.0, 1.0, 0.0, 0.0, 0.0, 0.0, 0.0, 0.0, 0.0, 0.0, 0.0]",0
산지브루잉,11,2,"[0.0, 0.0, 0.0, 0.0, 0.0, 0.0, 0.0, 0.5, 0.5, 0.0, 0.0]",0
땅땅치킨 제주연동점,11,1,"[0.0, 0.0, 0.0, 0.0, 0.0, 0.0, 0.0, 0.0, 1.0, 0.0, 0.0]",0
서프앤조이,5,2,"[0.0, 0.5, 0.0, 0.5, 0.0, 0.0, 0.0, 0.0, 0.0, 0.0, 0.0]",2
김만덕객주,2,2,"[0.5, 0.0, 0.0, 0.0, 0.0, 0.0, 0.0, 0.0, 0.5, 0.0, 0.0]",0
서부두명품횟집거리,4,1,"[0.0, 0.0, 0.0, 0.0, 0.0, 0.0, 0.0, 0.0, 1.0, 0.0, 0.0]",2
파스쿠찌 제주용담해안도로점,11,2,"[0.0, 0.0, 0.0, 0.0, 0.0, 0.5, 0.5, 0.0, 0.0, 0.0, 0.0]",0
모살물 2호점,11,2,"[0.0, 0.5, 0.0, 0.0, 0.5, 0.0, 0.0, 0.0, 0.0, 0.0, 0.0]",0
스타루프탑라운지,11,1,"[0.0, 0.0, 0.0, 0.0, 0.0, 0.0, 0.0, 0.0, 1.0, 0.0, 0.0]",0
장산다방,11,1,"[0.0, 0.0, 0.0, 0.0, 0.0, 0.0, 0.0, 0.0, 1.0, 0.0, 0.0]",1
삼다공원,1,2,"[0.0, 0.0, 0.0, 0.0, 0.5, 0.0, 0.0, 0.0, 0.5, 0.0, 0.0]",2
이차돌 제주서귀포점,11,1,"[0.0, 0.0, 0.0, 0.0, 0.0, 0.0, 0.0, 1.0, 0.0, 0.0, 0.0]",0
제주디아일랜드블루호텔,24,15,"[0.0, 0.2, 0.0, 0.0, 0.066667, 0.2, 0.066667, 0.4, 0.0, 0.0, 0.066667]",2
안거리밖거리,11,1,"[0.0, 0.0, 0.0, 0.0, 0.0, 0.0, 0.0, 1.0, 0.0, 0.0, 0.0]",0
마라도가는여객선,1,2,"[1.0, 0.0, 0.0, 0.0, 0.0, 0.0, 0.0, 0.0, 0.0, 0.0, 0.0]",2
마라도기원정사,13,1,"[0.0, 0.0, 0.0, 0.0, 0.0, 0.0, 0.0, 0.0, 1.0, 0.0, 0.0]",2
해녀3대할망네,11,1,"[0.0, 0.0, 0.0, 0.0, 0.0, 0.0, 0.0, 0.0, 1.0, 0.0, 0.0]",0
동광분교인디이스트,11,3,"[0.0, 0.333333, 0.0, 0.0, 0.0, 0.0, 0.0, 0.0, 0.666667, 0.0, 0.0]",0
해동이네,11,1,"[0.0, 0.0, 0.0, 0.0, 0.0, 0.0, 0.0, 0.0, 1.0, 0.0, 0.0]",0
금악국수,11,1,"[0.0, 0.0, 0.0, 0.0, 0.0, 0.0, 0.0, 0.0, 1.0, 0.0, 0.0]",0
콩이네두부,11,1,"[0.0, 1.0, 0.0, 0.0, 0.0, 0.0, 0.0, 0.0, 0.0, 0.0, 0.0]",0
용담공원,1,1,"[1.0, 0.0, 0.0, 0.0, 0.0, 0.0, 0.0, 0.0, 0.0, 0.0, 0.0]",2
올레길 4코스(표선-남원 올레),7,9,"[0.222222, 0.0, 0.111111, 0.0, 0.111111, 0.111111, 0.0, 0.0, 0.333333, 0.0, 0.111111]",2
한남시험림탐방,1,2,"[0.0, 0.5, 0.0, 0.0, 0.5, 0.0, 0.0, 0.0, 0.0, 0.0, 0.0]",2
웨이브,11,1,"[0.0, 1.0, 0.0, 0.0, 0.0, 0.0, 0.0, 0.0, 0.0, 0.0, 0.0]",0
코미세,10,2,"[0.0, 0.5, 0.0, 0.5, 0.0, 0.0, 0.0, 0.0, 0.0, 0.0, 0.0]",0
초롱민박,24,5,"[0.0, 0.0, 0.0, 0.0, 0.6, 0.0, 0.0, 0.0, 0.0, 0.0, 0.4]",2
아쿠아플라넷제주 오션아레나,6,1,"[1.0, 0.0, 0.0, 0.0, 0.0, 0.0, 0.0, 0.0, 0.0, 0.0, 0.0]",2
이스틀리,11,2,"[0.0, 0.5, 0.0, 0.0, 0.0, 0.0, 0.0, 0.0, 0.5, 0.0, 0.0]",1
호호청과,10,1,"[0.0, 0.0, 0.0, 0.0, 0.0, 0.0, 0.0, 1.0, 0.0, 0.0, 0.0]",2
로맨틱새우,11,5,"[0.0, 0.8, 0.0, 0.0, 0.2, 0.0, 0.0, 0.0, 0.0, 0.0, 0.0]",0
현명한감귤체험농장,13,1,"[0.0, 0.0, 0.0, 0.0, 0.0, 0.0, 0.0, 0.0, 1.0, 0.0, 0.0]",2
에그드랍 제주공항점,11,3,"[0.0, 0.0, 0.0, 0.0, 0.0, 0.333333, 0.0, 0.0, 0.666667, 0.0, 0.0]",0
경양카츠 제주점,11,1,"[0.0, 1.0, 0.0, 0.0, 0.0, 0.0, 0.0, 0.0, 0.0, 0.0, 0.0]",0
아덴힐리조트&골프클럽,24,7,"[0.0, 0.0, 0.0, 0.0, 0.0, 0.142857, 0.285714, 0.571429, 0.0, 0.0, 0.0]",2
새별하노이,11,1,"[0.0, 0.0, 0.0, 1.0, 0.0, 0.0, 0.0, 0.0, 0.0, 0.0, 0.0]",0
굽네치킨 제주노형점,11,1,"[0.0, 0.0, 0.0, 0.0, 0.0, 0.0, 0.0, 0.0, 1.0, 0.0, 0.0]",0
독개물항,11,2,"[0.0, 0.5, 0.0, 0.5, 0.0, 0.0, 0.0, 0.0, 0.0, 0.0, 0.0]",0
화목원,11,3,"[0.0, 0.0, 0.0, 0.333333, 0.333333, 0.0, 0.0, 0.0, 0.0, 0.0, 0.333333]",0
데비스잼,10,2,"[0.0, 0.5, 0.0, 0.0, 0.0, 0.0, 0.0, 0.0, 0.5, 0.0, 0.0]",0
제주올레돔펜션,24,1,"[0.0, 1.0, 0.0, 0.0, 0.0, 0.0, 0.0, 0.0, 0.0, 0.0, 0.0]",2
도민상회 월정점,11,3,"[0.0, 0.666667, 0.0, 0.0, 0.0, 0.0, 0.0, 0.0, 0.333333, 0.0, 0.0]",0
배고프면,11,1,"[0.0, 0.0, 0.0, 0.0, 0.0, 0.0, 0.0, 0.0, 1.0, 0.0, 0.0]",0
삼다장,11,2,"[0.0, 1.0, 0.0, 0.0, 0.0, 0.0, 0.0, 0.0, 0.0, 0.0, 0.0]",0
커피스케치,11,5,"[0.0, 0.2, 0.0, 0.0, 0.2, 0.2, 0.0, 0.0, 0.4, 0.0, 0.0]",1
제이라움,24,6,"[0.0, 0.0, 0.0, 0.0, 0.0, 0.0, 0.0, 1.0, 0.0, 0.0, 0.0]",2
제라진밥상,11,2,"[0.0, 0.5, 0.0, 0.0, 0.0, 0.0, 0.0, 0.5, 0.0, 0.0, 0.0]",0
피그농원 제주점,11,2,"[0.0, 0.0, 0.0, 0.0, 1.0, 0.0, 0.0, 0.0, 0.0, 0.0, 0.0]",0
다이소 제주애월점,10,7,"[0.0, 0.0, 0.0, 0.0, 0.0, 0.0, 0.0, 0.285714, 0.571429, 0.0, 0.142857]",2
협재가게,11,2,"[0.0, 1.0, 0.0, 0.0, 0.0, 0.0, 0.0, 0.0, 0.0, 0.0, 0.0]",0
돈하루방,11,1,"[0.0, 0.0, 0.0, 0.0, 1.0, 0.0, 0.0, 0.0, 0.0, 0.0, 0.0]",0
로비나발리플러스,24,1,"[0.0, 0.0, 0.0, 0.0, 1.0, 0.0, 0.0, 0.0, 0.0, 0.0, 0.0]",2
다이소 제주한림점,10,2,"[0.0, 0.0, 0.0, 0.0, 0.0, 0.5, 0.0, 0.0, 0.5, 0.0, 0.0]",2
형제섬보말칼국수,11,5,"[0.0, 0.4, 0.0, 0.2, 0.0, 0.2, 0.0, 0.0, 0.2, 0.0, 0.0]",0
벵디1967,24,1,"[0.0, 0.0, 0.0, 0.0, 0.0, 0.0, 0.0, 0.0, 0.0, 0.0, 1.0]",2
만춘서점,10,10,"[0.1, 0.6, 0.0, 0.2, 0.1, 0.0, 0.0, 0.0, 0.0, 0.0, 0.0]",2
호자,11,4,"[0.25, 0.25, 0.0, 0.0, 0.25, 0.0, 0.0, 0.0, 0.25, 0.0, 0.0]",0
화수목,11,1,"[0.0, 1.0, 0.0, 0.0, 0.0, 0.0, 0.0, 0.0, 0.0, 0.0, 0.0]",1
소규모식탁,11,1,"[0.0, 0.0, 0.0, 0.0, 1.0, 0.0, 0.0, 0.0, 0.0, 0.0, 0.0]",0
해피데이호텔,24,2,"[0.0, 0.0, 0.0, 0.0, 0.0, 0.0, 0.0, 1.0, 0.0, 0.0, 0.0]",2
애월당,11,1,"[0.0, 0.0, 0.0, 0.0, 0.0, 0.0, 0.0, 0.0, 1.0, 0.0, 0.0]",1
쇠소깍크루즈,5,1,"[0.0, 0.0, 0.0, 0.0, 1.0, 0.0, 0.0, 0.0, 0.0, 0.0, 0.0]",2
세븐일레븐 제주한림로점,10,4,"[0.0, 0.0, 0.0, 0.0, 0.0, 0.5, 0.0, 0.0, 0.5, 0.0, 0.0]",2
리틀넥 제주애월,11,4,"[0.5, 0.0, 0.0, 0.0, 0.0, 0.0, 0.0, 0.0, 0.25, 0.0, 0.25]",0
문쏘,11,5,"[0.2, 0.6, 0.0, 0.0, 0.2, 0.0, 0.0, 0.0, 0.0, 0.0, 0.0]",0
터진목,2,2,"[0.0, 0.0, 0.0, 0.0, 0.0, 0.0, 0.0, 0.0, 0.0, 1.0, 0.0]",2
송정농원,13,3,"[0.333333, 0.333333, 0.0, 0.0, 0.0, 0.0, 0.0, 0.333333, 0.0, 0.0, 0.0]",2
흑본오겹 함덕점,11,1,"[0.0, 1.0, 0.0, 0.0, 0.0, 0.0, 0.0, 0.0, 0.0, 0.0, 0.0]",0
세화복우동,11,2,"[0.0, 0.5, 0.0, 0.0, 0.0, 0.0, 0.0, 0.0, 0.5, 0.0, 0.0]",0
맨도롱또똣김밥,11,1,"[0.0, 0.0, 0.0, 0.0, 0.0, 0.0, 0.0, 0.0, 1.0, 0.0, 0.0]",0
오리지날로맨스,11,1,"[0.0, 0.0, 0.0, 0.0, 0.0, 0.0, 0.0, 0.0, 1.0, 0.0, 0.0]",1
큐티파이카페,11,1,"[1.0, 0.0, 0.0, 0.0, 0.0, 0.0, 0.0, 0.0, 0.0, 0.0, 0.0]",1
인카페온더비치,11,4,"[0.0, 0.25, 0.0, 0.25, 0.0, 0.0, 0.0, 0.0, 0.5, 0.0, 0.0]",1
미풍해장국 서귀포점,11,2,"[0.0, 0.0, 0.5, 0.0, 0.5, 0.0, 0.0, 0.0, 0.0, 0.0, 0.0]",0
수앤수리조트,24,5,"[0.0, 0.4, 0.0, 0.2, 0.0, 0.0, 0.4, 0.0, 0.0, 0.0, 0.0]",2
비어수다,11,3,"[0.333333, 0.0, 0.0, 0.0, 0.0, 0.0, 0.0, 0.0, 0.666667, 0.0, 0.0]",0
우도지석묘,1,1,"[1.0, 0.0, 0.0, 0.0, 0.0, 0.0, 0.0, 0.0, 0.0, 0.0, 0.0]",2
망루등대,1,5,"[0.6, 0.0, 0.0, 0.0, 0.0, 0.0, 0.0, 0.0, 0.4, 0.0, 0.0]",2
고을식당,11,1,"[0.0, 1.0, 0.0, 0.0, 0.0, 0.0, 0.0, 0.0, 0.0, 0.0, 0.0]",0
양가형제노형,11,1,"[0.0, 1.0, 0.0, 0.0, 0.0, 0.0, 0.0, 0.0, 0.0, 0.0, 0.0]",0
플래닛제주,10,3,"[0.0, 0.0, 0.0, 0.0, 0.0, 0.0, 0.0, 0.0, 0.666667, 0.0, 0.333333]",2
73st,11,1,"[0.0, 0.0, 0.0, 1.0, 0.0, 0.0, 0.0, 0.0, 0.0, 0.0, 0.0]",0
삼일해장국,11,5,"[0.0, 0.6, 0.0, 0.2, 0.2, 0.0, 0.0, 0.0, 0.0, 0.0, 0.0]",0
지구별가게,10,1,"[0.0, 0.0, 0.0, 0.0, 1.0, 0.0, 0.0, 0.0, 0.0, 0.0, 0.0]",2
푸른밤의해안속초식당,11,1,"[0.0, 0.0, 0.0, 0.0, 0.0, 1.0, 0.0, 0.0, 0.0, 0.0, 0.0]",0
스타벅스 신제주이마트점,11,3,"[0.0, 0.0, 0.0, 0.0, 0.0, 0.666667, 0.0, 0.0, 0.0, 0.0, 0.333333]",1
고씨주택,2,3,"[0.0, 0.333333, 0.0, 0.0, 0.333333, 0.0, 0.0, 0.0, 0.333333, 0.0, 0.0]",2
김서방재첩해장국,11,3,"[0.333333, 0.666667, 0.0, 0.0, 0.0, 0.0, 0.0, 0.0, 0.0, 0.0, 0.0]",0
할라라운지,11,1,"[0.0, 1.0, 0.0, 0.0, 0.0, 0.0, 0.0, 0.0, 0.0, 0.0, 0.0]",0
투썸플레이스 제주노형오거리점,11,2,"[0.0, 0.0, 0.0, 0.0, 0.0, 0.5, 0.0, 0.0, 0.0, 0.0, 0.5]",0
포케올데이 제주노형점,11,1,"[0.0, 0.0, 0.0, 0.0, 0.0, 0.0, 0.0, 1.0, 0.0, 0.0, 0.0]",0
혹시,11,1,"[0.0, 1.0, 0.0, 0.0, 0.0, 0.0, 0.0, 0.0, 0.0, 0.0, 0.0]",0
제주섬신룽푸마라탕 한라대점,11,1,"[0.0, 0.0, 0.0, 0.0, 0.0, 0.0, 0.0, 1.0, 0.0, 0.0, 0.0]",0
덕스테이펜션,24,1,"[0.0, 0.0, 0.0, 0.0, 0.0, 0.0, 0.0, 1.0, 0.0, 0.0, 0.0]",2
단소,11,7,"[0.285714, 0.571429, 0.0, 0.0, 0.0, 0.0, 0.0, 0.0, 0.0, 0.0, 0.142857]",0
부가네감귤농장,13,1,"[0.0, 0.0, 0.0, 0.0, 0.0, 0.0, 0.0, 1.0, 0.0, 0.0, 0.0]",2
푸주옥 서귀포점,11,1,"[0.0, 0.0, 0.0, 0.0, 1.0, 0.0, 0.0, 0.0, 0.0, 0.0, 0.0]",0
자연인,24,1,"[0.0, 0.0, 0.0, 0.0, 0.0, 0.0, 0.0, 1.0, 0.0, 0.0, 0.0]",2
푸더매 제주,11,3,"[0.0, 0.333333, 0.0, 0.0, 0.333333, 0.0, 0.0, 0.0, 0.333333, 0.0, 0.0]",0
우진제비오름,7,1,"[0.0, 1.0, 0.0, 0.0, 0.0, 0.0, 0.0, 0.0, 0.0, 0.0, 0.0]",2
이드레국수,11,5,"[0.0, 0.6, 0.2, 0.0, 0.0, 0.0, 0.0, 0.0, 0.2, 0.0, 0.0]",0
스타벅스 제주중문DT점,11,17,"[0.058824, 0.0, 0.0, 0.058824, 0.0, 0.470588, 0.0, 0.0, 0.294118, 0.0, 0.117647]",1
아루미호텔,24,9,"[0.0, 0.111111, 0.0, 0.0, 0.0, 0.0, 0.0, 0.666667, 0.0, 0.0, 0.222222]",2
토토아뜰리에,13,4,"[0.25, 0.25, 0.0, 0.0, 0.25, 0.0, 0.0, 0.0, 0.0, 0.0, 0.25]",2
서귀포천문과학문화관,13,6,"[0.166667, 0.166667, 0.0, 0.0, 0.0, 0.0, 0.0, 0.0, 0.166667, 0.5, 0.0]",2
시골길,11,4,"[0.0, 0.25, 0.0, 0.0, 0.75, 0.0, 0.0, 0.0, 0.0, 0.0, 0.0]",0
올레바당체험마을,13,2,"[0.5, 0.5, 0.0, 0.0, 0.0, 0.0, 0.0, 0.0, 0.0, 0.0, 0.0]",2
애월국민체육센터,5,2,"[0.0, 0.0, 0.0, 0.0, 0.5, 0.5, 0.0, 0.0, 0.0, 0.0, 0.0]",2
에이바우트커피 외도점,11,1,"[0.0, 0.0, 0.0, 1.0, 0.0, 0.0, 0.0, 0.0, 0.0, 0.0, 0.0]",1
용출횟집,11,2,"[0.0, 0.0, 0.0, 1.0, 0.0, 0.0, 0.0, 0.0, 0.0, 0.0, 0.0]",0
중앙식당,11,5,"[0.2, 0.2, 0.2, 0.0, 0.0, 0.0, 0.0, 0.0, 0.4, 0.0, 0.0]",0
롯데면세점 제주점,4,1,"[0.0, 0.0, 0.0, 0.0, 0.0, 0.0, 0.0, 1.0, 0.0, 0.0, 0.0]",2
말차이트,11,7,"[0.285714, 0.0, 0.0, 0.0, 0.0, 0.142857, 0.142857, 0.0, 0.142857, 0.0, 0.285714]",1
서부두수산시장,4,5,"[0.0, 0.2, 0.2, 0.0, 0.2, 0.0, 0.0, 0.4, 0.0, 0.0, 0.0]",2
노을해안1014,5,6,"[0.333333, 0.333333, 0.0, 0.0, 0.166667, 0.0, 0.0, 0.0, 0.166667, 0.0, 0.0]",2
애월감성,11,2,"[0.0, 0.0, 0.0, 0.5, 0.0, 0.5, 0.0, 0.0, 0.0, 0.0, 0.0]",0
캠핑트렁크 제주점,10,1,"[0.0, 0.0, 0.0, 1.0, 0.0, 0.0, 0.0, 0.0, 0.0, 0.0, 0.0]",2
김녕해수욕장 야영장,24,7,"[0.714286, 0.0, 0.0, 0.0, 0.0, 0.0, 0.0, 0.0, 0.142857, 0.0, 0.142857]",2
이비가짬뽕 제주연동점,11,1,"[0.0, 0.0, 0.0, 0.0, 0.0, 0.0, 0.0, 0.0, 1.0, 0.0, 0.0]",0
한라사이클,10,1,"[0.0, 0.0, 0.0, 0.0, 0.0, 0.0, 0.0, 0.0, 0.0, 0.0, 1.0]",2
제주신라호텔 야외수영장,6,1,"[0.0, 1.0, 0.0, 0.0, 0.0, 0.0, 0.0, 0.0, 0.0, 0.0, 0.0]",2
제주신라호텔 글램핑빌리지,24,1,"[0.0, 1.0, 0.0, 0.0, 0.0, 0.0, 0.0, 0.0, 0.0, 0.0, 0.0]",2
성수미술관 제주특별점,3,1,"[0.0, 0.0, 0.0, 0.0, 0.0, 0.0, 0.0, 0.0, 0.0, 0.0, 1.0]",2
빌레리조트,24,5,"[0.0, 0.0, 0.0, 0.0, 0.0, 0.0, 0.0, 0.8, 0.0, 0.0, 0.2]",2
정우말가든,11,3,"[0.0, 0.666667, 0.0, 0.333333, 0.0, 0.0, 0.0, 0.0, 0.0, 0.0, 0.0]",0
순수한둠비 연동점,11,1,"[0.0, 1.0, 0.0, 0.0, 0.0, 0.0, 0.0, 0.0, 0.0, 0.0, 0.0]",0
새들러하우스 제주애월점,11,5,"[0.0, 0.4, 0.0, 0.0, 0.4, 0.0, 0.0, 0.0, 0.2, 0.0, 0.0]",0
아라팰리스호텔,24,10,"[0.0, 0.4, 0.0, 0.0, 0.2, 0.0, 0.0, 0.0, 0.0, 0.0, 0.4]",2
보롬왓카페,13,5,"[0.4, 0.4, 0.0, 0.0, 0.0, 0.0, 0.0, 0.0, 0.0, 0.0, 0.2]",1
윤스쿡,11,2,"[0.0, 1.0, 0.0, 0.0, 0.0, 0.0, 0.0, 0.0, 0.0, 0.0, 0.0]",0
CU 제주공항국제선점,10,1,"[0.0, 0.0, 0.0, 0.0, 0.0, 0.0, 0.0, 0.0, 1.0, 0.0, 0.0]",2
말로,13,3,"[0.333333, 0.0, 0.0, 0.0, 0.333333, 0.0, 0.0, 0.0, 0.0, 0.0, 0.333333]",2
먹돌 제주본점,11,11,"[0.0, 0.545455, 0.0, 0.090909, 0.090909, 0.181818, 0.0, 0.0, 0.090909, 0.0, 0.0]",0
탐나는식당몸국 고사리해장국,11,3,"[0.0, 0.666667, 0.0, 0.0, 0.0, 0.333333, 0.0, 0.0, 0.0, 0.0, 0.0]",0
퍼시픽리솜 마린스테이지,5,2,"[0.5, 0.5, 0.0, 0.0, 0.0, 0.0, 0.0, 0.0, 0.0, 0.0, 0.0]",2
제주감귤농협 하나로마트,10,2,"[0.0, 0.0, 0.0, 0.0, 0.0, 0.5, 0.0, 0.5, 0.0, 0.0, 0.0]",2
에어그라운드,24,2,"[0.5, 0.5, 0.0, 0.0, 0.0, 0.0, 0.0, 0.0, 0.0, 0.0, 0.0]",2
너븐,11,13,"[0.384615, 0.384615, 0.0, 0.076923, 0.0, 0.0, 0.0, 0.0, 0.153846, 0.0, 0.0]",0
온루아 제주,11,1,"[0.0, 1.0, 0.0, 0.0, 0.0, 0.0, 0.0, 0.0, 0.0, 0.0, 0.0]",0
부두식당,11,4,"[0.0, 0.5, 0.0, 0.0, 0.0, 0.25, 0.0, 0.0, 0.25, 0.0, 0.0]",0
오션트리,24,4,"[0.0, 0.75, 0.0, 0.25, 0.0, 0.0, 0.0, 0.0, 0.0, 0.0, 0.0]",2
삼강식당 본점,11,1,"[0.0, 0.0, 0.0, 0.0, 1.0, 0.0, 0.0, 0.0, 0.0, 0.0, 0.0]",0
옛날순대,11,1,"[0.0, 0.0, 0.0, 0.0, 1.0, 0.0, 0.0, 0.0, 0.0, 0.0, 0.0]",0
휴애리핑크뮬리축제,8,5,"[0.8, 0.0, 0.0, 0.0, 0.0, 0.0, 0.0, 0.0, 0.0, 0.0, 0.2]",2
서귀진지,2,1,"[0.0, 0.0, 0.0, 0.0, 0.0, 0.0, 0.0, 0.0, 0.0, 0.0, 1.0]",2
쇠소깍다리,7,1,"[0.0, 0.0, 0.0, 0.0, 0.0, 0.0, 0.0, 0.0, 0.0, 0.0, 1.0]",2
BHC치킨 제주협재점,11,1,"[0.0, 0.0, 0.0, 0.0, 0.0, 0.0, 0.0, 0.0, 1.0, 0.0, 0.0]",0
만복흑돼지,11,1,"[0.0, 1.0, 0.0, 0.0, 0.0, 0.0, 0.0, 0.0, 0.0, 0.0, 0.0]",0
고돔,11,4,"[0.0, 0.5, 0.0, 0.0, 0.0, 0.0, 0.0, 0.0, 0.5, 0.0, 0.0]",0
제주광어천국,11,3,"[0.0, 0.333333, 0.0, 0.0, 0.0, 0.0, 0.0, 0.0, 0.333333, 0.0, 0.333333]",0
맥도날드 제주공항DT점,11,6,"[0.0, 0.0, 0.0, 0.166667, 0.0, 0.166667, 0.166667, 0.0, 0.5, 0.0, 0.0]",0
The barn,24,1,"[0.0, 0.0, 0.0, 0.0, 0.0, 0.0, 1.0, 0.0, 0.0, 0.0, 0.0]",2
용스테이,24,3,"[0.0, 0.0, 0.0, 0.0, 0.0, 0.333333, 0.0, 0.666667, 0.0, 0.0, 0.0]",2
부원뚝배기,11,1,"[0.0, 0.0, 0.0, 0.0, 1.0, 0.0, 0.0, 0.0, 0.0, 0.0, 0.0]",0
정희네해물탕,11,5,"[0.4, 0.4, 0.0, 0.0, 0.2, 0.0, 0.0, 0.0, 0.0, 0.0, 0.0]",0
관곶,1,3,"[0.333333, 0.333333, 0.0, 0.0, 0.0, 0.0, 0.0, 0.0, 0.333333, 0.0, 0.0]",2
천도두루치기 일도점,11,3,"[0.333333, 0.0, 0.0, 0.0, 0.666667, 0.0, 0.0, 0.0, 0.0, 0.0, 0.0]",0
사라봉,1,15,"[0.133333, 0.2, 0.066667, 0.266667, 0.266667, 0.0, 0.0, 0.0, 0.066667, 0.0, 0.0]",2
카페빠네띠에,11,1,"[0.0, 0.0, 0.0, 0.0, 1.0, 0.0, 0.0, 0.0, 0.0, 0.0, 0.0]",1
올랜드앤올소,10,1,"[0.0, 0.0, 0.0, 0.0, 1.0, 0.0, 0.0, 0.0, 0.0, 0.0, 0.0]",2
우성약국,10,1,"[0.0, 0.0, 0.0, 0.0, 0.0, 1.0, 0.0, 0.0, 0.0, 0.0, 0.0]",2
19호어린이공원,1,1,"[0.0, 0.0, 0.0, 0.0, 0.0, 0.0, 0.0, 0.0, 1.0, 0.0, 0.0]",2
제주담을센터,3,1,"[0.0, 1.0, 0.0, 0.0, 0.0, 0.0, 0.0, 0.0, 0.0, 0.0, 0.0]",2
안덕산방도서관,3,2,"[0.0, 0.0, 0.0, 0.0, 0.5, 0.0, 0.0, 0.0, 0.0, 0.0, 0.5]",2
다담,11,1,"[0.0, 0.0, 0.0, 0.0, 1.0, 0.0, 0.0, 0.0, 0.0, 0.0, 0.0]",0
신의한모,11,7,"[0.285714, 0.285714, 0.142857, 0.285714, 0.0, 0.0, 0.0, 0.0, 0.0, 0.0, 0.0]",0
한라도서관,3,1,"[0.0, 0.0, 0.0, 0.0, 0.0, 0.0, 0.0, 0.0, 0.0, 0.0, 1.0]",2
할리스 제주연북로점,11,1,"[0.0, 0.0, 0.0, 0.0, 1.0, 0.0, 0.0, 0.0, 0.0, 0.0, 0.0]",0
신화월드 테마파크 C-4구역 전기차충전소 전기차충전소,6,1,"[0.0, 0.0, 0.0, 1.0, 0.0, 0.0, 0.0, 0.0, 0.0, 0.0, 0.0]",2
토투가,11,1,"[0.0, 0.0, 0.0, 1.0, 0.0, 0.0, 0.0, 0.0, 0.0, 0.0, 0.0]",1
뱅인타코,11,2,"[0.0, 0.0, 0.0, 0.0, 1.0, 0.0, 0.0, 0.0, 0.0, 0.0, 0.0]",0
유난히아름다운오늘,4,1,"[0.0, 1.0, 0.0, 0.0, 0.0, 0.0, 0.0, 0.0, 0.0, 0.0, 0.0]",2
제주미담,11,8,"[0.0, 0.5, 0.125, 0.125, 0.25, 0.0, 0.0, 0.0, 0.0, 0.0, 0.0]",0
육고깃집 노형점,11,1,"[0.0, 0.0, 0.0, 0.0, 1.0, 0.0, 0.0, 0.0, 0.0, 0.0, 0.0]",0
부소오름,1,1,"[0.0, 1.0, 0.0, 0.0, 0.0, 0.0, 0.0, 0.0, 0.0, 0.0, 0.0]",2
평대전복,11,2,"[0.0, 0.5, 0.0, 0.0, 0.0, 0.0, 0.0, 0.0, 0.5, 0.0, 0.0]",0
이호해양레저,13,3,"[0.333333, 0.0, 0.0, 0.0, 0.0, 0.0, 0.0, 0.666667, 0.0, 0.0, 0.0]",2
제주바다마루펜션,24,2,"[0.0, 0.5, 0.0, 0.0, 0.0, 0.5, 0.0, 0.0, 0.0, 0.0, 0.0]",2
여가한옥펜션,24,1,"[0.0, 1.0, 0.0, 0.0, 0.0, 0.0, 0.0, 0.0, 0.0, 0.0, 0.0]",2
놀라운트릭아이미술관,3,2,"[0.5, 0.0, 0.0, 0.0, 0.0, 0.0, 0.0, 0.5, 0.0, 0.0, 0.0]",2
마담조,11,3,"[0.0, 0.333333, 0.0, 0.0, 0.666667, 0.0, 0.0, 0.0, 0.0, 0.0, 0.0]",0
홍칼,11,1,"[0.0, 0.0, 0.0, 0.0, 1.0, 0.0, 0.0, 0.0, 0.0, 0.0, 0.0]",0
1100고지습지 람사르습지,7,3,"[0.333333, 0.0, 0.0, 0.666667, 0.0, 0.0, 0.0, 0.0, 0.0, 0.0, 0.0]",2
이돈갓 노형점,11,1,"[0.0, 1.0, 0.0, 0.0, 0.0, 0.0, 0.0, 0.0, 0.0, 0.0, 0.0]",0
서귀포향토오일시장,4,9,"[0.333333, 0.222222, 0.0, 0.111111, 0.0, 0.0, 0.0, 0.111111, 0.222222, 0.0, 0.0]",2
신옛촌 본점,11,1,"[0.0, 0.0, 0.0, 0.0, 1.0, 0.0, 0.0, 0.0, 0.0, 0.0, 0.0]",0
산방산 유람선,5,4,"[0.5, 0.25, 0.0, 0.0, 0.25, 0.0, 0.0, 0.0, 0.0, 0.0, 0.0]",2
아이브리조트,24,20,"[0.0, 0.35, 0.05, 0.0, 0.0, 0.0, 0.15, 0.35, 0.0, 0.0, 0.1]",2
키위티24제주남원점,10,1,"[0.0, 0.0, 0.0, 0.0, 0.0, 0.0, 0.0, 0.0, 1.0, 0.0, 0.0]",2
부부키친,11,3,"[0.0, 1.0, 0.0, 0.0, 0.0, 0.0, 0.0, 0.0, 0.0, 0.0, 0.0]",0
싱싱식당 서귀포1호점,11,1,"[0.0, 0.0, 0.0, 0.0, 0.0, 0.0, 0.0, 0.0, 1.0, 0.0, 0.0]",0
아트박스 서귀포점,11,1,"[0.0, 0.0, 0.0, 0.0, 0.0, 0.0, 0.0, 0.0, 0.0, 0.0, 1.0]",0
봉카페,11,1,"[0.0, 0.0, 0.0, 0.0, 0.0, 0.0, 0.0, 0.0, 1.0, 0.0, 0.0]",1
밥통,11,1,"[0.0, 0.0, 0.0, 0.0, 0.0, 1.0, 0.0, 0.0, 0.0, 0.0, 0.0]",0
썬시티게스트하우스 성산점,24,3,"[0.0, 0.0, 0.333333, 0.0, 0.0, 0.0, 0.0, 0.666667, 0.0, 0.0, 0.0]",2
일출랜드,6,4,"[0.5, 0.0, 0.0, 0.0, 0.5, 0.0, 0.0, 0.0, 0.0, 0.0, 0.0]",2
삼달548,24,2,"[0.0, 0.0, 0.0, 0.0, 0.0, 0.0, 0.0, 0.5, 0.0, 0.0, 0.5]",2
커피먹는고냉이,11,2,"[0.0, 0.5, 0.0, 0.0, 0.0, 0.5, 0.0, 0.0, 0.0, 0.0, 0.0]",1
별방1974,24,1,"[0.0, 1.0, 0.0, 0.0, 0.0, 0.0, 0.0, 0.0, 0.0, 0.0, 0.0]",2
김녕떠오르길,1,2,"[1.0, 0.0, 0.0, 0.0, 0.0, 0.0, 0.0, 0.0, 0.0, 0.0, 0.0]",2
벧디스테이&스튜디오민박,24,1,"[0.0, 1.0, 0.0, 0.0, 0.0, 0.0, 0.0, 0.0, 0.0, 0.0, 0.0]",2
김녕에사는김영훈,11,3,"[0.0, 0.666667, 0.0, 0.333333, 0.0, 0.0, 0.0, 0.0, 0.0, 0.0, 0.0]",1
담또와,11,4,"[0.0, 0.5, 0.0, 0.0, 0.0, 0.25, 0.0, 0.0, 0.25, 0.0, 0.0]",1
이런날엔,11,4,"[0.0, 0.5, 0.0, 0.25, 0.0, 0.0, 0.0, 0.0, 0.25, 0.0, 0.0]",0
클래식문구사,10,4,"[0.0, 0.75, 0.0, 0.0, 0.25, 0.0, 0.0, 0.0, 0.0, 0.0, 0.0]",2
사계생활,10,3,"[0.333333, 0.666667, 0.0, 0.0, 0.0, 0.0, 0.0, 0.0, 0.0, 0.0, 0.0]",0
이후북스 제주,10,3,"[0.333333, 0.0, 0.0, 0.0, 0.333333, 0.0, 0.0, 0.0, 0.333333, 0.0, 0.0]",2
카페멜록,11,4,"[0.0, 0.25, 0.0, 0.0, 0.0, 0.25, 0.0, 0.0, 0.5, 0.0, 0.0]",1
김군아미고게스트하우스,24,9,"[0.0, 0.444444, 0.0, 0.111111, 0.0, 0.0, 0.0, 0.0, 0.0, 0.0, 0.444444]",2
오랑우탄면사무소,11,5,"[0.0, 0.6, 0.0, 0.0, 0.4, 0.0, 0.0, 0.0, 0.0, 0.0, 0.0]",1
후르츨리,10,1,"[0.0, 0.0, 0.0, 0.0, 0.0, 0.0, 0.0, 0.0, 1.0, 0.0, 0.0]",2
애브리바디빈티지 우먼,4,2,"[0.0, 0.5, 0.0, 0.0, 0.0, 0.0, 0.0, 0.0, 0.5, 0.0, 0.0]",2
올레길 15-B코스(한림-고내 올레),7,9,"[0.666667, 0.111111, 0.0, 0.0, 0.0, 0.0, 0.0, 0.0, 0.222222, 0.0, 0.0]",2
환이네이태리식당,11,2,"[0.0, 0.5, 0.0, 0.5, 0.0, 0.0, 0.0, 0.0, 0.0, 0.0, 0.0]",0
카페루핀,11,2,"[0.0, 0.5, 0.0, 0.0, 0.0, 0.0, 0.0, 0.0, 0.5, 0.0, 0.0]",1
제레미,11,4,"[0.0, 0.5, 0.0, 0.0, 0.25, 0.0, 0.0, 0.0, 0.25, 0.0, 0.0]",1
이순신김밥,11,3,"[0.0, 0.333333, 0.0, 0.0, 0.0, 0.0, 0.0, 0.0, 0.666667, 0.0, 0.0]",0
은식당 제주본점,11,2,"[0.0, 1.0, 0.0, 0.0, 0.0, 0.0, 0.0, 0.0, 0.0, 0.0, 0.0]",0
멜팟,11,2,"[0.5, 0.0, 0.0, 0.0, 0.0, 0.0, 0.0, 0.0, 0.5, 0.0, 0.0]",0
워시엔조이 셀프빨래방 제주곽지리점,10,1,"[0.0, 0.0, 0.0, 0.0, 0.0, 0.0, 1.0, 0.0, 0.0, 0.0, 0.0]",2
카카오프렌즈 제주프리미엄전문점,10,2,"[1.0, 0.0, 0.0, 0.0, 0.0, 0.0, 0.0, 0.0, 0.0, 0.0, 0.0]",2
올리다버거,11,3,"[0.333333, 0.333333, 0.0, 0.333333, 0.0, 0.0, 0.0, 0.0, 0.0, 0.0, 0.0]",0
제주소나이,10,3,"[0.0, 0.0, 0.0, 0.666667, 0.0, 0.0, 0.333333, 0.0, 0.0, 0.0, 0.0]",2
달인해산물,4,2,"[0.5, 0.0, 0.5, 0.0, 0.0, 0.0, 0.0, 0.0, 0.0, 0.0, 0.0]",0
남원흑돼지 연탄골목,11,3,"[0.0, 0.666667, 0.0, 0.0, 0.333333, 0.0, 0.0, 0.0, 0.0, 0.0, 0.0]",0
오브젝트 제주선흘점,10,3,"[0.333333, 0.333333, 0.0, 0.0, 0.0, 0.0, 0.0, 0.0, 0.0, 0.0, 0.333333]",2
메리밀,11,1,"[0.0, 1.0, 0.0, 0.0, 0.0, 0.0, 0.0, 0.0, 0.0, 0.0, 0.0]",0
정가네밥상,11,1,"[0.0, 0.0, 0.0, 0.0, 1.0, 0.0, 0.0, 0.0, 0.0, 0.0, 0.0]",0
시봉카페,11,2,"[0.0, 0.0, 0.0, 0.0, 0.5, 0.0, 0.0, 0.0, 0.5, 0.0, 0.0]",1
GS25 제주노형점,11,1,"[0.0, 0.0, 0.0, 0.0, 0.0, 0.0, 0.0, 0.0, 1.0, 0.0, 0.0]",0
우연국수 1호점,11,1,"[0.0, 0.0, 0.0, 0.0, 1.0, 0.0, 0.0, 0.0, 0.0, 0.0, 0.0]",0
오늘쉐프 제주노형점,10,1,"[0.0, 1.0, 0.0, 0.0, 0.0, 0.0, 0.0, 0.0, 0.0, 0.0, 0.0]",2
제주국담,11,2,"[0.0, 0.5, 0.0, 0.0, 0.0, 0.0, 0.0, 0.0, 0.0, 0.0, 0.5]",0
연동회관,11,1,"[0.0, 1.0, 0.0, 0.0, 0.0, 0.0, 0.0, 0.0, 0.0, 0.0, 0.0]",0
GS25 제주연중점,10,1,"[0.0, 0.0, 0.0, 0.0, 0.0, 0.0, 0.0, 1.0, 0.0, 0.0, 0.0]",2
빽다방 앤 긱스타 제주연동점,11,3,"[0.0, 0.0, 0.0, 0.0, 0.0, 0.333333, 0.0, 0.333333, 0.333333, 0.0, 0.0]",1
스위트메이서귀포호텔,24,9,"[0.0, 0.222222, 0.0, 0.0, 0.333333, 0.0, 0.0, 0.333333, 0.0, 0.0, 0.111111]",2
동백포레스트,1,1,"[1.0, 0.0, 0.0, 0.0, 0.0, 0.0, 0.0, 0.0, 0.0, 0.0, 0.0]",2
젠틀리조트,24,8,"[0.125, 0.5, 0.0, 0.0, 0.0, 0.0, 0.0, 0.375, 0.0, 0.0, 0.0]",2
돌담길괴기집,11,2,"[0.0, 0.5, 0.0, 0.0, 0.5, 0.0, 0.0, 0.0, 0.0, 0.0, 0.0]",0
전복마을,7,2,"[0.0, 0.5, 0.0, 0.0, 0.0, 0.5, 0.0, 0.0, 0.0, 0.0, 0.0]",2
용담해안도로,1,10,"[0.3, 0.0, 0.0, 0.3, 0.1, 0.2, 0.0, 0.0, 0.0, 0.0, 0.1]",2
더포힐스호텔,24,2,"[0.0, 0.0, 0.0, 0.0, 0.0, 0.0, 0.0, 1.0, 0.0, 0.0, 0.0]",2
고길,11,3,"[0.0, 0.333333, 0.0, 0.0, 0.0, 0.0, 0.0, 0.0, 0.333333, 0.0, 0.333333]",0
동남식당,11,1,"[0.0, 0.0, 0.0, 0.0, 0.0, 0.0, 0.0, 0.0, 1.0, 0.0, 0.0]",0
명가솥뚜껑,11,4,"[0.0, 0.5, 0.0, 0.0, 0.0, 0.25, 0.0, 0.0, 0.25, 0.0, 0.0]",0
고등어쌈밥,11,9,"[0.222222, 0.222222, 0.111111, 0.111111, 0.111111, 0.0, 0.0, 0.0, 0.111111, 0.0, 0.111111]",0
표선칼국수,11,1,"[0.0, 0.0, 0.0, 0.0, 0.0, 0.0, 0.0, 1.0, 0.0, 0.0, 0.0]",0
돌담너머바다,11,2,"[0.0, 0.0, 0.0, 0.0, 0.5, 0.0, 0.0, 0.0, 0.0, 0.0, 0.5]",0
보미다,4,2,"[0.0, 0.5, 0.0, 0.0, 0.5, 0.0, 0.0, 0.0, 0.0, 0.0, 0.0]",2
귀덕해안도로,7,2,"[0.0, 0.0, 0.0, 0.0, 0.0, 0.5, 0.0, 0.0, 0.5, 0.0, 0.0]",2
흑돼지가있는풍경 본점,11,3,"[0.0, 0.0, 0.0, 0.666667, 0.333333, 0.0, 0.0, 0.0, 0.0, 0.0, 0.0]",0
한림그때그집,11,2,"[0.0, 0.0, 0.5, 0.0, 0.0, 0.0, 0.0, 0.0, 0.5, 0.0, 0.0]",0
트로피컬하이드어웨이,24,5,"[0.6, 0.2, 0.0, 0.0, 0.0, 0.0, 0.0, 0.0, 0.2, 0.0, 0.0]",0
버터모닝,11,3,"[0.0, 1.0, 0.0, 0.0, 0.0, 0.0, 0.0, 0.0, 0.0, 0.0, 0.0]",1
오후새우시,11,5,"[0.2, 0.4, 0.0, 0.2, 0.2, 0.0, 0.0, 0.0, 0.0, 0.0, 0.0]",0
묵전 제주점,11,1,"[0.0, 0.0, 0.0, 0.0, 0.0, 0.0, 0.0, 0.0, 0.0, 0.0, 1.0]",0
제주소담,11,2,"[0.5, 0.0, 0.0, 0.0, 0.0, 0.0, 0.0, 0.0, 0.5, 0.0, 0.0]",0
수목원집밥,11,1,"[0.0, 0.0, 0.0, 0.0, 0.0, 0.0, 0.0, 0.0, 1.0, 0.0, 0.0]",0
촌따이함덕게스트하우스,24,2,"[0.0, 0.5, 0.0, 0.0, 0.0, 0.0, 0.0, 0.5, 0.0, 0.0, 0.0]",2
요요무문,11,1,"[0.0, 1.0, 0.0, 0.0, 0.0, 0.0, 0.0, 0.0, 0.0, 0.0, 0.0]",0
괜찮아,24,3,"[0.0, 0.333333, 0.0, 0.0, 0.0, 0.666667, 0.0, 0.0, 0.0, 0.0, 0.0]",2
일품순두부 세화점,11,5,"[0.0, 0.2, 0.0, 0.2, 0.0, 0.2, 0.0, 0.0, 0.4, 0.0, 0.0]",0
빽다방 제주함덕점,11,9,"[0.333333, 0.111111, 0.0, 0.0, 0.111111, 0.0, 0.0, 0.222222, 0.222222, 0.0, 0.0]",1
함덕마당,11,6,"[0.166667, 0.5, 0.0, 0.0, 0.0, 0.0, 0.0, 0.166667, 0.166667, 0.0, 0.0]",0
귤꽃카페,11,4,"[0.0, 0.75, 0.0, 0.25, 0.0, 0.0, 0.0, 0.0, 0.0, 0.0, 0.0]",1
젠하이드어웨이,11,2,"[0.0, 0.0, 0.0, 0.5, 0.5, 0.0, 0.0, 0.0, 0.0, 0.0, 0.0]",0
메가MGC커피 함덕해수욕장점,11,3,"[0.0, 0.0, 0.0, 0.333333, 0.0, 0.0, 0.0, 0.333333, 0.333333, 0.0, 0.0]",1
휘닉스제주 글라스하우스,3,3,"[0.0, 0.0, 0.0, 0.666667, 0.333333, 0.0, 0.0, 0.0, 0.0, 0.0, 0.0]",0
휘닉스제주섭지코지 올레길미로,7,1,"[0.0, 0.0, 0.0, 0.0, 0.0, 0.0, 0.0, 0.0, 1.0, 0.0, 0.0]",2
블루스프링부띠끄호텔,24,7,"[0.0, 0.428571, 0.0, 0.142857, 0.0, 0.0, 0.0, 0.142857, 0.0, 0.0, 0.285714]",2
라마다바이윈덤 제주더함덕호텔,24,9,"[0.111111, 0.0, 0.0, 0.0, 0.111111, 0.222222, 0.111111, 0.333333, 0.0, 0.0, 0.111111]",2
고죽면 제주함덕점,11,1,"[0.0, 0.0, 0.0, 1.0, 0.0, 0.0, 0.0, 0.0, 0.0, 0.0, 0.0]",0
휘닉스제주섭지코지 수영장,6,5,"[0.0, 0.2, 0.0, 0.2, 0.0, 0.2, 0.2, 0.0, 0.0, 0.0, 0.2]",2
모메든식당 중문점,11,2,"[0.0, 0.5, 0.0, 0.5, 0.0, 0.0, 0.0, 0.0, 0.0, 0.0, 0.0]",0
해비치호텔앤리조트 제주 이디,11,2,"[0.5, 0.0, 0.0, 0.5, 0.0, 0.0, 0.0, 0.0, 0.0, 0.0, 0.0]",0
사계전복,11,4,"[0.0, 0.75, 0.0, 0.0, 0.0, 0.25, 0.0, 0.0, 0.0, 0.0, 0.0]",0
카페도구리3083,11,1,"[1.0, 0.0, 0.0, 0.0, 0.0, 0.0, 0.0, 0.0, 0.0, 0.0, 0.0]",1
담모라리조트펜션,24,9,"[0.0, 0.111111, 0.0, 0.333333, 0.0, 0.0, 0.0, 0.444444, 0.0, 0.0, 0.111111]",2
동성수산횟집,11,1,"[0.0, 0.0, 0.0, 1.0, 0.0, 0.0, 0.0, 0.0, 0.0, 0.0, 0.0]",0
웃드르식당,11,1,"[0.0, 0.0, 0.0, 1.0, 0.0, 0.0, 0.0, 0.0, 0.0, 0.0, 0.0]",0
오션패밀리호텔,24,10,"[0.0, 0.1, 0.0, 0.1, 0.1, 0.0, 0.0, 0.7, 0.0, 0.0, 0.0]",2
별빛두방울펜션,24,1,"[0.0, 0.0, 0.0, 0.0, 0.0, 0.0, 0.0, 1.0, 0.0, 0.0, 0.0]",2
동성식당,11,5,"[0.0, 0.0, 0.0, 0.2, 0.2, 0.0, 0.0, 0.2, 0.0, 0.0, 0.4]",0
돈내코로타리김밥,11,3,"[0.0, 0.666667, 0.0, 0.0, 0.0, 0.333333, 0.0, 0.0, 0.0, 0.0, 0.0]",0
지진옥외대피장소 강정체육공원,5,1,"[0.0, 1.0, 0.0, 0.0, 0.0, 0.0, 0.0, 0.0, 0.0, 0.0, 0.0]",2
카페봄봄 안덕화순점,11,2,"[0.0, 0.0, 0.0, 0.0, 0.0, 0.0, 0.0, 0.5, 0.5, 0.0, 0.0]",1
블룸호텔,24,4,"[0.0, 0.75, 0.0, 0.25, 0.0, 0.0, 0.0, 0.0, 0.0, 0.0, 0.0]",0
액트몬 제주중문점,6,11,"[0.272727, 0.090909, 0.0, 0.181818, 0.090909, 0.0, 0.090909, 0.090909, 0.0, 0.0, 0.181818]",2
화순 곶자왈생태탐방숲길,7,4,"[0.0, 0.25, 0.0, 0.25, 0.0, 0.0, 0.0, 0.0, 0.0, 0.0, 0.5]",2
돼지물고기,11,1,"[0.0, 1.0, 0.0, 0.0, 0.0, 0.0, 0.0, 0.0, 0.0, 0.0, 0.0]",0
소정방폭포,1,6,"[0.666667, 0.0, 0.0, 0.0, 0.333333, 0.0, 0.0, 0.0, 0.0, 0.0, 0.0]",2
새로나분식,4,2,"[0.0, 0.5, 0.5, 0.0, 0.0, 0.0, 0.0, 0.0, 0.0, 0.0, 0.0]",0
옥이네빵집,11,1,"[0.0, 1.0, 0.0, 0.0, 0.0, 0.0, 0.0, 0.0, 0.0, 0.0, 0.0]",1
액티브파크,5,6,"[0.0, 0.5, 0.0, 0.166667, 0.0, 0.0, 0.0, 0.0, 0.166667, 0.0, 0.166667]",2
효명사,2,2,"[0.5, 0.5, 0.0, 0.0, 0.0, 0.0, 0.0, 0.0, 0.0, 0.0, 0.0]",2
협재1번가,11,1,"[0.0, 1.0, 0.0, 0.0, 0.0, 0.0, 0.0, 0.0, 0.0, 0.0, 0.0]",0
제주국제평화센터,3,4,"[0.25, 0.0, 0.0, 0.0, 0.0, 0.0, 0.0, 0.0, 0.25, 0.5, 0.0]",2
태신해안로,1,1,"[0.0, 0.0, 0.0, 0.0, 0.0, 0.0, 0.0, 0.0, 1.0, 0.0, 0.0]",2
국수몽,11,2,"[0.0, 1.0, 0.0, 0.0, 0.0, 0.0, 0.0, 0.0, 0.0, 0.0, 0.0]",0
우도성산유람선,5,1,"[0.0, 0.0, 0.0, 1.0, 0.0, 0.0, 0.0, 0.0, 0.0, 0.0, 0.0]",2
에이스서프,5,3,"[0.0, 0.333333, 0.0, 0.0, 0.0, 0.333333, 0.0, 0.0, 0.333333, 0.0, 0.0]",2
맹기리수산,11,1,"[0.0, 0.0, 0.0, 0.0, 1.0, 0.0, 0.0, 0.0, 0.0, 0.0, 0.0]",0
문돈가,11,1,"[0.0, 0.0, 0.0, 0.0, 0.0, 0.0, 0.0, 0.0, 1.0, 0.0, 0.0]",0
깊커피,11,3,"[0.0, 0.333333, 0.0, 0.333333, 0.0, 0.0, 0.0, 0.0, 0.333333, 0.0, 0.0]",1
제주차귀도요트투어,13,3,"[0.333333, 0.666667, 0.0, 0.0, 0.0, 0.0, 0.0, 0.0, 0.0, 0.0, 0.0]",2
돈고팡 본점,11,3,"[0.333333, 0.333333, 0.0, 0.0, 0.0, 0.0, 0.0, 0.0, 0.333333, 0.0, 0.0]",0
보건식당,11,2,"[0.0, 0.5, 0.0, 0.0, 0.0, 0.0, 0.0, 0.0, 0.5, 0.0, 0.0]",0
성산흑돼지두루치기,11,7,"[0.0, 0.857143, 0.0, 0.0, 0.0, 0.0, 0.0, 0.0, 0.142857, 0.0, 0.0]",0
카페쿠이,11,3,"[0.0, 0.333333, 0.0, 0.333333, 0.0, 0.0, 0.0, 0.0, 0.333333, 0.0, 0.0]",1
돈본가,11,1,"[0.0, 0.0, 0.0, 0.0, 1.0, 0.0, 0.0, 0.0, 0.0, 0.0, 0.0]",0
동홍힐링사우나,4,1,"[0.0, 0.0, 0.0, 0.0, 0.0, 0.0, 1.0, 0.0, 0.0, 0.0, 0.0]",2
신비의도로,13,7,"[0.142857, 0.0, 0.142857, 0.142857, 0.285714, 0.0, 0.0, 0.0, 0.142857, 0.142857, 0.0]",2
성게돌펜션,24,6,"[0.0, 0.0, 0.0, 0.0, 0.0, 0.0, 0.0, 1.0, 0.0, 0.0, 0.0]",2
처가집연탄구이,11,2,"[0.0, 1.0, 0.0, 0.0, 0.0, 0.0, 0.0, 0.0, 0.0, 0.0, 0.0]",0
금백조로가든,11,1,"[0.0, 0.0, 0.0, 0.0, 1.0, 0.0, 0.0, 0.0, 0.0, 0.0, 0.0]",0
제주해녀축제,8,2,"[0.5, 0.0, 0.0, 0.0, 0.5, 0.0, 0.0, 0.0, 0.0, 0.0, 0.0]",2
버거나라 남원점,11,1,"[0.0, 0.0, 0.0, 0.0, 0.0, 0.0, 0.0, 1.0, 0.0, 0.0, 0.0]",0
남원 사우나,6,1,"[0.0, 0.0, 0.0, 0.0, 0.0, 0.0, 0.0, 0.0, 0.0, 0.0, 1.0]",2
노형집밥,11,1,"[0.0, 0.0, 0.0, 1.0, 0.0, 0.0, 0.0, 0.0, 0.0, 0.0, 0.0]",0
사이카레 제주애월본점,11,1,"[0.0, 1.0, 0.0, 0.0, 0.0, 0.0, 0.0, 0.0, 0.0, 0.0, 0.0]",0
블리스풀,11,1,"[0.0, 0.0, 0.0, 1.0, 0.0, 0.0, 0.0, 0.0, 0.0, 0.0, 0.0]",1
물고기나무 게스트하우스,24,2,"[0.0, 0.0, 0.0, 0.0, 1.0, 0.0, 0.0, 0.0, 0.0, 0.0, 0.0]",2
제이홍키삼스,11,2,"[0.0, 0.5, 0.0, 0.0, 0.5, 0.0, 0.0, 0.0, 0.0, 0.0, 0.0]",0
배스킨라빈스 신제주점,11,3,"[0.0, 0.0, 0.0, 0.666667, 0.0, 0.0, 0.0, 0.0, 0.0, 0.0, 0.333333]",0
강명선 샤브샤브,11,1,"[0.0, 0.0, 0.0, 0.0, 1.0, 0.0, 0.0, 0.0, 0.0, 0.0, 0.0]",0
10호어린이공원,1,1,"[0.0, 0.0, 0.0, 0.0, 0.0, 0.0, 0.0, 0.0, 1.0, 0.0, 0.0]",2
월드컵흑돼지,11,1,"[0.0, 0.0, 0.0, 0.0, 0.0, 1.0, 0.0, 0.0, 0.0, 0.0, 0.0]",0
세븐일레븐 서귀포밸류호텔점,10,1,"[0.0, 0.0, 0.0, 0.0, 0.0, 0.0, 0.0, 0.0, 0.0, 0.0, 1.0]",2
모모언니바다간식,11,4,"[0.0, 0.5, 0.0, 0.0, 0.5, 0.0, 0.0, 0.0, 0.0, 0.0, 0.0]",0
신시가지안성식당,11,1,"[0.0, 0.0, 0.0, 0.0, 0.0, 0.0, 0.0, 0.0, 1.0, 0.0, 0.0]",0
고향 제주본점,11,1,"[0.0, 0.0, 0.0, 0.0, 0.0, 0.0, 0.0, 0.0, 1.0, 0.0, 0.0]",0
일미도,11,1,"[0.0, 0.0, 0.0, 1.0, 0.0, 0.0, 0.0, 0.0, 0.0, 0.0, 0.0]",0
김여사네,11,2,"[0.5, 0.0, 0.0, 0.0, 0.0, 0.0, 0.0, 0.5, 0.0, 0.0, 0.0]",0
선이네밥집,11,1,"[0.0, 0.0, 0.0, 0.0, 1.0, 0.0, 0.0, 0.0, 0.0, 0.0, 0.0]",0
기쁨이네촌칼국수&보리밥 3호점,11,1,"[0.0, 0.0, 0.0, 0.0, 0.0, 1.0, 0.0, 0.0, 0.0, 0.0, 0.0]",0
이디야커피 제주함덕해수욕장점,11,1,"[0.0, 0.0, 0.0, 0.0, 0.0, 0.0, 0.0, 0.0, 1.0, 0.0, 0.0]",1
다가미 삼양점,11,1,"[0.0, 0.0, 0.0, 0.0, 0.0, 1.0, 0.0, 0.0, 0.0, 0.0, 0.0]",0
돈드림가든,11,1,"[0.0, 1.0, 0.0, 0.0, 0.0, 0.0, 0.0, 0.0, 0.0, 0.0, 0.0]",0
르마빈펜션,24,2,"[0.0, 0.5, 0.0, 0.0, 0.0, 0.0, 0.0, 0.5, 0.0, 0.0, 0.0]",2
까망도그,11,1,"[1.0, 0.0, 0.0, 0.0, 0.0, 0.0, 0.0, 0.0, 0.0, 0.0, 0.0]",0
신풍신천 바다목장길,1,4,"[0.75, 0.0, 0.0, 0.0, 0.0, 0.0, 0.0, 0.0, 0.25, 0.0, 0.0]",2
우도해녀의집,11,2,"[0.0, 0.0, 0.0, 0.0, 0.0, 0.0, 0.0, 0.0, 1.0, 0.0, 0.0]",0
봉자게스트하우스,24,4,"[0.0, 0.5, 0.0, 0.0, 0.0, 0.25, 0.0, 0.25, 0.0, 0.0, 0.0]",2
노형수산시장,4,5,"[0.0, 0.2, 0.0, 0.0, 0.6, 0.0, 0.0, 0.2, 0.0, 0.0, 0.0]",2
섭섭이네,11,11,"[0.0, 0.818182, 0.0, 0.0, 0.181818, 0.0, 0.0, 0.0, 0.0, 0.0, 0.0]",0
히포파운드,11,3,"[0.0, 1.0, 0.0, 0.0, 0.0, 0.0, 0.0, 0.0, 0.0, 0.0, 0.0]",0
그랜드메르호텔제주,24,6,"[0.0, 0.0, 0.0, 0.333333, 0.0, 0.0, 0.0, 0.666667, 0.0, 0.0, 0.0]",2
레브호텔,24,4,"[0.0, 0.0, 0.0, 0.0, 0.0, 0.0, 0.0, 1.0, 0.0, 0.0, 0.0]",2
나나이로,10,2,"[0.0, 1.0, 0.0, 0.0, 0.0, 0.0, 0.0, 0.0, 0.0, 0.0, 0.0]",2
찰스앤바비,11,2,"[0.0, 0.5, 0.0, 0.0, 0.5, 0.0, 0.0, 0.0, 0.0, 0.0, 0.0]",0
프라임약국,10,1,"[0.0, 0.0, 0.0, 0.0, 0.0, 1.0, 0.0, 0.0, 0.0, 0.0, 0.0]",2
GS25 예래자스름점,10,1,"[0.0, 0.0, 0.0, 0.0, 0.0, 1.0, 0.0, 0.0, 0.0, 0.0, 0.0]",2
리치망고 협재점,11,1,"[0.0, 0.0, 0.0, 0.0, 1.0, 0.0, 0.0, 0.0, 0.0, 0.0, 0.0]",0
모닥식탁,11,5,"[0.0, 0.4, 0.0, 0.2, 0.4, 0.0, 0.0, 0.0, 0.0, 0.0, 0.0]",0
춘심이네 본점,11,15,"[0.133333, 0.466667, 0.0, 0.066667, 0.333333, 0.0, 0.0, 0.0, 0.0, 0.0, 0.0]",0
농협하나로마트 서귀포농협천지지점,10,4,"[0.0, 0.0, 0.0, 0.0, 0.0, 0.5, 0.25, 0.0, 0.25, 0.0, 0.0]",2
제주다온가,10,1,"[0.0, 0.0, 0.0, 0.0, 0.0, 0.0, 0.0, 0.0, 1.0, 0.0, 0.0]",2
초원게스트하우스,24,4,"[0.0, 0.75, 0.0, 0.0, 0.0, 0.0, 0.25, 0.0, 0.0, 0.0, 0.0]",2
봉추반점,11,3,"[0.0, 0.0, 0.333333, 0.0, 0.666667, 0.0, 0.0, 0.0, 0.0, 0.0, 0.0]",0
낭만해녀,10,1,"[0.0, 0.0, 0.0, 0.0, 0.0, 0.0, 0.0, 0.0, 1.0, 0.0, 0.0]",2
지금여기에,24,5,"[0.0, 0.0, 0.0, 0.4, 0.0, 0.0, 0.0, 0.6, 0.0, 0.0, 0.0]",2
유드림마트 함덕점,10,5,"[0.0, 0.2, 0.0, 0.2, 0.0, 0.4, 0.0, 0.0, 0.2, 0.0, 0.0]",2
원더버거,11,1,"[0.0, 1.0, 0.0, 0.0, 0.0, 0.0, 0.0, 0.0, 0.0, 0.0, 0.0]",0
용수산,11,1,"[0.0, 0.0, 1.0, 0.0, 0.0, 0.0, 0.0, 0.0, 0.0, 0.0, 0.0]",0
소근소근,24,4,"[0.0, 1.0, 0.0, 0.0, 0.0, 0.0, 0.0, 0.0, 0.0, 0.0, 0.0]",2
다올국수,11,1,"[0.0, 0.0, 0.0, 0.0, 0.0, 0.0, 0.0, 0.0, 1.0, 0.0, 0.0]",0
함덕흑돼지연탄구이,11,2,"[0.0, 0.5, 0.0, 0.0, 0.0, 0.0, 0.0, 0.0, 0.5, 0.0, 0.0]",0
무주애,24,3,"[0.0, 0.0, 0.0, 0.0, 0.0, 0.0, 0.0, 1.0, 0.0, 0.0, 0.0]",2
바당지기,11,1,"[0.0, 0.0, 0.0, 0.0, 0.0, 1.0, 0.0, 0.0, 0.0, 0.0, 0.0]",0
미소게스트하우스,24,12,"[0.0, 0.0, 0.0, 0.083333, 0.0, 0.416667, 0.0, 0.5, 0.0, 0.0, 0.0]",2
제제댁게스트하우스,24,4,"[0.0, 0.5, 0.0, 0.0, 0.5, 0.0, 0.0, 0.0, 0.0, 0.0, 0.0]",2
도르멍쉼팡,10,5,"[0.2, 0.4, 0.0, 0.0, 0.0, 0.0, 0.0, 0.0, 0.4, 0.0, 0.0]",2
백록오름,11,2,"[0.0, 1.0, 0.0, 0.0, 0.0, 0.0, 0.0, 0.0, 0.0, 0.0, 0.0]",0
대수길다방,11,2,"[0.0, 0.5, 0.0, 0.0, 0.0, 0.5, 0.0, 0.0, 0.0, 0.0, 0.0]",1
세븐일레븐 제주조천점,10,1,"[0.0, 0.0, 0.0, 0.0, 0.0, 0.0, 1.0, 0.0, 0.0, 0.0, 0.0]",2
GS25 제주탑동점,10,1,"[0.0, 0.0, 0.0, 0.0, 0.0, 0.0, 0.0, 0.0, 0.0, 0.0, 1.0]",2
두가시앤오가니끄,11,1,"[0.0, 0.0, 0.0, 0.0, 1.0, 0.0, 0.0, 0.0, 0.0, 0.0, 0.0]",0
뉴월드마트로 동홍점,10,3,"[0.0, 0.0, 0.0, 0.0, 0.0, 0.0, 0.333333, 0.0, 0.666667, 0.0, 0.0]",2
새미은총의동산,2,3,"[0.0, 0.0, 0.0, 0.333333, 0.333333, 0.0, 0.0, 0.0, 0.0, 0.333333, 0.0]",2
들렁모루,11,1,"[0.0, 0.0, 0.0, 0.0, 1.0, 0.0, 0.0, 0.0, 0.0, 0.0, 0.0]",0
나무식탁,11,3,"[0.0, 0.666667, 0.0, 0.0, 0.0, 0.0, 0.0, 0.0, 0.0, 0.0, 0.333333]",0
그건그렇고,3,2,"[0.0, 0.5, 0.0, 0.0, 0.0, 0.0, 0.5, 0.0, 0.0, 0.0, 0.0]",2
마린뷰티,13,1,"[0.0, 0.0, 0.0, 0.0, 1.0, 0.0, 0.0, 0.0, 0.0, 0.0, 0.0]",2
갓돈,11,1,"[0.0, 0.0, 0.0, 0.0, 1.0, 0.0, 0.0, 0.0, 0.0, 0.0, 0.0]",0
흑돼지해물삼합 서귀포점,11,2,"[0.0, 1.0, 0.0, 0.0, 0.0, 0.0, 0.0, 0.0, 0.0, 0.0, 0.0]",0
시키,11,5,"[0.0, 0.4, 0.0, 0.0, 0.2, 0.2, 0.0, 0.0, 0.0, 0.0, 0.2]",0
술고래,11,2,"[0.0, 0.5, 0.0, 0.0, 0.0, 0.0, 0.0, 0.5, 0.0, 0.0, 0.0]",0
면맛에입맛이좋아,11,1,"[0.0, 0.0, 0.0, 0.0, 0.0, 0.0, 0.0, 0.0, 0.0, 0.0, 1.0]",0
오멍가멍흑돼지 본점,11,6,"[0.166667, 0.666667, 0.0, 0.0, 0.0, 0.166667, 0.0, 0.0, 0.0, 0.0, 0.0]",0
도두해수파크 사우나,24,2,"[0.0, 0.0, 0.0, 0.0, 0.0, 0.5, 0.0, 0.0, 0.0, 0.0, 0.5]",2
신천목장,1,2,"[0.5, 0.5, 0.0, 0.0, 0.0, 0.0, 0.0, 0.0, 0.0, 0.0, 0.0]",2
함덕쉼팡,11,2,"[0.5, 0.0, 0.0, 0.0, 0.0, 0.0, 0.0, 0.0, 0.5, 0.0, 0.0]",0
NH농협은행제주수련원,24,5,"[0.0, 0.0, 0.0, 0.0, 0.4, 0.0, 0.0, 0.6, 0.0, 0.0, 0.0]",2
농협은행제주수련원 해오름,13,1,"[0.0, 0.0, 0.0, 0.0, 0.0, 0.0, 0.0, 1.0, 0.0, 0.0, 0.0]",2
앨리스의그림호텔,24,1,"[0.0, 1.0, 0.0, 0.0, 0.0, 0.0, 0.0, 0.0, 0.0, 0.0, 0.0]",2
애월돌고래전망대,1,2,"[0.5, 0.0, 0.0, 0.0, 0.0, 0.0, 0.0, 0.0, 0.5, 0.0, 0.0]",2
애월댕댕,11,1,"[0.0, 0.0, 0.0, 0.0, 0.0, 0.0, 0.0, 0.0, 1.0, 0.0, 0.0]",0
하루필름,11,3,"[0.666667, 0.0, 0.0, 0.0, 0.0, 0.0, 0.0, 0.0, 0.333333, 0.0, 0.0]",0
본초족욕,13,2,"[0.0, 0.5, 0.0, 0.0, 0.5, 0.0, 0.0, 0.0, 0.0, 0.0, 0.0]",2
골든파크호텔,24,4,"[0.0, 0.0, 0.0, 0.0, 0.0, 0.75, 0.0, 0.25, 0.0, 0.0, 0.0]",2
간세다리족욕카페,13,1,"[0.0, 1.0, 0.0, 0.0, 0.0, 0.0, 0.0, 0.0, 0.0, 0.0, 0.0]",2
콜라비,11,1,"[0.0, 0.0, 0.0, 0.0, 0.0, 0.0, 0.0, 0.0, 0.0, 0.0, 1.0]",1
해동식당,11,1,"[0.0, 0.0, 0.0, 0.0, 0.0, 0.0, 0.0, 1.0, 0.0, 0.0, 0.0]",0
순희뽀글이정식,11,1,"[0.0, 0.0, 0.0, 0.0, 0.0, 0.0, 0.0, 1.0, 0.0, 0.0, 0.0]",0
돌오름길 천아숲길 입출구,1,1,"[0.0, 0.0, 0.0, 0.0, 0.0, 0.0, 0.0, 0.0, 0.0, 0.0, 1.0]",2
우도짜장맨,11,6,"[0.0, 0.333333, 0.166667, 0.166667, 0.166667, 0.0, 0.0, 0.0, 0.166667, 0.0, 0.0]",0
건축학개론펜션,24,2,"[0.0, 0.0, 0.0, 0.0, 0.0, 0.0, 0.0, 1.0, 0.0, 0.0, 0.0]",2
쌍둥이회포장,11,1,"[0.0, 0.0, 0.0, 0.0, 0.0, 1.0, 0.0, 0.0, 0.0, 0.0, 0.0]",0
치저스 제주,11,2,"[0.5, 0.0, 0.0, 0.0, 0.0, 0.0, 0.0, 0.0, 0.0, 0.0, 0.5]",0
달1037,24,5,"[0.6, 0.4, 0.0, 0.0, 0.0, 0.0, 0.0, 0.0, 0.0, 0.0, 0.0]",2
하도리보통날,24,1,"[0.0, 1.0, 0.0, 0.0, 0.0, 0.0, 0.0, 0.0, 0.0, 0.0, 0.0]",2
코코나라,5,2,"[0.0, 0.5, 0.0, 0.0, 0.0, 0.0, 0.0, 0.0, 0.5, 0.0, 0.0]",2
복자씨연탄구이 별관,11,1,"[1.0, 0.0, 0.0, 0.0, 0.0, 0.0, 0.0, 0.0, 0.0, 0.0, 0.0]",0
서건도카라반,24,2,"[1.0, 0.0, 0.0, 0.0, 0.0, 0.0, 0.0, 0.0, 0.0, 0.0, 0.0]",2
하르방십원빵,11,2,"[0.0, 0.0, 0.5, 0.0, 0.0, 0.0, 0.0, 0.0, 0.5, 0.0, 0.0]",0
달빛제주,11,4,"[0.25, 0.25, 0.0, 0.0, 0.0, 0.25, 0.0, 0.0, 0.25, 0.0, 0.0]",1
봉기네깡통구이,11,4,"[0.25, 0.25, 0.0, 0.0, 0.25, 0.25, 0.0, 0.0, 0.0, 0.0, 0.0]",0
마리조아 본점,11,1,"[0.0, 0.0, 1.0, 0.0, 0.0, 0.0, 0.0, 0.0, 0.0, 0.0, 0.0]",0
88국밥,11,2,"[0.0, 0.0, 0.0, 0.0, 0.0, 0.0, 0.5, 0.5, 0.0, 0.0, 0.0]",0
만배식당,11,2,"[0.0, 1.0, 0.0, 0.0, 0.0, 0.0, 0.0, 0.0, 0.0, 0.0, 0.0]",0
클랭블루,11,5,"[0.0, 0.6, 0.0, 0.0, 0.0, 0.0, 0.0, 0.0, 0.4, 0.0, 0.0]",1
호텔메이저2,24,2,"[0.0, 0.0, 0.0, 0.0, 0.0, 0.0, 0.5, 0.5, 0.0, 0.0, 0.0]",2
로치아 커피로스터스,11,1,"[0.0, 1.0, 0.0, 0.0, 0.0, 0.0, 0.0, 0.0, 0.0, 0.0, 0.0]",1
모던하우스 탑동점,4,2,"[0.0, 0.0, 0.0, 1.0, 0.0, 0.0, 0.0, 0.0, 0.0, 0.0, 0.0]",2
HAN컬렉션,4,2,"[0.0, 0.0, 0.0, 0.0, 0.0, 0.0, 0.0, 0.0, 1.0, 0.0, 0.0]",2
써브웨이 제주대점,11,3,"[0.0, 0.0, 0.0, 0.333333, 0.0, 0.333333, 0.0, 0.333333, 0.0, 0.0, 0.0]",0
그랜드 하얏트 제주 포차,11,1,"[0.0, 0.0, 0.0, 0.0, 0.0, 1.0, 0.0, 0.0, 0.0, 0.0, 0.0]",0
짚불도 애월점,11,1,"[0.0, 1.0, 0.0, 0.0, 0.0, 0.0, 0.0, 0.0, 0.0, 0.0, 0.0]",0
버거킹 제주노형점,11,1,"[0.0, 0.0, 0.0, 0.0, 0.0, 1.0, 0.0, 0.0, 0.0, 0.0, 0.0]",0
바라나시책골목,11,1,"[0.0, 1.0, 0.0, 0.0, 0.0, 0.0, 0.0, 0.0, 0.0, 0.0, 0.0]",1
하루앤하루,24,3,"[0.0, 1.0, 0.0, 0.0, 0.0, 0.0, 0.0, 0.0, 0.0, 0.0, 0.0]",2
삼구회포장센타,11,1,"[0.0, 1.0, 0.0, 0.0, 0.0, 0.0, 0.0, 0.0, 0.0, 0.0, 0.0]",0
함덕해물라면오빠집,11,2,"[0.0, 0.5, 0.0, 0.0, 0.0, 0.0, 0.0, 0.0, 0.5, 0.0, 0.0]",0
동고량,11,1,"[0.0, 1.0, 0.0, 0.0, 0.0, 0.0, 0.0, 0.0, 0.0, 0.0, 0.0]",0
뚜레쥬르 제주연동점,11,1,"[0.0, 0.0, 0.0, 0.0, 0.0, 0.0, 1.0, 0.0, 0.0, 0.0, 0.0]",1
함덕푸른밤,24,2,"[0.0, 0.0, 0.0, 0.0, 0.0, 0.0, 0.0, 1.0, 0.0, 0.0, 0.0]",2
함덕주막,11,2,"[0.0, 1.0, 0.0, 0.0, 0.0, 0.0, 0.0, 0.0, 0.0, 0.0, 0.0]",0
제주신화월드 르쉬느아,11,2,"[0.0, 0.0, 0.0, 0.0, 0.5, 0.0, 0.0, 0.5, 0.0, 0.0, 0.0]",0
제주바다체험장,13,3,"[0.0, 0.333333, 0.0, 0.0, 0.333333, 0.0, 0.0, 0.0, 0.0, 0.333333, 0.0]",2
제주푸줏간,11,1,"[0.0, 0.0, 0.0, 0.0, 0.0, 1.0, 0.0, 0.0, 0.0, 0.0, 0.0]",0
베롱베롱in행원,24,2,"[0.0, 1.0, 0.0, 0.0, 0.0, 0.0, 0.0, 0.0, 0.0, 0.0, 0.0]",2
더 시그니처 이자카야,11,4,"[0.0, 0.5, 0.0, 0.0, 0.25, 0.25, 0.0, 0.0, 0.0, 0.0, 0.0]",0
삼해인관광호텔,24,8,"[0.0, 0.25, 0.0, 0.0, 0.0, 0.125, 0.0, 0.625, 0.0, 0.0, 0.0]",2
셀렉토커피 제주노형점,11,1,"[0.0, 0.0, 0.0, 0.0, 0.0, 0.0, 0.0, 0.0, 1.0, 0.0, 0.0]",1
카페 제주동네,11,1,"[0.0, 0.0, 0.0, 1.0, 0.0, 0.0, 0.0, 0.0, 0.0, 0.0, 0.0]",1
스시도모다찌 칠성점,11,5,"[0.0, 0.6, 0.0, 0.4, 0.0, 0.0, 0.0, 0.0, 0.0, 0.0, 0.0]",0
원노형로 일대,7,1,"[0.0, 0.0, 0.0, 0.0, 0.0, 0.0, 0.0, 0.0, 1.0, 0.0, 0.0]",2
함덕별장,10,4,"[0.0, 0.25, 0.0, 0.0, 0.0, 0.0, 0.0, 0.0, 0.75, 0.0, 0.0]",2
현인갤러리,3,1,"[0.0, 0.0, 0.0, 0.0, 1.0, 0.0, 0.0, 0.0, 0.0, 0.0, 0.0]",2
호텔 스테이인터뷰 제주,24,3,"[0.0, 0.0, 0.0, 0.0, 0.333333, 0.0, 0.0, 0.666667, 0.0, 0.0, 0.0]",2
봄뜨랑,11,1,"[0.0, 0.0, 0.0, 0.0, 1.0, 0.0, 0.0, 0.0, 0.0, 0.0, 0.0]",1
매장명 하진이네(진고개가든),11,1,"[0.0, 0.0, 0.0, 0.0, 0.0, 0.0, 0.0, 0.0, 1.0, 0.0, 0.0]",0
청춘게스트하우스,24,2,"[0.0, 1.0, 0.0, 0.0, 0.0, 0.0, 0.0, 0.0, 0.0, 0.0, 0.0]",2
아뮤제,3,1,"[1.0, 0.0, 0.0, 0.0, 0.0, 0.0, 0.0, 0.0, 0.0, 0.0, 0.0]",2
순아,11,4,"[0.0, 0.25, 0.0, 0.0, 0.25, 0.0, 0.0, 0.0, 0.25, 0.0, 0.25]",1
왕성참숯구이,11,4,"[0.0, 0.0, 0.0, 0.25, 0.25, 0.25, 0.0, 0.0, 0.25, 0.0, 0.0]",0
김녕장터국수,11,2,"[0.0, 0.0, 0.0, 0.0, 0.0, 0.5, 0.0, 0.0, 0.5, 0.0, 0.0]",0
스테이헤이븐 펜션,24,2,"[0.0, 0.0, 0.0, 0.0, 0.0, 0.0, 0.0, 1.0, 0.0, 0.0, 0.0]",2
올레길 15-A코스(한림-고내 올레),7,5,"[0.4, 0.0, 0.0, 0.0, 0.0, 0.0, 0.0, 0.0, 0.2, 0.0, 0.4]",2
코델리아S호텔,24,18,"[0.0, 0.111111, 0.0, 0.0, 0.055556, 0.0, 0.0, 0.666667, 0.055556, 0.0, 0.111111]",2
고성장터국밥,11,2,"[0.5, 0.0, 0.0, 0.5, 0.0, 0.0, 0.0, 0.0, 0.0, 0.0, 0.0]",0
범식당,11,1,"[0.0, 0.0, 0.0, 1.0, 0.0, 0.0, 0.0, 0.0, 0.0, 0.0, 0.0]",0
노스필드,11,1,"[1.0, 0.0, 0.0, 0.0, 0.0, 0.0, 0.0, 0.0, 0.0, 0.0, 0.0]",0
섭지방파제,7,1,"[0.0, 0.0, 0.0, 0.0, 0.0, 0.0, 0.0, 0.0, 1.0, 0.0, 0.0]",2
경성수산,11,6,"[0.0, 0.833333, 0.0, 0.166667, 0.0, 0.0, 0.0, 0.0, 0.0, 0.0, 0.0]",0
제주기와,11,2,"[0.5, 0.5, 0.0, 0.0, 0.0, 0.0, 0.0, 0.0, 0.0, 0.0, 0.0]",1
시루애월,11,2,"[0.0, 0.5, 0.0, 0.0, 0.0, 0.0, 0.0, 0.0, 0.5, 0.0, 0.0]",0
불닭공장 제주본점,11,1,"[0.0, 0.0, 0.0, 0.0, 1.0, 0.0, 0.0, 0.0, 0.0, 0.0, 0.0]",0
루스트플레이스 칠성로점,11,1,"[0.0, 0.0, 0.0, 0.0, 0.0, 0.0, 0.0, 0.0, 1.0, 0.0, 0.0]",0
봄날제주,11,1,"[0.0, 0.0, 0.0, 0.0, 0.0, 0.0, 0.0, 0.0, 1.0, 0.0, 0.0]",0
참다랑어막주는집 제주삼화점,11,1,"[0.0, 0.0, 0.0, 0.0, 1.0, 0.0, 0.0, 0.0, 0.0, 0.0, 0.0]",0
예술공간 이아,3,1,"[0.0, 1.0, 0.0, 0.0, 0.0, 0.0, 0.0, 0.0, 0.0, 0.0, 0.0]",2
바타타식탁,11,3,"[0.333333, 0.666667, 0.0, 0.0, 0.0, 0.0, 0.0, 0.0, 0.0, 0.0, 0.0]",0
중문그때그집,11,4,"[0.0, 0.75, 0.0, 0.25, 0.0, 0.0, 0.0, 0.0, 0.0, 0.0, 0.0]",0
엘리네잡화점,4,1,"[0.0, 0.0, 0.0, 1.0, 0.0, 0.0, 0.0, 0.0, 0.0, 0.0, 0.0]",2
포레스타,11,2,"[0.5, 0.5, 0.0, 0.0, 0.0, 0.0, 0.0, 0.0, 0.0, 0.0, 0.0]",1
메콩스카이,11,4,"[0.0, 0.25, 0.0, 0.25, 0.25, 0.0, 0.0, 0.0, 0.0, 0.0, 0.25]",0
커피빈 제주애월DT점,11,3,"[0.0, 0.333333, 0.0, 0.0, 0.0, 0.333333, 0.0, 0.0, 0.333333, 0.0, 0.0]",1
제주고기국수만세국수,11,4,"[0.0, 0.5, 0.0, 0.5, 0.0, 0.0, 0.0, 0.0, 0.0, 0.0, 0.0]",0
제주퍼블랙,11,2,"[0.0, 1.0, 0.0, 0.0, 0.0, 0.0, 0.0, 0.0, 0.0, 0.0, 0.0]",0
금호정육점,11,3,"[0.0, 0.333333, 0.0, 0.333333, 0.333333, 0.0, 0.0, 0.0, 0.0, 0.0, 0.0]",0
흰수염고래리조트,24,2,"[0.0, 1.0, 0.0, 0.0, 0.0, 0.0, 0.0, 0.0, 0.0, 0.0, 0.0]",2
간장을품은소라게,11,1,"[0.0, 1.0, 0.0, 0.0, 0.0, 0.0, 0.0, 0.0, 0.0, 0.0, 0.0]",0
기억나는집,11,4,"[0.0, 0.75, 0.0, 0.0, 0.25, 0.0, 0.0, 0.0, 0.0, 0.0, 0.0]",0
수복강녕,11,4,"[0.0, 1.0, 0.0, 0.0, 0.0, 0.0, 0.0, 0.0, 0.0, 0.0, 0.0]",0
아라연,11,2,"[0.0, 0.0, 0.0, 0.0, 0.5, 0.0, 0.0, 0.0, 0.5, 0.0, 0.0]",0
제주애퐁당 본점,4,2,"[0.0, 0.0, 0.0, 0.0, 0.0, 0.0, 0.0, 0.0, 1.0, 0.0, 0.0]",2
흑돼지제주정,11,2,"[0.5, 0.0, 0.0, 0.0, 0.5, 0.0, 0.0, 0.0, 0.0, 0.0, 0.0]",0
성산포성당,2,2,"[0.5, 0.0, 0.0, 0.0, 0.5, 0.0, 0.0, 0.0, 0.0, 0.0, 0.0]",2
금능낙원,11,3,"[0.333333, 0.0, 0.0, 0.666667, 0.0, 0.0, 0.0, 0.0, 0.0, 0.0, 0.0]",0
우유부단,11,7,"[0.285714, 0.428571, 0.0, 0.142857, 0.0, 0.0, 0.0, 0.0, 0.142857, 0.0, 0.0]",1
오또도넛,11,3,"[0.666667, 0.0, 0.0, 0.333333, 0.0, 0.0, 0.0, 0.0, 0.0, 0.0, 0.0]",1
몰츠,11,2,"[0.0, 1.0, 0.0, 0.0, 0.0, 0.0, 0.0, 0.0, 0.0, 0.0, 0.0]",0
제주신화월드 스카이온파이브다이닝,11,7,"[0.0, 0.285714, 0.0, 0.142857, 0.0, 0.0, 0.428571, 0.0, 0.0, 0.0, 0.142857]",0
알동네집,11,1,"[0.0, 1.0, 0.0, 0.0, 0.0, 0.0, 0.0, 0.0, 0.0, 0.0, 0.0]",0
산방굴선원,2,1,"[0.0, 0.0, 0.0, 0.0, 1.0, 0.0, 0.0, 0.0, 0.0, 0.0, 0.0]",2
노바운더리 제주,11,10,"[0.4, 0.3, 0.1, 0.0, 0.1, 0.0, 0.0, 0.0, 0.1, 0.0, 0.0]",0
신화워터파크 실내워터파크동,6,2,"[0.5, 0.0, 0.0, 0.0, 0.0, 0.0, 0.0, 0.0, 0.0, 0.0, 0.5]",2
역전할머니맥주 제주동홍점,11,1,"[0.0, 0.0, 0.0, 0.0, 0.0, 0.0, 0.0, 0.0, 1.0, 0.0, 0.0]",0
제주달리펜션,24,1,"[0.0, 0.0, 0.0, 0.0, 0.0, 0.0, 0.0, 0.0, 0.0, 0.0, 1.0]",2
초밥공장,11,5,"[0.0, 1.0, 0.0, 0.0, 0.0, 0.0, 0.0, 0.0, 0.0, 0.0, 0.0]",0
애월리에,11,5,"[0.0, 0.6, 0.0, 0.0, 0.2, 0.0, 0.0, 0.0, 0.0, 0.0, 0.2]",0
테라도스,11,13,"[0.230769, 0.692308, 0.0, 0.0, 0.076923, 0.0, 0.0, 0.0, 0.0, 0.0, 0.0]",1
홍스랜드,24,8,"[0.0, 0.875, 0.0, 0.0, 0.0, 0.0, 0.0, 0.0, 0.0, 0.0, 0.125]",2
BHC치킨 제주무수천점,11,1,"[0.0, 1.0, 0.0, 0.0, 0.0, 0.0, 0.0, 0.0, 0.0, 0.0, 0.0]",0
풍로,11,5,"[0.0, 0.4, 0.4, 0.0, 0.2, 0.0, 0.0, 0.0, 0.0, 0.0, 0.0]",0
제주코기네,24,2,"[0.0, 1.0, 0.0, 0.0, 0.0, 0.0, 0.0, 0.0, 0.0, 0.0, 0.0]",2
애월전분공장카페,11,2,"[0.0, 0.5, 0.0, 0.0, 0.0, 0.5, 0.0, 0.0, 0.0, 0.0, 0.0]",1
인터포레스트,11,5,"[0.0, 0.6, 0.0, 0.0, 0.0, 0.2, 0.0, 0.0, 0.2, 0.0, 0.0]",0
제주N스테이,24,1,"[0.0, 0.0, 0.0, 0.0, 0.0, 1.0, 0.0, 0.0, 0.0, 0.0, 0.0]",2
면주막,11,2,"[0.0, 0.5, 0.0, 0.0, 0.0, 0.5, 0.0, 0.0, 0.0, 0.0, 0.0]",0
제주왕감귤체험농장,13,2,"[0.0, 0.5, 0.0, 0.0, 0.0, 0.0, 0.0, 0.0, 0.0, 0.0, 0.5]",2
코이노니아펜션,24,1,"[0.0, 1.0, 0.0, 0.0, 0.0, 0.0, 0.0, 0.0, 0.0, 0.0, 0.0]",2
골든비치펜션,24,3,"[0.0, 0.333333, 0.0, 0.0, 0.666667, 0.0, 0.0, 0.0, 0.0, 0.0, 0.0]",2
위즈피자,11,2,"[0.0, 1.0, 0.0, 0.0, 0.0, 0.0, 0.0, 0.0, 0.0, 0.0, 0.0]",0
제주도자전거대여 보물섬하이킹,5,2,"[0.0, 0.5, 0.0, 0.0, 0.0, 0.0, 0.0, 0.0, 0.0, 0.0, 0.5]",2
스테이더몽,24,1,"[0.0, 0.0, 0.0, 0.0, 0.0, 0.0, 0.0, 0.0, 1.0, 0.0, 0.0]",2
바랑쉬게스트하우스,24,3,"[0.0, 0.333333, 0.0, 0.0, 0.0, 0.0, 0.0, 0.0, 0.333333, 0.0, 0.333333]",2
제주김밥이야기,11,1,"[0.0, 1.0, 0.0, 0.0, 0.0, 0.0, 0.0, 0.0, 0.0, 0.0, 0.0]",0
로당 연동점,11,1,"[0.0, 0.0, 0.0, 1.0, 0.0, 0.0, 0.0, 0.0, 0.0, 0.0, 0.0]",0
서유기마라탕&훠궈,11,6,"[0.0, 0.166667, 0.0, 0.166667, 0.0, 0.333333, 0.0, 0.0, 0.333333, 0.0, 0.0]",0
소노라,11,2,"[0.0, 0.0, 0.0, 0.5, 0.0, 0.5, 0.0, 0.0, 0.0, 0.0, 0.0]",0
월정플레이스,24,3,"[0.0, 1.0, 0.0, 0.0, 0.0, 0.0, 0.0, 0.0, 0.0, 0.0, 0.0]",2
르바게트,11,5,"[0.2, 0.2, 0.0, 0.2, 0.2, 0.0, 0.0, 0.0, 0.2, 0.0, 0.0]",0
커피순,11,1,"[0.0, 0.0, 0.0, 0.0, 0.0, 0.0, 0.0, 0.0, 1.0, 0.0, 0.0]",1
오래된구름,11,1,"[0.0, 0.0, 0.0, 1.0, 0.0, 0.0, 0.0, 0.0, 0.0, 0.0, 0.0]",0
신제주연동트리플시티오피스텔,24,2,"[0.0, 0.0, 0.0, 0.0, 0.0, 0.0, 0.0, 0.0, 0.0, 0.0, 1.0]",2
엉내공원,1,1,"[0.0, 0.0, 0.0, 0.0, 0.0, 0.0, 0.0, 0.0, 1.0, 0.0, 0.0]",2
사랑담은해물,11,1,"[0.0, 0.0, 0.0, 0.0, 0.0, 0.0, 0.0, 0.0, 1.0, 0.0, 0.0]",0
쨍하고회뜰날,11,1,"[0.0, 0.0, 0.0, 0.0, 0.0, 0.0, 0.0, 0.0, 1.0, 0.0, 0.0]",0
제주감귤치킨 사계본점,11,3,"[0.0, 0.666667, 0.0, 0.0, 0.0, 0.0, 0.0, 0.0, 0.333333, 0.0, 0.0]",0
제주팜카페,11,2,"[0.0, 0.0, 0.0, 0.0, 0.0, 0.0, 0.0, 0.5, 0.5, 0.0, 0.0]",1
써브웨이 제주공항점,11,3,"[0.0, 0.333333, 0.0, 0.0, 0.0, 0.333333, 0.0, 0.0, 0.333333, 0.0, 0.0]",0
연동주유소,10,1,"[0.0, 0.0, 0.0, 0.0, 0.0, 0.0, 0.0, 0.0, 1.0, 0.0, 0.0]",2
갈치요리전문점 만족한상회,11,1,"[0.0, 0.0, 0.0, 0.0, 1.0, 0.0, 0.0, 0.0, 0.0, 0.0, 0.0]",0
가치,10,1,"[0.0, 0.0, 0.0, 1.0, 0.0, 0.0, 0.0, 0.0, 0.0, 0.0, 0.0]",2
제주신화월드 S BAR,11,1,"[0.0, 0.0, 0.0, 0.0, 0.0, 0.0, 0.0, 0.0, 1.0, 0.0, 0.0]",0
베카신,11,2,"[0.0, 0.5, 0.0, 0.0, 0.0, 0.0, 0.0, 0.0, 0.5, 0.0, 0.0]",1
올티스,13,6,"[0.0, 0.833333, 0.0, 0.0, 0.0, 0.0, 0.0, 0.0, 0.0, 0.0, 0.166667]",2
한라산국립공원 어승생악탐방로,7,3,"[0.666667, 0.0, 0.0, 0.0, 0.0, 0.333333, 0.0, 0.0, 0.0, 0.0, 0.0]",2
머문,11,3,"[0.0, 0.333333, 0.0, 0.0, 0.333333, 0.0, 0.0, 0.0, 0.333333, 0.0, 0.0]",1
리치망고 도두해안로점,11,1,"[0.0, 0.0, 0.0, 0.0, 0.0, 0.0, 0.0, 0.0, 1.0, 0.0, 0.0]",0
장수물,2,1,"[0.0, 0.0, 0.0, 0.0, 0.0, 0.0, 0.0, 0.0, 0.0, 1.0, 0.0]",2
GS25 제주신화월드점,10,2,"[0.0, 0.0, 0.0, 0.0, 0.0, 0.5, 0.0, 0.0, 0.0, 0.0, 0.5]",2
오션트래블러,5,1,"[0.0, 0.0, 0.0, 0.0, 0.0, 0.0, 0.0, 0.0, 0.0, 1.0, 0.0]",2
서귀포항여객선터미널,5,2,"[0.0, 0.0, 0.0, 0.0, 0.5, 0.0, 0.0, 0.0, 0.0, 0.5, 0.0]",2
소소식당,11,1,"[0.0, 0.0, 0.0, 0.0, 1.0, 0.0, 0.0, 0.0, 0.0, 0.0, 0.0]",0
문섬,5,5,"[0.2, 0.0, 0.0, 0.0, 0.2, 0.0, 0.0, 0.0, 0.0, 0.2, 0.4]",2
샨티,11,2,"[0.0, 0.5, 0.0, 0.0, 0.5, 0.0, 0.0, 0.0, 0.0, 0.0, 0.0]",1
장인더,11,1,"[1.0, 0.0, 0.0, 0.0, 0.0, 0.0, 0.0, 0.0, 0.0, 0.0, 0.0]",0
숲섬이라면,11,1,"[0.0, 1.0, 0.0, 0.0, 0.0, 0.0, 0.0, 0.0, 0.0, 0.0, 0.0]",0
땡큐제주렌트카,10,9,"[0.0, 0.0, 0.0, 0.0, 0.0, 0.0, 0.0, 0.555556, 0.0, 0.0, 0.444444]",2
우도꽃길,11,7,"[0.142857, 0.428571, 0.0, 0.0, 0.0, 0.0, 0.0, 0.0, 0.285714, 0.0, 0.142857]",0
엘리스테이,24,2,"[0.0, 0.0, 0.0, 0.0, 0.0, 0.0, 1.0, 0.0, 0.0, 0.0, 0.0]",2
그마니네,11,1,"[0.0, 0.0, 1.0, 0.0, 0.0, 0.0, 0.0, 0.0, 0.0, 0.0, 0.0]",0
제주시농협 하나로마트 노형점,10,3,"[0.0, 0.0, 0.0, 0.0, 0.0, 0.0, 0.0, 0.0, 1.0, 0.0, 0.0]",2
봉순이네흑돼지,11,8,"[0.125, 0.625, 0.0, 0.125, 0.125, 0.0, 0.0, 0.0, 0.0, 0.0, 0.0]",0
만지식당,11,2,"[0.0, 0.5, 0.0, 0.0, 0.5, 0.0, 0.0, 0.0, 0.0, 0.0, 0.0]",0
정대,11,1,"[0.0, 0.0, 0.0, 0.0, 1.0, 0.0, 0.0, 0.0, 0.0, 0.0, 0.0]",0
멜톤,10,3,"[0.0, 0.333333, 0.0, 0.666667, 0.0, 0.0, 0.0, 0.0, 0.0, 0.0, 0.0]",1
또오크라,24,1,"[0.0, 0.0, 0.0, 0.0, 0.0, 0.0, 0.0, 0.0, 0.0, 0.0, 1.0]",2
호커센터,11,2,"[0.5, 0.0, 0.0, 0.5, 0.0, 0.0, 0.0, 0.0, 0.0, 0.0, 0.0]",0
카페숨도,6,3,"[0.0, 0.333333, 0.0, 0.0, 0.333333, 0.333333, 0.0, 0.0, 0.0, 0.0, 0.0]",2
탑부평 흑돼지거리본점,11,1,"[0.0, 0.0, 0.0, 0.0, 0.0, 0.0, 0.0, 0.0, 1.0, 0.0, 0.0]",0
체면,11,2,"[0.0, 0.5, 0.0, 0.5, 0.0, 0.0, 0.0, 0.0, 0.0, 0.0, 0.0]",0
로피하우스,24,3,"[0.0, 0.0, 0.0, 0.0, 0.0, 0.0, 0.0, 1.0, 0.0, 0.0, 0.0]",2
스타벅스 제주일도DT점,11,5,"[0.0, 0.0, 0.0, 0.0, 0.0, 0.4, 0.0, 0.0, 0.2, 0.0, 0.4]",1
파인힐호텔,24,1,"[0.0, 0.0, 0.0, 0.0, 0.0, 0.0, 0.0, 1.0, 0.0, 0.0, 0.0]",2
마메르,24,3,"[0.0, 1.0, 0.0, 0.0, 0.0, 0.0, 0.0, 0.0, 0.0, 0.0, 0.0]",2
우도고고씽,5,1,"[0.0, 0.0, 0.0, 0.0, 0.0, 0.0, 0.0, 0.0, 1.0, 0.0, 0.0]",2
저팔계깡통숯불구이,11,2,"[0.0, 1.0, 0.0, 0.0, 0.0, 0.0, 0.0, 0.0, 0.0, 0.0, 0.0]",0
우도해적식당,11,1,"[0.0, 0.0, 0.0, 0.0, 0.0, 0.0, 0.0, 0.0, 1.0, 0.0, 0.0]",0
보고타렌터카,10,10,"[0.0, 0.0, 0.0, 0.1, 0.0, 0.0, 0.0, 0.6, 0.0, 0.0, 0.3]",2
빛나는 산호섬,10,1,"[0.0, 0.0, 0.0, 0.0, 0.0, 0.0, 0.0, 0.0, 1.0, 0.0, 0.0]",2
대비공원,1,2,"[0.0, 0.0, 0.0, 0.0, 0.0, 0.0, 0.0, 0.0, 0.5, 0.0, 0.5]",2
유쥬얼커피,11,1,"[0.0, 0.0, 0.0, 0.0, 0.0, 1.0, 0.0, 0.0, 0.0, 0.0, 0.0]",1
다나한한복앤러블리베베,10,1,"[0.0, 1.0, 0.0, 0.0, 0.0, 0.0, 0.0, 0.0, 0.0, 0.0, 0.0]",2
중섭의집,11,3,"[0.333333, 0.666667, 0.0, 0.0, 0.0, 0.0, 0.0, 0.0, 0.0, 0.0, 0.0]",1
몬스테라 자구리점,11,3,"[0.0, 0.333333, 0.0, 0.333333, 0.333333, 0.0, 0.0, 0.0, 0.0, 0.0, 0.0]",0
파밀리아호텔,24,2,"[0.0, 0.0, 0.0, 0.0, 0.0, 0.0, 0.0, 1.0, 0.0, 0.0, 0.0]",2
제주해조네보말성게전문점,11,4,"[0.0, 1.0, 0.0, 0.0, 0.0, 0.0, 0.0, 0.0, 0.0, 0.0, 0.0]",0
코코넛서프 서핑스쿨,13,3,"[0.0, 0.333333, 0.0, 0.0, 0.0, 0.333333, 0.333333, 0.0, 0.0, 0.0, 0.0]",2
유생식당,11,1,"[0.0, 0.0, 0.0, 0.0, 0.0, 0.0, 0.0, 1.0, 0.0, 0.0, 0.0]",0
속골할망라면,11,1,"[0.0, 1.0, 0.0, 0.0, 0.0, 0.0, 0.0, 0.0, 0.0, 0.0, 0.0]",0
소곤닥하우스,24,5,"[0.0, 0.2, 0.0, 0.0, 0.0, 0.6, 0.0, 0.2, 0.0, 0.0, 0.0]",2
가는길에공방,4,1,"[0.0, 0.0, 0.0, 0.0, 0.0, 0.0, 0.0, 0.0, 1.0, 0.0, 0.0]",2
오가네 전복설렁탕 함덕점,11,5,"[0.0, 0.8, 0.0, 0.0, 0.0, 0.0, 0.0, 0.0, 0.2, 0.0, 0.0]",0
제주관덕정분식,11,5,"[0.2, 0.4, 0.0, 0.0, 0.0, 0.0, 0.0, 0.2, 0.2, 0.0, 0.0]",0
스시우도포차,11,1,"[0.0, 0.0, 0.0, 0.0, 0.0, 1.0, 0.0, 0.0, 0.0, 0.0, 0.0]",0
우리들의별포차,11,1,"[0.0, 0.0, 0.0, 0.0, 0.0, 0.0, 0.0, 0.0, 1.0, 0.0, 0.0]",0
청춘이오란다 서귀포점,11,1,"[0.0, 0.0, 0.0, 0.0, 1.0, 0.0, 0.0, 0.0, 0.0, 0.0, 0.0]",0
헤르멘하우스,24,2,"[0.0, 0.0, 0.0, 0.0, 0.0, 0.0, 0.0, 1.0, 0.0, 0.0, 0.0]",2
몽땅 신화월드점,11,3,"[0.333333, 0.333333, 0.0, 0.0, 0.333333, 0.0, 0.0, 0.0, 0.0, 0.0, 0.0]",0
귤메달 하우스,10,2,"[0.0, 0.5, 0.0, 0.0, 0.5, 0.0, 0.0, 0.0, 0.0, 0.0, 0.0]",2
쇠소깍모꼬지,11,3,"[0.333333, 0.666667, 0.0, 0.0, 0.0, 0.0, 0.0, 0.0, 0.0, 0.0, 0.0]",0
아일랜드 프로젝트 성산,10,3,"[0.0, 0.0, 0.0, 0.0, 0.0, 0.333333, 0.0, 0.0, 0.666667, 0.0, 0.0]",2
법환맛씸,11,1,"[0.0, 0.0, 0.0, 0.0, 0.0, 0.0, 0.0, 0.0, 1.0, 0.0, 0.0]",0
한촌설렁탕 제주삼화점,11,1,"[0.0, 0.0, 0.0, 1.0, 0.0, 0.0, 0.0, 0.0, 0.0, 0.0, 0.0]",0
차귀도,1,3,"[0.333333, 0.0, 0.0, 0.0, 0.666667, 0.0, 0.0, 0.0, 0.0, 0.0, 0.0]",2
무아르카페,11,3,"[0.0, 0.666667, 0.0, 0.0, 0.0, 0.333333, 0.0, 0.0, 0.0, 0.0, 0.0]",1
돌담흑돼지 연동,11,10,"[0.1, 0.5, 0.1, 0.0, 0.0, 0.0, 0.0, 0.0, 0.3, 0.0, 0.0]",0
스테리나잇제주펜션,24,3,"[0.0, 0.333333, 0.0, 0.0, 0.0, 0.666667, 0.0, 0.0, 0.0, 0.0, 0.0]",2
본보이즈,11,1,"[0.0, 1.0, 0.0, 0.0, 0.0, 0.0, 0.0, 0.0, 0.0, 0.0, 0.0]",0
메르시하도,24,1,"[0.0, 1.0, 0.0, 0.0, 0.0, 0.0, 0.0, 0.0, 0.0, 0.0, 0.0]",2
제주 애월회관 애월곽지점,11,4,"[0.25, 0.25, 0.0, 0.0, 0.0, 0.0, 0.0, 0.0, 0.25, 0.0, 0.25]",0
해녀김밥 함덕 본점,11,4,"[0.75, 0.0, 0.0, 0.0, 0.25, 0.0, 0.0, 0.0, 0.0, 0.0, 0.0]",0
흑돈사,11,1,"[0.0, 0.0, 0.0, 0.0, 0.0, 0.0, 0.0, 0.0, 1.0, 0.0, 0.0]",0
구좌상회작업실,11,1,"[1.0, 0.0, 0.0, 0.0, 0.0, 0.0, 0.0, 0.0, 0.0, 0.0, 0.0]",0
작가의산책길 종합안내소,7,1,"[0.0, 1.0, 0.0, 0.0, 0.0, 0.0, 0.0, 0.0, 0.0, 0.0, 0.0]",2
쇠소깍복순이네식당,11,1,"[0.0, 0.0, 0.0, 0.0, 0.0, 1.0, 0.0, 0.0, 0.0, 0.0, 0.0]",0
산방산삼춘네,11,1,"[0.0, 0.0, 0.0, 0.0, 0.0, 0.0, 0.0, 0.0, 1.0, 0.0, 0.0]",0
다다익고 신서귀점,11,1,"[0.0, 1.0, 0.0, 0.0, 0.0, 0.0, 0.0, 0.0, 0.0, 0.0, 0.0]",0
쇠소깍수상레저 전통테우,13,5,"[0.4, 0.4, 0.0, 0.0, 0.0, 0.0, 0.0, 0.0, 0.0, 0.2, 0.0]",2
오가네전복설렁탕 서귀포본점,11,9,"[0.0, 0.666667, 0.0, 0.222222, 0.0, 0.111111, 0.0, 0.0, 0.0, 0.0, 0.0]",0
GS25 곽지해변점,10,2,"[0.0, 0.0, 0.0, 0.0, 0.0, 0.5, 0.0, 0.0, 0.5, 0.0, 0.0]",2
정석주유소,10,1,"[0.0, 0.0, 0.0, 0.0, 0.0, 0.0, 0.0, 0.0, 0.0, 0.0, 1.0]",2
이정현돼지갈비강정 곽지본점,11,2,"[0.0, 0.5, 0.0, 0.5, 0.0, 0.0, 0.0, 0.0, 0.0, 0.0, 0.0]",0
서광춘희,11,1,"[0.0, 1.0, 0.0, 0.0, 0.0, 0.0, 0.0, 0.0, 0.0, 0.0, 0.0]",0
레몬하우스,24,3,"[0.0, 0.0, 0.0, 0.0, 1.0, 0.0, 0.0, 0.0, 0.0, 0.0, 0.0]",2
제주도립미술관,3,4,"[0.0, 0.0, 0.0, 0.0, 0.25, 0.0, 0.0, 0.25, 0.0, 0.25, 0.25]",2
손지오름,1,2,"[0.0, 0.0, 0.0, 0.0, 0.0, 0.0, 0.0, 0.0, 0.5, 0.0, 0.5]",2
갤러리호텔비앤비,24,4,"[0.0, 0.0, 0.0, 0.0, 0.0, 0.0, 0.0, 1.0, 0.0, 0.0, 0.0]",2
느영나영혼듸모영 대정본점,11,1,"[0.0, 0.0, 0.0, 0.0, 1.0, 0.0, 0.0, 0.0, 0.0, 0.0, 0.0]",0
월령15,11,1,"[0.0, 0.0, 0.0, 0.0, 0.0, 0.0, 0.0, 0.0, 0.0, 0.0, 1.0]",1
왕서방,11,1,"[0.0, 1.0, 0.0, 0.0, 0.0, 0.0, 0.0, 0.0, 0.0, 0.0, 0.0]",0
맨도롱국수집,11,3,"[0.0, 0.333333, 0.0, 0.0, 0.0, 0.0, 0.0, 0.0, 0.666667, 0.0, 0.0]",0
모슬봉숲길,1,1,"[0.0, 0.0, 0.0, 0.0, 0.0, 0.0, 0.0, 0.0, 1.0, 0.0, 0.0]",2
삼다도횟집 본점,11,3,"[0.0, 0.333333, 0.0, 0.0, 0.666667, 0.0, 0.0, 0.0, 0.0, 0.0, 0.0]",0
어영마을,7,2,"[0.0, 0.0, 0.0, 0.0, 0.0, 0.0, 0.0, 0.0, 1.0, 0.0, 0.0]",2
밀라네사,11,1,"[0.0, 1.0, 0.0, 0.0, 0.0, 0.0, 0.0, 0.0, 0.0, 0.0, 0.0]",0
아임파인,11,1,"[0.0, 0.0, 0.0, 0.0, 1.0, 0.0, 0.0, 0.0, 0.0, 0.0, 0.0]",0
하노이식당,11,1,"[0.0, 0.0, 0.0, 0.0, 0.0, 0.0, 0.0, 0.0, 1.0, 0.0, 0.0]",0
더그랜드섬오름 본관,24,11,"[0.0, 0.0, 0.0, 0.090909, 0.272727, 0.0, 0.545455, 0.0, 0.0, 0.0, 0.090909]",0
감귤박물관 감귤체험학습장,13,1,"[0.0, 0.0, 0.0, 0.0, 0.0, 0.0, 0.0, 0.0, 0.0, 1.0, 0.0]",2
제주칼국수 장수상회,11,2,"[0.0, 0.5, 0.0, 0.0, 0.5, 0.0, 0.0, 0.0, 0.0, 0.0, 0.0]",0
다이소 서귀포표선점,10,2,"[0.0, 0.0, 0.0, 0.0, 0.0, 0.0, 0.0, 0.5, 0.0, 0.0, 0.5]",2
어울림감귤체험농장,13,3,"[0.0, 0.666667, 0.0, 0.0, 0.0, 0.0, 0.0, 0.0, 0.333333, 0.0, 0.0]",2
다린,11,2,"[0.0, 0.5, 0.0, 0.0, 0.0, 0.0, 0.0, 0.0, 0.5, 0.0, 0.0]",1
아트살롱 제주,10,1,"[0.0, 0.0, 0.0, 0.0, 1.0, 0.0, 0.0, 0.0, 0.0, 0.0, 0.0]",2
핸드메이드라이프,10,1,"[0.0, 0.0, 0.0, 0.0, 0.0, 0.0, 0.0, 0.0, 1.0, 0.0, 0.0]",2
제주해조대,24,4,"[0.0, 0.75, 0.0, 0.0, 0.0, 0.0, 0.0, 0.0, 0.25, 0.0, 0.0]",2
칠돈가 서광직영점,11,5,"[0.0, 0.6, 0.0, 0.2, 0.0, 0.0, 0.0, 0.0, 0.2, 0.0, 0.0]",0
고객식당,11,2,"[0.0, 0.5, 0.0, 0.0, 0.0, 0.0, 0.0, 0.0, 0.5, 0.0, 0.0]",0
제주도담,24,2,"[0.0, 0.0, 0.0, 0.0, 1.0, 0.0, 0.0, 0.0, 0.0, 0.0, 0.0]",2
뱃도새기 흑돼지 제주서귀포점,11,2,"[0.0, 1.0, 0.0, 0.0, 0.0, 0.0, 0.0, 0.0, 0.0, 0.0, 0.0]",0
애월7일,11,5,"[0.0, 0.2, 0.0, 0.0, 0.6, 0.2, 0.0, 0.0, 0.0, 0.0, 0.0]",1
유수암돌집,24,2,"[0.0, 1.0, 0.0, 0.0, 0.0, 0.0, 0.0, 0.0, 0.0, 0.0, 0.0]",2
애월바당국수,11,4,"[0.0, 0.0, 0.0, 0.25, 0.25, 0.25, 0.0, 0.0, 0.0, 0.0, 0.25]",0
신동아문구 제주본점,10,1,"[0.0, 0.0, 0.0, 0.0, 0.0, 0.0, 0.0, 0.0, 1.0, 0.0, 0.0]",2
KFC 제주서귀포DI점,11,1,"[0.0, 0.0, 0.0, 0.0, 0.0, 1.0, 0.0, 0.0, 0.0, 0.0, 0.0]",0
예술공간 오이,3,1,"[0.0, 0.0, 0.0, 0.0, 1.0, 0.0, 0.0, 0.0, 0.0, 0.0, 0.0]",2
제주성지,2,1,"[0.0, 0.0, 0.0, 0.0, 0.0, 0.0, 0.0, 0.0, 1.0, 0.0, 0.0]",2
무진장회식당 오라동점,11,2,"[0.0, 0.5, 0.0, 0.0, 0.5, 0.0, 0.0, 0.0, 0.0, 0.0, 0.0]",0
보성시장,4,2,"[0.0, 0.0, 0.0, 0.0, 0.0, 0.0, 0.0, 0.0, 1.0, 0.0, 0.0]",2
일품순두부 연동점,4,2,"[0.0, 0.5, 0.0, 0.0, 0.0, 0.0, 0.0, 0.5, 0.0, 0.0, 0.0]",0
이돈갓 시청본점,11,1,"[0.0, 0.0, 0.0, 0.0, 0.0, 0.0, 0.0, 0.0, 1.0, 0.0, 0.0]",0
소완도식당,11,1,"[0.0, 0.0, 0.0, 0.0, 0.0, 0.0, 0.0, 0.0, 1.0, 0.0, 0.0]",0
간세게스트하우스,24,5,"[0.0, 0.2, 0.0, 0.0, 0.0, 0.6, 0.0, 0.0, 0.0, 0.0, 0.2]",2
주정공장 옛터,2,1,"[0.0, 0.0, 0.0, 0.0, 0.0, 0.0, 0.0, 0.0, 1.0, 0.0, 0.0]",2
오션클라우드,24,2,"[0.0, 0.0, 0.0, 0.0, 0.0, 0.0, 0.0, 1.0, 0.0, 0.0, 0.0]",2
CASA블루,24,19,"[0.0, 0.0, 0.0, 0.0, 1.0, 0.0, 0.0, 0.0, 0.0, 0.0, 0.0]",2
동도원,11,3,"[0.0, 0.666667, 0.0, 0.333333, 0.0, 0.0, 0.0, 0.0, 0.0, 0.0, 0.0]",0
한림수협마트,4,4,"[0.0, 0.0, 0.0, 0.25, 0.25, 0.0, 0.0, 0.0, 0.5, 0.0, 0.0]",2
하늬달,11,1,"[0.0, 0.0, 0.0, 0.0, 1.0, 0.0, 0.0, 0.0, 0.0, 0.0, 0.0]",0
제주안전체험관,13,7,"[0.0, 0.714286, 0.0, 0.0, 0.142857, 0.0, 0.0, 0.0, 0.0, 0.142857, 0.0]",2
피그농원,11,2,"[0.0, 0.0, 0.0, 0.5, 0.5, 0.0, 0.0, 0.0, 0.0, 0.0, 0.0]",0
황금손가락 한림점,11,1,"[0.0, 0.0, 0.0, 0.0, 0.0, 0.0, 0.0, 0.0, 0.0, 0.0, 1.0]",0
구움몽,10,2,"[0.0, 0.0, 0.0, 0.0, 0.0, 0.0, 0.0, 0.0, 1.0, 0.0, 0.0]",1
연우네,11,2,"[0.0, 0.0, 0.0, 0.5, 0.5, 0.0, 0.0, 0.0, 0.0, 0.0, 0.0]",0
대림리새마을회관,7,1,"[0.0, 0.0, 0.0, 0.0, 0.0, 0.0, 0.0, 0.0, 1.0, 0.0, 0.0]",2
모던하우스 제주아라점,10,1,"[0.0, 0.0, 0.0, 1.0, 0.0, 0.0, 0.0, 0.0, 0.0, 0.0, 0.0]",2
부지깽이,11,3,"[0.0, 0.333333, 0.0, 0.0, 0.666667, 0.0, 0.0, 0.0, 0.0, 0.0, 0.0]",0
KFC 서귀포중문DT점,11,3,"[0.0, 0.0, 0.0, 0.0, 0.333333, 0.0, 0.0, 0.0, 0.666667, 0.0, 0.0]",0
본에스티스 파르나스 호텔 제주점,24,1,"[0.0, 1.0, 0.0, 0.0, 0.0, 0.0, 0.0, 0.0, 0.0, 0.0, 0.0]",2
세계술박물관,2,2,"[0.0, 0.0, 0.0, 0.0, 0.5, 0.0, 0.0, 0.0, 0.0, 0.0, 0.5]",2
위드스테이호텔,24,4,"[0.0, 0.0, 0.0, 0.0, 0.0, 0.75, 0.0, 0.0, 0.0, 0.0, 0.25]",2
돌담땅콩국수,11,5,"[0.0, 1.0, 0.0, 0.0, 0.0, 0.0, 0.0, 0.0, 0.0, 0.0, 0.0]",0
다이노스 어라이브 제주,3,1,"[0.0, 0.0, 0.0, 0.0, 0.0, 0.0, 0.0, 0.0, 0.0, 0.0, 1.0]",2
미도식당,11,4,"[0.25, 0.5, 0.0, 0.0, 0.25, 0.0, 0.0, 0.0, 0.0, 0.0, 0.0]",0
성산포흑돈애,11,2,"[0.0, 1.0, 0.0, 0.0, 0.0, 0.0, 0.0, 0.0, 0.0, 0.0, 0.0]",0
성산 장인의집,11,1,"[0.0, 0.0, 0.0, 0.0, 1.0, 0.0, 0.0, 0.0, 0.0, 0.0, 0.0]",0
칠돈가 성산직영점,11,6,"[0.0, 0.833333, 0.0, 0.0, 0.0, 0.166667, 0.0, 0.0, 0.0, 0.0, 0.0]",0
소랑드르,11,1,"[0.0, 1.0, 0.0, 0.0, 0.0, 0.0, 0.0, 0.0, 0.0, 0.0, 0.0]",0
달그리안,11,4,"[0.0, 0.5, 0.0, 0.0, 0.0, 0.0, 0.0, 0.0, 0.5, 0.0, 0.0]",1
중문오프로드체험장,13,2,"[0.0, 0.5, 0.0, 0.0, 0.0, 0.0, 0.0, 0.0, 0.0, 0.0, 0.5]",2
백부장집,11,1,"[0.0, 0.0, 0.0, 0.0, 0.0, 0.0, 0.0, 1.0, 0.0, 0.0, 0.0]",0
제주바다펜션,24,1,"[0.0, 0.0, 0.0, 0.0, 0.0, 0.0, 0.0, 1.0, 0.0, 0.0, 0.0]",2
틈새식당,11,1,"[0.0, 0.0, 0.0, 0.0, 0.0, 0.0, 0.0, 1.0, 0.0, 0.0, 0.0]",0
호미가,11,1,"[0.0, 1.0, 0.0, 0.0, 0.0, 0.0, 0.0, 0.0, 0.0, 0.0, 0.0]",0
멍우주,11,1,"[0.0, 1.0, 0.0, 0.0, 0.0, 0.0, 0.0, 0.0, 0.0, 0.0, 0.0]",0
기억해제주,4,4,"[0.0, 0.5, 0.0, 0.0, 0.0, 0.0, 0.0, 0.25, 0.25, 0.0, 0.0]",2
댄싱포크,11,3,"[0.0, 0.666667, 0.0, 0.0, 0.333333, 0.0, 0.0, 0.0, 0.0, 0.0, 0.0]",0
우림호텔,24,7,"[0.0, 0.0, 0.0, 0.0, 0.0, 0.0, 0.0, 0.285714, 0.0, 0.0, 0.714286]",2
무용담,11,2,"[0.0, 0.5, 0.5, 0.0, 0.0, 0.0, 0.0, 0.0, 0.0, 0.0, 0.0]",0
화산2020,11,1,"[0.0, 1.0, 0.0, 0.0, 0.0, 0.0, 0.0, 0.0, 0.0, 0.0, 0.0]",0
에디토리얼제주,24,1,"[0.0, 1.0, 0.0, 0.0, 0.0, 0.0, 0.0, 0.0, 0.0, 0.0, 0.0]",2
CU 서귀포올레중앙점,10,1,"[0.0, 0.0, 0.0, 0.0, 0.0, 0.0, 0.0, 0.0, 1.0, 0.0, 0.0]",2
올레강민,11,1,"[0.0, 1.0, 0.0, 0.0, 0.0, 0.0, 0.0, 0.0, 0.0, 0.0, 0.0]",0
맛존디 본점,11,4,"[0.0, 0.75, 0.0, 0.0, 0.0, 0.0, 0.0, 0.0, 0.25, 0.0, 0.0]",0
개오름,1,4,"[0.25, 0.75, 0.0, 0.0, 0.0, 0.0, 0.0, 0.0, 0.0, 0.0, 0.0]",2
흑본오겹 제주공항점,11,2,"[0.0, 0.0, 0.5, 0.0, 0.0, 0.0, 0.0, 0.0, 0.5, 0.0, 0.0]",0
팔도식당갈치조림 섭지코지점,11,1,"[0.0, 0.0, 0.0, 1.0, 0.0, 0.0, 0.0, 0.0, 0.0, 0.0, 0.0]",0
로즈마리펜션,24,1,"[0.0, 0.0, 0.0, 0.0, 0.0, 0.0, 0.0, 1.0, 0.0, 0.0, 0.0]",2
오만정성 본점,11,1,"[0.0, 0.0, 0.0, 1.0, 0.0, 0.0, 0.0, 0.0, 0.0, 0.0, 0.0]",0
힐링스테이,24,2,"[0.0, 0.0, 0.0, 0.0, 0.0, 0.0, 0.0, 1.0, 0.0, 0.0, 0.0]",2
애월환해장성,2,1,"[0.0, 0.0, 0.0, 0.0, 0.0, 0.0, 0.0, 0.0, 1.0, 0.0, 0.0]",2
정글게스트하우스,24,3,"[0.0, 0.0, 0.0, 0.0, 0.0, 0.0, 0.0, 0.0, 0.0, 0.0, 1.0]",2
아망딘테이블,11,2,"[0.5, 0.5, 0.0, 0.0, 0.0, 0.0, 0.0, 0.0, 0.0, 0.0, 0.0]",0
흰백,10,1,"[0.0, 0.0, 0.0, 0.0, 1.0, 0.0, 0.0, 0.0, 0.0, 0.0, 0.0]",2
협재해물라면 쪼꼴락상회,11,4,"[0.0, 0.25, 0.0, 0.0, 0.0, 0.25, 0.0, 0.0, 0.5, 0.0, 0.0]",0
바다는김녕,11,2,"[0.0, 0.0, 0.0, 0.0, 0.0, 0.0, 0.0, 0.0, 1.0, 0.0, 0.0]",1
한림수협,4,6,"[0.0, 0.333333, 0.0, 0.166667, 0.0, 0.0, 0.0, 0.333333, 0.166667, 0.0, 0.0]",2
세화마구간,11,1,"[0.0, 0.0, 0.0, 0.0, 0.0, 0.0, 0.0, 0.0, 1.0, 0.0, 0.0]",0
살찐고등어,11,1,"[0.0, 0.0, 0.0, 0.0, 0.0, 1.0, 0.0, 0.0, 0.0, 0.0, 0.0]",0
다코네,11,2,"[0.0, 0.5, 0.0, 0.0, 0.0, 0.0, 0.0, 0.0, 0.5, 0.0, 0.0]",1
면수동흑돼지,11,4,"[0.0, 0.5, 0.0, 0.0, 0.25, 0.25, 0.0, 0.0, 0.0, 0.0, 0.0]",0
삼다초콜릿체험장,13,1,"[0.0, 1.0, 0.0, 0.0, 0.0, 0.0, 0.0, 0.0, 0.0, 0.0, 0.0]",2
한담풍경하우스,24,1,"[0.0, 1.0, 0.0, 0.0, 0.0, 0.0, 0.0, 0.0, 0.0, 0.0, 0.0]",2
원쭈꾸미,11,1,"[0.0, 0.0, 0.0, 0.0, 0.0, 0.0, 0.0, 0.0, 0.0, 0.0, 1.0]",0
김정문알로에 알로에숲,3,3,"[0.333333, 0.333333, 0.0, 0.0, 0.333333, 0.0, 0.0, 0.0, 0.0, 0.0, 0.0]",2
제주담한식뷔폐,11,4,"[0.0, 0.0, 0.0, 0.0, 0.0, 0.0, 0.0, 0.5, 0.25, 0.0, 0.25]",0
제니빌펜션,24,3,"[0.0, 0.333333, 0.0, 0.0, 0.0, 0.0, 0.0, 0.333333, 0.0, 0.0, 0.333333]",2
하귀청마루,11,2,"[0.0, 0.5, 0.0, 0.0, 0.5, 0.0, 0.0, 0.0, 0.0, 0.0, 0.0]",0
더애월 본점,11,1,"[0.0, 0.0, 0.0, 0.0, 0.0, 0.0, 0.0, 0.0, 1.0, 0.0, 0.0]",0
라온골프클럽,5,2,"[0.0, 0.0, 0.0, 0.0, 0.0, 0.0, 0.0, 0.5, 0.0, 0.0, 0.5]",2
블로비노형,11,1,"[0.0, 0.0, 0.0, 0.0, 1.0, 0.0, 0.0, 0.0, 0.0, 0.0, 0.0]",1
더시에나컨트리클럽 제주,5,1,"[0.0, 0.0, 0.0, 0.0, 0.0, 0.0, 0.0, 0.0, 0.0, 0.0, 1.0]",2
동수식당,11,1,"[0.0, 0.0, 0.0, 0.0, 1.0, 0.0, 0.0, 0.0, 0.0, 0.0, 0.0]",0
이가도담해장국,11,1,"[0.0, 1.0, 0.0, 0.0, 0.0, 0.0, 0.0, 0.0, 0.0, 0.0, 0.0]",0
UTS골프빌리지,24,1,"[0.0, 0.0, 0.0, 0.0, 0.0, 0.0, 0.0, 1.0, 0.0, 0.0, 0.0]",2
기쁨이네해물탕&돌솥밥,11,4,"[0.0, 0.0, 0.25, 0.0, 0.0, 0.0, 0.0, 0.0, 0.5, 0.0, 0.25]",0
광명샤인빌아파트,24,1,"[0.0, 0.0, 0.0, 0.0, 1.0, 0.0, 0.0, 0.0, 0.0, 0.0, 0.0]",2
파리바게뜨 함덕해수욕장점,11,2,"[0.0, 0.0, 0.0, 0.0, 0.0, 0.0, 0.0, 0.0, 0.5, 0.0, 0.5]",0
제주맛집칼국수,11,2,"[0.0, 0.5, 0.0, 0.0, 0.0, 0.5, 0.0, 0.0, 0.0, 0.0, 0.0]",0
괴기,11,1,"[0.0, 0.0, 0.0, 0.0, 0.0, 0.0, 0.0, 0.0, 1.0, 0.0, 0.0]",0
다인리조트,24,9,"[0.0, 0.333333, 0.0, 0.0, 0.111111, 0.111111, 0.222222, 0.222222, 0.0, 0.0, 0.0]",2
다인오세아노호텔 루프탑ARA,5,1,"[0.0, 1.0, 0.0, 0.0, 0.0, 0.0, 0.0, 0.0, 0.0, 0.0, 0.0]",2
다인리조트 라이브가든,24,3,"[0.666667, 0.0, 0.0, 0.0, 0.0, 0.333333, 0.0, 0.0, 0.0, 0.0, 0.0]",0
왈종미술관,3,9,"[0.333333, 0.333333, 0.0, 0.0, 0.111111, 0.222222, 0.0, 0.0, 0.0, 0.0, 0.0]",2
옥돔마을,7,1,"[0.0, 0.0, 0.0, 0.0, 0.0, 0.0, 0.0, 1.0, 0.0, 0.0, 0.0]",2
모살개렌트하우스,24,1,"[1.0, 0.0, 0.0, 0.0, 0.0, 0.0, 0.0, 0.0, 0.0, 0.0, 0.0]",2
임순이네,11,8,"[0.0, 0.5, 0.0, 0.125, 0.375, 0.0, 0.0, 0.0, 0.0, 0.0, 0.0]",0
귀덕1리항,1,1,"[0.0, 0.0, 0.0, 0.0, 0.0, 0.0, 0.0, 0.0, 1.0, 0.0, 0.0]",2
청춘당꽈배기 서부점,11,3,"[0.0, 0.333333, 0.0, 0.0, 0.0, 0.0, 0.0, 0.0, 0.666667, 0.0, 0.0]",0
전원일기 동광점,11,1,"[0.0, 1.0, 0.0, 0.0, 0.0, 0.0, 0.0, 0.0, 0.0, 0.0, 0.0]",0
CU 제주위미점,10,1,"[0.0, 0.0, 0.0, 0.0, 0.0, 0.0, 0.0, 0.0, 1.0, 0.0, 0.0]",2
위미농협 하나로마트,10,2,"[0.0, 0.0, 0.0, 0.0, 0.0, 0.5, 0.0, 0.0, 0.5, 0.0, 0.0]",2
마블링 남원점,11,1,"[0.0, 1.0, 0.0, 0.0, 0.0, 0.0, 0.0, 0.0, 0.0, 0.0, 0.0]",0
애월흑돼지 애월그때그집 본점,11,3,"[0.0, 0.666667, 0.0, 0.0, 0.0, 0.0, 0.0, 0.0, 0.333333, 0.0, 0.0]",0
카페바르941,11,3,"[0.0, 0.333333, 0.0, 0.333333, 0.0, 0.0, 0.0, 0.0, 0.333333, 0.0, 0.0]",1
찰리호텔,24,3,"[0.0, 0.0, 0.0, 0.333333, 0.0, 0.333333, 0.0, 0.333333, 0.0, 0.0, 0.0]",2
자키커피,11,2,"[0.0, 0.5, 0.0, 0.0, 0.0, 0.5, 0.0, 0.0, 0.0, 0.0, 0.0]",1
오현단,2,1,"[0.0, 0.0, 0.0, 0.0, 0.0, 0.0, 0.0, 0.0, 1.0, 0.0, 0.0]",2
송이축산정육식당,11,1,"[0.0, 0.0, 0.0, 0.0, 1.0, 0.0, 0.0, 0.0, 0.0, 0.0, 0.0]",0
114화교반점,11,1,"[0.0, 0.0, 0.0, 0.0, 1.0, 0.0, 0.0, 0.0, 0.0, 0.0, 0.0]",0
그레이1766,11,1,"[0.0, 1.0, 0.0, 0.0, 0.0, 0.0, 0.0, 0.0, 0.0, 0.0, 0.0]",0
호텔더원,24,4,"[0.0, 0.25, 0.0, 0.0, 0.0, 0.0, 0.0, 0.5, 0.0, 0.0, 0.25]",2
마이피기팬트리,10,6,"[0.166667, 0.666667, 0.0, 0.0, 0.0, 0.0, 0.0, 0.0, 0.0, 0.0, 0.166667]",2
하효항,1,3,"[0.0, 0.333333, 0.0, 0.0, 0.0, 0.0, 0.0, 0.0, 0.666667, 0.0, 0.0]",2
신흥해수욕장,1,2,"[0.0, 0.0, 0.0, 0.0, 0.5, 0.0, 0.0, 0.0, 0.5, 0.0, 0.0]",2
배롱정원,11,2,"[0.0, 1.0, 0.0, 0.0, 0.0, 0.0, 0.0, 0.0, 0.0, 0.0, 0.0]",0
중문레지나김밥,11,1,"[0.0, 1.0, 0.0, 0.0, 0.0, 0.0, 0.0, 0.0, 0.0, 0.0, 0.0]",0
명월팽나무군락,2,2,"[0.5, 0.0, 0.0, 0.0, 0.0, 0.0, 0.0, 0.0, 0.5, 0.0, 0.0]",2
썬라이즈호텔 중문점,24,1,"[0.0, 0.0, 0.0, 0.0, 0.0, 0.0, 0.0, 0.0, 0.0, 0.0, 1.0]",2
식물집카페,11,4,"[0.5, 0.25, 0.0, 0.0, 0.25, 0.0, 0.0, 0.0, 0.0, 0.0, 0.0]",1
회나루,11,1,"[0.0, 1.0, 0.0, 0.0, 0.0, 0.0, 0.0, 0.0, 0.0, 0.0, 0.0]",0
돈꿀꺽 애월본점,11,3,"[0.0, 0.333333, 0.333333, 0.0, 0.0, 0.0, 0.0, 0.0, 0.333333, 0.0, 0.0]",0
제주추사관,2,5,"[0.4, 0.2, 0.0, 0.0, 0.2, 0.0, 0.0, 0.0, 0.0, 0.2, 0.0]",2
대정오일시장,4,5,"[0.6, 0.0, 0.0, 0.0, 0.0, 0.0, 0.0, 0.0, 0.2, 0.0, 0.2]",2
에이바우트커피 아이파크점,11,1,"[0.0, 0.0, 0.0, 0.0, 1.0, 0.0, 0.0, 0.0, 0.0, 0.0, 0.0]",1
제주시청,4,4,"[0.5, 0.0, 0.0, 0.0, 0.0, 0.0, 0.5, 0.0, 0.0, 0.0, 0.0]",2
"용연구름다리, 용두암",1,1,"[1.0, 0.0, 0.0, 0.0, 0.0, 0.0, 0.0, 0.0, 0.0, 0.0, 0.0]",2
준클라시코,11,2,"[1.0, 0.0, 0.0, 0.0, 0.0, 0.0, 0.0, 0.0, 0.0, 0.0, 0.0]",1
도두해수파크,24,6,"[0.0, 0.166667, 0.0, 0.166667, 0.0, 0.166667, 0.0, 0.333333, 0.0, 0.0, 0.166667]",2
미화식탁,11,1,"[0.0, 1.0, 0.0, 0.0, 0.0, 0.0, 0.0, 0.0, 0.0, 0.0, 0.0]",0
비밀의화원스튜디오,13,1,"[0.0, 0.0, 0.0, 0.0, 1.0, 0.0, 0.0, 0.0, 0.0, 0.0, 0.0]",2
볼레낭펜션,24,1,"[0.0, 0.0, 0.0, 0.0, 0.0, 0.0, 0.0, 0.0, 0.0, 0.0, 1.0]",2
제주스럽닭 서귀포올레점,11,5,"[0.0, 0.4, 0.2, 0.0, 0.2, 0.0, 0.0, 0.0, 0.2, 0.0, 0.0]",0
제주더사계,11,3,"[0.0, 0.333333, 0.0, 0.0, 0.0, 0.0, 0.0, 0.0, 0.333333, 0.0, 0.333333]",0
11시11분,11,1,"[0.0, 1.0, 0.0, 0.0, 0.0, 0.0, 0.0, 0.0, 0.0, 0.0, 0.0]",0
화순가옥,24,2,"[0.0, 0.5, 0.0, 0.0, 0.0, 0.0, 0.5, 0.0, 0.0, 0.0, 0.0]",2
표선해수욕장 야영장,1,5,"[0.4, 0.2, 0.0, 0.2, 0.0, 0.0, 0.0, 0.0, 0.2, 0.0, 0.0]",2
표선닭해장국,11,1,"[0.0, 0.0, 0.0, 0.0, 1.0, 0.0, 0.0, 0.0, 0.0, 0.0, 0.0]",0
제주게토게스트하우스파티,24,1,"[1.0, 0.0, 0.0, 0.0, 0.0, 0.0, 0.0, 0.0, 0.0, 0.0, 0.0]",2
쇼넨 제주시청점,11,1,"[0.0, 0.0, 0.0, 0.0, 0.0, 0.0, 0.0, 0.0, 1.0, 0.0, 0.0]",0
관심사,11,1,"[0.0, 0.0, 0.0, 0.0, 1.0, 0.0, 0.0, 0.0, 0.0, 0.0, 0.0]",0
질랜디아,10,1,"[0.0, 1.0, 0.0, 0.0, 0.0, 0.0, 0.0, 0.0, 0.0, 0.0, 0.0]",2
제주대학교 아라캠퍼스,1,2,"[1.0, 0.0, 0.0, 0.0, 0.0, 0.0, 0.0, 0.0, 0.0, 0.0, 0.0]",2
라멘야누,11,1,"[0.0, 1.0, 0.0, 0.0, 0.0, 0.0, 0.0, 0.0, 0.0, 0.0, 0.0]",0
동남막걸리,11,2,"[0.0, 0.5, 0.0, 0.0, 0.5, 0.0, 0.0, 0.0, 0.0, 0.0, 0.0]",0
썸의시작,11,2,"[0.0, 0.5, 0.0, 0.0, 0.0, 0.5, 0.0, 0.0, 0.0, 0.0, 0.0]",1
롯데호텔앤리조트제주 해온,24,4,"[0.25, 0.0, 0.0, 0.0, 0.0, 0.0, 0.75, 0.0, 0.0, 0.0, 0.0]",2
플라워 웨이브,11,1,"[1.0, 0.0, 0.0, 0.0, 0.0, 0.0, 0.0, 0.0, 0.0, 0.0, 0.0]",0
민경이네어등포해녀촌,11,5,"[0.0, 0.4, 0.2, 0.0, 0.2, 0.0, 0.0, 0.0, 0.2, 0.0, 0.0]",0
짬뽕에취한날,11,3,"[0.333333, 0.333333, 0.0, 0.333333, 0.0, 0.0, 0.0, 0.0, 0.0, 0.0, 0.0]",0
라온프라이빗타운,24,2,"[0.0, 0.5, 0.0, 0.0, 0.0, 0.0, 0.0, 0.5, 0.0, 0.0, 0.0]",2
기원은갈치 본점,11,2,"[0.0, 1.0, 0.0, 0.0, 0.0, 0.0, 0.0, 0.0, 0.0, 0.0, 0.0]",0
협재이길,11,2,"[0.0, 0.5, 0.0, 0.0, 0.0, 0.0, 0.0, 0.0, 0.5, 0.0, 0.0]",1
더시즈닝 제주협재점,11,2,"[0.0, 1.0, 0.0, 0.0, 0.0, 0.0, 0.0, 0.0, 0.0, 0.0, 0.0]",0
니모메,11,6,"[0.166667, 0.5, 0.0, 0.0, 0.0, 0.0, 0.0, 0.0, 0.166667, 0.0, 0.166667]",1
제주만선갈치,11,5,"[0.0, 0.2, 0.0, 0.0, 0.2, 0.2, 0.0, 0.0, 0.4, 0.0, 0.0]",0
마트리모니오,10,1,"[0.0, 1.0, 0.0, 0.0, 0.0, 0.0, 0.0, 0.0, 0.0, 0.0, 0.0]",2
JDC제주첨단리슈빌아파트,24,1,"[0.0, 0.0, 0.0, 0.0, 0.0, 0.0, 0.0, 1.0, 0.0, 0.0, 0.0]",2
골목카페옥수,11,3,"[0.333333, 0.666667, 0.0, 0.0, 0.0, 0.0, 0.0, 0.0, 0.0, 0.0, 0.0]",1
핫쿵푸마라탕 연동점,11,1,"[1.0, 0.0, 0.0, 0.0, 0.0, 0.0, 0.0, 0.0, 0.0, 0.0, 0.0]",0
하도36,24,7,"[0.0, 0.428571, 0.0, 0.285714, 0.0, 0.0, 0.142857, 0.0, 0.0, 0.0, 0.142857]",2
산토,10,2,"[0.0, 0.0, 0.0, 0.0, 0.0, 0.0, 0.0, 0.0, 1.0, 0.0, 0.0]",2
카페책자국,11,2,"[0.0, 0.5, 0.0, 0.0, 0.0, 0.0, 0.0, 0.0, 0.5, 0.0, 0.0]",1
다빈이네잡화점,4,2,"[0.0, 0.0, 0.0, 0.0, 0.0, 0.0, 0.0, 0.0, 1.0, 0.0, 0.0]",2
근자C가게,10,1,"[0.0, 0.0, 0.0, 0.0, 0.0, 0.0, 0.0, 0.0, 1.0, 0.0, 0.0]",2
다품종소량생산,10,1,"[0.0, 1.0, 0.0, 0.0, 0.0, 0.0, 0.0, 0.0, 0.0, 0.0, 0.0]",2
돌담너머당근,11,2,"[0.0, 0.5, 0.0, 0.0, 0.0, 0.0, 0.0, 0.0, 0.5, 0.0, 0.0]",1
평대앓이,11,1,"[0.0, 1.0, 0.0, 0.0, 0.0, 0.0, 0.0, 0.0, 0.0, 0.0, 0.0]",0
064바당,11,1,"[0.0, 1.0, 0.0, 0.0, 0.0, 0.0, 0.0, 0.0, 0.0, 0.0, 0.0]",0
카페옜다,11,1,"[0.0, 1.0, 0.0, 0.0, 0.0, 0.0, 0.0, 0.0, 0.0, 0.0, 0.0]",1
샤카서핑패들보드팀,5,2,"[0.0, 0.5, 0.0, 0.0, 0.0, 0.0, 0.5, 0.0, 0.0, 0.0, 0.0]",2
명리동식당 구좌직영점,11,1,"[0.0, 1.0, 0.0, 0.0, 0.0, 0.0, 0.0, 0.0, 0.0, 0.0, 0.0]",0
더플래닛,3,1,"[0.0, 0.0, 0.0, 0.0, 0.0, 0.0, 0.0, 0.0, 1.0, 0.0, 0.0]",2
제주촘오메기,10,1,"[0.0, 0.0, 0.0, 0.0, 0.0, 0.0, 0.0, 1.0, 0.0, 0.0, 0.0]",2
호텔샬롬제주,24,23,"[0.043478, 0.043478, 0.0, 0.0, 0.043478, 0.130435, 0.0, 0.652174, 0.0, 0.0, 0.086957]",2
성산일출봉 청운식당,11,3,"[0.0, 0.333333, 0.0, 0.0, 0.0, 0.0, 0.0, 0.0, 0.666667, 0.0, 0.0]",0
어머니와장독대 서귀포점,11,1,"[0.0, 0.0, 0.0, 0.0, 0.0, 0.0, 0.0, 0.0, 1.0, 0.0, 0.0]",0
한라산국립공원 관음사지구야영장,24,3,"[0.666667, 0.333333, 0.0, 0.0, 0.0, 0.0, 0.0, 0.0, 0.0, 0.0, 0.0]",2
한살림 이도매장,10,1,"[0.0, 0.0, 0.0, 1.0, 0.0, 0.0, 0.0, 0.0, 0.0, 0.0, 0.0]",2
제주칠성로,4,6,"[0.0, 0.0, 0.0, 0.166667, 0.333333, 0.0, 0.0, 0.0, 0.5, 0.0, 0.0]",2
해성마트,10,1,"[0.0, 0.0, 0.0, 1.0, 0.0, 0.0, 0.0, 0.0, 0.0, 0.0, 0.0]",2
중문성당,2,1,"[0.0, 0.0, 0.0, 1.0, 0.0, 0.0, 0.0, 0.0, 0.0, 0.0, 0.0]",2
달사막,11,4,"[0.25, 0.75, 0.0, 0.0, 0.0, 0.0, 0.0, 0.0, 0.0, 0.0, 0.0]",0
더리트리브,11,4,"[0.5, 0.25, 0.0, 0.25, 0.0, 0.0, 0.0, 0.0, 0.0, 0.0, 0.0]",1
서귀당,11,2,"[0.0, 1.0, 0.0, 0.0, 0.0, 0.0, 0.0, 0.0, 0.0, 0.0, 0.0]",0
칠머리공원,1,1,"[1.0, 0.0, 0.0, 0.0, 0.0, 0.0, 0.0, 0.0, 0.0, 0.0, 0.0]",2
인디언키친,11,3,"[0.0, 1.0, 0.0, 0.0, 0.0, 0.0, 0.0, 0.0, 0.0, 0.0, 0.0]",0
해마호텔,24,2,"[0.0, 0.0, 0.0, 0.0, 0.0, 0.0, 0.0, 1.0, 0.0, 0.0, 0.0]",2
제주별빛누리공원,1,3,"[0.0, 0.0, 0.0, 0.333333, 0.666667, 0.0, 0.0, 0.0, 0.0, 0.0, 0.0]",2
아워홈 푸디움 제주국제공항점,11,2,"[0.0, 0.0, 0.0, 0.5, 0.0, 0.5, 0.0, 0.0, 0.0, 0.0, 0.0]",0
064노트,11,1,"[0.0, 1.0, 0.0, 0.0, 0.0, 0.0, 0.0, 0.0, 0.0, 0.0, 0.0]",0
이솝 제주점,10,3,"[0.0, 0.0, 0.0, 0.0, 0.333333, 0.0, 0.0, 0.0, 0.666667, 0.0, 0.0]",2
토로,11,2,"[0.5, 0.0, 0.0, 0.0, 0.0, 0.5, 0.0, 0.0, 0.0, 0.0, 0.0]",0
파시랑,11,1,"[0.0, 0.0, 0.0, 0.0, 0.0, 0.0, 0.0, 0.0, 1.0, 0.0, 0.0]",1
윗세오름,1,5,"[0.6, 0.2, 0.0, 0.0, 0.2, 0.0, 0.0, 0.0, 0.0, 0.0, 0.0]",2
소길다방,11,4,"[0.25, 0.75, 0.0, 0.0, 0.0, 0.0, 0.0, 0.0, 0.0, 0.0, 0.0]",1
메고지고떡창고 이도점,10,1,"[0.0, 0.0, 0.0, 0.0, 0.0, 0.0, 0.0, 0.0, 1.0, 0.0, 0.0]",2
탐나마트,10,1,"[0.0, 0.0, 0.0, 0.0, 0.0, 0.0, 0.0, 0.0, 0.0, 0.0, 1.0]",2
갱이네보말칼국수,11,1,"[0.0, 0.0, 0.0, 0.0, 1.0, 0.0, 0.0, 0.0, 0.0, 0.0, 0.0]",0
스시성,11,1,"[0.0, 0.0, 0.0, 0.0, 0.0, 1.0, 0.0, 0.0, 0.0, 0.0, 0.0]",0
블루핀,11,1,"[0.0, 1.0, 0.0, 0.0, 0.0, 0.0, 0.0, 0.0, 0.0, 0.0, 0.0]",0
바농오름,1,2,"[0.0, 0.5, 0.0, 0.0, 0.5, 0.0, 0.0, 0.0, 0.0, 0.0, 0.0]",2
제주생활체육공원 테니스장,5,1,"[0.0, 0.0, 0.0, 1.0, 0.0, 0.0, 0.0, 0.0, 0.0, 0.0, 0.0]",2
카페B,11,2,"[0.0, 0.0, 0.0, 0.0, 0.0, 0.5, 0.0, 0.5, 0.0, 0.0, 0.0]",1
만부정,11,1,"[0.0, 0.0, 0.0, 0.0, 0.0, 0.0, 0.0, 0.0, 1.0, 0.0, 0.0]",0
일품순두부 한림점,11,1,"[0.0, 0.0, 0.0, 1.0, 0.0, 0.0, 0.0, 0.0, 0.0, 0.0, 0.0]",0
섬오름 해물라면,11,5,"[0.0, 0.4, 0.0, 0.0, 0.0, 0.0, 0.0, 0.0, 0.6, 0.0, 0.0]",0
예래동 해안길,7,1,"[0.0, 0.0, 0.0, 1.0, 0.0, 0.0, 0.0, 0.0, 0.0, 0.0, 0.0]",2
환해장성,1,1,"[0.0, 0.0, 0.0, 1.0, 0.0, 0.0, 0.0, 0.0, 0.0, 0.0, 0.0]",2
밥보장터,11,1,"[0.0, 0.0, 0.0, 0.0, 0.0, 0.0, 0.0, 0.0, 1.0, 0.0, 0.0]",0
텐저린267,13,4,"[0.0, 0.25, 0.0, 0.0, 0.0, 0.25, 0.0, 0.0, 0.25, 0.25, 0.0]",2
에이바우트스타디움,11,4,"[0.25, 0.0, 0.0, 0.0, 0.5, 0.0, 0.0, 0.0, 0.25, 0.0, 0.0]",1
루트17,11,2,"[0.0, 0.0, 0.0, 0.0, 0.0, 0.0, 0.0, 0.0, 1.0, 0.0, 0.0]",0
온담국수 제주국제공항점,11,3,"[0.0, 0.0, 0.0, 0.0, 0.0, 0.0, 0.0, 0.0, 1.0, 0.0, 0.0]",0
함덕빵명장,11,2,"[0.0, 0.5, 0.0, 0.0, 0.0, 0.0, 0.0, 0.0, 0.5, 0.0, 0.0]",0
바보라면,11,3,"[0.0, 0.333333, 0.0, 0.0, 0.333333, 0.0, 0.0, 0.0, 0.333333, 0.0, 0.0]",0
부온,11,2,"[0.0, 0.5, 0.0, 0.0, 0.0, 0.0, 0.0, 0.0, 0.5, 0.0, 0.0]",0
봉성식당,11,2,"[0.0, 0.0, 0.0, 0.0, 1.0, 0.0, 0.0, 0.0, 0.0, 0.0, 0.0]",0
톰톰카레,11,8,"[0.125, 0.25, 0.0, 0.125, 0.125, 0.0, 0.0, 0.0, 0.25, 0.0, 0.125]",0
제주라일락,24,2,"[0.0, 0.0, 0.0, 0.0, 0.0, 0.0, 0.0, 0.0, 0.0, 0.0, 1.0]",2
세화리109,10,3,"[0.0, 0.0, 0.0, 0.0, 0.0, 0.0, 0.0, 0.0, 0.666667, 0.0, 0.333333]",2
농부네 농수산,10,1,"[0.0, 0.0, 0.0, 0.0, 0.0, 0.0, 0.0, 0.0, 1.0, 0.0, 0.0]",2
이로리,11,3,"[0.0, 1.0, 0.0, 0.0, 0.0, 0.0, 0.0, 0.0, 0.0, 0.0, 0.0]",0
몸냥식탁,11,5,"[0.2, 0.8, 0.0, 0.0, 0.0, 0.0, 0.0, 0.0, 0.0, 0.0, 0.0]",0
버거스테이,11,2,"[0.0, 1.0, 0.0, 0.0, 0.0, 0.0, 0.0, 0.0, 0.0, 0.0, 0.0]",0
산양곶자왈 입구,1,1,"[1.0, 0.0, 0.0, 0.0, 0.0, 0.0, 0.0, 0.0, 0.0, 0.0, 0.0]",2
푸짐한식당,11,1,"[0.0, 0.0, 0.0, 0.0, 0.0, 0.0, 0.0, 0.0, 1.0, 0.0, 0.0]",0
제주룩스호텔,24,1,"[0.0, 0.0, 0.0, 0.0, 0.0, 0.0, 0.0, 1.0, 0.0, 0.0, 0.0]",2
두리둠비,11,7,"[0.0, 0.571429, 0.142857, 0.0, 0.142857, 0.142857, 0.0, 0.0, 0.0, 0.0, 0.0]",0
호텔앨리스&트렁크,24,7,"[0.0, 0.285714, 0.0, 0.0, 0.0, 0.428571, 0.0, 0.142857, 0.0, 0.0, 0.142857]",2
황금어장,11,7,"[0.0, 0.285714, 0.0, 0.0, 0.285714, 0.0, 0.0, 0.0, 0.428571, 0.0, 0.0]",0
제주동백을담다,11,1,"[0.0, 0.0, 0.0, 0.0, 0.0, 0.0, 0.0, 0.0, 1.0, 0.0, 0.0]",0
강실장회포차,11,1,"[0.0, 1.0, 0.0, 0.0, 0.0, 0.0, 0.0, 0.0, 0.0, 0.0, 0.0]",0
도갈비,11,3,"[0.333333, 0.0, 0.0, 0.0, 0.666667, 0.0, 0.0, 0.0, 0.0, 0.0, 0.0]",0
금복촌,11,1,"[0.0, 0.0, 0.0, 0.0, 1.0, 0.0, 0.0, 0.0, 0.0, 0.0, 0.0]",0
시골밥상,11,2,"[0.0, 0.5, 0.0, 0.0, 0.0, 0.5, 0.0, 0.0, 0.0, 0.0, 0.0]",0
중문골프연습장,5,1,"[0.0, 0.0, 0.0, 0.0, 0.0, 0.0, 1.0, 0.0, 0.0, 0.0, 0.0]",2
모슬포중앙시장,4,4,"[0.25, 0.25, 0.0, 0.25, 0.0, 0.0, 0.0, 0.0, 0.25, 0.0, 0.0]",2
제주 어놀펜션,24,1,"[0.0, 0.0, 0.0, 1.0, 0.0, 0.0, 0.0, 0.0, 0.0, 0.0, 0.0]",2
Atnoon호텔,24,7,"[0.0, 0.0, 0.0, 0.0, 0.0, 0.428571, 0.0, 0.571429, 0.0, 0.0, 0.0]",2
담이자카야,11,1,"[1.0, 0.0, 0.0, 0.0, 0.0, 0.0, 0.0, 0.0, 0.0, 0.0, 0.0]",0
이레저버기카,13,1,"[1.0, 0.0, 0.0, 0.0, 0.0, 0.0, 0.0, 0.0, 0.0, 0.0, 0.0]",2
스타벅스 제주에듀시티점,11,3,"[0.0, 0.0, 0.0, 0.0, 0.0, 0.333333, 0.0, 0.0, 0.333333, 0.0, 0.333333]",1
애월더선셋,11,10,"[0.2, 0.2, 0.0, 0.1, 0.2, 0.0, 0.0, 0.0, 0.2, 0.0, 0.1]",1
또똣부뚜막,11,3,"[0.0, 0.333333, 0.0, 0.0, 0.0, 0.0, 0.0, 0.333333, 0.333333, 0.0, 0.0]",0
제주탐라만두,11,1,"[0.0, 0.0, 0.0, 0.0, 0.0, 0.0, 0.0, 0.0, 1.0, 0.0, 0.0]",0
제주살레공장,24,2,"[0.0, 0.0, 0.0, 0.0, 0.0, 0.0, 0.0, 0.0, 0.0, 0.0, 1.0]",2
수산주유소,10,3,"[0.0, 0.0, 0.0, 0.0, 0.0, 0.333333, 0.0, 0.333333, 0.333333, 0.0, 0.0]",2
여울목게스트하우스,24,11,"[0.0, 0.090909, 0.0, 0.0, 0.0, 0.0, 0.0, 0.181818, 0.0, 0.0, 0.727273]",2
토끼문,11,5,"[0.4, 0.0, 0.0, 0.0, 0.0, 0.4, 0.0, 0.0, 0.2, 0.0, 0.0]",1
배롱개,11,5,"[0.0, 0.4, 0.0, 0.0, 0.2, 0.2, 0.0, 0.0, 0.2, 0.0, 0.0]",0
금등이,24,3,"[1.0, 0.0, 0.0, 0.0, 0.0, 0.0, 0.0, 0.0, 0.0, 0.0, 0.0]",2
해녀촌,11,12,"[0.083333, 0.333333, 0.0, 0.416667, 0.166667, 0.0, 0.0, 0.0, 0.0, 0.0, 0.0]",0
해와달그리고섬,11,2,"[0.0, 0.0, 0.0, 0.0, 0.5, 0.0, 0.0, 0.0, 0.5, 0.0, 0.0]",0
그륻,11,1,"[0.0, 1.0, 0.0, 0.0, 0.0, 0.0, 0.0, 0.0, 0.0, 0.0, 0.0]",0
도도름한우와흑돈,11,2,"[0.0, 0.0, 0.0, 0.0, 0.0, 0.0, 0.0, 0.0, 1.0, 0.0, 0.0]",0
신창성당,2,1,"[0.0, 0.0, 0.0, 0.0, 0.0, 0.0, 0.0, 0.0, 0.0, 0.0, 1.0]",2
나뚜루 제주일도점,11,1,"[0.0, 0.0, 0.0, 0.0, 0.0, 1.0, 0.0, 0.0, 0.0, 0.0, 0.0]",0
치로리,11,1,"[0.0, 0.0, 0.0, 0.0, 1.0, 0.0, 0.0, 0.0, 0.0, 0.0, 0.0]",0
너도나도ATV,5,2,"[0.0, 0.5, 0.0, 0.0, 0.0, 0.0, 0.0, 0.0, 0.0, 0.0, 0.5]",2
작은언덕의선물,11,1,"[0.0, 0.0, 0.0, 0.0, 0.0, 1.0, 0.0, 0.0, 0.0, 0.0, 0.0]",0
돌트멍으로 드는 보름,11,1,"[0.0, 0.0, 0.0, 0.0, 0.0, 1.0, 0.0, 0.0, 0.0, 0.0, 0.0]",0
어리목휴게소,1,1,"[1.0, 0.0, 0.0, 0.0, 0.0, 0.0, 0.0, 0.0, 0.0, 0.0, 0.0]",2
송림반점,11,2,"[0.0, 1.0, 0.0, 0.0, 0.0, 0.0, 0.0, 0.0, 0.0, 0.0, 0.0]",0
지은이네밥상,11,8,"[0.0, 0.75, 0.0, 0.125, 0.0, 0.0, 0.0, 0.125, 0.0, 0.0, 0.0]",0
양가형제,11,2,"[0.5, 0.0, 0.0, 0.5, 0.0, 0.0, 0.0, 0.0, 0.0, 0.0, 0.0]",0
엉알게스트하우스,24,2,"[0.0, 0.0, 0.0, 0.0, 0.0, 0.0, 0.0, 1.0, 0.0, 0.0, 0.0]",2
제주어부횟집,11,1,"[1.0, 0.0, 0.0, 0.0, 0.0, 0.0, 0.0, 0.0, 0.0, 0.0, 0.0]",0
김창민씨네식당,11,1,"[0.0, 1.0, 0.0, 0.0, 0.0, 0.0, 0.0, 0.0, 0.0, 0.0, 0.0]",0
오롬마르,11,1,"[0.0, 1.0, 0.0, 0.0, 0.0, 0.0, 0.0, 0.0, 0.0, 0.0, 0.0]",0
수풍석박물관,2,3,"[0.333333, 0.333333, 0.0, 0.0, 0.0, 0.0, 0.0, 0.0, 0.0, 0.333333, 0.0]",2
다이소 제주시청점,10,4,"[0.0, 0.0, 0.0, 0.0, 0.0, 0.0, 0.0, 0.25, 0.75, 0.0, 0.0]",2
어멍감자탕,11,1,"[0.0, 0.0, 0.0, 0.0, 0.0, 0.0, 0.0, 0.0, 1.0, 0.0, 0.0]",0
키친요디 2호관,11,1,"[0.0, 0.0, 0.0, 0.0, 1.0, 0.0, 0.0, 0.0, 0.0, 0.0, 0.0]",0
삼양우숙이앤인생게장,11,1,"[0.0, 0.0, 0.0, 0.0, 1.0, 0.0, 0.0, 0.0, 0.0, 0.0, 0.0]",0
빨간집 아라점,11,1,"[0.0, 0.0, 0.0, 0.0, 0.0, 0.0, 0.0, 1.0, 0.0, 0.0, 0.0]",0
항파두리 항몽유적지 나홀로나무,2,3,"[0.666667, 0.0, 0.0, 0.0, 0.333333, 0.0, 0.0, 0.0, 0.0, 0.0, 0.0]",2
모던뽀이,11,1,"[0.0, 0.0, 0.0, 0.0, 1.0, 0.0, 0.0, 0.0, 0.0, 0.0, 0.0]",0
다이소 제주삼화점,10,1,"[0.0, 0.0, 0.0, 0.0, 0.0, 0.0, 0.0, 0.0, 1.0, 0.0, 0.0]",2
천미천,1,3,"[0.666667, 0.333333, 0.0, 0.0, 0.0, 0.0, 0.0, 0.0, 0.0, 0.0, 0.0]",2
예향정 제주점,11,1,"[0.0, 0.0, 0.0, 0.0, 1.0, 0.0, 0.0, 0.0, 0.0, 0.0, 0.0]",0
루스트플레이스 함덕해수욕장점,11,2,"[0.0, 0.0, 0.0, 0.0, 0.0, 0.5, 0.0, 0.0, 0.5, 0.0, 0.0]",0
제주아트센터,3,2,"[0.5, 0.5, 0.0, 0.0, 0.0, 0.0, 0.0, 0.0, 0.0, 0.0, 0.0]",2
한라산영실,1,6,"[0.833333, 0.0, 0.0, 0.166667, 0.0, 0.0, 0.0, 0.0, 0.0, 0.0, 0.0]",2
강셰프의키친,11,3,"[0.0, 0.333333, 0.333333, 0.0, 0.0, 0.0, 0.0, 0.0, 0.333333, 0.0, 0.0]",0
무릉차경,24,1,"[0.0, 1.0, 0.0, 0.0, 0.0, 0.0, 0.0, 0.0, 0.0, 0.0, 0.0]",2
트레이닝 팜트리,5,1,"[0.0, 0.0, 0.0, 0.0, 0.0, 0.0, 0.0, 0.0, 0.0, 0.0, 1.0]",2
무릉곶 자왈아름다운숲길,1,1,"[0.0, 0.0, 0.0, 0.0, 0.0, 0.0, 0.0, 0.0, 0.0, 0.0, 1.0]",2
다노이게스트하우스,24,7,"[0.0, 0.428571, 0.0, 0.0, 0.0, 0.0, 0.0, 0.142857, 0.0, 0.0, 0.428571]",2
수수민박,24,1,"[0.0, 1.0, 0.0, 0.0, 0.0, 0.0, 0.0, 0.0, 0.0, 0.0, 0.0]",2
산노루,11,3,"[0.333333, 0.0, 0.0, 0.0, 0.333333, 0.0, 0.0, 0.0, 0.0, 0.0, 0.333333]",1
도두항,1,4,"[0.0, 0.0, 0.0, 0.0, 0.25, 0.25, 0.0, 0.0, 0.5, 0.0, 0.0]",2
토종흑염소목장,13,3,"[0.333333, 0.333333, 0.0, 0.0, 0.333333, 0.0, 0.0, 0.0, 0.0, 0.0, 0.0]",2
애슐리퀸즈 켄싱턴리조트 서귀포점,11,3,"[0.0, 0.333333, 0.0, 0.333333, 0.0, 0.333333, 0.0, 0.0, 0.0, 0.0, 0.0]",0
박물관은살아있다 제주중문점,2,5,"[0.2, 0.2, 0.0, 0.4, 0.0, 0.0, 0.0, 0.0, 0.0, 0.0, 0.2]",2
일통이반,11,10,"[0.1, 0.3, 0.2, 0.2, 0.2, 0.0, 0.0, 0.0, 0.0, 0.0, 0.0]",0
모루헌,24,2,"[0.0, 0.0, 0.0, 1.0, 0.0, 0.0, 0.0, 0.0, 0.0, 0.0, 0.0]",2
운산식당,11,7,"[0.142857, 0.428571, 0.285714, 0.142857, 0.0, 0.0, 0.0, 0.0, 0.0, 0.0, 0.0]",0
제이제이에프,10,1,"[0.0, 0.0, 0.0, 0.0, 1.0, 0.0, 0.0, 0.0, 0.0, 0.0, 0.0]",2
코삿호다,11,1,"[0.0, 0.0, 0.0, 0.0, 0.0, 0.0, 0.0, 0.0, 1.0, 0.0, 0.0]",1
올레길 21코스,7,8,"[0.5, 0.125, 0.0, 0.0, 0.125, 0.0, 0.0, 0.0, 0.0, 0.0, 0.25]",2
제주그림카페,11,3,"[0.333333, 0.333333, 0.0, 0.0, 0.333333, 0.0, 0.0, 0.0, 0.0, 0.0, 0.0]",1
제주리시온호텔,24,1,"[0.0, 0.0, 0.0, 0.0, 0.0, 1.0, 0.0, 0.0, 0.0, 0.0, 0.0]",2
오가닉베이커리 포레스트,11,2,"[0.0, 0.0, 0.0, 0.5, 0.5, 0.0, 0.0, 0.0, 0.0, 0.0, 0.0]",0
모던돔베,11,6,"[0.166667, 0.166667, 0.166667, 0.166667, 0.166667, 0.166667, 0.0, 0.0, 0.0, 0.0, 0.0]",0
어반정글그레이밤부,11,10,"[0.2, 0.4, 0.0, 0.0, 0.3, 0.0, 0.0, 0.0, 0.1, 0.0, 0.0]",1
이큐스테이,24,4,"[0.0, 0.0, 0.0, 0.0, 0.0, 0.0, 0.0, 0.25, 0.0, 0.0, 0.75]",2
함덕닭해장국,11,2,"[0.0, 0.5, 0.0, 0.0, 0.0, 0.0, 0.0, 0.0, 0.0, 0.0, 0.5]",0
하귀농협 장례식장,4,1,"[0.0, 0.0, 0.0, 0.0, 0.0, 1.0, 0.0, 0.0, 0.0, 0.0, 0.0]",2
새물카페,11,5,"[0.2, 0.6, 0.0, 0.0, 0.2, 0.0, 0.0, 0.0, 0.0, 0.0, 0.0]",1
산방산코아루아이비타운,24,3,"[0.0, 0.0, 0.0, 0.0, 0.0, 0.0, 0.0, 0.0, 0.0, 0.0, 1.0]",2
사계흑돼지 산방산본점,10,1,"[0.0, 1.0, 0.0, 0.0, 0.0, 0.0, 0.0, 0.0, 0.0, 0.0, 0.0]",2
정직한돈 협재직영점,11,4,"[0.0, 0.25, 0.0, 0.0, 0.0, 0.5, 0.0, 0.0, 0.25, 0.0, 0.0]",0
엔제리너스 제주공항국내선탑승점,11,2,"[0.0, 0.0, 0.0, 0.0, 0.0, 1.0, 0.0, 0.0, 0.0, 0.0, 0.0]",0
협재해물라면오빠네 협재점,11,3,"[0.0, 0.666667, 0.0, 0.0, 0.333333, 0.0, 0.0, 0.0, 0.0, 0.0, 0.0]",0
제주아인,24,2,"[0.0, 1.0, 0.0, 0.0, 0.0, 0.0, 0.0, 0.0, 0.0, 0.0, 0.0]",2
숨비소리횟집,11,1,"[0.0, 0.0, 0.0, 0.0, 1.0, 0.0, 0.0, 0.0, 0.0, 0.0, 0.0]",0
하루버스,10,1,"[0.0, 0.0, 0.0, 0.0, 0.0, 0.0, 0.0, 0.0, 1.0, 0.0, 0.0]",2
이중섭거주지,2,2,"[0.0, 0.0, 0.0, 0.0, 0.0, 0.0, 0.0, 0.0, 0.5, 0.5, 0.0]",2
행운숯불갈비,11,1,"[0.0, 1.0, 0.0, 0.0, 0.0, 0.0, 0.0, 0.0, 0.0, 0.0, 0.0]",0
사랑식당,11,1,"[0.0, 0.0, 0.0, 0.0, 0.0, 0.0, 0.0, 0.0, 1.0, 0.0, 0.0]",0
고집78,11,1,"[0.0, 1.0, 0.0, 0.0, 0.0, 0.0, 0.0, 0.0, 0.0, 0.0, 0.0]",0
카페기지,11,2,"[0.0, 0.5, 0.0, 0.0, 0.0, 0.5, 0.0, 0.0, 0.0, 0.0, 0.0]",1
카페을리,11,3,"[0.0, 0.333333, 0.0, 0.0, 0.333333, 0.0, 0.0, 0.0, 0.333333, 0.0, 0.0]",1
유어스호텔,24,7,"[0.0, 0.285714, 0.0, 0.0, 0.285714, 0.0, 0.0, 0.428571, 0.0, 0.0, 0.0]",2
본디국수,11,1,"[0.0, 0.0, 0.0, 0.0, 0.0, 1.0, 0.0, 0.0, 0.0, 0.0, 0.0]",0
유니클로 제주이도점,4,1,"[0.0, 0.0, 0.0, 0.0, 0.0, 1.0, 0.0, 0.0, 0.0, 0.0, 0.0]",2
고메밀면 제주본점,11,3,"[0.0, 0.666667, 0.0, 0.0, 0.0, 0.0, 0.0, 0.0, 0.333333, 0.0, 0.0]",0
에스엠볼링장,5,1,"[0.0, 0.0, 0.0, 0.0, 1.0, 0.0, 0.0, 0.0, 0.0, 0.0, 0.0]",2
성산갯마을,7,1,"[0.0, 0.0, 0.0, 0.0, 1.0, 0.0, 0.0, 0.0, 0.0, 0.0, 0.0]",2
파파빌레,8,3,"[0.666667, 0.0, 0.0, 0.0, 0.0, 0.0, 0.0, 0.0, 0.333333, 0.0, 0.0]",2
제주샹그릴라호텔앤리조트,24,8,"[0.25, 0.125, 0.0, 0.0, 0.0, 0.0, 0.125, 0.5, 0.0, 0.0, 0.0]",2
캐릭파크,6,1,"[0.0, 0.0, 0.0, 0.0, 0.0, 0.0, 0.0, 0.0, 1.0, 0.0, 0.0]",2
제주사슴책방,10,1,"[0.0, 0.0, 0.0, 0.0, 0.0, 0.0, 0.0, 0.0, 0.0, 1.0, 0.0]",2
쉼표펜션,24,1,"[0.0, 0.0, 0.0, 0.0, 0.0, 0.0, 0.0, 1.0, 0.0, 0.0, 0.0]",2
참좋은해물라면 애월점,11,2,"[0.0, 0.5, 0.0, 0.0, 0.0, 0.0, 0.0, 0.0, 0.5, 0.0, 0.0]",0
우도클라쓰,11,3,"[0.0, 0.0, 0.0, 0.0, 0.0, 0.0, 0.0, 0.0, 0.666667, 0.0, 0.333333]",0
선미식당,11,1,"[0.0, 0.0, 0.0, 0.0, 0.0, 0.0, 0.0, 0.0, 0.0, 0.0, 1.0]",0
이쁜선물가게,10,5,"[0.0, 0.0, 0.0, 0.0, 0.0, 0.0, 0.0, 0.0, 1.0, 0.0, 0.0]",2
리치망고 우도검멀레점,11,2,"[0.0, 0.0, 0.0, 0.0, 0.0, 0.0, 0.0, 0.0, 1.0, 0.0, 0.0]",0
캘리소프트서브 성산일출봉점,11,1,"[0.0, 0.0, 0.0, 0.0, 0.0, 0.0, 0.0, 0.0, 1.0, 0.0, 0.0]",0
애월농협주유소,10,1,"[0.0, 0.0, 0.0, 0.0, 0.0, 0.0, 0.0, 0.0, 0.0, 0.0, 1.0]",2
대기정,11,4,"[0.25, 0.5, 0.0, 0.0, 0.25, 0.0, 0.0, 0.0, 0.0, 0.0, 0.0]",0
제주도 게스트하우스파티 간장남들,24,6,"[0.333333, 0.5, 0.0, 0.0, 0.166667, 0.0, 0.0, 0.0, 0.0, 0.0, 0.0]",2
생활맥주 제주연동점,4,2,"[0.0, 0.0, 0.0, 0.0, 0.0, 0.0, 0.0, 0.0, 1.0, 0.0, 0.0]",0
텐보이,11,1,"[0.0, 0.0, 0.0, 0.0, 0.0, 1.0, 0.0, 0.0, 0.0, 0.0, 0.0]",0
한라경찰수련원,24,1,"[0.0, 0.0, 0.0, 0.0, 1.0, 0.0, 0.0, 0.0, 0.0, 0.0, 0.0]",2
일구공 제주스테이지하우스,11,2,"[0.5, 0.5, 0.0, 0.0, 0.0, 0.0, 0.0, 0.0, 0.0, 0.0, 0.0]",0
북살롱이마고 제주아카이브센터,11,1,"[1.0, 0.0, 0.0, 0.0, 0.0, 0.0, 0.0, 0.0, 0.0, 0.0, 0.0]",0
오태식해바라기치킨 성산점,11,1,"[0.0, 0.0, 0.0, 0.0, 0.0, 1.0, 0.0, 0.0, 0.0, 0.0, 0.0]",0
기풍호텔,24,1,"[0.0, 0.0, 0.0, 0.0, 0.0, 0.0, 0.0, 1.0, 0.0, 0.0, 0.0]",2
서울감자탕 서귀포2호점,11,1,"[0.0, 0.0, 0.0, 0.0, 0.0, 0.0, 0.0, 0.0, 1.0, 0.0, 0.0]",0
모이세해장국 조천점,11,3,"[0.0, 0.0, 0.0, 0.0, 0.0, 0.0, 0.0, 0.0, 1.0, 0.0, 0.0]",0
커피스트릿16,11,1,"[0.0, 0.0, 0.0, 0.0, 0.0, 0.0, 0.0, 0.0, 0.0, 0.0, 1.0]",1
등대와올레길펜션,24,1,"[0.0, 0.0, 0.0, 0.0, 0.0, 0.0, 0.0, 1.0, 0.0, 0.0, 0.0]",2
식과함께,11,3,"[0.0, 0.333333, 0.0, 0.0, 0.333333, 0.0, 0.0, 0.0, 0.333333, 0.0, 0.0]",0
대유가든,11,1,"[0.0, 0.0, 0.0, 0.0, 0.0, 0.0, 0.0, 0.0, 1.0, 0.0, 0.0]",0
코하쿠,24,1,"[0.0, 0.0, 0.0, 0.0, 0.0, 0.0, 0.0, 0.0, 0.0, 0.0, 1.0]",2
타쿠마,11,2,"[0.0, 0.5, 0.0, 0.0, 0.5, 0.0, 0.0, 0.0, 0.0, 0.0, 0.0]",0
제주 제주시 삼성로 65 국수마당 본점,11,1,"[0.0, 0.0, 0.0, 0.0, 1.0, 0.0, 0.0, 0.0, 0.0, 0.0, 0.0]",0
탐라가든,11,2,"[0.0, 0.0, 0.0, 0.0, 1.0, 0.0, 0.0, 0.0, 0.0, 0.0, 0.0]",0
김녕빵집,11,1,"[0.0, 0.0, 0.0, 0.0, 1.0, 0.0, 0.0, 0.0, 0.0, 0.0, 0.0]",1
큰바리메,1,3,"[0.333333, 0.0, 0.0, 0.0, 0.666667, 0.0, 0.0, 0.0, 0.0, 0.0, 0.0]",2
뜨레솥밥,11,1,"[0.0, 0.0, 0.0, 0.0, 0.0, 0.0, 0.0, 0.0, 1.0, 0.0, 0.0]",0
봄봄 제주김녕점,11,1,"[0.0, 0.0, 0.0, 0.0, 1.0, 0.0, 0.0, 0.0, 0.0, 0.0, 0.0]",0
미풍해장국 광령점,11,1,"[0.0, 0.0, 0.0, 0.0, 1.0, 0.0, 0.0, 0.0, 0.0, 0.0, 0.0]",0
전원일기 본점,11,1,"[0.0, 0.0, 0.0, 0.0, 0.0, 0.0, 0.0, 0.0, 1.0, 0.0, 0.0]",0
비마이아일,24,1,"[0.0, 1.0, 0.0, 0.0, 0.0, 0.0, 0.0, 0.0, 0.0, 0.0, 0.0]",2
김준호의대단한갈비 제주한림점,10,1,"[0.0, 0.0, 0.0, 0.0, 0.0, 0.0, 0.0, 0.0, 1.0, 0.0, 0.0]",2
더하얀하우스,24,1,"[0.0, 0.0, 0.0, 0.0, 0.0, 0.0, 0.0, 0.0, 0.0, 0.0, 1.0]",2
산양곶자왈,1,1,"[0.0, 0.0, 0.0, 0.0, 0.0, 0.0, 0.0, 0.0, 0.0, 0.0, 1.0]",2
제주호랭이 성산점,11,3,"[0.333333, 0.0, 0.0, 0.0, 0.333333, 0.0, 0.0, 0.0, 0.333333, 0.0, 0.0]",0
오일장반점,11,1,"[0.0, 0.0, 0.0, 0.0, 0.0, 0.0, 0.0, 0.0, 0.0, 0.0, 1.0]",0
성산포수협활어회센터,4,4,"[0.25, 0.0, 0.0, 0.0, 0.0, 0.0, 0.0, 0.25, 0.5, 0.0, 0.0]",0
문치비 아랑조을거리점,4,2,"[0.0, 0.0, 0.0, 0.0, 0.5, 0.5, 0.0, 0.0, 0.0, 0.0, 0.0]",0
벨라유나,24,3,"[0.0, 0.0, 0.0, 0.0, 0.0, 0.0, 0.0, 1.0, 0.0, 0.0, 0.0]",2
오달콤제주 함덕점,10,3,"[0.0, 0.0, 0.0, 0.0, 0.0, 0.0, 0.0, 0.0, 0.666667, 0.0, 0.333333]",2
큰넓궤,2,1,"[0.0, 0.0, 0.0, 0.0, 0.0, 0.0, 0.0, 0.0, 0.0, 1.0, 0.0]",2
제주공항그때그집,11,5,"[0.0, 0.8, 0.2, 0.0, 0.0, 0.0, 0.0, 0.0, 0.0, 0.0, 0.0]",0
용마갈치,11,2,"[0.0, 0.5, 0.0, 0.0, 0.0, 0.0, 0.0, 0.5, 0.0, 0.0, 0.0]",0
어박사 한림본점,11,2,"[0.5, 0.5, 0.0, 0.0, 0.0, 0.0, 0.0, 0.0, 0.0, 0.0, 0.0]",0
성안식당,11,2,"[0.0, 0.0, 0.0, 0.0, 0.0, 1.0, 0.0, 0.0, 0.0, 0.0, 0.0]",0
헤븐리,11,1,"[0.0, 1.0, 0.0, 0.0, 0.0, 0.0, 0.0, 0.0, 0.0, 0.0, 0.0]",1
제주1호돌짜장,11,1,"[0.0, 0.0, 0.0, 0.0, 1.0, 0.0, 0.0, 0.0, 0.0, 0.0, 0.0]",0
위드비키,11,2,"[0.0, 0.0, 0.0, 0.0, 0.0, 0.0, 0.0, 0.0, 1.0, 0.0, 0.0]",1
김서프제주,5,7,"[0.0, 0.714286, 0.0, 0.0, 0.0, 0.0, 0.0, 0.0, 0.0, 0.285714, 0.0]",2
문어오빠제주게스트하우스,24,5,"[0.0, 1.0, 0.0, 0.0, 0.0, 0.0, 0.0, 0.0, 0.0, 0.0, 0.0]",2
하모체육공원,5,1,"[0.0, 0.0, 0.0, 1.0, 0.0, 0.0, 0.0, 0.0, 0.0, 0.0, 0.0]",2
투피쉬하우스,24,3,"[0.0, 1.0, 0.0, 0.0, 0.0, 0.0, 0.0, 0.0, 0.0, 0.0, 0.0]",2
옹포횟집,11,2,"[0.0, 0.0, 0.0, 0.0, 0.5, 0.5, 0.0, 0.0, 0.0, 0.0, 0.0]",0
담아래,11,2,"[0.0, 1.0, 0.0, 0.0, 0.0, 0.0, 0.0, 0.0, 0.0, 0.0, 0.0]",0
한라서적타운,10,3,"[0.0, 0.0, 0.0, 0.0, 0.333333, 0.0, 0.0, 0.0, 0.333333, 0.333333, 0.0]",2
누하스 세컨드하우스,3,1,"[0.0, 0.0, 0.0, 0.0, 0.0, 0.0, 0.0, 0.0, 1.0, 0.0, 0.0]",2
진안식당,11,2,"[0.0, 1.0, 0.0, 0.0, 0.0, 0.0, 0.0, 0.0, 0.0, 0.0, 0.0]",0
선우수산,10,2,"[0.0, 0.0, 0.0, 0.5, 0.0, 0.0, 0.0, 0.0, 0.5, 0.0, 0.0]",0
키작은삼촌,11,1,"[0.0, 1.0, 0.0, 0.0, 0.0, 0.0, 0.0, 0.0, 0.0, 0.0, 0.0]",0
함덕하타요가,5,1,"[0.0, 1.0, 0.0, 0.0, 0.0, 0.0, 0.0, 0.0, 0.0, 0.0, 0.0]",2
해안정육식당,11,1,"[0.0, 1.0, 0.0, 0.0, 0.0, 0.0, 0.0, 0.0, 0.0, 0.0, 0.0]",0
영주산성,11,1,"[1.0, 0.0, 0.0, 0.0, 0.0, 0.0, 0.0, 0.0, 0.0, 0.0, 0.0]",0
송당승마장,5,2,"[0.5, 0.0, 0.0, 0.0, 0.0, 0.0, 0.0, 0.0, 0.5, 0.0, 0.0]",2
우도잠수함,13,4,"[0.75, 0.0, 0.25, 0.0, 0.0, 0.0, 0.0, 0.0, 0.0, 0.0, 0.0]",2
마농치킨 2호점,11,1,"[0.0, 0.0, 0.0, 1.0, 0.0, 0.0, 0.0, 0.0, 0.0, 0.0, 0.0]",0
라이프,11,2,"[0.0, 0.0, 0.0, 0.0, 1.0, 0.0, 0.0, 0.0, 0.0, 0.0, 0.0]",0
양지공원,1,1,"[0.0, 0.0, 0.0, 0.0, 0.0, 0.0, 0.0, 0.0, 1.0, 0.0, 0.0]",2
철새 천연기념물 희귀새도래및철새서식지,1,2,"[1.0, 0.0, 0.0, 0.0, 0.0, 0.0, 0.0, 0.0, 0.0, 0.0, 0.0]",2
올레길 1코스(시흥-광치기 올레),7,11,"[0.454545, 0.0, 0.090909, 0.0, 0.090909, 0.090909, 0.0, 0.0, 0.181818, 0.0, 0.090909]",2
게으른소나기,24,11,"[0.0, 0.363636, 0.0, 0.181818, 0.090909, 0.272727, 0.0, 0.0, 0.0, 0.0, 0.090909]",2
카페록키,11,1,"[0.0, 0.0, 0.0, 0.0, 1.0, 0.0, 0.0, 0.0, 0.0, 0.0, 0.0]",1
오조미야,11,3,"[0.333333, 0.0, 0.0, 0.333333, 0.0, 0.0, 0.0, 0.0, 0.0, 0.0, 0.333333]",0
베지지,11,1,"[0.0, 0.0, 0.0, 1.0, 0.0, 0.0, 0.0, 0.0, 0.0, 0.0, 0.0]",0
꽃담수제버거,11,5,"[0.0, 0.2, 0.0, 0.0, 0.0, 0.2, 0.0, 0.0, 0.6, 0.0, 0.0]",0
산토샤,11,3,"[0.0, 0.333333, 0.0, 0.0, 0.333333, 0.0, 0.0, 0.0, 0.0, 0.0, 0.333333]",0
렐레펑 테러블,11,1,"[0.0, 0.0, 1.0, 0.0, 0.0, 0.0, 0.0, 0.0, 0.0, 0.0, 0.0]",0
아름드리펜션,24,5,"[0.0, 0.2, 0.0, 0.4, 0.0, 0.0, 0.0, 0.0, 0.0, 0.0, 0.4]",2
르페도라펜션,24,4,"[0.0, 0.0, 0.0, 0.5, 0.0, 0.0, 0.0, 0.0, 0.0, 0.0, 0.5]",2
솥뚜껑흑돼지,11,2,"[0.5, 0.5, 0.0, 0.0, 0.0, 0.0, 0.0, 0.0, 0.0, 0.0, 0.0]",0
법환나들목,11,2,"[0.0, 0.0, 0.0, 0.0, 0.0, 0.5, 0.0, 0.0, 0.5, 0.0, 0.0]",0
블루베이,4,2,"[0.0, 0.5, 0.0, 0.0, 0.0, 0.0, 0.0, 0.0, 0.5, 0.0, 0.0]",2
제주안에스위스(108동),24,1,"[0.0, 0.0, 0.0, 0.0, 0.0, 0.0, 0.0, 1.0, 0.0, 0.0, 0.0]",2
제주조천스위스마을,7,8,"[0.375, 0.625, 0.0, 0.0, 0.0, 0.0, 0.0, 0.0, 0.0, 0.0, 0.0]",2
일상,11,1,"[0.0, 0.0, 0.0, 0.0, 1.0, 0.0, 0.0, 0.0, 0.0, 0.0, 0.0]",0
부영농장,13,2,"[0.0, 1.0, 0.0, 0.0, 0.0, 0.0, 0.0, 0.0, 0.0, 0.0, 0.0]",2
쏭스핫도그 제주대점,11,1,"[0.0, 0.0, 0.0, 0.0, 0.0, 0.0, 0.0, 0.0, 1.0, 0.0, 0.0]",0
카페신상,11,7,"[0.142857, 0.142857, 0.0, 0.0, 0.428571, 0.0, 0.0, 0.0, 0.285714, 0.0, 0.0]",1
옛날밥상,11,1,"[0.0, 0.0, 0.0, 0.0, 0.0, 0.0, 0.0, 0.0, 0.0, 0.0, 1.0]",0
포도원흑돼지,11,1,"[0.0, 1.0, 0.0, 0.0, 0.0, 0.0, 0.0, 0.0, 0.0, 0.0, 0.0]",0
더빌라스오션,24,1,"[0.0, 0.0, 0.0, 0.0, 0.0, 0.0, 1.0, 0.0, 0.0, 0.0, 0.0]",2
달비치펜션,24,1,"[0.0, 0.0, 0.0, 0.0, 0.0, 0.0, 0.0, 1.0, 0.0, 0.0, 0.0]",2
성산플로우,24,4,"[0.0, 0.5, 0.0, 0.0, 0.0, 0.0, 0.25, 0.25, 0.0, 0.0, 0.0]",2
신동아렌터카,10,5,"[0.0, 0.0, 0.0, 0.0, 0.0, 0.0, 0.0, 0.6, 0.0, 0.0, 0.4]",2
몽듀호텔,24,3,"[0.0, 0.666667, 0.0, 0.0, 0.0, 0.0, 0.333333, 0.0, 0.0, 0.0, 0.0]",2
별밭동네,11,1,"[1.0, 0.0, 0.0, 0.0, 0.0, 0.0, 0.0, 0.0, 0.0, 0.0, 0.0]",0
하루하나,24,4,"[0.25, 0.5, 0.0, 0.0, 0.25, 0.0, 0.0, 0.0, 0.0, 0.0, 0.0]",2
바인드,4,1,"[0.0, 0.0, 0.0, 0.0, 0.0, 0.0, 0.0, 0.0, 1.0, 0.0, 0.0]",2
브라보 젤라또,11,1,"[0.0, 0.0, 0.0, 0.0, 1.0, 0.0, 0.0, 0.0, 0.0, 0.0, 0.0]",0
서울떡볶이,4,2,"[0.0, 0.5, 0.0, 0.0, 0.0, 0.0, 0.0, 0.0, 0.5, 0.0, 0.0]",0
소담소담 게스트하우스,24,7,"[0.0, 0.0, 0.0, 0.142857, 0.0, 0.285714, 0.285714, 0.285714, 0.0, 0.0, 0.0]",2
신창해물라면와랑식탁,11,2,"[0.0, 0.5, 0.0, 0.0, 0.0, 0.0, 0.0, 0.0, 0.5, 0.0, 0.0]",0
CU 제주 서해안로점 앞 바다,1,1,"[0.0, 0.0, 0.0, 0.0, 0.0, 0.0, 0.0, 0.0, 1.0, 0.0, 0.0]",2
고우니 제주를담다,11,2,"[0.0, 0.0, 0.0, 0.0, 1.0, 0.0, 0.0, 0.0, 0.0, 0.0, 0.0]",0
아구에반하다,11,1,"[0.0, 0.0, 0.0, 0.0, 1.0, 0.0, 0.0, 0.0, 0.0, 0.0, 0.0]",0
제주연동리슈빌DS,24,6,"[0.333333, 0.5, 0.0, 0.0, 0.0, 0.0, 0.0, 0.166667, 0.0, 0.0, 0.0]",2
수제홍과일모찌 연동본점,11,1,"[0.0, 1.0, 0.0, 0.0, 0.0, 0.0, 0.0, 0.0, 0.0, 0.0, 0.0]",0
그루브,11,7,"[0.0, 0.571429, 0.0, 0.142857, 0.0, 0.0, 0.0, 0.0, 0.142857, 0.0, 0.142857]",0
제주시애월읍버거리,11,1,"[0.0, 1.0, 0.0, 0.0, 0.0, 0.0, 0.0, 0.0, 0.0, 0.0, 0.0]",0
쇠소깍제트보트,5,2,"[0.0, 1.0, 0.0, 0.0, 0.0, 0.0, 0.0, 0.0, 0.0, 0.0, 0.0]",2
귤바테,11,1,"[0.0, 0.0, 0.0, 0.0, 0.0, 0.0, 0.0, 0.0, 1.0, 0.0, 0.0]",1
제주 스테이협재10길펜션,24,1,"[0.0, 0.0, 0.0, 0.0, 0.0, 0.0, 1.0, 0.0, 0.0, 0.0, 0.0]",2
씽씽전기자전거,5,1,"[0.0, 1.0, 0.0, 0.0, 0.0, 0.0, 0.0, 0.0, 0.0, 0.0, 0.0]",2
봉봉감귤체험농장,13,3,"[0.0, 0.666667, 0.0, 0.0, 0.0, 0.0, 0.0, 0.0, 0.0, 0.333333, 0.0]",2
마노앤디또,11,1,"[0.0, 0.0, 0.0, 0.0, 0.0, 0.0, 0.0, 0.0, 1.0, 0.0, 0.0]",1
애월연어,10,1,"[0.0, 1.0, 0.0, 0.0, 0.0, 0.0, 0.0, 0.0, 0.0, 0.0, 0.0]",2
왕김밥,11,1,"[0.0, 0.0, 0.0, 0.0, 0.0, 0.0, 0.0, 1.0, 0.0, 0.0, 0.0]",0
우수수,11,2,"[0.0, 0.0, 0.0, 0.0, 0.0, 0.5, 0.0, 0.0, 0.0, 0.0, 0.5]",0
게으른날,24,3,"[0.0, 0.0, 0.0, 0.0, 0.666667, 0.0, 0.0, 0.0, 0.0, 0.0, 0.333333]",2
하시야,11,1,"[0.0, 0.0, 0.0, 0.0, 0.0, 0.0, 0.0, 0.0, 0.0, 0.0, 1.0]",1
시골친구,11,2,"[0.0, 0.5, 0.0, 0.0, 0.0, 0.0, 0.0, 0.0, 0.5, 0.0, 0.0]",0
제주하다,24,1,"[0.0, 1.0, 0.0, 0.0, 0.0, 0.0, 0.0, 0.0, 0.0, 0.0, 0.0]",2
더웨이팅,11,2,"[0.5, 0.0, 0.0, 0.0, 0.5, 0.0, 0.0, 0.0, 0.0, 0.0, 0.0]",0
영주산,1,8,"[0.375, 0.25, 0.0, 0.0, 0.375, 0.0, 0.0, 0.0, 0.0, 0.0, 0.0]",2
동검은이오름,7,1,"[0.0, 0.0, 0.0, 0.0, 0.0, 0.0, 0.0, 0.0, 0.0, 0.0, 1.0]",2
바다그림펜션,24,1,"[0.0, 0.0, 0.0, 0.0, 0.0, 0.0, 0.0, 1.0, 0.0, 0.0, 0.0]",2
라인호텔,24,1,"[0.0, 0.0, 0.0, 0.0, 0.0, 0.0, 0.0, 1.0, 0.0, 0.0, 0.0]",2
갑도니 시청점,11,1,"[0.0, 0.0, 0.0, 0.0, 0.0, 0.0, 0.0, 0.0, 1.0, 0.0, 0.0]",0
동명정류장,11,4,"[0.0, 0.0, 0.0, 0.0, 0.75, 0.25, 0.0, 0.0, 0.0, 0.0, 0.0]",1
공간인화,24,3,"[0.0, 0.0, 0.0, 0.0, 0.666667, 0.0, 0.0, 0.0, 0.0, 0.0, 0.333333]",2
세븐일레븐 서귀포아랑조을거리점,10,1,"[0.0, 0.0, 0.0, 0.0, 0.0, 0.0, 0.0, 0.0, 1.0, 0.0, 0.0]",2
올레일품,13,2,"[0.0, 0.0, 0.0, 0.0, 1.0, 0.0, 0.0, 0.0, 0.0, 0.0, 0.0]",2
검은여닭도가니,11,2,"[0.0, 0.0, 0.0, 0.0, 1.0, 0.0, 0.0, 0.0, 0.0, 0.0, 0.0]",0
투썸플레이스 제주쇠소깍점,11,2,"[0.0, 0.0, 0.0, 0.0, 0.0, 0.0, 0.0, 0.0, 1.0, 0.0, 0.0]",0
벼리게스트하우스,24,5,"[0.0, 0.2, 0.0, 0.0, 0.2, 0.2, 0.4, 0.0, 0.0, 0.0, 0.0]",2
한동주유소,10,1,"[0.0, 0.0, 0.0, 0.0, 0.0, 0.0, 0.0, 0.0, 1.0, 0.0, 0.0]",2
산호풍경,11,2,"[0.0, 0.0, 0.0, 0.0, 0.0, 0.0, 0.5, 0.0, 0.5, 0.0, 0.0]",0
덕성식당,11,2,"[0.0, 0.0, 0.0, 0.0, 1.0, 0.0, 0.0, 0.0, 0.0, 0.0, 0.0]",0
이중섭미술관 창작스튜디오&공예공방,3,1,"[0.0, 1.0, 0.0, 0.0, 0.0, 0.0, 0.0, 0.0, 0.0, 0.0, 0.0]",2
서귀포관광극장,13,3,"[0.0, 0.0, 0.0, 0.0, 0.0, 0.0, 0.0, 0.0, 1.0, 0.0, 0.0]",2
중앙로터리,4,1,"[0.0, 0.0, 0.0, 0.0, 0.0, 0.0, 0.0, 0.0, 1.0, 0.0, 0.0]",2
정방사,2,1,"[0.0, 0.0, 0.0, 0.0, 0.0, 0.0, 0.0, 0.0, 1.0, 0.0, 0.0]",2
에그드랍 서귀포중앙점,11,1,"[0.0, 0.0, 0.0, 0.0, 0.0, 0.0, 0.0, 0.0, 0.0, 0.0, 1.0]",0
걸매생태공원,1,3,"[0.0, 0.0, 0.0, 0.333333, 0.333333, 0.0, 0.0, 0.0, 0.333333, 0.0, 0.0]",2
아랑조을거리,4,2,"[1.0, 0.0, 0.0, 0.0, 0.0, 0.0, 0.0, 0.0, 0.0, 0.0, 0.0]",2
신라호텔 야외 패밀리풀,6,1,"[1.0, 0.0, 0.0, 0.0, 0.0, 0.0, 0.0, 0.0, 0.0, 0.0, 0.0]",2
파크뷰,11,1,"[0.0, 1.0, 0.0, 0.0, 0.0, 0.0, 0.0, 0.0, 0.0, 0.0, 0.0]",0
이디오랜,24,3,"[0.333333, 0.666667, 0.0, 0.0, 0.0, 0.0, 0.0, 0.0, 0.0, 0.0, 0.0]",2
온담하우스,24,1,"[0.0, 0.0, 0.0, 0.0, 0.0, 0.0, 0.0, 1.0, 0.0, 0.0, 0.0]",2
LOLA(롤라),11,3,"[0.0, 0.333333, 0.0, 0.0, 0.333333, 0.0, 0.0, 0.0, 0.333333, 0.0, 0.0]",0
함덕와인가게,10,2,"[0.0, 0.0, 0.0, 0.0, 0.0, 0.0, 0.0, 0.0, 1.0, 0.0, 0.0]",2
두모방파제,1,2,"[0.5, 0.0, 0.0, 0.0, 0.0, 0.0, 0.0, 0.0, 0.5, 0.0, 0.0]",2
104스테이,24,2,"[0.5, 0.0, 0.0, 0.0, 0.0, 0.0, 0.0, 0.5, 0.0, 0.0, 0.0]",2
도두반점 제주사수본점,11,5,"[0.0, 0.2, 0.0, 0.0, 0.4, 0.2, 0.0, 0.2, 0.0, 0.0, 0.0]",0
엠제이돼지 시청점,11,1,"[0.0, 0.0, 0.0, 0.0, 1.0, 0.0, 0.0, 0.0, 0.0, 0.0, 0.0]",0
현이네,24,2,"[0.0, 0.0, 0.0, 0.0, 0.0, 0.0, 1.0, 0.0, 0.0, 0.0, 0.0]",2
필름로그,10,1,"[0.0, 1.0, 0.0, 0.0, 0.0, 0.0, 0.0, 0.0, 0.0, 0.0, 0.0]",2
고릴라캠핑 제주점,10,2,"[0.0, 0.0, 0.0, 0.5, 0.0, 0.0, 0.0, 0.0, 0.0, 0.0, 0.5]",2
성산수산식당,11,2,"[0.0, 0.0, 0.0, 0.0, 1.0, 0.0, 0.0, 0.0, 0.0, 0.0, 0.0]",0
소심한이층,11,1,"[0.0, 0.0, 0.0, 0.0, 0.0, 0.0, 0.0, 0.0, 1.0, 0.0, 0.0]",0
성산해나,11,2,"[0.0, 1.0, 0.0, 0.0, 0.0, 0.0, 0.0, 0.0, 0.0, 0.0, 0.0]",1
프랑제리 켄싱턴리조트 중문점,11,2,"[0.0, 0.0, 0.0, 0.0, 0.0, 0.0, 0.0, 0.5, 0.0, 0.0, 0.5]",0
SK행복충전 신엄충전소,10,1,"[0.0, 0.0, 0.0, 0.0, 0.0, 0.0, 0.0, 0.0, 1.0, 0.0, 0.0]",2
아일랜드스톤,4,1,"[0.0, 0.0, 0.0, 0.0, 1.0, 0.0, 0.0, 0.0, 0.0, 0.0, 0.0]",2
쭈꾸쭈꾸쭈꾸미 5호점,11,1,"[0.0, 0.0, 0.0, 0.0, 1.0, 0.0, 0.0, 0.0, 0.0, 0.0, 0.0]",0
범맥주 제주시청점,4,1,"[0.0, 0.0, 0.0, 0.0, 0.0, 0.0, 0.0, 0.0, 1.0, 0.0, 0.0]",2
유일반점,11,2,"[0.5, 0.0, 0.0, 0.0, 0.0, 0.0, 0.0, 0.0, 0.5, 0.0, 0.0]",0
아리온승마장,5,1,"[0.0, 0.0, 0.0, 0.0, 1.0, 0.0, 0.0, 0.0, 0.0, 0.0, 0.0]",2
호랑호랑펜션,24,1,"[0.0, 1.0, 0.0, 0.0, 0.0, 0.0, 0.0, 0.0, 0.0, 0.0, 0.0]",2
칠분의오,11,2,"[0.0, 0.0, 0.0, 0.5, 0.0, 0.0, 0.0, 0.0, 0.0, 0.0, 0.5]",0
케이팝스타코인노래방,13,1,"[0.0, 0.0, 0.0, 0.0, 0.0, 1.0, 0.0, 0.0, 0.0, 0.0, 0.0]",2
CU 제주애월가문동점,10,1,"[0.0, 0.0, 0.0, 0.0, 0.0, 1.0, 0.0, 0.0, 0.0, 0.0, 0.0]",2
제주리조트,24,1,"[0.0, 0.0, 1.0, 0.0, 0.0, 0.0, 0.0, 0.0, 0.0, 0.0, 0.0]",2
"수목원테마파크, 수목원 야시장",6,1,"[1.0, 0.0, 0.0, 0.0, 0.0, 0.0, 0.0, 0.0, 0.0, 0.0, 0.0]",2
33떡볶이 제주점,11,1,"[0.0, 0.0, 0.0, 0.0, 0.0, 0.0, 1.0, 0.0, 0.0, 0.0, 0.0]",0
후카후카,11,1,"[1.0, 0.0, 0.0, 0.0, 0.0, 0.0, 0.0, 0.0, 0.0, 0.0, 0.0]",0
봉개교회,2,1,"[0.0, 0.0, 0.0, 0.0, 0.0, 0.0, 0.0, 0.0, 0.0, 1.0, 0.0]",2
맘스터치 제주에듀시티점,11,1,"[0.0, 0.0, 0.0, 0.0, 0.0, 0.0, 0.0, 1.0, 0.0, 0.0, 0.0]",0
오션브릭풀빌라,24,1,"[0.0, 0.0, 0.0, 0.0, 0.0, 0.0, 1.0, 0.0, 0.0, 0.0, 0.0]",2
조르지네이상한가게,11,2,"[0.0, 0.5, 0.0, 0.0, 0.0, 0.0, 0.0, 0.0, 0.0, 0.0, 0.5]",0
둘레길 중문 본점,11,1,"[0.0, 1.0, 0.0, 0.0, 0.0, 0.0, 0.0, 0.0, 0.0, 0.0, 0.0]",0
망고레이 천지연폭포점,11,1,"[0.0, 0.0, 0.0, 0.0, 0.0, 0.0, 0.0, 0.0, 1.0, 0.0, 0.0]",0
범하다,11,3,"[0.0, 1.0, 0.0, 0.0, 0.0, 0.0, 0.0, 0.0, 0.0, 0.0, 0.0]",0
더힐링타임,13,8,"[0.0, 0.125, 0.0, 0.25, 0.0, 0.125, 0.0, 0.25, 0.0, 0.0, 0.25]",2
제주해물통,11,2,"[0.0, 1.0, 0.0, 0.0, 0.0, 0.0, 0.0, 0.0, 0.0, 0.0, 0.0]",0
바당샌드,11,3,"[0.0, 0.0, 0.0, 0.0, 0.333333, 0.0, 0.0, 0.0, 0.333333, 0.0, 0.333333]",0
김지순의낭푼밥상,11,2,"[0.0, 0.5, 0.0, 0.0, 0.5, 0.0, 0.0, 0.0, 0.0, 0.0, 0.0]",0
선명전복돌솥전문점,11,2,"[0.0, 0.5, 0.0, 0.0, 0.0, 0.0, 0.0, 0.0, 0.5, 0.0, 0.0]",0
모닥치기아라,11,1,"[0.0, 0.0, 0.0, 0.0, 1.0, 0.0, 0.0, 0.0, 0.0, 0.0, 0.0]",0
코앞에바다,4,1,"[0.0, 0.0, 0.0, 0.0, 0.0, 0.0, 0.0, 0.0, 1.0, 0.0, 0.0]",2
함덕비치스테이제주,24,2,"[0.0, 0.0, 0.0, 0.0, 0.0, 0.0, 0.0, 1.0, 0.0, 0.0, 0.0]",2
일억조,11,3,"[0.333333, 0.333333, 0.0, 0.333333, 0.0, 0.0, 0.0, 0.0, 0.0, 0.0, 0.0]",0
컴플리트커피 연동점,11,3,"[0.0, 0.333333, 0.0, 0.0, 0.333333, 0.0, 0.333333, 0.0, 0.0, 0.0, 0.0]",1
파스쿠찌 서귀포일호광장점,11,2,"[0.0, 0.0, 0.0, 0.0, 0.0, 0.5, 0.0, 0.0, 0.0, 0.0, 0.5]",0
제주오광흑돼지,11,2,"[0.0, 0.0, 0.0, 0.0, 0.0, 0.0, 0.0, 0.0, 1.0, 0.0, 0.0]",0
하늘만큼땅만큼펜션,24,1,"[0.0, 0.0, 0.0, 0.0, 0.0, 0.0, 1.0, 0.0, 0.0, 0.0, 0.0]",2
카페산록,11,1,"[0.0, 0.0, 0.0, 0.0, 0.0, 0.0, 0.0, 0.0, 1.0, 0.0, 0.0]",1
루나피크닉,1,2,"[0.0, 0.5, 0.0, 0.5, 0.0, 0.0, 0.0, 0.0, 0.0, 0.0, 0.0]",2
뚜레쥬르 제주화순점,11,1,"[0.0, 0.0, 0.0, 0.0, 0.0, 0.0, 0.0, 0.0, 1.0, 0.0, 0.0]",1
웨이브라운지,11,1,"[0.0, 0.0, 0.0, 0.0, 1.0, 0.0, 0.0, 0.0, 0.0, 0.0, 0.0]",0
포시즌,11,1,"[0.0, 0.0, 0.0, 0.0, 0.0, 0.0, 0.0, 0.0, 1.0, 0.0, 0.0]",0
낙원의밤,11,2,"[0.0, 0.5, 0.0, 0.0, 0.5, 0.0, 0.0, 0.0, 0.0, 0.0, 0.0]",0
세오니네민박,24,4,"[0.0, 0.75, 0.0, 0.0, 0.0, 0.0, 0.0, 0.25, 0.0, 0.0, 0.0]",2
덕천연수원,24,6,"[0.0, 0.333333, 0.0, 0.5, 0.0, 0.0, 0.0, 0.166667, 0.0, 0.0, 0.0]",2
호호만다린하우스,11,2,"[0.5, 0.0, 0.0, 0.0, 0.0, 0.0, 0.0, 0.0, 0.5, 0.0, 0.0]",0
씨스테이호텔&스파,24,4,"[0.0, 0.0, 0.0, 0.0, 0.0, 0.25, 0.0, 0.5, 0.0, 0.0, 0.25]",2
온기,11,2,"[0.0, 0.5, 0.0, 0.5, 0.0, 0.0, 0.0, 0.0, 0.0, 0.0, 0.0]",0
애월바람타고,13,1,"[0.0, 0.0, 0.0, 0.0, 1.0, 0.0, 0.0, 0.0, 0.0, 0.0, 0.0]",2
토다게스트하우스,24,11,"[0.0, 0.181818, 0.0, 0.363636, 0.0, 0.090909, 0.0, 0.363636, 0.0, 0.0, 0.0]",2
월정리해녀식당,11,1,"[0.0, 0.0, 0.0, 1.0, 0.0, 0.0, 0.0, 0.0, 0.0, 0.0, 0.0]",0
연탄과친한돼지,11,2,"[0.0, 0.5, 0.0, 0.0, 0.0, 0.0, 0.0, 0.0, 0.5, 0.0, 0.0]",0
웅담식당,11,1,"[0.0, 0.0, 0.0, 0.0, 1.0, 0.0, 0.0, 0.0, 0.0, 0.0, 0.0]",0
돈다발기사식당,11,1,"[0.0, 0.0, 0.0, 0.0, 0.0, 0.0, 0.0, 0.0, 1.0, 0.0, 0.0]",0
채점석베이커리 본점,11,6,"[0.333333, 0.333333, 0.0, 0.0, 0.166667, 0.166667, 0.0, 0.0, 0.0, 0.0, 0.0]",0
중문승마공원,1,1,"[0.0, 0.0, 0.0, 0.0, 0.0, 0.0, 0.0, 0.0, 0.0, 1.0, 0.0]",2
하림각,11,1,"[1.0, 0.0, 0.0, 0.0, 0.0, 0.0, 0.0, 0.0, 0.0, 0.0, 0.0]",0
일품순두부 신시가지점,11,3,"[0.0, 0.0, 0.0, 0.0, 0.333333, 0.333333, 0.0, 0.333333, 0.0, 0.0, 0.0]",0
나인브릿지CC,5,2,"[0.0, 0.0, 0.0, 0.5, 0.5, 0.0, 0.0, 0.0, 0.0, 0.0, 0.0]",0
이좋은주유소,10,3,"[0.0, 0.0, 0.0, 0.0, 0.0, 0.0, 0.0, 0.333333, 0.666667, 0.0, 0.0]",2
숲속의컨벤션,11,1,"[0.0, 0.0, 0.0, 0.0, 0.0, 0.0, 0.0, 0.0, 1.0, 0.0, 0.0]",0
하소로커피,11,1,"[0.0, 1.0, 0.0, 0.0, 0.0, 0.0, 0.0, 0.0, 0.0, 0.0, 0.0]",1
성산해맞이펜션,24,2,"[0.0, 0.0, 0.0, 0.0, 0.0, 0.0, 0.0, 1.0, 0.0, 0.0, 0.0]",2
롯데렌터카 제주국제공항지점,10,3,"[0.0, 0.0, 0.0, 0.0, 0.0, 0.0, 0.333333, 0.333333, 0.0, 0.0, 0.333333]",2
귤스타,4,1,"[0.0, 0.0, 0.0, 0.0, 0.0, 0.0, 0.0, 0.0, 1.0, 0.0, 0.0]",2
바당한그릇,11,2,"[0.0, 1.0, 0.0, 0.0, 0.0, 0.0, 0.0, 0.0, 0.0, 0.0, 0.0]",0
목화식당휴게소,11,1,"[1.0, 0.0, 0.0, 0.0, 0.0, 0.0, 0.0, 0.0, 0.0, 0.0, 0.0]",0
성읍칠십리식당,11,1,"[0.0, 0.0, 0.0, 0.0, 0.0, 1.0, 0.0, 0.0, 0.0, 0.0, 0.0]",0
와이리조트 제주,24,6,"[0.0, 1.0, 0.0, 0.0, 0.0, 0.0, 0.0, 0.0, 0.0, 0.0, 0.0]",2
신라원중문점,11,1,"[0.0, 1.0, 0.0, 0.0, 0.0, 0.0, 0.0, 0.0, 0.0, 0.0, 0.0]",0
한림매일시장,4,3,"[0.333333, 0.0, 0.0, 0.333333, 0.0, 0.0, 0.0, 0.0, 0.333333, 0.0, 0.0]",2
롯타이,11,2,"[0.0, 0.5, 0.0, 0.0, 0.0, 0.0, 0.0, 0.0, 0.5, 0.0, 0.0]",0
함덕해수욕장 도로,1,1,"[1.0, 0.0, 0.0, 0.0, 0.0, 0.0, 0.0, 0.0, 0.0, 0.0, 0.0]",2
라움호텔,24,6,"[0.0, 0.5, 0.0, 0.0, 0.0, 0.0, 0.0, 0.5, 0.0, 0.0, 0.0]",2
살레안의고깃,11,1,"[0.0, 0.0, 0.0, 0.0, 0.0, 0.0, 0.0, 0.0, 1.0, 0.0, 0.0]",0
함덕해수욕장 잔디광장,1,1,"[1.0, 0.0, 0.0, 0.0, 0.0, 0.0, 0.0, 0.0, 0.0, 0.0, 0.0]",2
협재해수욕장 야영장,24,2,"[0.0, 1.0, 0.0, 0.0, 0.0, 0.0, 0.0, 0.0, 0.0, 0.0, 0.0]",2
플레이스엉물,11,3,"[0.333333, 0.0, 0.0, 0.0, 0.666667, 0.0, 0.0, 0.0, 0.0, 0.0, 0.0]",1
구씨커피로스터스,11,6,"[0.0, 0.666667, 0.0, 0.0, 0.333333, 0.0, 0.0, 0.0, 0.0, 0.0, 0.0]",1
우도땅콩막걸리,11,2,"[0.0, 0.5, 0.0, 0.0, 0.0, 0.0, 0.0, 0.0, 0.5, 0.0, 0.0]",0
씨사이드 애월하귀점,11,1,"[0.0, 0.0, 0.0, 0.0, 1.0, 0.0, 0.0, 0.0, 0.0, 0.0, 0.0]",0
아라고나이트 고온천,6,1,"[0.0, 0.0, 0.0, 0.0, 1.0, 0.0, 0.0, 0.0, 0.0, 0.0, 0.0]",2
레이트벗커피 로스터스,11,2,"[0.0, 0.0, 0.0, 0.0, 1.0, 0.0, 0.0, 0.0, 0.0, 0.0, 0.0]",1
북타임,10,1,"[1.0, 0.0, 0.0, 0.0, 0.0, 0.0, 0.0, 0.0, 0.0, 0.0, 0.0]",2
흑돼지삼형제,11,2,"[0.0, 0.5, 0.0, 0.0, 0.5, 0.0, 0.0, 0.0, 0.0, 0.0, 0.0]",0
제주시산림조합 나무시장,4,1,"[0.0, 0.0, 0.0, 0.0, 0.0, 0.0, 0.0, 0.0, 1.0, 0.0, 0.0]",2
산지천갤러리,3,2,"[0.5, 0.5, 0.0, 0.0, 0.0, 0.0, 0.0, 0.0, 0.0, 0.0, 0.0]",2
귤림서원,2,1,"[1.0, 0.0, 0.0, 0.0, 0.0, 0.0, 0.0, 0.0, 0.0, 0.0, 0.0]",2
애월후식,11,1,"[0.0, 1.0, 0.0, 0.0, 0.0, 0.0, 0.0, 0.0, 0.0, 0.0, 0.0]",1
글러트니커피,11,1,"[1.0, 0.0, 0.0, 0.0, 0.0, 0.0, 0.0, 0.0, 0.0, 0.0, 0.0]",1
가자제주렌트카,10,2,"[0.0, 0.0, 0.0, 0.0, 0.0, 0.0, 0.0, 0.5, 0.0, 0.0, 0.5]",2
제주좋은날,24,2,"[0.0, 1.0, 0.0, 0.0, 0.0, 0.0, 0.0, 0.0, 0.0, 0.0, 0.0]",2
묘한식당,11,2,"[0.0, 1.0, 0.0, 0.0, 0.0, 0.0, 0.0, 0.0, 0.0, 0.0, 0.0]",0
협재로47길,11,1,"[0.0, 0.0, 0.0, 0.0, 0.0, 0.0, 0.0, 0.0, 1.0, 0.0, 0.0]",0
더아일랜더,10,4,"[0.0, 0.0, 0.0, 0.5, 0.0, 0.5, 0.0, 0.0, 0.0, 0.0, 0.0]",2
쉼표,11,9,"[0.0, 0.333333, 0.0, 0.0, 0.111111, 0.0, 0.0, 0.0, 0.555556, 0.0, 0.0]",1
프로젝트목욕탕,10,2,"[0.0, 0.0, 0.0, 0.0, 0.5, 0.0, 0.0, 0.0, 0.5, 0.0, 0.0]",2
동진식당 공항점,11,3,"[0.0, 0.666667, 0.333333, 0.0, 0.0, 0.0, 0.0, 0.0, 0.0, 0.0, 0.0]",0
소원김밥,11,3,"[0.0, 0.666667, 0.333333, 0.0, 0.0, 0.0, 0.0, 0.0, 0.0, 0.0, 0.0]",0
한담세희네농장,13,1,"[0.0, 0.0, 0.0, 0.0, 0.0, 1.0, 0.0, 0.0, 0.0, 0.0, 0.0]",2
리치망고 쇠소깍점,11,1,"[0.0, 0.0, 0.0, 0.0, 0.0, 0.0, 0.0, 0.0, 0.0, 0.0, 1.0]",0
맨도롱 해장국,11,4,"[0.0, 0.25, 0.0, 0.0, 0.5, 0.0, 0.0, 0.0, 0.0, 0.0, 0.25]",0
고쿠텐 서귀포점,11,3,"[0.0, 0.666667, 0.0, 0.0, 0.0, 0.0, 0.0, 0.0, 0.333333, 0.0, 0.0]",0
제주드림타워 스테이크하우스,11,1,"[0.0, 1.0, 0.0, 0.0, 0.0, 0.0, 0.0, 0.0, 0.0, 0.0, 0.0]",0
오늘은좋은날,11,1,"[1.0, 0.0, 0.0, 0.0, 0.0, 0.0, 0.0, 0.0, 0.0, 0.0, 0.0]",0
SK행복충전 제주가스충전소,10,1,"[0.0, 0.0, 0.0, 0.0, 0.0, 0.0, 0.0, 0.0, 1.0, 0.0, 0.0]",2
중문카트체험장,13,1,"[0.0, 0.0, 0.0, 0.0, 0.0, 0.0, 0.0, 0.0, 1.0, 0.0, 0.0]",2
피슈마라홍탕 서귀포월드컵점,11,1,"[0.0, 0.0, 0.0, 0.0, 0.0, 1.0, 0.0, 0.0, 0.0, 0.0, 0.0]",0
비자블라썸,11,2,"[0.0, 0.0, 0.0, 0.0, 0.5, 0.0, 0.0, 0.0, 0.5, 0.0, 0.0]",0
당근과해녀,11,1,"[0.0, 0.0, 0.0, 1.0, 0.0, 0.0, 0.0, 0.0, 0.0, 0.0, 0.0]",0
평대성게국수,11,2,"[0.0, 0.0, 0.0, 0.0, 0.5, 0.5, 0.0, 0.0, 0.0, 0.0, 0.0]",0
감수굴,24,1,"[0.0, 0.0, 0.0, 0.0, 0.0, 1.0, 0.0, 0.0, 0.0, 0.0, 0.0]",2
제주서핑스쿨,24,10,"[0.0, 0.0, 0.0, 0.9, 0.1, 0.0, 0.0, 0.0, 0.0, 0.0, 0.0]",2
카페2472,11,2,"[0.0, 0.5, 0.0, 0.0, 0.5, 0.0, 0.0, 0.0, 0.0, 0.0, 0.0]",1
선경오피스텔,24,3,"[0.0, 0.0, 0.0, 0.0, 0.0, 0.0, 0.0, 1.0, 0.0, 0.0, 0.0]",2
마농치킨중앙통닭 3호점,11,2,"[0.0, 0.0, 0.5, 0.0, 0.5, 0.0, 0.0, 0.0, 0.0, 0.0, 0.0]",0
빈티지어게인,4,2,"[0.0, 1.0, 0.0, 0.0, 0.0, 0.0, 0.0, 0.0, 0.0, 0.0, 0.0]",2
롯데시네마 서귀포,3,2,"[0.0, 0.0, 0.0, 0.0, 0.0, 0.5, 0.0, 0.0, 0.5, 0.0, 0.0]",2
동귀리갈칫집,11,2,"[0.0, 0.0, 0.0, 0.0, 0.5, 0.5, 0.0, 0.0, 0.0, 0.0, 0.0]",0
베메로 bake make roast,11,2,"[0.0, 0.0, 0.0, 0.0, 0.5, 0.0, 0.0, 0.0, 0.5, 0.0, 0.0]",0
넘버피넛쿠키,11,1,"[0.0, 0.0, 0.0, 0.0, 0.0, 0.0, 0.0, 0.0, 1.0, 0.0, 0.0]",1
만복반미,11,1,"[0.0, 1.0, 0.0, 0.0, 0.0, 0.0, 0.0, 0.0, 0.0, 0.0, 0.0]",0
회춘 제주노형점,11,1,"[0.0, 1.0, 0.0, 0.0, 0.0, 0.0, 0.0, 0.0, 0.0, 0.0, 0.0]",0
하이제주,10,13,"[0.076923, 0.0, 0.0, 0.076923, 0.0, 0.076923, 0.076923, 0.076923, 0.307692, 0.0, 0.307692]",2
돼갈통,4,2,"[0.0, 0.5, 0.0, 0.5, 0.0, 0.0, 0.0, 0.0, 0.0, 0.0, 0.0]",0
다이소 용담점,10,2,"[0.0, 0.0, 0.0, 0.0, 0.0, 0.0, 0.0, 0.0, 0.5, 0.0, 0.5]",2
산방산 파크텔,24,3,"[0.0, 0.0, 0.0, 0.0, 0.0, 0.333333, 0.0, 0.666667, 0.0, 0.0, 0.0]",2
지중해식당,11,1,"[0.0, 0.0, 0.0, 0.0, 0.0, 0.0, 0.0, 0.0, 1.0, 0.0, 0.0]",0
리엘루,11,1,"[0.0, 0.0, 0.0, 0.0, 0.0, 0.0, 0.0, 0.0, 1.0, 0.0, 0.0]",0
달에사는고래,11,1,"[0.0, 0.0, 0.0, 0.0, 0.0, 0.0, 0.0, 0.0, 1.0, 0.0, 0.0]",1
유람위드북스,11,1,"[0.0, 0.0, 0.0, 0.0, 1.0, 0.0, 0.0, 0.0, 0.0, 0.0, 0.0]",1
한라네김밥,11,4,"[0.25, 0.25, 0.0, 0.25, 0.0, 0.0, 0.0, 0.25, 0.0, 0.0, 0.0]",0
착한국밥,11,1,"[0.0, 1.0, 0.0, 0.0, 0.0, 0.0, 0.0, 0.0, 0.0, 0.0, 0.0]",0
휘닉스제주섭지코지 매표소,5,1,"[0.0, 0.0, 0.0, 0.0, 0.0, 1.0, 0.0, 0.0, 0.0, 0.0, 0.0]",2
휘닉스제주 해랑,11,5,"[0.0, 0.0, 0.0, 0.0, 0.2, 0.2, 0.2, 0.0, 0.0, 0.0, 0.4]",0
막둥이해녀복순이네,11,2,"[0.0, 0.0, 0.5, 0.5, 0.0, 0.0, 0.0, 0.0, 0.0, 0.0, 0.0]",0
휘닉스제주 코지,11,4,"[0.0, 0.25, 0.0, 0.25, 0.0, 0.25, 0.25, 0.0, 0.0, 0.0, 0.0]",0
휘닉스제주 오렌지동,24,6,"[0.666667, 0.0, 0.0, 0.333333, 0.0, 0.0, 0.0, 0.0, 0.0, 0.0, 0.0]",2
휘닉스제주 섭지 라운지,11,1,"[0.0, 0.0, 0.0, 0.0, 0.0, 0.0, 0.0, 1.0, 0.0, 0.0, 0.0]",0
더비치하우스,11,2,"[0.5, 0.5, 0.0, 0.0, 0.0, 0.0, 0.0, 0.0, 0.0, 0.0, 0.0]",0
머스크,11,1,"[1.0, 0.0, 0.0, 0.0, 0.0, 0.0, 0.0, 0.0, 0.0, 0.0, 0.0]",1
조천해안도로,1,1,"[0.0, 0.0, 0.0, 0.0, 0.0, 0.0, 0.0, 0.0, 1.0, 0.0, 0.0]",2
물꼬해녀의집,11,1,"[0.0, 1.0, 0.0, 0.0, 0.0, 0.0, 0.0, 0.0, 0.0, 0.0, 0.0]",0
모영,11,4,"[0.0, 0.75, 0.0, 0.0, 0.25, 0.0, 0.0, 0.0, 0.0, 0.0, 0.0]",0
우도바라기,11,1,"[0.0, 0.0, 0.0, 0.0, 0.0, 0.0, 0.0, 0.0, 1.0, 0.0, 0.0]",0
하우마을레저,5,1,"[0.0, 0.0, 0.0, 0.0, 0.0, 1.0, 0.0, 0.0, 0.0, 0.0, 0.0]",2
섭지바당,11,1,"[0.0, 0.0, 0.0, 0.0, 1.0, 0.0, 0.0, 0.0, 0.0, 0.0, 0.0]",0
마농치킨 5호점,11,2,"[0.0, 0.5, 0.0, 0.0, 0.5, 0.0, 0.0, 0.0, 0.0, 0.0, 0.0]",0
성산흑돈쭐,11,5,"[0.0, 0.4, 0.0, 0.0, 0.4, 0.0, 0.0, 0.0, 0.0, 0.0, 0.2]",0
일품순두부 제주본점,11,2,"[0.0, 0.5, 0.0, 0.0, 0.5, 0.0, 0.0, 0.0, 0.0, 0.0, 0.0]",0
소랑호게,11,2,"[0.0, 0.5, 0.0, 0.0, 0.0, 0.0, 0.0, 0.0, 0.5, 0.0, 0.0]",0
판포리135,24,1,"[1.0, 0.0, 0.0, 0.0, 0.0, 0.0, 0.0, 0.0, 0.0, 0.0, 0.0]",2
리틀포레스트,11,1,"[0.0, 1.0, 0.0, 0.0, 0.0, 0.0, 0.0, 0.0, 0.0, 0.0, 0.0]",1
돈방석조개구이,11,1,"[0.0, 0.0, 0.0, 0.0, 1.0, 0.0, 0.0, 0.0, 0.0, 0.0, 0.0]",0
월정리썬시티 게스트하우스,24,4,"[0.0, 1.0, 0.0, 0.0, 0.0, 0.0, 0.0, 0.0, 0.0, 0.0, 0.0]",2
제주온도,24,1,"[0.0, 0.0, 0.0, 0.0, 1.0, 0.0, 0.0, 0.0, 0.0, 0.0, 0.0]",2
참녀네집,11,2,"[0.5, 0.0, 0.0, 0.0, 0.0, 0.0, 0.0, 0.0, 0.0, 0.0, 0.5]",0
월정느루,24,4,"[0.0, 0.5, 0.0, 0.0, 0.0, 0.0, 0.5, 0.0, 0.0, 0.0, 0.0]",2
CU 제주아스타호텔점,10,1,"[0.0, 0.0, 0.0, 0.0, 0.0, 0.0, 0.0, 0.0, 0.0, 0.0, 1.0]",2
만두상점,10,3,"[0.0, 1.0, 0.0, 0.0, 0.0, 0.0, 0.0, 0.0, 0.0, 0.0, 0.0]",2
엠버호텔 제주,24,5,"[0.0, 0.2, 0.0, 0.0, 0.0, 0.0, 0.2, 0.6, 0.0, 0.0, 0.0]",2
서울촌놈인제주,11,1,"[0.0, 0.0, 1.0, 0.0, 0.0, 0.0, 0.0, 0.0, 0.0, 0.0, 0.0]",0
말젯문,11,3,"[0.333333, 0.666667, 0.0, 0.0, 0.0, 0.0, 0.0, 0.0, 0.0, 0.0, 0.0]",0
르메인호텔 서귀포,24,2,"[0.0, 1.0, 0.0, 0.0, 0.0, 0.0, 0.0, 0.0, 0.0, 0.0, 0.0]",2
애월연어 안덕점,11,2,"[0.0, 0.5, 0.0, 0.0, 0.0, 0.0, 0.0, 0.0, 0.5, 0.0, 0.0]",0
프란츠스토어,10,1,"[0.0, 0.0, 0.0, 0.0, 0.0, 0.0, 0.0, 0.0, 1.0, 0.0, 0.0]",2
향천회초밥,11,1,"[0.0, 0.0, 0.0, 0.0, 0.0, 0.0, 0.0, 0.0, 1.0, 0.0, 0.0]",0
사랑분식,4,2,"[0.0, 0.5, 0.0, 0.5, 0.0, 0.0, 0.0, 0.0, 0.0, 0.0, 0.0]",0
라온베이커리 남녕점,10,3,"[0.0, 1.0, 0.0, 0.0, 0.0, 0.0, 0.0, 0.0, 0.0, 0.0, 0.0]",2
조아찌커피,11,1,"[0.0, 0.0, 0.0, 0.0, 0.0, 0.0, 0.0, 0.0, 1.0, 0.0, 0.0]",1
제주닭집,11,3,"[0.0, 0.666667, 0.0, 0.0, 0.333333, 0.0, 0.0, 0.0, 0.0, 0.0, 0.0]",0
CU 제주당케점,10,1,"[0.0, 0.0, 0.0, 0.0, 0.0, 0.0, 0.0, 0.0, 1.0, 0.0, 0.0]",2
해비치호텔엔리조트 섬모라,24,5,"[0.2, 0.4, 0.0, 0.2, 0.2, 0.0, 0.0, 0.0, 0.0, 0.0, 0.0]",2
토끼트멍,11,3,"[0.0, 1.0, 0.0, 0.0, 0.0, 0.0, 0.0, 0.0, 0.0, 0.0, 0.0]",0
아디다스 신제주점,10,1,"[0.0, 0.0, 0.0, 0.0, 0.0, 0.0, 0.0, 0.0, 1.0, 0.0, 0.0]",2
여기고씨네,11,1,"[0.0, 1.0, 0.0, 0.0, 0.0, 0.0, 0.0, 0.0, 0.0, 0.0, 0.0]",0
플로우스,11,1,"[0.0, 1.0, 0.0, 0.0, 0.0, 0.0, 0.0, 0.0, 0.0, 0.0, 0.0]",0
스파오 신제주점,4,2,"[0.0, 0.0, 0.0, 0.0, 0.0, 0.0, 0.0, 0.0, 0.5, 0.0, 0.5]",2
마음에온,11,4,"[0.0, 0.5, 0.0, 0.0, 0.25, 0.0, 0.0, 0.0, 0.0, 0.0, 0.25]",1
차귀도체험배낚시횟집,13,1,"[0.0, 1.0, 0.0, 0.0, 0.0, 0.0, 0.0, 0.0, 0.0, 0.0, 0.0]",2
잇츠힐펜션,24,1,"[0.0, 0.0, 0.0, 0.0, 1.0, 0.0, 0.0, 0.0, 0.0, 0.0, 0.0]",2
두꺼비의빛,24,1,"[0.0, 1.0, 0.0, 0.0, 0.0, 0.0, 0.0, 0.0, 0.0, 0.0, 0.0]",2
블라제리조트 전기차충전소,1,1,"[0.0, 1.0, 0.0, 0.0, 0.0, 0.0, 0.0, 0.0, 0.0, 0.0, 0.0]",2
우생당,11,1,"[0.0, 0.0, 0.0, 0.0, 0.0, 0.0, 0.0, 0.0, 0.0, 1.0, 0.0]",0
메이더카라반,24,2,"[0.0, 0.0, 0.0, 1.0, 0.0, 0.0, 0.0, 0.0, 0.0, 0.0, 0.0]",2
탑텐 서귀포점,4,2,"[0.0, 0.0, 0.0, 0.0, 0.0, 0.0, 0.0, 0.5, 0.0, 0.0, 0.5]",2
배스킨라빈스 서귀포광장점,11,1,"[0.0, 0.0, 0.0, 0.0, 0.0, 0.0, 0.0, 0.0, 1.0, 0.0, 0.0]",0
제주센트럴파크,6,3,"[0.0, 0.666667, 0.0, 0.333333, 0.0, 0.0, 0.0, 0.0, 0.0, 0.0, 0.0]",2
덴카츠,11,1,"[0.0, 0.0, 0.0, 0.0, 1.0, 0.0, 0.0, 0.0, 0.0, 0.0, 0.0]",0
팡송,11,5,"[0.0, 0.8, 0.0, 0.0, 0.2, 0.0, 0.0, 0.0, 0.0, 0.0, 0.0]",0
검멀레동굴,1,1,"[0.0, 0.0, 0.0, 0.0, 0.0, 0.0, 0.0, 0.0, 1.0, 0.0, 0.0]",2
연동연대,1,1,"[0.0, 0.0, 0.0, 0.0, 0.0, 0.0, 0.0, 0.0, 1.0, 0.0, 0.0]",2
하논,1,2,"[0.5, 0.0, 0.0, 0.0, 0.5, 0.0, 0.0, 0.0, 0.0, 0.0, 0.0]",2
사계소희네국수,11,4,"[0.0, 0.25, 0.0, 0.25, 0.0, 0.0, 0.0, 0.0, 0.5, 0.0, 0.0]",0
화순방파제,1,1,"[0.0, 0.0, 0.0, 0.0, 0.0, 0.0, 0.0, 0.0, 1.0, 0.0, 0.0]",2
은숙이네,11,1,"[0.0, 0.0, 0.0, 0.0, 0.0, 0.0, 0.0, 0.0, 1.0, 0.0, 0.0]",0
경동식당,11,1,"[0.0, 0.0, 0.0, 0.0, 0.0, 0.0, 0.0, 0.0, 1.0, 0.0, 0.0]",0
마라해양도립공원,1,1,"[0.0, 0.0, 0.0, 0.0, 0.0, 0.0, 0.0, 0.0, 1.0, 0.0, 0.0]",2
미악산,1,1,"[0.0, 0.0, 0.0, 0.0, 0.0, 1.0, 0.0, 0.0, 0.0, 0.0, 0.0]",2
연동길,11,1,"[0.0, 1.0, 0.0, 0.0, 0.0, 0.0, 0.0, 0.0, 0.0, 0.0, 0.0]",0
흑돈가 제주본점,7,2,"[0.0, 0.0, 0.0, 0.0, 1.0, 0.0, 0.0, 0.0, 0.0, 0.0, 0.0]",0
호텔 레오,24,1,"[0.0, 0.0, 0.0, 0.0, 0.0, 0.0, 0.0, 1.0, 0.0, 0.0, 0.0]",2
모닥치기,11,1,"[0.0, 1.0, 0.0, 0.0, 0.0, 0.0, 0.0, 0.0, 0.0, 0.0, 0.0]",0
스니프,11,1,"[0.0, 1.0, 0.0, 0.0, 0.0, 0.0, 0.0, 0.0, 0.0, 0.0, 0.0]",0
돈사돈 서귀포점,11,1,"[0.0, 0.0, 0.0, 1.0, 0.0, 0.0, 0.0, 0.0, 0.0, 0.0, 0.0]",0
이화호텔,24,1,"[0.0, 0.0, 0.0, 0.0, 0.0, 1.0, 0.0, 0.0, 0.0, 0.0, 0.0]",2
비블리아성서식물원,6,1,"[0.0, 0.0, 0.0, 0.0, 0.0, 0.0, 0.0, 0.0, 0.0, 1.0, 0.0]",2
김녕금속공예벽화마을,7,1,"[1.0, 0.0, 0.0, 0.0, 0.0, 0.0, 0.0, 0.0, 0.0, 0.0, 0.0]",2
쯔루네,11,1,"[0.0, 0.0, 0.0, 0.0, 0.0, 0.0, 0.0, 0.0, 1.0, 0.0, 0.0]",0
벨리타캠핑장,24,1,"[0.0, 0.0, 0.0, 1.0, 0.0, 0.0, 0.0, 0.0, 0.0, 0.0, 0.0]",2
저지해장국,11,1,"[0.0, 0.0, 0.0, 0.0, 0.0, 0.0, 0.0, 0.0, 1.0, 0.0, 0.0]",0
선운정사,2,1,"[1.0, 0.0, 0.0, 0.0, 0.0, 0.0, 0.0, 0.0, 0.0, 0.0, 0.0]",2
애월바다테라피,13,1,"[0.0, 0.0, 0.0, 0.0, 0.0, 0.0, 0.0, 1.0, 0.0, 0.0, 0.0]",2
샤오츠,11,2,"[0.0, 0.0, 0.0, 0.5, 0.5, 0.0, 0.0, 0.0, 0.0, 0.0, 0.0]",0
카페 요디,11,1,"[0.0, 1.0, 0.0, 0.0, 0.0, 0.0, 0.0, 0.0, 0.0, 0.0, 0.0]",1
아뽀밍고,11,3,"[0.0, 0.333333, 0.0, 0.333333, 0.0, 0.0, 0.0, 0.0, 0.333333, 0.0, 0.0]",1
서귀포동경우동 본점,11,2,"[0.0, 0.5, 0.0, 0.0, 0.0, 0.0, 0.0, 0.0, 0.5, 0.0, 0.0]",0
센트로,11,1,"[0.0, 1.0, 0.0, 0.0, 0.0, 0.0, 0.0, 0.0, 0.0, 0.0, 0.0]",0
낭만잡화점,4,1,"[0.0, 0.0, 0.0, 0.0, 0.0, 0.0, 0.0, 0.0, 1.0, 0.0, 0.0]",2
엉또정,11,2,"[0.0, 0.5, 0.0, 0.0, 0.0, 0.0, 0.0, 0.0, 0.0, 0.0, 0.5]",0
성산포수협 활어위판센터,4,2,"[0.0, 0.0, 0.0, 0.0, 0.0, 0.0, 0.0, 1.0, 0.0, 0.0, 0.0]",0
우도해양도립공원,1,1,"[1.0, 0.0, 0.0, 0.0, 0.0, 0.0, 0.0, 0.0, 0.0, 0.0, 0.0]",2
레인보울,11,1,"[0.0, 0.0, 0.0, 0.0, 0.0, 0.0, 0.0, 1.0, 0.0, 0.0, 0.0]",0
소렉,11,1,"[0.0, 1.0, 0.0, 0.0, 0.0, 0.0, 0.0, 0.0, 0.0, 0.0, 0.0]",0
오드리김밥,11,2,"[0.5, 0.0, 0.0, 0.0, 0.0, 0.5, 0.0, 0.0, 0.0, 0.0, 0.0]",0
어박사 애월점,11,3,"[0.0, 0.333333, 0.0, 0.0, 0.666667, 0.0, 0.0, 0.0, 0.0, 0.0, 0.0]",0
돔그라미펜션,24,11,"[0.0, 0.454545, 0.0, 0.0, 0.090909, 0.0, 0.0, 0.0, 0.0, 0.0, 0.454545]",2
애월씨앤스타,24,2,"[0.0, 0.0, 0.0, 0.0, 0.0, 0.0, 0.0, 0.0, 0.0, 0.0, 1.0]",2
애월오누이,11,1,"[0.0, 0.0, 0.0, 0.0, 0.0, 0.0, 0.0, 0.0, 1.0, 0.0, 0.0]",0
제주이티하우스,24,2,"[0.0, 1.0, 0.0, 0.0, 0.0, 0.0, 0.0, 0.0, 0.0, 0.0, 0.0]",2
여행가게,11,1,"[0.0, 1.0, 0.0, 0.0, 0.0, 0.0, 0.0, 0.0, 0.0, 0.0, 0.0]",0
제주숲게스트하우스,24,2,"[0.0, 0.0, 0.0, 0.0, 0.0, 0.0, 0.0, 0.0, 0.0, 0.0, 1.0]",2
대수산봉,1,3,"[0.666667, 0.0, 0.0, 0.0, 0.0, 0.0, 0.0, 0.0, 0.333333, 0.0, 0.0]",2
시안,11,1,"[0.0, 0.0, 0.0, 0.0, 1.0, 0.0, 0.0, 0.0, 0.0, 0.0, 0.0]",0
한동리 해맞이 해안로,7,1,"[0.0, 0.0, 0.0, 0.0, 0.0, 0.0, 0.0, 0.0, 1.0, 0.0, 0.0]",2
한동리 해변,5,2,"[0.0, 0.0, 0.0, 0.0, 0.0, 1.0, 0.0, 0.0, 0.0, 0.0, 0.0]",2
포토이즘박스 함덕해수욕장점,4,1,"[0.0, 0.0, 0.0, 0.0, 0.0, 0.0, 0.0, 0.0, 1.0, 0.0, 0.0]",2
한동리 해안가 해변,5,1,"[0.0, 1.0, 0.0, 0.0, 0.0, 0.0, 0.0, 0.0, 0.0, 0.0, 0.0]",2
프라이탁스토어 제주 by MMMG,4,1,"[0.0, 1.0, 0.0, 0.0, 0.0, 0.0, 0.0, 0.0, 0.0, 0.0, 0.0]",2
중문주유소,10,1,"[0.0, 0.0, 0.0, 0.0, 0.0, 0.0, 0.0, 0.0, 1.0, 0.0, 0.0]",2
온누리빵집,11,1,"[0.0, 0.0, 0.0, 1.0, 0.0, 0.0, 0.0, 0.0, 0.0, 0.0, 0.0]",0
보름왓메밀밭,1,3,"[0.333333, 0.0, 0.333333, 0.0, 0.333333, 0.0, 0.0, 0.0, 0.0, 0.0, 0.0]",2
엘플로리디타,11,3,"[0.0, 0.333333, 0.333333, 0.333333, 0.0, 0.0, 0.0, 0.0, 0.0, 0.0, 0.0]",0
돈블랙 올레시장점,11,1,"[0.0, 1.0, 0.0, 0.0, 0.0, 0.0, 0.0, 0.0, 0.0, 0.0, 0.0]",0
탐라스낵,11,1,"[0.0, 1.0, 0.0, 0.0, 0.0, 0.0, 0.0, 0.0, 0.0, 0.0, 0.0]",0
서울국수가게,11,1,"[0.0, 0.0, 0.0, 0.0, 1.0, 0.0, 0.0, 0.0, 0.0, 0.0, 0.0]",0
올더타임 토평,11,1,"[0.0, 0.0, 0.0, 0.0, 0.0, 0.0, 0.0, 0.0, 1.0, 0.0, 0.0]",0
보보애월,11,1,"[0.0, 0.0, 0.0, 0.0, 0.0, 0.0, 0.0, 0.0, 1.0, 0.0, 0.0]",0
빨강궁전,24,2,"[0.0, 0.0, 0.0, 0.0, 0.0, 0.0, 0.0, 1.0, 0.0, 0.0, 0.0]",2
황금성,11,1,"[0.0, 0.0, 0.0, 0.0, 1.0, 0.0, 0.0, 0.0, 0.0, 0.0, 0.0]",0
덕인당소락 3호점,11,1,"[1.0, 0.0, 0.0, 0.0, 0.0, 0.0, 0.0, 0.0, 0.0, 0.0, 0.0]",0
잘도식당,11,2,"[0.0, 1.0, 0.0, 0.0, 0.0, 0.0, 0.0, 0.0, 0.0, 0.0, 0.0]",0
1미리게스트하우스,24,8,"[0.0, 0.625, 0.0, 0.0, 0.125, 0.0, 0.0, 0.0, 0.0, 0.0, 0.25]",2
우리집이층,11,1,"[0.0, 1.0, 0.0, 0.0, 0.0, 0.0, 0.0, 0.0, 0.0, 0.0, 0.0]",0
서귀포약국,10,1,"[0.0, 0.0, 0.0, 0.0, 0.0, 0.0, 0.0, 0.0, 0.0, 0.0, 1.0]",2
새별프렌즈,13,6,"[0.166667, 0.166667, 0.166667, 0.166667, 0.0, 0.0, 0.0, 0.0, 0.166667, 0.0, 0.166667]",2
큰손상회,10,3,"[0.0, 1.0, 0.0, 0.0, 0.0, 0.0, 0.0, 0.0, 0.0, 0.0, 0.0]",2
붉은오름자연휴양림 숲속야영장,24,1,"[0.0, 0.0, 0.0, 1.0, 0.0, 0.0, 0.0, 0.0, 0.0, 0.0, 0.0]",2
하효소머리국밥,11,2,"[0.0, 0.5, 0.0, 0.0, 0.5, 0.0, 0.0, 0.0, 0.0, 0.0, 0.0]",0
법환동커피,11,3,"[0.333333, 0.333333, 0.0, 0.0, 0.333333, 0.0, 0.0, 0.0, 0.0, 0.0, 0.0]",1
시오름,1,1,"[1.0, 0.0, 0.0, 0.0, 0.0, 0.0, 0.0, 0.0, 0.0, 0.0, 0.0]",2
전복죽일번가,11,4,"[0.0, 0.75, 0.0, 0.0, 0.0, 0.0, 0.0, 0.25, 0.0, 0.0, 0.0]",0
애월담펜션,24,3,"[0.0, 1.0, 0.0, 0.0, 0.0, 0.0, 0.0, 0.0, 0.0, 0.0, 0.0]",2
제주백야,11,1,"[1.0, 0.0, 0.0, 0.0, 0.0, 0.0, 0.0, 0.0, 0.0, 0.0, 0.0]",0
산호반점 2호점,11,1,"[0.0, 0.0, 0.0, 0.0, 0.0, 0.0, 0.0, 0.0, 1.0, 0.0, 0.0]",0
설심당 동홍점,11,1,"[0.0, 1.0, 0.0, 0.0, 0.0, 0.0, 0.0, 0.0, 0.0, 0.0, 0.0]",0
진지동굴,1,1,"[1.0, 0.0, 0.0, 0.0, 0.0, 0.0, 0.0, 0.0, 0.0, 0.0, 0.0]",2
우도왕자이야기,11,5,"[0.2, 0.0, 0.2, 0.0, 0.2, 0.0, 0.0, 0.0, 0.4, 0.0, 0.0]",0
비양도 캠핑장,24,5,"[0.8, 0.0, 0.0, 0.0, 0.2, 0.0, 0.0, 0.0, 0.0, 0.0, 0.0]",2
유군초밥,11,3,"[0.333333, 0.666667, 0.0, 0.0, 0.0, 0.0, 0.0, 0.0, 0.0, 0.0, 0.0]",0
지지지제주흑돼지,11,2,"[0.0, 1.0, 0.0, 0.0, 0.0, 0.0, 0.0, 0.0, 0.0, 0.0, 0.0]",0
바이못,11,5,"[0.2, 0.0, 0.0, 0.0, 0.0, 0.4, 0.0, 0.0, 0.4, 0.0, 0.0]",1
그린게스트하우스,24,3,"[0.0, 0.666667, 0.0, 0.333333, 0.0, 0.0, 0.0, 0.0, 0.0, 0.0, 0.0]",2
중국집마씸,11,3,"[0.0, 0.333333, 0.0, 0.0, 0.666667, 0.0, 0.0, 0.0, 0.0, 0.0, 0.0]",0
싱싱회센타,11,1,"[0.0, 0.0, 0.0, 1.0, 0.0, 0.0, 0.0, 0.0, 0.0, 0.0, 0.0]",0
빽다방 제주노형뜨란채점,11,1,"[0.0, 0.0, 0.0, 0.0, 0.0, 1.0, 0.0, 0.0, 0.0, 0.0, 0.0]",1
네모네 펜션,24,1,"[0.0, 0.0, 0.0, 0.0, 0.0, 1.0, 0.0, 0.0, 0.0, 0.0, 0.0]",2
빗소리,11,3,"[0.333333, 0.666667, 0.0, 0.0, 0.0, 0.0, 0.0, 0.0, 0.0, 0.0, 0.0]",0
흑돼지패밀리,11,2,"[0.0, 0.5, 0.0, 0.0, 0.0, 0.5, 0.0, 0.0, 0.0, 0.0, 0.0]",0
가디언다이브리조트,5,1,"[0.0, 1.0, 0.0, 0.0, 0.0, 0.0, 0.0, 0.0, 0.0, 0.0, 0.0]",2
히비 안도 코하쿠,11,4,"[0.0, 0.25, 0.0, 0.25, 0.5, 0.0, 0.0, 0.0, 0.0, 0.0, 0.0]",0
민트카페&스튜디오,3,3,"[0.0, 0.0, 0.0, 0.333333, 0.0, 0.0, 0.0, 0.0, 0.333333, 0.333333, 0.0]",1
한림바다체험마을,13,2,"[0.0, 0.0, 0.0, 0.0, 0.5, 0.0, 0.0, 0.0, 0.5, 0.0, 0.0]",2
에코그린리조트 루프탑포차,11,1,"[0.0, 0.0, 0.0, 0.0, 0.0, 0.0, 0.0, 1.0, 0.0, 0.0, 0.0]",0
하영담아,13,2,"[0.0, 0.0, 0.0, 0.0, 0.0, 0.0, 0.0, 0.5, 0.0, 0.5, 0.0]",2
홍당무떡볶이,11,2,"[0.0, 1.0, 0.0, 0.0, 0.0, 0.0, 0.0, 0.0, 0.0, 0.0, 0.0]",0
까사로마호텔,24,4,"[0.0, 0.5, 0.0, 0.0, 0.0, 0.0, 0.0, 0.25, 0.0, 0.0, 0.25]",2
논짓물,11,7,"[0.0, 0.571429, 0.0, 0.0, 0.428571, 0.0, 0.0, 0.0, 0.0, 0.0, 0.0]",0
제주펜션매듭,24,1,"[0.0, 0.0, 0.0, 0.0, 0.0, 0.0, 0.0, 1.0, 0.0, 0.0, 0.0]",2
신화리조트 랜딩관,24,1,"[0.0, 0.0, 0.0, 0.0, 0.0, 0.0, 1.0, 0.0, 0.0, 0.0, 0.0]",2
안녕김녕씨,24,6,"[0.0, 0.666667, 0.0, 0.0, 0.0, 0.0, 0.0, 0.333333, 0.0, 0.0, 0.0]",2
시재시재,24,2,"[0.0, 0.5, 0.0, 0.5, 0.0, 0.0, 0.0, 0.0, 0.0, 0.0, 0.0]",2
명랑스낵,11,7,"[0.0, 0.714286, 0.0, 0.285714, 0.0, 0.0, 0.0, 0.0, 0.0, 0.0, 0.0]",0
사일리커피,11,5,"[0.0, 0.4, 0.0, 0.0, 0.0, 0.2, 0.0, 0.0, 0.2, 0.0, 0.2]",1
송악산화덕피자,11,1,"[0.0, 0.0, 0.0, 0.0, 0.0, 0.0, 0.0, 0.0, 1.0, 0.0, 0.0]",0
제주따이,11,4,"[0.0, 0.75, 0.0, 0.0, 0.0, 0.0, 0.0, 0.25, 0.0, 0.0, 0.0]",0
그랜드하얏트제주 포차,11,2,"[1.0, 0.0, 0.0, 0.0, 0.0, 0.0, 0.0, 0.0, 0.0, 0.0, 0.0]",0
그랜드하얏트제주 수영장,6,3,"[0.333333, 0.0, 0.0, 0.0, 0.333333, 0.0, 0.333333, 0.0, 0.0, 0.0, 0.0]",2
CU 서귀포자구리점,10,1,"[0.0, 0.0, 0.0, 0.0, 0.0, 0.0, 0.0, 0.0, 1.0, 0.0, 0.0]",2
연정식당,11,3,"[0.0, 0.666667, 0.0, 0.0, 0.333333, 0.0, 0.0, 0.0, 0.0, 0.0, 0.0]",0
요기소바 본점,11,2,"[0.0, 0.5, 0.0, 0.0, 0.0, 0.0, 0.0, 0.0, 0.5, 0.0, 0.0]",0
그랜드하얏트제주 라운지,11,1,"[0.0, 0.0, 0.0, 0.0, 0.0, 0.0, 1.0, 0.0, 0.0, 0.0, 0.0]",0
신광로8길 5,11,1,"[0.0, 0.0, 0.0, 0.0, 0.0, 0.0, 0.0, 0.0, 1.0, 0.0, 0.0]",0
제주돈토랑,11,2,"[0.0, 1.0, 0.0, 0.0, 0.0, 0.0, 0.0, 0.0, 0.0, 0.0, 0.0]",0
앨리스,11,1,"[0.0, 0.0, 0.0, 0.0, 1.0, 0.0, 0.0, 0.0, 0.0, 0.0, 0.0]",1
그랜마스 노형점,11,1,"[1.0, 0.0, 0.0, 0.0, 0.0, 0.0, 0.0, 0.0, 0.0, 0.0, 0.0]",0
제주공항렌터카,10,1,"[0.0, 0.0, 0.0, 0.0, 0.0, 0.0, 0.0, 0.0, 0.0, 0.0, 1.0]",2
새연교(우영우 촬영장),2,1,"[0.0, 0.0, 1.0, 0.0, 0.0, 0.0, 0.0, 0.0, 0.0, 0.0, 0.0]",2
용연계곡(구름다리),1,1,"[0.0, 1.0, 0.0, 0.0, 0.0, 0.0, 0.0, 0.0, 0.0, 0.0, 0.0]",2
성산일출봉(일출),1,1,"[1.0, 0.0, 0.0, 0.0, 0.0, 0.0, 0.0, 0.0, 0.0, 0.0, 0.0]",2
서울뚝배기,11,1,"[0.0, 1.0, 0.0, 0.0, 0.0, 0.0, 0.0, 0.0, 0.0, 0.0, 0.0]",0
성산일출봉 아시횟집,11,9,"[0.0, 0.555556, 0.0, 0.111111, 0.222222, 0.0, 0.0, 0.111111, 0.0, 0.0, 0.0]",0
CU 제주제원점,10,2,"[0.0, 0.0, 0.0, 0.0, 0.0, 0.5, 0.5, 0.0, 0.0, 0.0, 0.0]",2
나이롱책방,4,2,"[0.5, 0.5, 0.0, 0.0, 0.0, 0.0, 0.0, 0.0, 0.0, 0.0, 0.0]",2
파리바게뜨 신제주점,11,1,"[0.0, 0.0, 0.0, 0.0, 0.0, 1.0, 0.0, 0.0, 0.0, 0.0, 0.0]",0
서부두방파제,1,1,"[0.0, 0.0, 0.0, 0.0, 0.0, 0.0, 0.0, 0.0, 1.0, 0.0, 0.0]",2
돌다메,11,1,"[0.0, 0.0, 0.0, 0.0, 0.0, 0.0, 0.0, 0.0, 1.0, 0.0, 0.0]",0
통일렌트카,10,1,"[0.0, 0.0, 0.0, 0.0, 0.0, 0.0, 0.0, 0.0, 0.0, 0.0, 1.0]",2
바삭돈가스,11,1,"[0.0, 1.0, 0.0, 0.0, 0.0, 0.0, 0.0, 0.0, 0.0, 0.0, 0.0]",0
카페봄봄 제주봉개점,11,1,"[0.0, 0.0, 0.0, 0.0, 0.0, 0.0, 0.0, 0.0, 1.0, 0.0, 0.0]",1
할매식당,11,1,"[0.0, 1.0, 0.0, 0.0, 0.0, 0.0, 0.0, 0.0, 0.0, 0.0, 0.0]",0
명경식당,11,3,"[0.0, 0.666667, 0.0, 0.0, 0.333333, 0.0, 0.0, 0.0, 0.0, 0.0, 0.0]",0
귀덕귀덕펜션,24,1,"[0.0, 1.0, 0.0, 0.0, 0.0, 0.0, 0.0, 0.0, 0.0, 0.0, 0.0]",2
한림민속5일시장,4,5,"[0.4, 0.0, 0.0, 0.0, 0.2, 0.0, 0.0, 0.0, 0.4, 0.0, 0.0]",2
오시오펜션,24,2,"[0.0, 0.5, 0.0, 0.0, 0.0, 0.0, 0.0, 0.5, 0.0, 0.0, 0.0]",2
뱃도새기 흑돼지 제주함덕점,11,1,"[0.0, 0.0, 0.0, 0.0, 0.0, 1.0, 0.0, 0.0, 0.0, 0.0, 0.0]",0
신왕,11,1,"[0.0, 1.0, 0.0, 0.0, 0.0, 0.0, 0.0, 0.0, 0.0, 0.0, 0.0]",0
코델리아리조트,24,2,"[0.0, 0.0, 0.0, 0.0, 0.0, 0.0, 0.0, 1.0, 0.0, 0.0, 0.0]",2
성산일출도서관,3,1,"[0.0, 0.0, 0.0, 0.0, 0.0, 0.0, 0.0, 0.0, 0.0, 1.0, 0.0]",2
스플래시리조트,24,5,"[0.0, 0.0, 0.0, 0.4, 0.0, 0.0, 0.2, 0.0, 0.0, 0.0, 0.4]",2
대향,11,1,"[0.0, 0.0, 0.0, 1.0, 0.0, 0.0, 0.0, 0.0, 0.0, 0.0, 0.0]",0
동방파제,1,6,"[0.166667, 0.166667, 0.0, 0.166667, 0.166667, 0.0, 0.0, 0.0, 0.0, 0.333333, 0.0]",2
서귀포농협 하나로마트 본점,10,3,"[0.0, 0.0, 0.0, 0.0, 0.0, 0.333333, 0.0, 0.666667, 0.0, 0.0, 0.0]",2
서촌제,11,1,"[0.0, 0.0, 0.0, 0.0, 0.0, 1.0, 0.0, 0.0, 0.0, 0.0, 0.0]",0
정가네연탄구이,11,1,"[0.0, 0.0, 0.0, 1.0, 0.0, 0.0, 0.0, 0.0, 0.0, 0.0, 0.0]",0
좀녀마을뚝배기,11,2,"[0.0, 0.0, 0.0, 0.0, 0.5, 0.0, 0.0, 0.0, 0.5, 0.0, 0.0]",0
부뚜막식당 성산,11,3,"[0.0, 0.666667, 0.0, 0.333333, 0.0, 0.0, 0.0, 0.0, 0.0, 0.0, 0.0]",0
돈구어,11,1,"[0.0, 1.0, 0.0, 0.0, 0.0, 0.0, 0.0, 0.0, 0.0, 0.0, 0.0]",0
보메와산 감귤체험농장,13,4,"[0.0, 0.75, 0.0, 0.0, 0.0, 0.0, 0.0, 0.0, 0.25, 0.0, 0.0]",2
곽지마트,10,1,"[0.0, 0.0, 0.0, 0.0, 0.0, 0.0, 0.0, 0.0, 1.0, 0.0, 0.0]",2
정담국수,11,1,"[0.0, 1.0, 0.0, 0.0, 0.0, 0.0, 0.0, 0.0, 0.0, 0.0, 0.0]",0
현브로하우스,24,1,"[0.0, 0.0, 0.0, 0.0, 0.0, 0.0, 0.0, 0.0, 1.0, 0.0, 0.0]",2
예하게스트하우스 본점,24,1,"[0.0, 0.0, 0.0, 0.0, 0.0, 0.0, 0.0, 1.0, 0.0, 0.0, 0.0]",2
카페뚜이,11,2,"[0.0, 0.0, 0.0, 0.0, 0.5, 0.0, 0.0, 0.0, 0.5, 0.0, 0.0]",1
인덱스 제이드림호텔,24,9,"[0.0, 0.0, 0.0, 0.0, 0.0, 0.111111, 0.0, 0.666667, 0.0, 0.0, 0.222222]",2
민수민수 게스트하우스,24,4,"[0.0, 0.25, 0.0, 0.0, 0.0, 0.25, 0.0, 0.25, 0.0, 0.0, 0.25]",2
뉴욕버거 제주연동점,11,2,"[0.0, 0.0, 0.0, 0.0, 0.0, 0.0, 0.0, 0.0, 1.0, 0.0, 0.0]",0
삼미횟집,11,4,"[0.0, 0.75, 0.25, 0.0, 0.0, 0.0, 0.0, 0.0, 0.0, 0.0, 0.0]",0
CU 제주동문로터리점,10,1,"[0.0, 0.0, 0.0, 0.0, 0.0, 0.0, 0.0, 0.0, 1.0, 0.0, 0.0]",2
제주다,11,4,"[0.0, 0.5, 0.0, 0.25, 0.25, 0.0, 0.0, 0.0, 0.0, 0.0, 0.0]",0
CU 제주남조로점,10,1,"[0.0, 0.0, 0.0, 0.0, 0.0, 0.0, 0.0, 0.0, 1.0, 0.0, 0.0]",2
CU 제주이호해변점,10,1,"[0.0, 0.0, 0.0, 0.0, 0.0, 0.0, 0.0, 0.0, 1.0, 0.0, 0.0]",2
용두골,11,1,"[0.0, 0.0, 0.0, 0.0, 1.0, 0.0, 0.0, 0.0, 0.0, 0.0, 0.0]",0
에이바우트커피 봉개점,11,2,"[0.0, 0.0, 0.0, 0.0, 0.0, 0.0, 0.0, 1.0, 0.0, 0.0, 0.0]",1
주민상회,11,1,"[0.0, 0.0, 0.0, 0.0, 1.0, 0.0, 0.0, 0.0, 0.0, 0.0, 0.0]",0
동부산가든,11,1,"[0.0, 0.0, 0.0, 0.0, 1.0, 0.0, 0.0, 0.0, 0.0, 0.0, 0.0]",0
스테이달꿈 오션뷰펜션,24,2,"[0.0, 1.0, 0.0, 0.0, 0.0, 0.0, 0.0, 0.0, 0.0, 0.0, 0.0]",2
노형슈퍼,3,1,"[0.0, 0.0, 0.0, 0.0, 1.0, 0.0, 0.0, 0.0, 0.0, 0.0, 0.0]",2
제주퍼시픽호텔,24,3,"[0.0, 0.0, 0.0, 0.0, 1.0, 0.0, 0.0, 0.0, 0.0, 0.0, 0.0]",2
수목원테마파크 아이스뮤지엄,3,6,"[0.333333, 0.166667, 0.0, 0.0, 0.166667, 0.0, 0.0, 0.0, 0.166667, 0.0, 0.166667]",2
아일랜드조이,3,1,"[0.0, 1.0, 0.0, 0.0, 0.0, 0.0, 0.0, 0.0, 0.0, 0.0, 0.0]",2
퍼시픽리솜 요트투어샹그릴라,1,3,"[0.0, 0.333333, 0.0, 0.333333, 0.0, 0.0, 0.0, 0.0, 0.333333, 0.0, 0.0]",2
삼남주유소,10,1,"[0.0, 0.0, 0.0, 0.0, 0.0, 0.0, 0.0, 0.0, 0.0, 0.0, 1.0]",2
제주원렌트카 본점,10,7,"[0.0, 0.0, 0.0, 0.142857, 0.0, 0.0, 0.0, 0.428571, 0.0, 0.0, 0.428571]",2
아방얼큰칼국수,11,1,"[0.0, 0.0, 0.0, 0.0, 0.0, 0.0, 0.0, 0.0, 1.0, 0.0, 0.0]",0
흑돈오리,11,2,"[0.0, 0.5, 0.0, 0.0, 0.0, 0.0, 0.0, 0.5, 0.0, 0.0, 0.0]",0
칸스,11,1,"[0.0, 1.0, 0.0, 0.0, 0.0, 0.0, 0.0, 0.0, 0.0, 0.0, 0.0]",0
CU 서귀포송산점,10,1,"[0.0, 0.0, 0.0, 0.0, 0.0, 0.0, 0.0, 0.0, 1.0, 0.0, 0.0]",2
루스트플레이스 서귀포점,11,1,"[0.0, 0.0, 0.0, 0.0, 0.0, 0.0, 0.0, 1.0, 0.0, 0.0, 0.0]",0
흑백돈 함덕점,11,1,"[0.0, 0.0, 0.0, 0.0, 0.0, 0.0, 0.0, 0.0, 1.0, 0.0, 0.0]",0
천리식당천리민박,11,1,"[1.0, 0.0, 0.0, 0.0, 0.0, 0.0, 0.0, 0.0, 0.0, 0.0, 0.0]",0
감성돈 제주협재점,11,4,"[0.0, 0.75, 0.0, 0.0, 0.0, 0.0, 0.0, 0.0, 0.25, 0.0, 0.0]",0
르방블랑제베이커리앤카페,11,1,"[0.0, 0.0, 0.0, 0.0, 0.0, 0.0, 0.0, 0.0, 1.0, 0.0, 0.0]",1
CU 제주부영리조트점,10,1,"[0.0, 0.0, 0.0, 0.0, 0.0, 0.0, 1.0, 0.0, 0.0, 0.0, 0.0]",2
그바다에머물다펜션,24,2,"[0.0, 1.0, 0.0, 0.0, 0.0, 0.0, 0.0, 0.0, 0.0, 0.0, 0.0]",2
호텔 서귀피안,24,2,"[0.0, 0.0, 0.0, 0.0, 0.0, 0.0, 1.0, 0.0, 0.0, 0.0, 0.0]",2
대왕해물짬뽕,11,1,"[0.0, 0.0, 0.0, 0.0, 0.0, 1.0, 0.0, 0.0, 0.0, 0.0, 0.0]",0
테우,11,2,"[0.0, 0.5, 0.0, 0.0, 0.5, 0.0, 0.0, 0.0, 0.0, 0.0, 0.0]",0
돈사빠,11,1,"[0.0, 1.0, 0.0, 0.0, 0.0, 0.0, 0.0, 0.0, 0.0, 0.0, 0.0]",0
CU 서귀구억점,10,1,"[0.0, 0.0, 0.0, 0.0, 0.0, 0.0, 0.0, 0.0, 1.0, 0.0, 0.0]",2
듬삭헌국밥집,11,4,"[0.0, 0.0, 0.0, 0.0, 0.0, 0.0, 0.0, 0.0, 1.0, 0.0, 0.0]",0
지두청사,1,3,"[0.333333, 0.0, 0.0, 0.333333, 0.333333, 0.0, 0.0, 0.0, 0.0, 0.0, 0.0]",2
엠스테이호텔 엘림아로마,24,1,"[0.0, 0.0, 0.0, 0.0, 0.0, 0.0, 0.0, 0.0, 0.0, 0.0, 1.0]",2
저지예술인마을,7,1,"[1.0, 0.0, 0.0, 0.0, 0.0, 0.0, 0.0, 0.0, 0.0, 0.0, 0.0]",2
어음분교1963커피,11,1,"[0.0, 0.0, 0.0, 1.0, 0.0, 0.0, 0.0, 0.0, 0.0, 0.0, 0.0]",1
도치돌가든,11,2,"[0.0, 1.0, 0.0, 0.0, 0.0, 0.0, 0.0, 0.0, 0.0, 0.0, 0.0]",0
바구스서핑스쿨 이호점,5,2,"[0.0, 0.0, 0.0, 0.0, 0.5, 0.5, 0.0, 0.0, 0.0, 0.0, 0.0]",2
목화휴게소,11,1,"[1.0, 0.0, 0.0, 0.0, 0.0, 0.0, 0.0, 0.0, 0.0, 0.0, 0.0]",0
초가헌,11,3,"[0.0, 0.333333, 0.0, 0.0, 0.333333, 0.0, 0.0, 0.0, 0.333333, 0.0, 0.0]",0
서프포인트 제주,13,1,"[0.0, 0.0, 0.0, 1.0, 0.0, 0.0, 0.0, 0.0, 0.0, 0.0, 0.0]",2
도두블루파크시티아파트,24,6,"[0.0, 0.5, 0.166667, 0.0, 0.0, 0.0, 0.0, 0.0, 0.0, 0.0, 0.333333]",2
불닭공장 노형점,11,1,"[0.0, 0.0, 0.0, 0.0, 1.0, 0.0, 0.0, 0.0, 0.0, 0.0, 0.0]",0
콧수염양꼬치,11,1,"[0.0, 0.0, 0.0, 1.0, 0.0, 0.0, 0.0, 0.0, 0.0, 0.0, 0.0]",0
판포미인,11,2,"[0.0, 1.0, 0.0, 0.0, 0.0, 0.0, 0.0, 0.0, 0.0, 0.0, 0.0]",0
월령코지펜션,24,3,"[0.0, 0.0, 0.0, 0.0, 0.0, 0.0, 0.0, 1.0, 0.0, 0.0, 0.0]",2
오델리,11,1,"[0.0, 0.0, 0.0, 1.0, 0.0, 0.0, 0.0, 0.0, 0.0, 0.0, 0.0]",1
대복해장국,11,1,"[0.0, 1.0, 0.0, 0.0, 0.0, 0.0, 0.0, 0.0, 0.0, 0.0, 0.0]",0
카페만감교차,11,2,"[0.0, 1.0, 0.0, 0.0, 0.0, 0.0, 0.0, 0.0, 0.0, 0.0, 0.0]",1
촌촌해녀촌,11,3,"[0.0, 0.0, 0.0, 0.666667, 0.0, 0.0, 0.0, 0.0, 0.333333, 0.0, 0.0]",0
샤넬 제주팝업부티크,4,1,"[0.0, 0.0, 0.0, 0.0, 0.0, 0.0, 0.0, 0.0, 0.0, 0.0, 1.0]",2
백성원해장국 본점,11,1,"[0.0, 1.0, 0.0, 0.0, 0.0, 0.0, 0.0, 0.0, 0.0, 0.0, 0.0]",0
라이진,11,1,"[0.0, 0.0, 0.0, 0.0, 1.0, 0.0, 0.0, 0.0, 0.0, 0.0, 0.0]",0
에퀴드,11,1,"[0.0, 0.0, 0.0, 0.0, 0.0, 1.0, 0.0, 0.0, 0.0, 0.0, 0.0]",0
내가여기서이걸할줄몰랐다,11,2,"[0.0, 0.0, 0.0, 0.0, 0.0, 0.5, 0.0, 0.0, 0.5, 0.0, 0.0]",0
도두사수항,1,1,"[0.0, 0.0, 0.0, 1.0, 0.0, 0.0, 0.0, 0.0, 0.0, 0.0, 0.0]",2
동문올레수산,10,1,"[0.0, 0.0, 0.0, 0.0, 0.0, 0.0, 0.0, 0.0, 0.0, 0.0, 1.0]",2
제주도민이네 라오면,11,2,"[0.5, 0.5, 0.0, 0.0, 0.0, 0.0, 0.0, 0.0, 0.0, 0.0, 0.0]",0
하루방보쌈 제주본점,11,2,"[0.0, 0.0, 0.0, 0.0, 0.5, 0.0, 0.0, 0.0, 0.5, 0.0, 0.0]",0
오션포인트,24,1,"[0.0, 0.0, 0.0, 0.0, 0.0, 0.0, 0.0, 1.0, 0.0, 0.0, 0.0]",2
에코블루오피스텔,24,3,"[0.0, 0.0, 0.0, 0.0, 0.0, 0.0, 0.0, 0.0, 0.0, 0.0, 1.0]",2
도르멍국수,11,1,"[0.0, 1.0, 0.0, 0.0, 0.0, 0.0, 0.0, 0.0, 0.0, 0.0, 0.0]",0
용철이네횟집,11,1,"[0.0, 0.0, 0.0, 0.0, 1.0, 0.0, 0.0, 0.0, 0.0, 0.0, 0.0]",0
제주이모집,11,1,"[0.0, 0.0, 0.0, 0.0, 0.0, 0.0, 0.0, 0.0, 1.0, 0.0, 0.0]",0
돌담에꽃머무는집,24,4,"[0.0, 0.5, 0.0, 0.0, 0.0, 0.0, 0.0, 0.0, 0.0, 0.0, 0.5]",2
마제스티 펜션,24,4,"[0.0, 0.5, 0.0, 0.0, 0.0, 0.0, 0.0, 0.5, 0.0, 0.0, 0.0]",2
웨스트그라운드,11,1,"[0.0, 0.0, 0.0, 0.0, 0.0, 0.0, 0.0, 0.0, 0.0, 0.0, 1.0]",0
준이순대국밥,11,1,"[0.0, 0.0, 0.0, 0.0, 0.0, 0.0, 0.0, 0.0, 0.0, 0.0, 1.0]",0
제주 스위스마을 215&216동,24,1,"[0.0, 0.0, 0.0, 0.0, 0.0, 0.0, 0.0, 0.0, 0.0, 0.0, 1.0]",2
진미명가,11,2,"[0.0, 0.5, 0.0, 0.0, 0.5, 0.0, 0.0, 0.0, 0.0, 0.0, 0.0]",0
오션하우스,24,4,"[0.0, 0.5, 0.0, 0.0, 0.0, 0.0, 0.0, 0.5, 0.0, 0.0, 0.0]",2
미향해장국 플레이사계점,11,2,"[0.0, 0.0, 0.0, 0.0, 0.0, 0.5, 0.0, 0.0, 0.0, 0.0, 0.5]",0
아리아호텔,24,3,"[0.0, 0.666667, 0.0, 0.0, 0.333333, 0.0, 0.0, 0.0, 0.0, 0.0, 0.0]",2
제주선물가게,10,5,"[0.0, 0.0, 0.0, 0.0, 0.0, 0.2, 0.0, 0.0, 0.8, 0.0, 0.0]",2
AM11,11,1,"[0.0, 0.0, 0.0, 0.0, 0.0, 0.0, 0.0, 0.0, 1.0, 0.0, 0.0]",0
스시망고,11,1,"[0.0, 1.0, 0.0, 0.0, 0.0, 0.0, 0.0, 0.0, 0.0, 0.0, 0.0]",0
굿모닝마트,10,5,"[0.0, 0.0, 0.0, 0.2, 0.2, 0.0, 0.0, 0.0, 0.6, 0.0, 0.0]",2
돈뜰,11,1,"[0.0, 0.0, 0.0, 1.0, 0.0, 0.0, 0.0, 0.0, 0.0, 0.0, 0.0]",0
횟집학개론,11,3,"[0.0, 1.0, 0.0, 0.0, 0.0, 0.0, 0.0, 0.0, 0.0, 0.0, 0.0]",0
큰어멍식당,11,1,"[0.0, 1.0, 0.0, 0.0, 0.0, 0.0, 0.0, 0.0, 0.0, 0.0, 0.0]",0
보배쌤보리김치와게장 하귀점,11,1,"[0.0, 0.0, 0.0, 0.0, 1.0, 0.0, 0.0, 0.0, 0.0, 0.0, 0.0]",0
창꼬,11,1,"[0.0, 1.0, 0.0, 0.0, 0.0, 0.0, 0.0, 0.0, 0.0, 0.0, 0.0]",0
위미위드미게스트하우스,24,2,"[0.0, 1.0, 0.0, 0.0, 0.0, 0.0, 0.0, 0.0, 0.0, 0.0, 0.0]",2
이치카,11,3,"[0.0, 0.333333, 0.0, 0.333333, 0.333333, 0.0, 0.0, 0.0, 0.0, 0.0, 0.0]",0
지오아라,11,1,"[0.0, 0.0, 0.0, 0.0, 0.0, 0.0, 0.0, 0.0, 1.0, 0.0, 0.0]",0
푸르미르,24,1,"[0.0, 0.0, 0.0, 0.0, 0.0, 0.0, 1.0, 0.0, 0.0, 0.0, 0.0]",2
미리로,11,1,"[0.0, 0.0, 0.0, 0.0, 0.0, 0.0, 0.0, 0.0, 1.0, 0.0, 0.0]",1
엔제리너스 빌라드샬롯카페제주공항점,11,1,"[0.0, 0.0, 0.0, 0.0, 0.0, 0.0, 0.0, 0.0, 1.0, 0.0, 0.0]",1
우땅,11,5,"[0.0, 0.0, 0.0, 0.0, 0.0, 0.0, 0.0, 0.0, 1.0, 0.0, 0.0]",0
고사리식당,11,5,"[0.0, 0.8, 0.0, 0.0, 0.0, 0.0, 0.0, 0.2, 0.0, 0.0, 0.0]",0
아랑디 애월,24,1,"[0.0, 0.0, 0.0, 0.0, 0.0, 0.0, 1.0, 0.0, 0.0, 0.0, 0.0]",2
보스코화덕피자,11,4,"[0.0, 0.5, 0.25, 0.0, 0.25, 0.0, 0.0, 0.0, 0.0, 0.0, 0.0]",0
7밀리그램,11,2,"[0.0, 0.5, 0.0, 0.0, 0.5, 0.0, 0.0, 0.0, 0.0, 0.0, 0.0]",0
자홍원펜션,24,1,"[0.0, 0.0, 0.0, 0.0, 1.0, 0.0, 0.0, 0.0, 0.0, 0.0, 0.0]",2
넥스트도어,10,1,"[0.0, 1.0, 0.0, 0.0, 0.0, 0.0, 0.0, 0.0, 0.0, 0.0, 0.0]",2
명월일공육스테이,24,4,"[0.0, 1.0, 0.0, 0.0, 0.0, 0.0, 0.0, 0.0, 0.0, 0.0, 0.0]",0
드링킹타이거,11,1,"[0.0, 1.0, 0.0, 0.0, 0.0, 0.0, 0.0, 0.0, 0.0, 0.0, 0.0]",0
수선화식당,11,2,"[0.0, 0.5, 0.0, 0.0, 0.5, 0.0, 0.0, 0.0, 0.0, 0.0, 0.0]",0
호텔시드니,24,15,"[0.0, 0.0, 0.0, 0.0, 0.066667, 0.066667, 0.0, 0.8, 0.0, 0.0, 0.066667]",2
옛날아우내순대 제주점,11,2,"[0.0, 0.0, 0.0, 0.0, 0.0, 0.0, 0.0, 0.0, 1.0, 0.0, 0.0]",0
제주사진집,24,2,"[0.0, 1.0, 0.0, 0.0, 0.0, 0.0, 0.0, 0.0, 0.0, 0.0, 0.0]",2
렌소이스 게스트하우스,24,2,"[0.0, 0.5, 0.0, 0.0, 0.5, 0.0, 0.0, 0.0, 0.0, 0.0, 0.0]",2
앵콜열무냉면,11,1,"[0.0, 0.0, 0.0, 0.0, 1.0, 0.0, 0.0, 0.0, 0.0, 0.0, 0.0]",0
제주도게스트하우스 카프리 애월,24,1,"[0.0, 1.0, 0.0, 0.0, 0.0, 0.0, 0.0, 0.0, 0.0, 0.0, 0.0]",2
시류객잔,24,1,"[0.0, 1.0, 0.0, 0.0, 0.0, 0.0, 0.0, 0.0, 0.0, 0.0, 0.0]",2
범일분식,11,3,"[0.0, 0.666667, 0.0, 0.0, 0.333333, 0.0, 0.0, 0.0, 0.0, 0.0, 0.0]",0
위미상회,10,1,"[0.0, 0.0, 0.0, 0.0, 0.0, 0.0, 0.0, 0.0, 1.0, 0.0, 0.0]",2
반건조오징어,10,1,"[0.0, 1.0, 0.0, 0.0, 0.0, 0.0, 0.0, 0.0, 0.0, 0.0, 0.0]",2
HFF,11,1,"[0.0, 1.0, 0.0, 0.0, 0.0, 0.0, 0.0, 0.0, 0.0, 0.0, 0.0]",0
후스토리게스트하우스,24,4,"[0.0, 0.0, 0.0, 0.0, 0.0, 0.5, 0.0, 0.0, 0.0, 0.0, 0.5]",2
임창정의소주한잔 서귀포점,11,2,"[0.0, 0.5, 0.0, 0.0, 0.0, 0.0, 0.0, 0.0, 0.5, 0.0, 0.0]",0
은성약국,10,1,"[0.0, 0.0, 0.0, 0.0, 0.0, 0.0, 0.0, 0.0, 1.0, 0.0, 0.0]",2
중문관광단지 별내린전망대,1,2,"[0.0, 0.5, 0.0, 0.0, 0.0, 0.5, 0.0, 0.0, 0.0, 0.0, 0.0]",2
싹게스트하우스,24,7,"[0.142857, 0.142857, 0.0, 0.0, 0.0, 0.428571, 0.0, 0.285714, 0.0, 0.0, 0.0]",2
등불게스트하우스,24,3,"[0.0, 0.666667, 0.0, 0.0, 0.0, 0.0, 0.0, 0.0, 0.0, 0.0, 0.333333]",2
한치앞도모를바다,11,3,"[0.0, 0.333333, 0.0, 0.0, 0.333333, 0.0, 0.0, 0.0, 0.333333, 0.0, 0.0]",0
바다애,11,1,"[0.0, 1.0, 0.0, 0.0, 0.0, 0.0, 0.0, 0.0, 0.0, 0.0, 0.0]",0
용두암오메기떡,10,1,"[0.0, 1.0, 0.0, 0.0, 0.0, 0.0, 0.0, 0.0, 0.0, 0.0, 0.0]",2
일출봉거북식당,11,1,"[0.0, 0.0, 1.0, 0.0, 0.0, 0.0, 0.0, 0.0, 0.0, 0.0, 0.0]",0
씨오르리조트,24,10,"[0.0, 0.4, 0.1, 0.1, 0.0, 0.1, 0.0, 0.1, 0.0, 0.0, 0.2]",0
최남단현대주유소,10,1,"[0.0, 0.0, 0.0, 0.0, 0.0, 0.0, 0.0, 1.0, 0.0, 0.0, 0.0]",2
용왕난드르,11,3,"[0.0, 0.333333, 0.0, 0.333333, 0.333333, 0.0, 0.0, 0.0, 0.0, 0.0, 0.0]",0
신창흑돼지두루치기 신창점,11,1,"[0.0, 1.0, 0.0, 0.0, 0.0, 0.0, 0.0, 0.0, 0.0, 0.0, 0.0]",0
한림농협주유소,10,1,"[0.0, 0.0, 0.0, 0.0, 0.0, 1.0, 0.0, 0.0, 0.0, 0.0, 0.0]",2
하모스테이,24,2,"[0.0, 1.0, 0.0, 0.0, 0.0, 0.0, 0.0, 0.0, 0.0, 0.0, 0.0]",2
금능생각,10,2,"[0.0, 0.0, 0.0, 0.0, 0.0, 0.0, 0.0, 0.0, 1.0, 0.0, 0.0]",2
하바나미역,11,1,"[0.0, 0.0, 0.0, 0.0, 0.0, 0.0, 0.0, 0.0, 1.0, 0.0, 0.0]",0
섬301,10,1,"[0.0, 1.0, 0.0, 0.0, 0.0, 0.0, 0.0, 0.0, 0.0, 0.0, 0.0]",2
섬고래,11,3,"[0.0, 0.666667, 0.0, 0.0, 0.0, 0.0, 0.0, 0.0, 0.333333, 0.0, 0.0]",0
서귀포시축협 하나로마트,10,1,"[0.0, 0.0, 0.0, 0.0, 0.0, 1.0, 0.0, 0.0, 0.0, 0.0, 0.0]",2
착한전복 제주중문점,11,1,"[0.0, 1.0, 0.0, 0.0, 0.0, 0.0, 0.0, 0.0, 0.0, 0.0, 0.0]",0
등경돌,11,3,"[0.0, 0.666667, 0.0, 0.0, 0.0, 0.333333, 0.0, 0.0, 0.0, 0.0, 0.0]",0
제주애퐁당 성산점,10,2,"[0.0, 0.0, 0.0, 0.0, 0.0, 0.0, 0.0, 0.0, 0.5, 0.0, 0.5]",2
커피가게쉬고가게,11,1,"[0.0, 0.0, 0.0, 0.0, 0.0, 0.0, 0.0, 1.0, 0.0, 0.0, 0.0]",1
더한근,11,2,"[0.0, 0.5, 0.0, 0.0, 0.5, 0.0, 0.0, 0.0, 0.0, 0.0, 0.0]",0
제주지방해양경찰청 수련원,24,6,"[0.0, 0.0, 0.0, 0.0, 0.0, 0.0, 0.0, 1.0, 0.0, 0.0, 0.0]",2
진국옹기설렁탕,11,1,"[0.0, 0.0, 0.0, 0.0, 0.0, 0.0, 0.0, 0.0, 1.0, 0.0, 0.0]",0
피플 제주점,4,1,"[0.0, 1.0, 0.0, 0.0, 0.0, 0.0, 0.0, 0.0, 0.0, 0.0, 0.0]",2
탑텐 제주연동점,10,1,"[0.0, 0.0, 0.0, 0.0, 0.0, 0.0, 0.0, 0.0, 0.0, 0.0, 1.0]",2
스타벅스 제주서해안로DT점,11,1,"[0.0, 0.0, 0.0, 0.0, 0.0, 0.0, 0.0, 0.0, 1.0, 0.0, 0.0]",1
푸동,11,1,"[0.0, 0.0, 0.0, 0.0, 1.0, 0.0, 0.0, 0.0, 0.0, 0.0, 0.0]",0
에브리싱글데이,11,1,"[0.0, 1.0, 0.0, 0.0, 0.0, 0.0, 0.0, 0.0, 0.0, 0.0, 0.0]",0
하원가,24,1,"[0.0, 1.0, 0.0, 0.0, 0.0, 0.0, 0.0, 0.0, 0.0, 0.0, 0.0]",2
영락리 방파제,1,2,"[0.5, 0.0, 0.0, 0.0, 0.0, 0.0, 0.0, 0.0, 0.0, 0.0, 0.5]",2
카페데이앤데이,11,1,"[0.0, 1.0, 0.0, 0.0, 0.0, 0.0, 0.0, 0.0, 0.0, 0.0, 0.0]",1
라인렌트카,10,4,"[0.0, 0.0, 0.0, 0.25, 0.0, 0.0, 0.0, 0.25, 0.0, 0.0, 0.5]",2
풍차와전복,11,1,"[0.0, 1.0, 0.0, 0.0, 0.0, 0.0, 0.0, 0.0, 0.0, 0.0, 0.0]",0
귤한편,11,1,"[0.0, 1.0, 0.0, 0.0, 0.0, 0.0, 0.0, 0.0, 0.0, 0.0, 0.0]",1
디스빌라691,24,2,"[0.0, 1.0, 0.0, 0.0, 0.0, 0.0, 0.0, 0.0, 0.0, 0.0, 0.0]",2
메이비웨이비,10,2,"[0.5, 0.0, 0.0, 0.5, 0.0, 0.0, 0.0, 0.0, 0.0, 0.0, 0.0]",2
군자대한곱창 제주서귀포점,11,2,"[0.5, 0.5, 0.0, 0.0, 0.0, 0.0, 0.0, 0.0, 0.0, 0.0, 0.0]",0
애플호텔,24,2,"[0.5, 0.0, 0.0, 0.0, 0.0, 0.0, 0.0, 0.5, 0.0, 0.0, 0.0]",2
명진농수특산물직판장,4,1,"[1.0, 0.0, 0.0, 0.0, 0.0, 0.0, 0.0, 0.0, 0.0, 0.0, 0.0]",2
우마담풍하,11,1,"[1.0, 0.0, 0.0, 0.0, 0.0, 0.0, 0.0, 0.0, 0.0, 0.0, 0.0]",0
녹색집,11,1,"[1.0, 0.0, 0.0, 0.0, 0.0, 0.0, 0.0, 0.0, 0.0, 0.0, 0.0]",0
올레카페,11,1,"[0.0, 0.0, 0.0, 0.0, 0.0, 0.0, 1.0, 0.0, 0.0, 0.0, 0.0]",1
서툰가족,24,4,"[0.0, 1.0, 0.0, 0.0, 0.0, 0.0, 0.0, 0.0, 0.0, 0.0, 0.0]",2
영희네우럭명가,11,2,"[0.0, 0.5, 0.0, 0.0, 0.5, 0.0, 0.0, 0.0, 0.0, 0.0, 0.0]",0
국수명가,11,1,"[0.0, 0.0, 0.0, 0.0, 1.0, 0.0, 0.0, 0.0, 0.0, 0.0, 0.0]",0
제주신화월드 랜딩델리,11,1,"[0.0, 0.0, 0.0, 0.0, 0.0, 0.0, 0.0, 0.0, 1.0, 0.0, 0.0]",0
"저지예술인마을(제주도립김창열미술관, 제주현대미술관)",3,1,"[0.0, 0.0, 0.0, 0.0, 0.0, 1.0, 0.0, 0.0, 0.0, 0.0, 0.0]",2
신양신산해안도로,7,1,"[0.0, 0.0, 0.0, 0.0, 1.0, 0.0, 0.0, 0.0, 0.0, 0.0, 0.0]",2
오늘도화창,11,3,"[0.333333, 0.666667, 0.0, 0.0, 0.0, 0.0, 0.0, 0.0, 0.0, 0.0, 0.0]",1
카페유디에이,11,5,"[0.2, 0.6, 0.0, 0.0, 0.2, 0.0, 0.0, 0.0, 0.0, 0.0, 0.0]",1
김씨술생활 제주함덕점,11,2,"[0.0, 0.5, 0.0, 0.0, 0.0, 0.5, 0.0, 0.0, 0.0, 0.0, 0.0]",0
어머니몸국,11,2,"[0.0, 0.5, 0.0, 0.0, 0.0, 0.0, 0.0, 0.0, 0.5, 0.0, 0.0]",0
평대리 1972,24,2,"[0.0, 0.0, 0.0, 0.0, 1.0, 0.0, 0.0, 0.0, 0.0, 0.0, 0.0]",2
호로록,11,3,"[0.0, 0.333333, 0.0, 0.0, 0.0, 0.333333, 0.0, 0.0, 0.333333, 0.0, 0.0]",0
태선갈비,11,1,"[0.0, 1.0, 0.0, 0.0, 0.0, 0.0, 0.0, 0.0, 0.0, 0.0, 0.0]",0
롯데리아 함덕점,11,2,"[0.0, 0.0, 0.0, 0.0, 0.0, 0.0, 0.0, 0.0, 1.0, 0.0, 0.0]",0
저지안트레,24,3,"[0.0, 1.0, 0.0, 0.0, 0.0, 0.0, 0.0, 0.0, 0.0, 0.0, 0.0]",2
고기덕후,11,1,"[0.0, 0.0, 0.0, 0.0, 1.0, 0.0, 0.0, 0.0, 0.0, 0.0, 0.0]",0
카페방주,11,1,"[0.0, 0.0, 0.0, 0.0, 0.0, 1.0, 0.0, 0.0, 0.0, 0.0, 0.0]",1
오늘은카트레이싱,5,3,"[0.333333, 0.333333, 0.0, 0.0, 0.0, 0.0, 0.0, 0.0, 0.0, 0.0, 0.333333]",2
청수미방,11,2,"[0.0, 1.0, 0.0, 0.0, 0.0, 0.0, 0.0, 0.0, 0.0, 0.0, 0.0]",0
청진동해물탕 함덕점,11,1,"[0.0, 0.0, 0.0, 0.0, 0.0, 0.0, 0.0, 0.0, 1.0, 0.0, 0.0]",0
카페블루하우스모슬포,11,6,"[0.0, 0.0, 0.0, 0.0, 0.0, 0.166667, 0.333333, 0.0, 0.5, 0.0, 0.0]",1
다빈장,11,1,"[0.0, 0.0, 0.0, 0.0, 0.0, 0.0, 0.0, 0.0, 1.0, 0.0, 0.0]",0
둘치스라운지,11,2,"[0.0, 1.0, 0.0, 0.0, 0.0, 0.0, 0.0, 0.0, 0.0, 0.0, 0.0]",0
검은여식당,11,4,"[0.0, 0.75, 0.0, 0.0, 0.0, 0.0, 0.0, 0.0, 0.0, 0.0, 0.25]",0
서귀포 올래시장,4,1,"[1.0, 0.0, 0.0, 0.0, 0.0, 0.0, 0.0, 0.0, 0.0, 0.0, 0.0]",2
협재일공일,11,1,"[0.0, 0.0, 0.0, 0.0, 1.0, 0.0, 0.0, 0.0, 0.0, 0.0, 0.0]",0
영진보말칼국수 제주협재점,11,2,"[0.0, 0.0, 0.0, 0.5, 0.0, 0.5, 0.0, 0.0, 0.0, 0.0, 0.0]",0
협재술시,11,1,"[0.0, 0.0, 0.0, 0.0, 1.0, 0.0, 0.0, 0.0, 0.0, 0.0, 0.0]",0
워시테리아 올레시장점,10,1,"[0.0, 0.0, 0.0, 0.0, 0.0, 1.0, 0.0, 0.0, 0.0, 0.0, 0.0]",2
방림원,1,3,"[0.666667, 0.0, 0.0, 0.0, 0.0, 0.0, 0.0, 0.0, 0.333333, 0.0, 0.0]",2
조마루 함덕점,11,1,"[0.0, 0.0, 0.0, 0.0, 0.0, 0.0, 0.0, 0.0, 1.0, 0.0, 0.0]",0
봉분식,11,1,"[0.0, 0.0, 0.0, 0.0, 0.0, 0.0, 0.0, 0.0, 1.0, 0.0, 0.0]",0
세리승마,13,1,"[0.0, 0.0, 0.0, 0.0, 0.0, 0.0, 0.0, 1.0, 0.0, 0.0, 0.0]",2
흑돼지BBQ,11,8,"[0.0, 1.0, 0.0, 0.0, 0.0, 0.0, 0.0, 0.0, 0.0, 0.0, 0.0]",0
제주의시간은느리다,24,2,"[0.0, 1.0, 0.0, 0.0, 0.0, 0.0, 0.0, 0.0, 0.0, 0.0, 0.0]",2
GS25 제주강정점,10,1,"[0.0, 0.0, 0.0, 0.0, 0.0, 1.0, 0.0, 0.0, 0.0, 0.0, 0.0]",2
제주곰집,11,2,"[0.0, 0.0, 0.0, 0.0, 1.0, 0.0, 0.0, 0.0, 0.0, 0.0, 0.0]",0
해양호식당,11,1,"[0.0, 0.0, 0.0, 0.0, 0.0, 0.0, 0.0, 0.0, 1.0, 0.0, 0.0]",0
산방사,2,5,"[0.2, 0.0, 0.0, 0.2, 0.2, 0.0, 0.0, 0.0, 0.2, 0.0, 0.2]",2
"원앙폭포, 영천의 잘 알려지지 않은 계곡",1,1,"[1.0, 0.0, 0.0, 0.0, 0.0, 0.0, 0.0, 0.0, 0.0, 0.0, 0.0]",2
"하효쇠소깍해수욕장, 쇠소깍",1,1,"[1.0, 0.0, 0.0, 0.0, 0.0, 0.0, 0.0, 0.0, 0.0, 0.0, 0.0]",2
호텔아로하,24,1,"[0.0, 0.0, 0.0, 0.0, 0.0, 1.0, 0.0, 0.0, 0.0, 0.0, 0.0]",2
미령이네감귤체험농장,13,1,"[0.0, 0.0, 0.0, 0.0, 0.0, 0.0, 0.0, 0.0, 0.0, 0.0, 1.0]",2
탐라주유소,10,1,"[0.0, 0.0, 0.0, 0.0, 0.0, 0.0, 0.0, 0.0, 1.0, 0.0, 0.0]",2
함덕서우재,24,1,"[0.0, 1.0, 0.0, 0.0, 0.0, 0.0, 0.0, 0.0, 0.0, 0.0, 0.0]",2
한림칼국수 공항점,11,5,"[0.2, 0.4, 0.0, 0.2, 0.0, 0.2, 0.0, 0.0, 0.0, 0.0, 0.0]",0
미스터피자 제주중앙점,11,1,"[0.0, 0.0, 0.0, 0.0, 1.0, 0.0, 0.0, 0.0, 0.0, 0.0, 0.0]",0
호텔리젠트마린 런치뷔페,11,1,"[0.0, 0.0, 0.0, 0.0, 0.0, 0.0, 0.0, 1.0, 0.0, 0.0, 0.0]",0
성지도예 나무랑펜션,24,2,"[0.0, 0.0, 0.0, 0.0, 0.0, 1.0, 0.0, 0.0, 0.0, 0.0, 0.0]",2
성지도예,13,2,"[0.0, 0.5, 0.0, 0.0, 0.0, 0.0, 0.0, 0.0, 0.0, 0.5, 0.0]",2
표선해비치갓더라면,11,2,"[0.0, 1.0, 0.0, 0.0, 0.0, 0.0, 0.0, 0.0, 0.0, 0.0, 0.0]",0
다이소 제주성산점,10,2,"[0.0, 0.0, 0.0, 0.0, 0.0, 0.0, 0.0, 0.0, 0.0, 0.0, 1.0]",2
원조남원포구식당,11,1,"[1.0, 0.0, 0.0, 0.0, 0.0, 0.0, 0.0, 0.0, 0.0, 0.0, 0.0]",0
풀잎들,11,3,"[0.0, 0.333333, 0.0, 0.0, 0.0, 0.0, 0.0, 0.0, 0.333333, 0.0, 0.333333]",1
까떼커피,11,3,"[0.333333, 0.333333, 0.0, 0.0, 0.0, 0.0, 0.0, 0.0, 0.333333, 0.0, 0.0]",1
LP카페,11,1,"[0.0, 1.0, 0.0, 0.0, 0.0, 0.0, 0.0, 0.0, 0.0, 0.0, 0.0]",1
소랑호젠펜션,24,1,"[0.0, 1.0, 0.0, 0.0, 0.0, 0.0, 0.0, 0.0, 0.0, 0.0, 0.0]",2
카페담아,11,5,"[0.2, 0.2, 0.0, 0.0, 0.0, 0.0, 0.0, 0.0, 0.6, 0.0, 0.0]",1
도시어부,11,1,"[0.0, 1.0, 0.0, 0.0, 0.0, 0.0, 0.0, 0.0, 0.0, 0.0, 0.0]",0
CU 서귀영락해안도로점,10,2,"[0.0, 0.0, 0.0, 0.5, 0.0, 0.0, 0.0, 0.0, 0.0, 0.0, 0.5]",2
일성식당,11,1,"[0.0, 0.0, 0.0, 0.0, 0.0, 1.0, 0.0, 0.0, 0.0, 0.0, 0.0]",0
매오름,1,2,"[0.5, 0.0, 0.0, 0.0, 0.5, 0.0, 0.0, 0.0, 0.0, 0.0, 0.0]",2
토담집,11,1,"[0.0, 0.0, 0.0, 0.0, 0.0, 0.0, 0.0, 0.0, 1.0, 0.0, 0.0]",0
제주혁이네해장국,11,1,"[0.0, 0.0, 0.0, 0.0, 0.0, 0.0, 0.0, 0.0, 1.0, 0.0, 0.0]",0
삼매봉,1,3,"[0.666667, 0.0, 0.0, 0.0, 0.0, 0.0, 0.0, 0.0, 0.333333, 0.0, 0.0]",2
항아리조림,11,4,"[0.0, 1.0, 0.0, 0.0, 0.0, 0.0, 0.0, 0.0, 0.0, 0.0, 0.0]",0
영락해안도로,1,1,"[0.0, 0.0, 0.0, 0.0, 0.0, 0.0, 0.0, 0.0, 1.0, 0.0, 0.0]",2
섯알오름,2,1,"[0.0, 0.0, 0.0, 0.0, 0.0, 0.0, 0.0, 0.0, 0.0, 1.0, 0.0]",2
빽다방 서귀포하원점,11,1,"[0.0, 0.0, 0.0, 0.0, 0.0, 0.0, 0.0, 0.0, 1.0, 0.0, 0.0]",1
새한약국,10,1,"[0.0, 0.0, 0.0, 0.0, 0.0, 0.0, 0.0, 0.0, 1.0, 0.0, 0.0]",2
CU 제주섭지코지점,10,1,"[0.0, 0.0, 0.0, 0.0, 0.0, 0.0, 0.0, 0.0, 1.0, 0.0, 0.0]",2
좀녀와농부,11,2,"[0.0, 1.0, 0.0, 0.0, 0.0, 0.0, 0.0, 0.0, 0.0, 0.0, 0.0]",0
안동본가국밥 관광대점,11,1,"[0.0, 0.0, 0.0, 0.0, 1.0, 0.0, 0.0, 0.0, 0.0, 0.0, 0.0]",0
잇수다,11,1,"[0.0, 0.0, 0.0, 0.0, 0.0, 1.0, 0.0, 0.0, 0.0, 0.0, 0.0]",0
금산공원,1,1,"[0.0, 0.0, 0.0, 0.0, 1.0, 0.0, 0.0, 0.0, 0.0, 0.0, 0.0]",2
돼지구이연구소,11,1,"[0.0, 0.0, 0.0, 1.0, 0.0, 0.0, 0.0, 0.0, 0.0, 0.0, 0.0]",0
도담카운티,24,1,"[0.0, 0.0, 0.0, 0.0, 0.0, 0.0, 1.0, 0.0, 0.0, 0.0, 0.0]",2
가파도상동포구 대합실,1,1,"[0.0, 0.0, 0.0, 0.0, 0.0, 0.0, 0.0, 0.0, 0.0, 0.0, 1.0]",2
모이세해장국 모슬포점,11,2,"[0.0, 0.0, 0.0, 0.0, 0.0, 1.0, 0.0, 0.0, 0.0, 0.0, 0.0]",0
쌈총사횟집 성산점,11,3,"[0.0, 0.0, 0.0, 0.333333, 0.666667, 0.0, 0.0, 0.0, 0.0, 0.0, 0.0]",0
꼬라지오,11,4,"[0.0, 0.75, 0.0, 0.0, 0.0, 0.0, 0.0, 0.0, 0.0, 0.0, 0.25]",0
화순곶자왈탐방로 입구,1,1,"[1.0, 0.0, 0.0, 0.0, 0.0, 0.0, 0.0, 0.0, 0.0, 0.0, 0.0]",2
정이가네 동홍2호점,11,1,"[0.0, 0.0, 0.0, 0.0, 1.0, 0.0, 0.0, 0.0, 0.0, 0.0, 0.0]",0
어멍식당,11,2,"[0.0, 0.5, 0.0, 0.0, 0.5, 0.0, 0.0, 0.0, 0.0, 0.0, 0.0]",0
만덕식당,11,2,"[0.0, 0.5, 0.0, 0.0, 0.0, 0.0, 0.0, 0.0, 0.0, 0.0, 0.5]",0
금능이모네,11,4,"[0.0, 0.75, 0.0, 0.0, 0.0, 0.25, 0.0, 0.0, 0.0, 0.0, 0.0]",0
퍼시픽펜션,24,3,"[0.0, 1.0, 0.0, 0.0, 0.0, 0.0, 0.0, 0.0, 0.0, 0.0, 0.0]",2
섭지골,11,2,"[0.5, 0.5, 0.0, 0.0, 0.0, 0.0, 0.0, 0.0, 0.0, 0.0, 0.0]",0
트로피컬하이드어웨이 브런치카페,11,2,"[0.5, 0.0, 0.0, 0.0, 0.0, 0.0, 0.0, 0.0, 0.5, 0.0, 0.0]",1
상원가든,11,2,"[0.0, 0.5, 0.0, 0.0, 0.5, 0.0, 0.0, 0.0, 0.0, 0.0, 0.0]",0
야자수하우스,24,1,"[0.0, 1.0, 0.0, 0.0, 0.0, 0.0, 0.0, 0.0, 0.0, 0.0, 0.0]",2
올레자매밥집,11,2,"[0.0, 0.5, 0.0, 0.0, 0.0, 0.0, 0.0, 0.5, 0.0, 0.0, 0.0]",0
삼대국수회관 서귀포점,11,6,"[0.0, 0.333333, 0.0, 0.0, 0.166667, 0.166667, 0.0, 0.0, 0.333333, 0.0, 0.0]",0
아라파파,11,2,"[0.0, 0.0, 0.5, 0.5, 0.0, 0.0, 0.0, 0.0, 0.0, 0.0, 0.0]",1
제주스쿠버스쿨,5,1,"[0.0, 0.0, 0.0, 0.0, 1.0, 0.0, 0.0, 0.0, 0.0, 0.0, 0.0]",2
프로스힐 제주,24,6,"[0.0, 0.0, 0.0, 0.0, 0.166667, 0.0, 0.0, 0.833333, 0.0, 0.0, 0.0]",2
블랙이쉬레드,11,1,"[0.0, 1.0, 0.0, 0.0, 0.0, 0.0, 0.0, 0.0, 0.0, 0.0, 0.0]",0
BHC치킨 제주탑동점,11,2,"[0.0, 0.5, 0.0, 0.0, 0.0, 0.0, 0.0, 0.0, 0.5, 0.0, 0.0]",0
칼초네화덕피자,11,1,"[0.0, 1.0, 0.0, 0.0, 0.0, 0.0, 0.0, 0.0, 0.0, 0.0, 0.0]",0
동법사,2,1,"[0.0, 0.0, 0.0, 0.0, 0.0, 0.0, 0.0, 0.0, 1.0, 0.0, 0.0]",2
박별김모리,24,1,"[1.0, 0.0, 0.0, 0.0, 0.0, 0.0, 0.0, 0.0, 0.0, 0.0, 0.0]",2
행복김밥,11,1,"[0.0, 0.0, 0.0, 0.0, 1.0, 0.0, 0.0, 0.0, 0.0, 0.0, 0.0]",0
신도리어촌계,11,1,"[0.0, 0.0, 0.0, 0.0, 0.0, 0.0, 0.0, 1.0, 0.0, 0.0, 0.0]",0
우리 승마장,13,2,"[0.5, 0.5, 0.0, 0.0, 0.0, 0.0, 0.0, 0.0, 0.0, 0.0, 0.0]",2
아이존액트,13,1,"[0.0, 1.0, 0.0, 0.0, 0.0, 0.0, 0.0, 0.0, 0.0, 0.0, 0.0]",2
노랑통닭 제주중문점,11,1,"[0.0, 1.0, 0.0, 0.0, 0.0, 0.0, 0.0, 0.0, 0.0, 0.0, 0.0]",0
중문흑돼지천국,11,1,"[0.0, 1.0, 0.0, 0.0, 0.0, 0.0, 0.0, 0.0, 0.0, 0.0, 0.0]",0
서귀동순대 나이트마켓,11,1,"[0.0, 1.0, 0.0, 0.0, 0.0, 0.0, 0.0, 0.0, 0.0, 0.0, 0.0]",0
카페 준,11,2,"[0.0, 0.0, 0.0, 0.0, 0.0, 0.0, 0.0, 0.0, 0.5, 0.0, 0.5]",1
참숯구이몬트락 제주본점,11,2,"[0.0, 1.0, 0.0, 0.0, 0.0, 0.0, 0.0, 0.0, 0.0, 0.0, 0.0]",0
김밥천국 연동점,11,1,"[0.0, 0.0, 0.0, 0.0, 0.0, 0.0, 0.0, 0.0, 1.0, 0.0, 0.0]",0
아마빌레펜션,24,4,"[0.0, 0.25, 0.0, 0.0, 0.0, 0.0, 0.0, 0.75, 0.0, 0.0, 0.0]",2
새벽숯불가든,11,2,"[0.0, 0.5, 0.0, 0.0, 0.5, 0.0, 0.0, 0.0, 0.0, 0.0, 0.0]",0
토이마켓 제주점,4,1,"[0.0, 0.0, 0.0, 0.0, 0.0, 0.0, 0.0, 0.0, 1.0, 0.0, 0.0]",2
마레1440,24,8,"[0.0, 0.0, 0.0, 0.0, 1.0, 0.0, 0.0, 0.0, 0.0, 0.0, 0.0]",2
산지해장국 성산점,11,5,"[0.0, 0.2, 0.0, 0.2, 0.4, 0.0, 0.0, 0.2, 0.0, 0.0, 0.0]",0
청송가,11,1,"[0.0, 0.0, 0.0, 0.0, 0.0, 0.0, 0.0, 0.0, 1.0, 0.0, 0.0]",0
오뚜기빵집,11,1,"[0.0, 1.0, 0.0, 0.0, 0.0, 0.0, 0.0, 0.0, 0.0, 0.0, 0.0]",0
이듸포차,11,1,"[0.0, 0.0, 0.0, 0.0, 0.0, 1.0, 0.0, 0.0, 0.0, 0.0, 0.0]",0
제주아산렌트카,10,2,"[0.0, 0.0, 0.0, 0.0, 1.0, 0.0, 0.0, 0.0, 0.0, 0.0, 0.0]",2
더블루웨이브,11,1,"[0.0, 0.0, 0.0, 0.0, 0.0, 0.0, 0.0, 0.0, 1.0, 0.0, 0.0]",0
CU 제주용담해안도로점,10,1,"[0.0, 0.0, 0.0, 0.0, 0.0, 1.0, 0.0, 0.0, 0.0, 0.0, 0.0]",2
노리매,1,8,"[0.375, 0.375, 0.125, 0.125, 0.0, 0.0, 0.0, 0.0, 0.0, 0.0, 0.0]",2
어촌계식당,11,2,"[0.0, 0.0, 0.0, 0.5, 0.0, 0.5, 0.0, 0.0, 0.0, 0.0, 0.0]",0
영해식당,11,1,"[0.0, 1.0, 0.0, 0.0, 0.0, 0.0, 0.0, 0.0, 0.0, 0.0, 0.0]",0
제주바다,11,1,"[0.0, 1.0, 0.0, 0.0, 0.0, 0.0, 0.0, 0.0, 0.0, 0.0, 0.0]",0
제주동문공설시장,4,3,"[0.666667, 0.0, 0.0, 0.333333, 0.0, 0.0, 0.0, 0.0, 0.0, 0.0, 0.0]",2
광이멀풀스테이,24,1,"[0.0, 1.0, 0.0, 0.0, 0.0, 0.0, 0.0, 0.0, 0.0, 0.0, 0.0]",2
엄지흑돼지,11,1,"[0.0, 1.0, 0.0, 0.0, 0.0, 0.0, 0.0, 0.0, 0.0, 0.0, 0.0]",0
태공식당,11,5,"[0.0, 0.4, 0.0, 0.0, 0.0, 0.0, 0.0, 0.2, 0.4, 0.0, 0.0]",0
미주크크,11,1,"[0.0, 1.0, 0.0, 0.0, 0.0, 0.0, 0.0, 0.0, 0.0, 0.0, 0.0]",0
바굼지오름,1,2,"[0.5, 0.5, 0.0, 0.0, 0.0, 0.0, 0.0, 0.0, 0.0, 0.0, 0.0]",2
고토커피바,11,2,"[0.0, 1.0, 0.0, 0.0, 0.0, 0.0, 0.0, 0.0, 0.0, 0.0, 0.0]",1
컴포즈커피 서귀포올레시장점,11,2,"[0.0, 0.0, 0.0, 0.0, 0.0, 0.5, 0.0, 0.5, 0.0, 0.0, 0.0]",1
예원이네은갈치조림,11,4,"[0.0, 0.5, 0.0, 0.0, 0.0, 0.0, 0.0, 0.25, 0.25, 0.0, 0.0]",0
요레,11,1,"[0.0, 0.0, 0.0, 0.0, 0.0, 0.0, 0.0, 0.0, 1.0, 0.0, 0.0]",0
각자의섬,24,2,"[0.0, 0.5, 0.0, 0.0, 0.0, 0.5, 0.0, 0.0, 0.0, 0.0, 0.0]",2
종달리746,11,2,"[0.0, 0.5, 0.0, 0.0, 0.5, 0.0, 0.0, 0.0, 0.0, 0.0, 0.0]",1
리치망고 하도점,11,3,"[0.0, 0.0, 0.0, 0.0, 0.0, 0.0, 0.333333, 0.0, 0.666667, 0.0, 0.0]",0
꽃돼지정식,11,1,"[0.0, 0.0, 0.0, 0.0, 0.0, 0.0, 0.0, 0.0, 0.0, 0.0, 1.0]",0
동백동산습지센터,1,2,"[0.5, 0.0, 0.0, 0.0, 0.0, 0.0, 0.0, 0.0, 0.5, 0.0, 0.0]",2
제주불빛정원,6,6,"[0.833333, 0.166667, 0.0, 0.0, 0.0, 0.0, 0.0, 0.0, 0.0, 0.0, 0.0]",2
팟타이만,11,1,"[0.0, 1.0, 0.0, 0.0, 0.0, 0.0, 0.0, 0.0, 0.0, 0.0, 0.0]",0
문문선,11,3,"[0.0, 0.333333, 0.0, 0.0, 0.333333, 0.0, 0.0, 0.0, 0.0, 0.0, 0.333333]",0
아라파파 북촌점,11,6,"[0.333333, 0.166667, 0.0, 0.0, 0.333333, 0.0, 0.0, 0.0, 0.166667, 0.0, 0.0]",0
공설,11,3,"[0.0, 0.333333, 0.0, 0.0, 0.0, 0.333333, 0.0, 0.0, 0.333333, 0.0, 0.0]",1
세븐일레븐 서귀포라마다점,10,2,"[0.0, 0.0, 0.0, 0.0, 0.0, 0.0, 0.5, 0.0, 0.5, 0.0, 0.0]",2
스와브호텔,24,2,"[0.0, 0.0, 0.0, 0.0, 0.0, 0.5, 0.0, 0.5, 0.0, 0.0, 0.0]",2
서광보말칼국수,11,3,"[0.0, 0.666667, 0.0, 0.0, 0.0, 0.333333, 0.0, 0.0, 0.0, 0.0, 0.0]",0
빈계절,11,3,"[0.0, 0.333333, 0.0, 0.0, 0.333333, 0.0, 0.0, 0.0, 0.0, 0.0, 0.333333]",0
보름우스테이,24,1,"[0.0, 1.0, 0.0, 0.0, 0.0, 0.0, 0.0, 0.0, 0.0, 0.0, 0.0]",2
제주시차,11,3,"[0.0, 1.0, 0.0, 0.0, 0.0, 0.0, 0.0, 0.0, 0.0, 0.0, 0.0]",0
벨루아,24,1,"[0.0, 1.0, 0.0, 0.0, 0.0, 0.0, 0.0, 0.0, 0.0, 0.0, 0.0]",2
우보악,7,1,"[0.0, 0.0, 0.0, 0.0, 1.0, 0.0, 0.0, 0.0, 0.0, 0.0, 0.0]",2
안뜨르,11,2,"[0.0, 0.0, 0.0, 0.0, 0.0, 0.0, 0.0, 0.0, 1.0, 0.0, 0.0]",0
동현식당,11,1,"[0.0, 1.0, 0.0, 0.0, 0.0, 0.0, 0.0, 0.0, 0.0, 0.0, 0.0]",0
우성이네,11,1,"[0.0, 0.0, 0.0, 0.0, 1.0, 0.0, 0.0, 0.0, 0.0, 0.0, 0.0]",0
제주침시술소바,11,1,"[0.0, 0.0, 0.0, 0.0, 0.0, 0.0, 0.0, 0.0, 1.0, 0.0, 0.0]",0
서귀포통나무집,24,2,"[0.0, 0.5, 0.0, 0.0, 0.5, 0.0, 0.0, 0.0, 0.0, 0.0, 0.0]",2
번영로주유소,10,4,"[0.0, 0.0, 0.0, 0.0, 0.0, 0.25, 0.0, 0.5, 0.0, 0.0, 0.25]",2
골든튤립제주성산호텔(뷔페),11,1,"[1.0, 0.0, 0.0, 0.0, 0.0, 0.0, 0.0, 0.0, 0.0, 0.0, 0.0]",0
다이소 서귀포점,4,2,"[0.0, 0.0, 0.0, 0.0, 0.5, 0.0, 0.0, 0.0, 0.5, 0.0, 0.0]",2
엄마의집밥,11,1,"[0.0, 1.0, 0.0, 0.0, 0.0, 0.0, 0.0, 0.0, 0.0, 0.0, 0.0]",0
배스킨라빈스 서귀포혁신점,11,1,"[0.0, 0.0, 0.0, 0.0, 0.0, 0.0, 1.0, 0.0, 0.0, 0.0, 0.0]",0
카페봄봄 제주예래점,11,1,"[0.0, 1.0, 0.0, 0.0, 0.0, 0.0, 0.0, 0.0, 0.0, 0.0, 0.0]",1
제이팜휴양펜션,24,2,"[0.0, 0.0, 0.0, 0.0, 0.0, 0.0, 0.0, 1.0, 0.0, 0.0, 0.0]",2
제주동문공설시장(야시장),4,1,"[0.0, 0.0, 0.0, 0.0, 1.0, 0.0, 0.0, 0.0, 0.0, 0.0, 0.0]",2
삼거리식당,11,3,"[0.0, 0.333333, 0.0, 0.333333, 0.333333, 0.0, 0.0, 0.0, 0.0, 0.0, 0.0]",0
블라썸,11,1,"[0.0, 0.0, 0.0, 0.0, 0.0, 0.0, 0.0, 0.0, 1.0, 0.0, 0.0]",1
제주명성아카데미하우스,24,5,"[0.0, 0.0, 0.0, 0.0, 0.4, 0.0, 0.0, 0.6, 0.0, 0.0, 0.0]",2
대춘해장국 본점,11,3,"[0.0, 0.333333, 0.0, 0.0, 0.666667, 0.0, 0.0, 0.0, 0.0, 0.0, 0.0]",0
맨도롱전복콩나물국밥,11,1,"[0.0, 0.0, 0.0, 0.0, 0.0, 0.0, 0.0, 0.0, 1.0, 0.0, 0.0]",0
라신비,11,1,"[0.0, 1.0, 0.0, 0.0, 0.0, 0.0, 0.0, 0.0, 0.0, 0.0, 0.0]",0
소담명가찰솥밥,11,2,"[0.0, 1.0, 0.0, 0.0, 0.0, 0.0, 0.0, 0.0, 0.0, 0.0, 0.0]",0
안뜨레제주집,11,3,"[0.333333, 0.0, 0.0, 0.0, 0.0, 0.0, 0.0, 0.0, 0.333333, 0.0, 0.333333]",0
엉클통김밥 법환점,11,1,"[0.0, 0.0, 0.0, 0.0, 0.0, 1.0, 0.0, 0.0, 0.0, 0.0, 0.0]",0
삼성혈해물탕 서귀포점,11,5,"[0.2, 0.8, 0.0, 0.0, 0.0, 0.0, 0.0, 0.0, 0.0, 0.0, 0.0]",0
오백장군과까마귀,1,3,"[0.333333, 0.0, 0.0, 0.0, 0.0, 0.333333, 0.0, 0.0, 0.333333, 0.0, 0.0]",0
스테이느으린,24,2,"[0.0, 0.0, 0.0, 0.0, 1.0, 0.0, 0.0, 0.0, 0.0, 0.0, 0.0]",2
한라산그린포크 외도점,11,1,"[0.0, 0.0, 0.0, 0.0, 1.0, 0.0, 0.0, 0.0, 0.0, 0.0, 0.0]",0
제주대벚꽃길,7,1,"[1.0, 0.0, 0.0, 0.0, 0.0, 0.0, 0.0, 0.0, 0.0, 0.0, 0.0]",2
블루제주솝,13,1,"[0.0, 0.0, 0.0, 1.0, 0.0, 0.0, 0.0, 0.0, 0.0, 0.0, 0.0]",2
미풍무한정해장국 외도점,11,1,"[0.0, 0.0, 0.0, 0.0, 1.0, 0.0, 0.0, 0.0, 0.0, 0.0, 0.0]",0
뚜레쥬르 서귀포점,10,1,"[0.0, 0.0, 0.0, 0.0, 0.0, 0.0, 0.0, 0.0, 1.0, 0.0, 0.0]",2
설빙 신제주직영점,11,1,"[0.0, 0.0, 0.0, 0.0, 0.0, 0.0, 0.0, 0.0, 1.0, 0.0, 0.0]",0
서서방숯불닭갈비,11,3,"[0.0, 0.666667, 0.0, 0.0, 0.333333, 0.0, 0.0, 0.0, 0.0, 0.0, 0.0]",0
나그네쉼터 어시장수산식당,11,2,"[0.0, 0.5, 0.0, 0.0, 0.5, 0.0, 0.0, 0.0, 0.0, 0.0, 0.0]",0
제주해녀 항일운동기념공원,2,1,"[1.0, 0.0, 0.0, 0.0, 0.0, 0.0, 0.0, 0.0, 0.0, 0.0, 0.0]",2
에일린게스트하우스,24,5,"[0.0, 0.8, 0.0, 0.0, 0.2, 0.0, 0.0, 0.0, 0.0, 0.0, 0.0]",2
성산마을제단,2,1,"[1.0, 0.0, 0.0, 0.0, 0.0, 0.0, 0.0, 0.0, 0.0, 0.0, 0.0]",2
명희네연탄구이,11,1,"[0.0, 0.0, 0.0, 0.0, 1.0, 0.0, 0.0, 0.0, 0.0, 0.0, 0.0]",0
제주4.3 성산읍 희생자 추모공원,1,1,"[0.0, 0.0, 0.0, 0.0, 0.0, 0.0, 0.0, 0.0, 0.0, 1.0, 0.0]",2
윌라라 (허영만의 백반기행 촬영지),2,1,"[0.0, 0.0, 0.0, 1.0, 0.0, 0.0, 0.0, 0.0, 0.0, 0.0, 0.0]",2
고성오일시장 (우리들의블루스 촬영지),4,1,"[1.0, 0.0, 0.0, 0.0, 0.0, 0.0, 0.0, 0.0, 0.0, 0.0, 0.0]",2
카페모래알,11,1,"[0.0, 0.0, 0.0, 0.0, 0.0, 0.0, 0.0, 0.0, 1.0, 0.0, 0.0]",1
쌍교숯불갈비 제주 애월 하귀점,11,1,"[0.0, 0.0, 0.0, 0.0, 0.0, 0.0, 0.0, 0.0, 1.0, 0.0, 0.0]",0
육회한애월,11,1,"[0.0, 0.0, 0.0, 0.0, 0.0, 0.0, 0.0, 0.0, 1.0, 0.0, 0.0]",0
애월빵명장,11,4,"[0.25, 0.0, 0.0, 0.0, 0.25, 0.0, 0.0, 0.0, 0.5, 0.0, 0.0]",0
제주밥상,11,2,"[0.0, 0.0, 0.0, 0.0, 1.0, 0.0, 0.0, 0.0, 0.0, 0.0, 0.0]",0
오일장반점 신화월드점,11,2,"[0.0, 0.0, 0.0, 0.0, 0.0, 1.0, 0.0, 0.0, 0.0, 0.0, 0.0]",0
탐라면,11,1,"[0.0, 0.0, 0.0, 0.0, 0.0, 0.0, 0.0, 0.0, 1.0, 0.0, 0.0]",0
제주승마공원,1,3,"[0.0, 0.666667, 0.0, 0.0, 0.0, 0.0, 0.0, 0.333333, 0.0, 0.0, 0.0]",2
심봉사눈뜬톳해물짜장짬뽕,11,1,"[0.0, 0.0, 0.0, 0.0, 0.0, 0.0, 0.0, 0.0, 1.0, 0.0, 0.0]",0
삼미흑돼지 중문점,11,4,"[0.0, 0.5, 0.0, 0.0, 0.0, 0.25, 0.0, 0.0, 0.25, 0.0, 0.0]",0
빕스 프리미어 제주점,11,1,"[0.0, 1.0, 0.0, 0.0, 0.0, 0.0, 0.0, 0.0, 0.0, 0.0, 0.0]",0
엘리사,11,2,"[0.0, 1.0, 0.0, 0.0, 0.0, 0.0, 0.0, 0.0, 0.0, 0.0, 0.0]",0
명월역,11,2,"[0.0, 0.5, 0.0, 0.0, 0.0, 0.0, 0.0, 0.0, 0.0, 0.0, 0.5]",0
엑트몬 중문점,6,1,"[0.0, 0.0, 0.0, 1.0, 0.0, 0.0, 0.0, 0.0, 0.0, 0.0, 0.0]",2
제주도하숙집 게스트하우스,24,3,"[0.0, 0.0, 0.0, 0.333333, 0.0, 0.0, 0.0, 0.666667, 0.0, 0.0, 0.0]",2
뻘떡낙지 서귀포점,11,1,"[0.0, 0.0, 0.0, 0.0, 0.0, 0.0, 0.0, 0.0, 1.0, 0.0, 0.0]",0
제주배럴서프스쿨,5,2,"[0.0, 1.0, 0.0, 0.0, 0.0, 0.0, 0.0, 0.0, 0.0, 0.0, 0.0]",2
인더그린,11,1,"[0.0, 0.0, 0.0, 1.0, 0.0, 0.0, 0.0, 0.0, 0.0, 0.0, 0.0]",1
누옥,11,1,"[0.0, 0.0, 0.0, 0.0, 1.0, 0.0, 0.0, 0.0, 0.0, 0.0, 0.0]",1
담다,11,2,"[0.0, 0.5, 0.0, 0.0, 0.5, 0.0, 0.0, 0.0, 0.0, 0.0, 0.0]",0
연월,11,3,"[0.0, 1.0, 0.0, 0.0, 0.0, 0.0, 0.0, 0.0, 0.0, 0.0, 0.0]",0
제주삼다국수,11,1,"[0.0, 1.0, 0.0, 0.0, 0.0, 0.0, 0.0, 0.0, 0.0, 0.0, 0.0]",0
위미해오름식당,11,1,"[0.0, 0.0, 0.0, 0.0, 1.0, 0.0, 0.0, 0.0, 0.0, 0.0, 0.0]",0
우리들컨트리클럽,5,1,"[1.0, 0.0, 0.0, 0.0, 0.0, 0.0, 0.0, 0.0, 0.0, 0.0, 0.0]",2
CU 서귀태흥점,10,1,"[0.0, 0.0, 0.0, 0.0, 0.0, 0.0, 1.0, 0.0, 0.0, 0.0, 0.0]",2
곱단이네식당,11,1,"[0.0, 0.0, 0.0, 0.0, 1.0, 0.0, 0.0, 0.0, 0.0, 0.0, 0.0]",0
욜로,11,1,"[1.0, 0.0, 0.0, 0.0, 0.0, 0.0, 0.0, 0.0, 0.0, 0.0, 0.0]",0
태흥2리어촌계횟집,11,2,"[0.0, 0.0, 0.0, 0.5, 0.5, 0.0, 0.0, 0.0, 0.0, 0.0, 0.0]",0
설빙 제주아라점,11,1,"[0.0, 0.0, 0.0, 0.0, 0.0, 0.0, 0.0, 0.0, 0.0, 0.0, 1.0]",0
진아떡집,4,4,"[0.0, 0.5, 0.0, 0.25, 0.25, 0.0, 0.0, 0.0, 0.0, 0.0, 0.0]",0
설빙 제주대병원점,11,1,"[0.0, 0.0, 0.0, 0.0, 0.0, 0.0, 0.0, 0.0, 0.0, 0.0, 1.0]",0
SK행복충전 소명충전소,10,1,"[0.0, 0.0, 0.0, 0.0, 0.0, 0.0, 0.0, 0.0, 1.0, 0.0, 0.0]",2
제주아이키친,4,1,"[0.0, 0.0, 0.0, 0.0, 0.0, 0.0, 0.0, 0.0, 1.0, 0.0, 0.0]",2
용천수탐방길,1,3,"[0.0, 0.0, 0.0, 0.0, 0.666667, 0.0, 0.0, 0.0, 0.333333, 0.0, 0.0]",2
칠프로 칠백식당 제주직영점,11,1,"[0.0, 0.0, 0.0, 0.0, 0.0, 0.0, 0.0, 0.0, 0.0, 0.0, 1.0]",0
딜레탕트,11,3,"[0.0, 0.333333, 0.0, 0.333333, 0.333333, 0.0, 0.0, 0.0, 0.0, 0.0, 0.0]",0
옥란면옥,11,1,"[0.0, 0.0, 0.0, 0.0, 1.0, 0.0, 0.0, 0.0, 0.0, 0.0, 0.0]",0
당근과깻잎,11,3,"[0.0, 0.666667, 0.0, 0.0, 0.333333, 0.0, 0.0, 0.0, 0.0, 0.0, 0.0]",0
참피온호텔,24,9,"[0.0, 0.0, 0.0, 0.0, 0.0, 0.111111, 0.0, 0.888889, 0.0, 0.0, 0.0]",2
마구로쇼쿠도,11,2,"[0.5, 0.0, 0.5, 0.0, 0.0, 0.0, 0.0, 0.0, 0.0, 0.0, 0.0]",0
제일수산횟집,11,1,"[0.0, 0.0, 0.0, 1.0, 0.0, 0.0, 0.0, 0.0, 0.0, 0.0, 0.0]",0
베이힐풀앤빌라,24,4,"[0.0, 0.75, 0.0, 0.0, 0.0, 0.0, 0.0, 0.0, 0.0, 0.0, 0.25]",2
LMNT,11,1,"[1.0, 0.0, 0.0, 0.0, 0.0, 0.0, 0.0, 0.0, 0.0, 0.0, 0.0]",0
제주모슬포 알뜨르비행장 일제고사포진지,2,1,"[1.0, 0.0, 0.0, 0.0, 0.0, 0.0, 0.0, 0.0, 0.0, 0.0, 0.0]",2
제주 셋알오름 일제동굴진지,1,1,"[1.0, 0.0, 0.0, 0.0, 0.0, 0.0, 0.0, 0.0, 0.0, 0.0, 0.0]",2
제주돈아 본점,11,2,"[0.0, 0.0, 0.0, 0.0, 0.5, 0.0, 0.5, 0.0, 0.0, 0.0, 0.0]",0
국수마씸,11,2,"[0.0, 0.0, 0.0, 0.0, 0.5, 0.0, 0.0, 0.0, 0.5, 0.0, 0.0]",0
쿠주소셜클럽,11,1,"[0.0, 0.0, 0.0, 0.0, 1.0, 0.0, 0.0, 0.0, 0.0, 0.0, 0.0]",0
아뜰리에안,11,2,"[0.0, 0.5, 0.0, 0.0, 0.5, 0.0, 0.0, 0.0, 0.0, 0.0, 0.0]",1
신대장군집,11,1,"[0.0, 0.0, 0.0, 0.0, 0.0, 0.0, 0.0, 1.0, 0.0, 0.0, 0.0]",0
스누즈,11,2,"[0.0, 1.0, 0.0, 0.0, 0.0, 0.0, 0.0, 0.0, 0.0, 0.0, 0.0]",0
유니식탁,11,1,"[0.0, 0.0, 0.0, 0.0, 0.0, 0.0, 0.0, 0.0, 1.0, 0.0, 0.0]",0
동부농원,10,1,"[0.0, 0.0, 0.0, 0.0, 0.0, 0.0, 0.0, 0.0, 1.0, 0.0, 0.0]",2
얼짱쭈꾸미 제주점,11,1,"[0.0, 0.0, 0.0, 0.0, 0.0, 0.0, 0.0, 0.0, 1.0, 0.0, 0.0]",0
우리집웰빙식당,11,1,"[0.0, 0.0, 0.0, 0.0, 0.0, 0.0, 0.0, 0.0, 1.0, 0.0, 0.0]",0
금능630게스트하우스,24,1,"[0.0, 1.0, 0.0, 0.0, 0.0, 0.0, 0.0, 0.0, 0.0, 0.0, 0.0]",2
개똥이네농장,13,1,"[0.0, 1.0, 0.0, 0.0, 0.0, 0.0, 0.0, 0.0, 0.0, 0.0, 0.0]",2
CU 제주금능길점,10,1,"[0.0, 0.0, 0.0, 0.0, 0.0, 0.0, 0.0, 0.0, 1.0, 0.0, 0.0]",2
회양과국수군,11,3,"[0.0, 1.0, 0.0, 0.0, 0.0, 0.0, 0.0, 0.0, 0.0, 0.0, 0.0]",0
비양동,1,1,"[1.0, 0.0, 0.0, 0.0, 0.0, 0.0, 0.0, 0.0, 0.0, 0.0, 0.0]",2
함덕잠수함,13,4,"[0.25, 0.25, 0.0, 0.0, 0.0, 0.0, 0.0, 0.0, 0.0, 0.5, 0.0]",2
제주뚝배기 전문1호점,11,2,"[0.0, 1.0, 0.0, 0.0, 0.0, 0.0, 0.0, 0.0, 0.0, 0.0, 0.0]",0
상효원튤립축제,8,2,"[0.5, 0.5, 0.0, 0.0, 0.0, 0.0, 0.0, 0.0, 0.0, 0.0, 0.0]",2
법화사,2,4,"[0.5, 0.0, 0.0, 0.0, 0.0, 0.0, 0.0, 0.0, 0.25, 0.25, 0.0]",2
오마제주,11,2,"[0.0, 1.0, 0.0, 0.0, 0.0, 0.0, 0.0, 0.0, 0.0, 0.0, 0.0]",0
해피렌트카,10,10,"[0.0, 0.1, 0.0, 0.1, 0.1, 0.0, 0.1, 0.4, 0.0, 0.0, 0.2]",2
뉴제주렌터카,10,6,"[0.0, 0.166667, 0.0, 0.0, 0.0, 0.0, 0.0, 0.666667, 0.0, 0.0, 0.166667]",2
풍로 중문점,11,2,"[0.0, 0.5, 0.0, 0.0, 0.0, 0.0, 0.0, 0.0, 0.5, 0.0, 0.0]",0
장어창고,11,1,"[0.0, 0.0, 0.0, 0.0, 0.0, 0.0, 0.0, 0.0, 1.0, 0.0, 0.0]",0
토속음식 한고집,11,2,"[0.0, 0.5, 0.0, 0.0, 0.5, 0.0, 0.0, 0.0, 0.0, 0.0, 0.0]",0
제주별장 이재,24,2,"[0.0, 1.0, 0.0, 0.0, 0.0, 0.0, 0.0, 0.0, 0.0, 0.0, 0.0]",2
나무처럼 게스트하우스,24,1,"[0.0, 1.0, 0.0, 0.0, 0.0, 0.0, 0.0, 0.0, 0.0, 0.0, 0.0]",2
협재돈가스,11,1,"[0.0, 0.0, 0.0, 0.0, 0.0, 0.0, 0.0, 0.0, 1.0, 0.0, 0.0]",0
달콤커피 볼륨1603 제주하귀점,11,1,"[0.0, 0.0, 0.0, 0.0, 0.0, 0.0, 0.0, 0.0, 1.0, 0.0, 0.0]",1
어머니빵집,11,5,"[0.2, 0.4, 0.0, 0.0, 0.2, 0.0, 0.0, 0.0, 0.2, 0.0, 0.0]",1
마농밭,11,1,"[0.0, 0.0, 0.0, 0.0, 0.0, 0.0, 0.0, 1.0, 0.0, 0.0, 0.0]",0
보말과풍경,11,3,"[0.0, 0.666667, 0.0, 0.0, 0.0, 0.0, 0.0, 0.0, 0.333333, 0.0, 0.0]",0
알작지해변,1,2,"[0.0, 0.0, 0.0, 0.0, 0.0, 0.0, 0.0, 0.0, 1.0, 0.0, 0.0]",2
들꽃정원,11,1,"[0.0, 0.0, 0.0, 0.0, 0.0, 1.0, 0.0, 0.0, 0.0, 0.0, 0.0]",0
재클린디저트 모슬포점,11,1,"[0.0, 0.0, 0.0, 0.0, 0.0, 0.0, 0.0, 0.0, 1.0, 0.0, 0.0]",0
한나스테이,24,4,"[0.0, 0.0, 0.0, 0.0, 0.0, 0.5, 0.0, 0.5, 0.0, 0.0, 0.0]",2
카카오프렌즈 제주공항JDC면세점,10,2,"[0.5, 0.0, 0.0, 0.0, 0.5, 0.0, 0.0, 0.0, 0.0, 0.0, 0.0]",2
하우스레서피 당근케이크,10,1,"[0.0, 0.0, 0.0, 0.0, 1.0, 0.0, 0.0, 0.0, 0.0, 0.0, 0.0]",2
그라벨호텔제주 루프탑,11,1,"[0.0, 0.0, 0.0, 0.0, 0.0, 1.0, 0.0, 0.0, 0.0, 0.0, 0.0]",0
비스트로낭,11,3,"[0.0, 0.666667, 0.0, 0.0, 0.0, 0.0, 0.0, 0.0, 0.333333, 0.0, 0.0]",0
우돈향,11,1,"[0.0, 0.0, 0.0, 0.0, 0.0, 0.0, 1.0, 0.0, 0.0, 0.0, 0.0]",0
에곤,11,1,"[0.0, 1.0, 0.0, 0.0, 0.0, 0.0, 0.0, 0.0, 0.0, 0.0, 0.0]",1
랜딩커피,11,2,"[0.5, 0.0, 0.0, 0.0, 0.0, 0.0, 0.0, 0.0, 0.5, 0.0, 0.0]",1
우도머뭄,24,13,"[0.0, 0.538462, 0.0, 0.153846, 0.076923, 0.0, 0.153846, 0.0, 0.0, 0.0, 0.076923]",0
톨칸이해변,1,1,"[0.0, 0.0, 0.0, 0.0, 0.0, 0.0, 0.0, 0.0, 1.0, 0.0, 0.0]",2
호텔탑아일랜드,24,8,"[0.0, 0.25, 0.0, 0.0, 0.0, 0.5, 0.0, 0.25, 0.0, 0.0, 0.0]",2
망고레이 우도점,10,1,"[0.0, 0.0, 0.0, 0.0, 0.0, 1.0, 0.0, 0.0, 0.0, 0.0, 0.0]",2
인생네컷 제주애월트레일러점,13,1,"[0.0, 0.0, 0.0, 0.0, 0.0, 0.0, 0.0, 0.0, 1.0, 0.0, 0.0]",2
파파엔도터,11,2,"[0.0, 0.0, 0.0, 0.5, 0.0, 0.0, 0.0, 0.0, 0.0, 0.0, 0.5]",1
와이스토리,11,3,"[0.0, 0.333333, 0.0, 0.0, 0.333333, 0.0, 0.0, 0.0, 0.333333, 0.0, 0.0]",0
여름정원,11,3,"[0.0, 1.0, 0.0, 0.0, 0.0, 0.0, 0.0, 0.0, 0.0, 0.0, 0.0]",1
이어도식당,11,1,"[0.0, 0.0, 0.0, 0.0, 0.0, 0.0, 0.0, 0.0, 1.0, 0.0, 0.0]",0
산짓물공원,1,1,"[0.0, 0.0, 0.0, 0.0, 1.0, 0.0, 0.0, 0.0, 0.0, 0.0, 0.0]",2
마카로워,11,1,"[0.0, 0.0, 0.0, 0.0, 1.0, 0.0, 0.0, 0.0, 0.0, 0.0, 0.0]",0
엉알해안,1,2,"[0.0, 0.5, 0.0, 0.0, 0.0, 0.0, 0.0, 0.0, 0.0, 0.5, 0.0]",2
어애랑,11,1,"[0.0, 1.0, 0.0, 0.0, 0.0, 0.0, 0.0, 0.0, 0.0, 0.0, 0.0]",0
신화월드 테마파크,6,1,"[0.0, 0.0, 0.0, 0.0, 0.0, 1.0, 0.0, 0.0, 0.0, 0.0, 0.0]",2
전원일기,11,2,"[0.0, 0.0, 0.0, 0.0, 0.5, 0.0, 0.0, 0.0, 0.5, 0.0, 0.0]",0
감귤소녀체험장,13,1,"[0.0, 0.0, 0.0, 0.0, 0.0, 1.0, 0.0, 0.0, 0.0, 0.0, 0.0]",2
어멍네집밥집,11,1,"[0.0, 0.0, 0.0, 0.0, 0.0, 0.0, 0.0, 0.0, 1.0, 0.0, 0.0]",0
우드스푼,11,4,"[0.0, 0.75, 0.0, 0.0, 0.0, 0.0, 0.0, 0.0, 0.25, 0.0, 0.0]",0
당신의캠프닉,13,1,"[0.0, 0.0, 0.0, 0.0, 0.0, 0.0, 0.0, 0.0, 0.0, 0.0, 1.0]",2
은희네해장국 표선점,11,1,"[0.0, 0.0, 0.0, 0.0, 1.0, 0.0, 0.0, 0.0, 0.0, 0.0, 0.0]",0
금호제주리조트 한식당,11,2,"[0.0, 0.0, 0.0, 0.0, 0.5, 0.0, 0.0, 0.0, 0.0, 0.0, 0.5]",0
펠롱잡화점,10,2,"[0.0, 0.0, 0.0, 0.0, 0.0, 0.0, 0.0, 0.0, 1.0, 0.0, 0.0]",2
영실매표소,1,1,"[1.0, 0.0, 0.0, 0.0, 0.0, 0.0, 0.0, 0.0, 0.0, 0.0, 0.0]",2
행복밀,10,5,"[0.0, 0.6, 0.0, 0.0, 0.2, 0.0, 0.0, 0.0, 0.2, 0.0, 0.0]",1
신제주보말칼국수 제주본점,11,4,"[0.25, 0.75, 0.0, 0.0, 0.0, 0.0, 0.0, 0.0, 0.0, 0.0, 0.0]",0
한라산 돈내코탐방안내소분기점,1,1,"[1.0, 0.0, 0.0, 0.0, 0.0, 0.0, 0.0, 0.0, 0.0, 0.0, 0.0]",2
사진예술공간 큰바다영,3,1,"[0.0, 0.0, 0.0, 0.0, 1.0, 0.0, 0.0, 0.0, 0.0, 0.0, 0.0]",2
만금,11,1,"[0.0, 0.0, 0.0, 0.0, 1.0, 0.0, 0.0, 0.0, 0.0, 0.0, 0.0]",0
그랜드하얏트제주 38포차,11,1,"[0.0, 0.0, 0.0, 1.0, 0.0, 0.0, 0.0, 0.0, 0.0, 0.0, 0.0]",0
세이레아트센터,3,1,"[0.0, 0.0, 0.0, 0.0, 1.0, 0.0, 0.0, 0.0, 0.0, 0.0, 0.0]",2
이오리,1,2,"[0.0, 0.0, 0.0, 0.0, 0.5, 0.0, 0.0, 0.0, 0.5, 0.0, 0.0]",0
삼양방파제,1,1,"[0.0, 0.0, 0.0, 0.0, 0.0, 0.0, 0.0, 0.0, 1.0, 0.0, 0.0]",2
코지하우스,24,5,"[0.0, 0.2, 0.2, 0.2, 0.2, 0.2, 0.0, 0.0, 0.0, 0.0, 0.0]",2
고고애월,24,2,"[0.0, 0.0, 0.0, 0.0, 0.0, 0.0, 0.0, 1.0, 0.0, 0.0, 0.0]",2
조천항,1,2,"[0.0, 0.0, 0.0, 0.5, 0.0, 0.0, 0.0, 0.0, 0.5, 0.0, 0.0]",2
금능길,11,1,"[0.0, 0.0, 0.0, 0.0, 0.0, 1.0, 0.0, 0.0, 0.0, 0.0, 0.0]",0
오조삼춘,11,3,"[0.0, 0.666667, 0.0, 0.0, 0.0, 0.333333, 0.0, 0.0, 0.0, 0.0, 0.0]",0
오조빈티지,4,1,"[0.0, 0.0, 0.0, 0.0, 1.0, 0.0, 0.0, 0.0, 0.0, 0.0, 0.0]",2
감귤달,11,1,"[0.0, 0.0, 0.0, 0.0, 0.0, 1.0, 0.0, 0.0, 0.0, 0.0, 0.0]",0
쉐어하우스 라르고,24,1,"[0.0, 0.0, 0.0, 0.0, 0.0, 0.0, 0.0, 1.0, 0.0, 0.0, 0.0]",2
귤림체험농원,13,1,"[0.0, 0.0, 0.0, 0.0, 1.0, 0.0, 0.0, 0.0, 0.0, 0.0, 0.0]",2
통물,11,3,"[0.0, 0.333333, 0.0, 0.0, 0.666667, 0.0, 0.0, 0.0, 0.0, 0.0, 0.0]",0
망고레이 함덕본사직영점,11,1,"[1.0, 0.0, 0.0, 0.0, 0.0, 0.0, 0.0, 0.0, 0.0, 0.0, 0.0]",0
제주소록,24,1,"[0.0, 1.0, 0.0, 0.0, 0.0, 0.0, 0.0, 0.0, 0.0, 0.0, 0.0]",2
스테이달숲,24,1,"[0.0, 1.0, 0.0, 0.0, 0.0, 0.0, 0.0, 0.0, 0.0, 0.0, 0.0]",2
저팔계깡통연탄구이 본관,11,2,"[0.0, 0.5, 0.0, 0.0, 0.5, 0.0, 0.0, 0.0, 0.0, 0.0, 0.0]",0
하얀산호펜션,24,2,"[0.0, 0.0, 0.0, 0.0, 0.0, 1.0, 0.0, 0.0, 0.0, 0.0, 0.0]",2
동백부엌,11,2,"[0.0, 0.5, 0.0, 0.0, 0.5, 0.0, 0.0, 0.0, 0.0, 0.0, 0.0]",0
힐록,11,1,"[0.0, 0.0, 0.0, 0.0, 0.0, 0.0, 0.0, 0.0, 1.0, 0.0, 0.0]",1
제주237,11,1,"[0.0, 0.0, 0.0, 1.0, 0.0, 0.0, 0.0, 0.0, 0.0, 0.0, 0.0]",0
제주이자카야달,11,1,"[0.0, 0.0, 0.0, 0.0, 0.0, 0.0, 0.0, 0.0, 1.0, 0.0, 0.0]",0
정원책방,24,2,"[0.0, 1.0, 0.0, 0.0, 0.0, 0.0, 0.0, 0.0, 0.0, 0.0, 0.0]",2
제주프리또,11,3,"[0.0, 0.666667, 0.0, 0.333333, 0.0, 0.0, 0.0, 0.0, 0.0, 0.0, 0.0]",0
옵데가 바이 에퀴녹스,24,3,"[0.0, 0.333333, 0.0, 0.0, 0.0, 0.0, 0.0, 0.0, 0.0, 0.0, 0.666667]",2
CU 제주평화로점,10,1,"[0.0, 0.0, 0.0, 0.0, 0.0, 0.0, 0.0, 0.0, 1.0, 0.0, 0.0]",2
포레스트제이 카우셰드,11,2,"[0.0, 1.0, 0.0, 0.0, 0.0, 0.0, 0.0, 0.0, 0.0, 0.0, 0.0]",0
치저스,11,1,"[0.0, 1.0, 0.0, 0.0, 0.0, 0.0, 0.0, 0.0, 0.0, 0.0, 0.0]",0
바르왓,11,1,"[0.0, 1.0, 0.0, 0.0, 0.0, 0.0, 0.0, 0.0, 0.0, 0.0, 0.0]",0
하이렌터카 제주본점,10,2,"[0.0, 0.0, 0.0, 0.5, 0.0, 0.0, 0.0, 0.5, 0.0, 0.0, 0.0]",2
탐라교육원,1,1,"[0.0, 1.0, 0.0, 0.0, 0.0, 0.0, 0.0, 0.0, 0.0, 0.0, 0.0]",2
윈썸제주,13,1,"[0.0, 1.0, 0.0, 0.0, 0.0, 0.0, 0.0, 0.0, 0.0, 0.0, 0.0]",2
더벤티 제주아라점,11,1,"[0.0, 0.0, 0.0, 0.0, 0.0, 0.0, 0.0, 1.0, 0.0, 0.0, 0.0]",0
백소정,11,1,"[0.0, 1.0, 0.0, 0.0, 0.0, 0.0, 0.0, 0.0, 0.0, 0.0, 0.0]",0
제주신미짜장,11,1,"[0.0, 1.0, 0.0, 0.0, 0.0, 0.0, 0.0, 0.0, 0.0, 0.0, 0.0]",0
복다운이네국수,11,3,"[0.0, 1.0, 0.0, 0.0, 0.0, 0.0, 0.0, 0.0, 0.0, 0.0, 0.0]",0
5.16도로숲터널,1,1,"[0.0, 0.0, 0.0, 0.0, 1.0, 0.0, 0.0, 0.0, 0.0, 0.0, 0.0]",2
GS25 제주성산일출점,11,1,"[0.0, 0.0, 0.0, 0.0, 0.0, 0.0, 0.0, 0.0, 1.0, 0.0, 0.0]",0
삼양주유소,10,1,"[0.0, 0.0, 0.0, 0.0, 0.0, 0.0, 0.0, 0.0, 1.0, 0.0, 0.0]",2
신의주찹쌀순대 제주점,11,1,"[0.0, 0.0, 0.0, 0.0, 0.0, 0.0, 0.0, 0.0, 1.0, 0.0, 0.0]",0
대동호텔,24,2,"[0.0, 0.0, 0.0, 0.0, 0.0, 0.0, 0.0, 0.0, 0.0, 0.0, 1.0]",2
에브리바디빈티지 본점,10,3,"[0.0, 0.333333, 0.0, 0.0, 0.666667, 0.0, 0.0, 0.0, 0.0, 0.0, 0.0]",2
잇지제주,8,1,"[0.0, 0.0, 0.0, 0.0, 0.0, 0.0, 0.0, 0.0, 0.0, 0.0, 1.0]",2
제주빈티지샵 턴업,4,2,"[0.0, 1.0, 0.0, 0.0, 0.0, 0.0, 0.0, 0.0, 0.0, 0.0, 0.0]",2
산지천 전망대,7,1,"[0.0, 0.0, 0.0, 0.0, 0.0, 0.0, 0.0, 0.0, 1.0, 0.0, 0.0]",2
아트박스 제주시청점,4,1,"[0.0, 0.0, 0.0, 0.0, 0.0, 0.0, 0.0, 0.0, 1.0, 0.0, 0.0]",2
카페온제,11,1,"[0.0, 1.0, 0.0, 0.0, 0.0, 0.0, 0.0, 0.0, 0.0, 0.0, 0.0]",1
엔게디하우스,24,2,"[0.0, 0.0, 0.0, 0.0, 1.0, 0.0, 0.0, 0.0, 0.0, 0.0, 0.0]",2
물메초등학교,5,1,"[0.0, 0.0, 0.0, 0.0, 1.0, 0.0, 0.0, 0.0, 0.0, 0.0, 0.0]",2
시월,11,2,"[0.0, 0.0, 0.0, 0.5, 0.5, 0.0, 0.0, 0.0, 0.0, 0.0, 0.0]",0
JD스포츠 제주칠성점,4,1,"[1.0, 0.0, 0.0, 0.0, 0.0, 0.0, 0.0, 0.0, 0.0, 0.0, 0.0]",2
쑝쑝돈까스 제주월평점,11,2,"[0.0, 0.5, 0.0, 0.0, 0.0, 0.0, 0.0, 0.5, 0.0, 0.0, 0.0]",0
오라스테이,24,5,"[0.0, 0.0, 0.0, 0.0, 0.0, 0.0, 0.0, 0.6, 0.0, 0.0, 0.4]",2
064푸드트럭,11,1,"[0.0, 0.0, 0.0, 1.0, 0.0, 0.0, 0.0, 0.0, 0.0, 0.0, 0.0]",0
국빈대반점,11,1,"[0.0, 0.0, 0.0, 0.0, 0.0, 0.0, 0.0, 0.0, 1.0, 0.0, 0.0]",0
차귀도유람선,5,1,"[1.0, 0.0, 0.0, 0.0, 0.0, 0.0, 0.0, 0.0, 0.0, 0.0, 0.0]",2
런호텔,24,3,"[0.0, 0.0, 0.0, 0.0, 0.0, 0.0, 0.0, 1.0, 0.0, 0.0, 0.0]",2
하르방짬뽕,11,3,"[0.0, 1.0, 0.0, 0.0, 0.0, 0.0, 0.0, 0.0, 0.0, 0.0, 0.0]",0
안덕농협하나로마트 사계점,10,1,"[0.0, 0.0, 0.0, 0.0, 0.0, 0.0, 0.0, 0.0, 1.0, 0.0, 0.0]",2
깔루아,11,2,"[0.0, 1.0, 0.0, 0.0, 0.0, 0.0, 0.0, 0.0, 0.0, 0.0, 0.0]",0
마마칼국수,11,1,"[0.0, 0.0, 0.0, 0.0, 0.0, 0.0, 0.0, 0.0, 1.0, 0.0, 0.0]",0
중원,11,1,"[0.0, 0.0, 0.0, 1.0, 0.0, 0.0, 0.0, 0.0, 0.0, 0.0, 0.0]",0
엠스테이펜션,24,3,"[0.0, 0.333333, 0.0, 0.0, 0.0, 0.0, 0.0, 0.0, 0.0, 0.0, 0.666667]",2
삼다수산,11,1,"[0.0, 0.0, 0.0, 0.0, 0.0, 0.0, 0.0, 0.0, 1.0, 0.0, 0.0]",0
GS25 제주세화해변점,10,2,"[0.0, 0.0, 0.0, 0.0, 0.0, 0.0, 0.5, 0.0, 0.5, 0.0, 0.0]",2
정한가든,11,1,"[1.0, 0.0, 0.0, 0.0, 0.0, 0.0, 0.0, 0.0, 0.0, 0.0, 0.0]",0
터틀락,11,2,"[0.0, 1.0, 0.0, 0.0, 0.0, 0.0, 0.0, 0.0, 0.0, 0.0, 0.0]",1
셰프와흑돼지,11,3,"[0.0, 0.333333, 0.0, 0.0, 0.333333, 0.0, 0.0, 0.0, 0.333333, 0.0, 0.0]",0
제주해군호텔,24,3,"[0.0, 0.0, 0.0, 0.0, 0.0, 0.0, 0.0, 1.0, 0.0, 0.0, 0.0]",2
아왜낭목제빵소,11,2,"[0.0, 0.0, 0.0, 0.0, 0.0, 0.0, 0.0, 0.0, 1.0, 0.0, 0.0]",1
제일떡집,4,1,"[0.0, 0.0, 0.0, 1.0, 0.0, 0.0, 0.0, 0.0, 0.0, 0.0, 0.0]",2
타이거커피 제주점,11,1,"[0.0, 0.0, 0.0, 0.0, 0.0, 1.0, 0.0, 0.0, 0.0, 0.0, 0.0]",1
이스턴호텔 제주,24,8,"[0.0, 0.0, 0.0, 0.0, 0.0, 0.0, 0.0, 1.0, 0.0, 0.0, 0.0]",2
회사사택,24,2,"[0.0, 0.0, 0.0, 0.0, 0.0, 0.0, 0.0, 0.0, 0.0, 0.0, 1.0]",2
요리하는김선장,11,1,"[0.0, 1.0, 0.0, 0.0, 0.0, 0.0, 0.0, 0.0, 0.0, 0.0, 0.0]",0
박장군식당,11,1,"[0.0, 0.0, 0.0, 0.0, 0.0, 1.0, 0.0, 0.0, 0.0, 0.0, 0.0]",0
삼겹살파티,11,1,"[0.0, 0.0, 0.0, 0.0, 1.0, 0.0, 0.0, 0.0, 0.0, 0.0, 0.0]",0
썬다이브,24,2,"[0.0, 0.0, 0.0, 1.0, 0.0, 0.0, 0.0, 0.0, 0.0, 0.0, 0.0]",2
피제리아3657,11,1,"[0.0, 0.0, 0.0, 0.0, 0.0, 0.0, 0.0, 0.0, 1.0, 0.0, 0.0]",0
중문허브독채펜션,24,2,"[0.0, 0.0, 0.0, 0.0, 0.0, 0.0, 1.0, 0.0, 0.0, 0.0, 0.0]",2
해송초밥,11,1,"[0.0, 1.0, 0.0, 0.0, 0.0, 0.0, 0.0, 0.0, 0.0, 0.0, 0.0]",0
한라산레스토랑,11,1,"[0.0, 0.0, 0.0, 0.0, 0.0, 0.0, 1.0, 0.0, 0.0, 0.0, 0.0]",0
한라산국립공원 산악박물관,2,1,"[0.0, 0.0, 0.0, 0.0, 0.0, 0.0, 0.0, 0.0, 1.0, 0.0, 0.0]",2
하늘조각휴양펜션,24,2,"[0.0, 0.0, 0.0, 0.0, 0.0, 0.0, 0.0, 1.0, 0.0, 0.0, 0.0]",2
종달리 고망난돌 쉼터,1,2,"[0.5, 0.0, 0.0, 0.0, 0.0, 0.0, 0.0, 0.0, 0.5, 0.0, 0.0]",2
트윈스호텔,24,2,"[0.0, 0.0, 0.0, 0.0, 0.0, 0.0, 0.0, 1.0, 0.0, 0.0, 0.0]",2
마초면탁해안,11,2,"[0.0, 0.5, 0.0, 0.0, 0.0, 0.0, 0.0, 0.0, 0.5, 0.0, 0.0]",0
돈짬 제주시청점,11,1,"[0.0, 1.0, 0.0, 0.0, 0.0, 0.0, 0.0, 0.0, 0.0, 0.0, 0.0]",0
웨이브버거,11,2,"[0.0, 0.5, 0.0, 0.0, 0.0, 0.0, 0.0, 0.0, 0.0, 0.0, 0.5]",0
우리집,11,1,"[0.0, 1.0, 0.0, 0.0, 0.0, 0.0, 0.0, 0.0, 0.0, 0.0, 0.0]",0
인생네컷 제주일도지구점,4,1,"[0.0, 0.0, 0.0, 0.0, 0.0, 0.0, 0.0, 0.0, 1.0, 0.0, 0.0]",2
천년비자펜션,24,1,"[0.0, 0.0, 0.0, 0.0, 0.0, 0.0, 0.0, 1.0, 0.0, 0.0, 0.0]",2
랑데뷰펜션,24,5,"[0.0, 0.4, 0.0, 0.0, 0.0, 0.0, 0.0, 0.4, 0.2, 0.0, 0.0]",2
부레드,11,1,"[1.0, 0.0, 0.0, 0.0, 0.0, 0.0, 0.0, 0.0, 0.0, 0.0, 0.0]",1
아모르하우스,24,1,"[0.0, 0.0, 0.0, 0.0, 0.0, 1.0, 0.0, 0.0, 0.0, 0.0, 0.0]",2
올레길 1-1코스(우도-올레),7,7,"[0.857143, 0.0, 0.0, 0.142857, 0.0, 0.0, 0.0, 0.0, 0.0, 0.0, 0.0]",2
물회야,11,2,"[0.0, 0.5, 0.0, 0.0, 0.0, 0.5, 0.0, 0.0, 0.0, 0.0, 0.0]",0
슈가탱크,7,2,"[0.0, 0.0, 0.0, 0.0, 0.0, 0.5, 0.0, 0.0, 0.5, 0.0, 0.0]",0
성산리140,11,1,"[0.0, 0.0, 0.0, 0.0, 0.0, 1.0, 0.0, 0.0, 0.0, 0.0, 0.0]",1
외도보타니아,1,1,"[0.0, 0.0, 0.0, 0.0, 1.0, 0.0, 0.0, 0.0, 0.0, 0.0, 0.0]",2
웨이포인트커피,11,2,"[0.0, 0.5, 0.0, 0.0, 0.5, 0.0, 0.0, 0.0, 0.0, 0.0, 0.0]",1
제주국제공항 제주향토골,11,1,"[0.0, 1.0, 0.0, 0.0, 0.0, 0.0, 0.0, 0.0, 0.0, 0.0, 0.0]",0
오래옥식당,11,1,"[0.0, 0.0, 0.0, 0.0, 1.0, 0.0, 0.0, 0.0, 0.0, 0.0, 0.0]",0
왕이메오름 입구,1,4,"[0.0, 0.25, 0.0, 0.0, 0.75, 0.0, 0.0, 0.0, 0.0, 0.0, 0.0]",2
바다멍,11,3,"[0.0, 0.333333, 0.0, 0.0, 0.666667, 0.0, 0.0, 0.0, 0.0, 0.0, 0.0]",0
애월작업실,10,1,"[0.0, 0.0, 0.0, 0.0, 0.0, 1.0, 0.0, 0.0, 0.0, 0.0, 0.0]",2
바당1807,24,4,"[0.0, 1.0, 0.0, 0.0, 0.0, 0.0, 0.0, 0.0, 0.0, 0.0, 0.0]",2
펜고호다 pengohoda,11,3,"[0.0, 0.666667, 0.0, 0.0, 0.0, 0.0, 0.0, 0.0, 0.333333, 0.0, 0.0]",0
조브라더스 게스트하우스,24,5,"[0.0, 0.6, 0.0, 0.0, 0.0, 0.0, 0.0, 0.0, 0.0, 0.0, 0.4]",2
용짜형뽕,11,1,"[0.0, 0.0, 0.0, 0.0, 0.0, 0.0, 0.0, 0.0, 1.0, 0.0, 0.0]",0
역전할머니맥주 제주시청점,11,1,"[0.0, 0.0, 0.0, 0.0, 0.0, 0.0, 0.0, 0.0, 1.0, 0.0, 0.0]",0
고스트타운,6,4,"[0.25, 0.75, 0.0, 0.0, 0.0, 0.0, 0.0, 0.0, 0.0, 0.0, 0.0]",2
어사촌도야지,11,1,"[0.0, 0.0, 0.0, 0.0, 1.0, 0.0, 0.0, 0.0, 0.0, 0.0, 0.0]",0
쉐프의 스시이야기,11,3,"[0.333333, 0.333333, 0.0, 0.333333, 0.0, 0.0, 0.0, 0.0, 0.0, 0.0, 0.0]",0
서피플,11,1,"[0.0, 0.0, 0.0, 0.0, 0.0, 0.0, 0.0, 0.0, 1.0, 0.0, 0.0]",0
잇칸시타,11,5,"[0.0, 0.6, 0.0, 0.2, 0.2, 0.0, 0.0, 0.0, 0.0, 0.0, 0.0]",0
더제이드호텔,24,7,"[0.0, 0.0, 0.0, 0.0, 0.0, 0.428571, 0.0, 0.571429, 0.0, 0.0, 0.0]",2
성산스쿠버,13,1,"[0.0, 0.0, 0.0, 0.0, 0.0, 0.0, 0.0, 0.0, 0.0, 0.0, 1.0]",2
하이레지던스,24,5,"[0.0, 0.0, 0.0, 0.0, 0.0, 0.4, 0.0, 0.2, 0.0, 0.0, 0.4]",2
망고스쿠터,10,1,"[0.0, 1.0, 0.0, 0.0, 0.0, 0.0, 0.0, 0.0, 0.0, 0.0, 0.0]",2
메이저호텔,24,1,"[0.0, 0.0, 0.0, 0.0, 0.0, 0.0, 0.0, 1.0, 0.0, 0.0, 0.0]",2
미스터빠삭 제주외도점,11,1,"[0.0, 1.0, 0.0, 0.0, 0.0, 0.0, 0.0, 0.0, 0.0, 0.0, 0.0]",0
제주오쿠다 2호점,11,2,"[0.0, 1.0, 0.0, 0.0, 0.0, 0.0, 0.0, 0.0, 0.0, 0.0, 0.0]",0
해월정 서귀포점,11,1,"[0.0, 0.0, 0.0, 0.0, 1.0, 0.0, 0.0, 0.0, 0.0, 0.0, 0.0]",0
바구니민박,24,1,"[0.0, 1.0, 0.0, 0.0, 0.0, 0.0, 0.0, 0.0, 0.0, 0.0, 0.0]",2
예찬농원,10,2,"[0.0, 0.5, 0.0, 0.0, 0.0, 0.0, 0.0, 0.0, 0.5, 0.0, 0.0]",2
가파리212,11,3,"[0.0, 0.666667, 0.0, 0.0, 0.0, 0.333333, 0.0, 0.0, 0.0, 0.0, 0.0]",1
지미봉,1,7,"[0.571429, 0.0, 0.0, 0.285714, 0.0, 0.0, 0.0, 0.0, 0.0, 0.0, 0.142857]",2
돈순이,11,1,"[0.0, 0.0, 0.0, 0.0, 0.0, 1.0, 0.0, 0.0, 0.0, 0.0, 0.0]",0
룸엣155,24,5,"[0.0, 0.0, 0.0, 0.0, 0.0, 0.0, 0.0, 1.0, 0.0, 0.0, 0.0]",2
다락마마,24,1,"[0.0, 0.0, 1.0, 0.0, 0.0, 0.0, 0.0, 0.0, 0.0, 0.0, 0.0]",2
삼일삼오,24,3,"[0.0, 1.0, 0.0, 0.0, 0.0, 0.0, 0.0, 0.0, 0.0, 0.0, 0.0]",2
애월더선셋리조트,24,8,"[0.375, 0.5, 0.0, 0.0, 0.0, 0.0, 0.0, 0.0, 0.0, 0.0, 0.125]",2
칠사돈 한담점,11,1,"[0.0, 0.0, 0.0, 0.0, 0.0, 0.0, 0.0, 0.0, 1.0, 0.0, 0.0]",0
제주아리랑,3,3,"[0.0, 0.333333, 0.333333, 0.0, 0.0, 0.0, 0.0, 0.0, 0.0, 0.333333, 0.0]",2
자구리 해안가,1,1,"[0.0, 0.0, 0.0, 0.0, 0.0, 0.0, 0.0, 0.0, 1.0, 0.0, 0.0]",2
나디아펜션,24,4,"[0.0, 0.0, 0.0, 0.0, 0.0, 0.0, 0.0, 1.0, 0.0, 0.0, 0.0]",2
제주귀덕골방,11,1,"[0.0, 1.0, 0.0, 0.0, 0.0, 0.0, 0.0, 0.0, 0.0, 0.0, 0.0]",0
푸린,11,2,"[0.0, 1.0, 0.0, 0.0, 0.0, 0.0, 0.0, 0.0, 0.0, 0.0, 0.0]",0
할머니떡집,4,1,"[0.0, 1.0, 0.0, 0.0, 0.0, 0.0, 0.0, 0.0, 0.0, 0.0, 0.0]",2
GS25 제주애월고점,10,1,"[0.0, 0.0, 0.0, 0.0, 0.0, 0.0, 0.0, 0.0, 0.0, 0.0, 1.0]",2
제주전복김밥,11,1,"[0.0, 0.0, 0.0, 0.0, 0.0, 0.0, 0.0, 0.0, 1.0, 0.0, 0.0]",0
튀메기,11,1,"[0.0, 0.0, 0.0, 0.0, 0.0, 1.0, 0.0, 0.0, 0.0, 0.0, 0.0]",0
용해로 해장국,11,1,"[0.0, 1.0, 0.0, 0.0, 0.0, 0.0, 0.0, 0.0, 0.0, 0.0, 0.0]",0
구덕게스트하우스,24,1,"[0.0, 0.0, 0.0, 0.0, 0.0, 0.0, 0.0, 1.0, 0.0, 0.0, 0.0]",2
남원식당,11,2,"[0.0, 1.0, 0.0, 0.0, 0.0, 0.0, 0.0, 0.0, 0.0, 0.0, 0.0]",0
섬타르,11,4,"[0.0, 0.75, 0.0, 0.0, 0.0, 0.0, 0.0, 0.0, 0.25, 0.0, 0.0]",0
이룸갤러리,3,1,"[0.0, 1.0, 0.0, 0.0, 0.0, 0.0, 0.0, 0.0, 0.0, 0.0, 0.0]",2
문개항아리 애월점,11,5,"[0.2, 0.2, 0.2, 0.0, 0.4, 0.0, 0.0, 0.0, 0.0, 0.0, 0.0]",0
60빈스,11,3,"[0.0, 0.333333, 0.0, 0.0, 0.333333, 0.333333, 0.0, 0.0, 0.0, 0.0, 0.0]",1
서귀포우체국,24,1,"[0.0, 0.0, 0.0, 0.0, 0.0, 0.0, 0.0, 0.0, 0.0, 0.0, 1.0]",2
풀벗 아그리투리스모,24,3,"[0.0, 0.0, 0.0, 0.0, 0.0, 0.0, 0.0, 1.0, 0.0, 0.0, 0.0]",2
저지리498맛나게드시게,11,1,"[0.0, 1.0, 0.0, 0.0, 0.0, 0.0, 0.0, 0.0, 0.0, 0.0, 0.0]",0
로컬크랩,11,1,"[0.0, 1.0, 0.0, 0.0, 0.0, 0.0, 0.0, 0.0, 0.0, 0.0, 0.0]",0
해녀밥상,11,3,"[0.0, 0.333333, 0.0, 0.0, 0.333333, 0.0, 0.0, 0.0, 0.333333, 0.0, 0.0]",0
가시리유채꽃길펜션,24,3,"[0.0, 0.666667, 0.0, 0.0, 0.0, 0.0, 0.0, 0.0, 0.0, 0.0, 0.333333]",2
서울돈까스&김밥,11,1,"[1.0, 0.0, 0.0, 0.0, 0.0, 0.0, 0.0, 0.0, 0.0, 0.0, 0.0]",0
리썸카라반,24,1,"[0.0, 1.0, 0.0, 0.0, 0.0, 0.0, 0.0, 0.0, 0.0, 0.0, 0.0]",2
베이커블,11,2,"[0.0, 1.0, 0.0, 0.0, 0.0, 0.0, 0.0, 0.0, 0.0, 0.0, 0.0]",1
퍼시몬,11,2,"[0.5, 0.0, 0.0, 0.0, 0.0, 0.0, 0.0, 0.0, 0.0, 0.0, 0.5]",1
고산출장소,7,1,"[1.0, 0.0, 0.0, 0.0, 0.0, 0.0, 0.0, 0.0, 0.0, 0.0, 0.0]",2
반하크라,11,2,"[0.0, 0.0, 0.0, 0.0, 0.5, 0.0, 0.0, 0.0, 0.5, 0.0, 0.0]",0
정개,11,5,"[0.0, 0.6, 0.0, 0.2, 0.0, 0.0, 0.0, 0.0, 0.2, 0.0, 0.0]",0
바다제비,11,1,"[0.0, 1.0, 0.0, 0.0, 0.0, 0.0, 0.0, 0.0, 0.0, 0.0, 0.0]",0
창고96,11,1,"[1.0, 0.0, 0.0, 0.0, 0.0, 0.0, 0.0, 0.0, 0.0, 0.0, 0.0]",1
제주오라성,11,1,"[0.0, 0.0, 0.0, 0.0, 0.0, 0.0, 0.0, 0.0, 0.0, 0.0, 1.0]",0
자고가게스트하우스,24,3,"[0.0, 1.0, 0.0, 0.0, 0.0, 0.0, 0.0, 0.0, 0.0, 0.0, 0.0]",2
썬라이즈135,11,2,"[0.0, 1.0, 0.0, 0.0, 0.0, 0.0, 0.0, 0.0, 0.0, 0.0, 0.0]",0
제주카약,5,1,"[0.0, 0.0, 0.0, 0.0, 0.0, 0.0, 0.0, 0.0, 0.0, 0.0, 1.0]",2
아궁이연탄집,11,2,"[0.0, 1.0, 0.0, 0.0, 0.0, 0.0, 0.0, 0.0, 0.0, 0.0, 0.0]",0
제주카카오렌트카,10,1,"[0.0, 1.0, 0.0, 0.0, 0.0, 0.0, 0.0, 0.0, 0.0, 0.0, 0.0]",2
홍고집,11,1,"[0.0, 0.0, 0.0, 0.0, 0.0, 0.0, 0.0, 0.0, 0.0, 0.0, 1.0]",0
공작흑돼지,11,2,"[0.0, 0.5, 0.0, 0.0, 0.0, 0.0, 0.0, 0.0, 0.0, 0.0, 0.5]",0
호텔레오,24,4,"[0.0, 0.5, 0.25, 0.0, 0.0, 0.0, 0.0, 0.0, 0.25, 0.0, 0.0]",2
가시어멍회국수,11,1,"[0.0, 0.0, 0.0, 0.0, 0.0, 0.0, 0.0, 0.0, 1.0, 0.0, 0.0]",0
소섬바당,24,1,"[0.0, 0.0, 0.0, 0.0, 0.0, 0.0, 0.0, 1.0, 0.0, 0.0, 0.0]",2
스쿠버스토리 &게스트하우스,24,11,"[0.0, 0.0, 0.545455, 0.0, 0.090909, 0.0, 0.0, 0.0, 0.0, 0.0, 0.363636]",2
대도식당,11,4,"[0.0, 0.25, 0.0, 0.0, 0.75, 0.0, 0.0, 0.0, 0.0, 0.0, 0.0]",0
과일천하농수산,4,2,"[0.0, 0.0, 0.0, 0.0, 0.0, 0.0, 0.0, 0.0, 1.0, 0.0, 0.0]",2
레이저아레나 엑스 제주점,5,5,"[0.2, 0.2, 0.0, 0.0, 0.2, 0.2, 0.0, 0.0, 0.0, 0.0, 0.2]",2
제주로운 청해원,11,1,"[0.0, 0.0, 0.0, 0.0, 0.0, 1.0, 0.0, 0.0, 0.0, 0.0, 0.0]",0
브릭스제주,11,1,"[0.0, 1.0, 0.0, 0.0, 0.0, 0.0, 0.0, 0.0, 0.0, 0.0, 0.0]",1
표선해안도로,1,1,"[0.0, 0.0, 0.0, 1.0, 0.0, 0.0, 0.0, 0.0, 0.0, 0.0, 0.0]",2
카페예래,11,1,"[0.0, 0.0, 0.0, 0.0, 1.0, 0.0, 0.0, 0.0, 0.0, 0.0, 0.0]",1
누구나홀딱반한닭 제주남원점,11,1,"[0.0, 0.0, 0.0, 0.0, 0.0, 0.0, 0.0, 0.0, 1.0, 0.0, 0.0]",0
오케이모텔,24,1,"[0.0, 0.0, 0.0, 0.0, 0.0, 0.0, 0.0, 1.0, 0.0, 0.0, 0.0]",2
삼춘반점,11,3,"[0.0, 0.666667, 0.0, 0.333333, 0.0, 0.0, 0.0, 0.0, 0.0, 0.0, 0.0]",0
고기랑밥이랑,11,1,"[0.0, 0.0, 0.0, 0.0, 0.0, 0.0, 0.0, 0.0, 1.0, 0.0, 0.0]",0
제주흑돈만두 대정점,11,1,"[0.0, 0.0, 0.0, 0.0, 1.0, 0.0, 0.0, 0.0, 0.0, 0.0, 0.0]",0
서광동리곶자왈생태탐방로,7,2,"[0.0, 0.0, 0.0, 0.0, 0.5, 0.0, 0.0, 0.0, 0.0, 0.0, 0.5]",2
자카란다,24,5,"[0.0, 0.8, 0.2, 0.0, 0.0, 0.0, 0.0, 0.0, 0.0, 0.0, 0.0]",2
숙성도F&B,11,3,"[0.0, 0.333333, 0.0, 0.0, 0.666667, 0.0, 0.0, 0.0, 0.0, 0.0, 0.0]",0
양대감,11,4,"[0.0, 0.25, 0.0, 0.0, 0.0, 0.0, 0.0, 0.0, 0.75, 0.0, 0.0]",0
진가커피,11,1,"[0.0, 0.0, 0.0, 0.0, 0.0, 0.0, 0.0, 0.0, 1.0, 0.0, 0.0]",1
표선1번회센타,11,2,"[0.0, 1.0, 0.0, 0.0, 0.0, 0.0, 0.0, 0.0, 0.0, 0.0, 0.0]",0
빽다방 제주봉개DT점,11,1,"[0.0, 0.0, 0.0, 0.0, 0.0, 0.0, 1.0, 0.0, 0.0, 0.0, 0.0]",1
프랭크버거 제주표선점,11,1,"[0.0, 0.0, 0.0, 0.0, 0.0, 0.0, 0.0, 1.0, 0.0, 0.0, 0.0]",0
컴포즈커피 서귀포표선점,11,1,"[0.0, 0.0, 0.0, 0.0, 0.0, 0.0, 0.0, 1.0, 0.0, 0.0, 0.0]",1
쥬쥬쿠키,4,1,"[0.0, 0.0, 0.0, 0.0, 1.0, 0.0, 0.0, 0.0, 0.0, 0.0, 0.0]",2
중문미향해장국 본점,11,2,"[0.0, 0.5, 0.0, 0.0, 0.0, 0.0, 0.0, 0.0, 0.5, 0.0, 0.0]",0
카페바나나 함덕점,11,2,"[0.0, 0.5, 0.0, 0.0, 0.0, 0.0, 0.0, 0.0, 0.5, 0.0, 0.0]",1
에코랜드 레스토랑,11,1,"[0.0, 0.0, 0.0, 0.0, 0.0, 0.0, 0.0, 1.0, 0.0, 0.0, 0.0]",0
사부작10,11,1,"[0.0, 1.0, 0.0, 0.0, 0.0, 0.0, 0.0, 0.0, 0.0, 0.0, 0.0]",0
마레벤또,11,1,"[0.0, 0.0, 0.0, 0.0, 1.0, 0.0, 0.0, 0.0, 0.0, 0.0, 0.0]",0
더호텔,24,2,"[0.0, 0.0, 0.0, 0.0, 0.0, 0.5, 0.0, 0.0, 0.0, 0.0, 0.5]",2
십년후애,11,1,"[0.0, 0.0, 0.0, 0.0, 0.0, 0.0, 0.0, 0.0, 0.0, 0.0, 1.0]",0
몰고랑몸국,11,1,"[0.0, 0.0, 0.0, 0.0, 1.0, 0.0, 0.0, 0.0, 0.0, 0.0, 0.0]",0
북촌환해장성,1,2,"[1.0, 0.0, 0.0, 0.0, 0.0, 0.0, 0.0, 0.0, 0.0, 0.0, 0.0]",2
운진항,1,1,"[1.0, 0.0, 0.0, 0.0, 0.0, 0.0, 0.0, 0.0, 0.0, 0.0, 0.0]",2
호텔랑주,24,2,"[0.0, 0.0, 0.0, 0.0, 0.0, 0.0, 0.5, 0.0, 0.0, 0.0, 0.5]",2
포토시그니처 서귀포이중섭거리점,10,1,"[0.0, 0.0, 0.0, 0.0, 0.0, 0.0, 1.0, 0.0, 0.0, 0.0, 0.0]",2
치킨플러스 서귀포혁신도시점,11,1,"[0.0, 0.0, 0.0, 0.0, 0.0, 0.0, 0.0, 0.0, 1.0, 0.0, 0.0]",0
제주농원,13,4,"[0.25, 0.25, 0.0, 0.0, 0.25, 0.0, 0.0, 0.0, 0.25, 0.0, 0.0]",2
라온호텔&리조트,24,2,"[0.0, 0.5, 0.0, 0.0, 0.0, 0.0, 0.0, 0.5, 0.0, 0.0, 0.0]",2
돈돈,11,1,"[0.0, 0.0, 0.0, 0.0, 0.0, 0.0, 0.0, 0.0, 1.0, 0.0, 0.0]",0
제주에산다면,24,2,"[0.0, 0.0, 0.0, 0.0, 1.0, 0.0, 0.0, 0.0, 0.0, 0.0, 0.0]",2
자연수산,11,1,"[0.0, 0.0, 0.0, 0.0, 1.0, 0.0, 0.0, 0.0, 0.0, 0.0, 0.0]",0
카페성지,11,2,"[0.0, 0.5, 0.0, 0.0, 0.5, 0.0, 0.0, 0.0, 0.0, 0.0, 0.0]",1
족은노꼬메오름,7,2,"[0.0, 0.5, 0.0, 0.0, 0.5, 0.0, 0.0, 0.0, 0.0, 0.0, 0.0]",2
스테이251,24,2,"[0.0, 0.0, 0.0, 0.0, 0.0, 0.0, 0.0, 1.0, 0.0, 0.0, 0.0]",2
다올 무인소품점,10,3,"[0.0, 0.0, 0.0, 0.0, 0.0, 0.0, 0.0, 0.0, 1.0, 0.0, 0.0]",2
우수미회센터,11,2,"[0.0, 0.0, 0.0, 0.0, 0.5, 0.0, 0.0, 0.5, 0.0, 0.0, 0.0]",0
봉지동,1,1,"[0.0, 1.0, 0.0, 0.0, 0.0, 0.0, 0.0, 0.0, 0.0, 0.0, 0.0]",2
대병악,1,1,"[0.0, 0.0, 0.0, 0.0, 0.0, 0.0, 0.0, 0.0, 0.0, 0.0, 1.0]",2
아리,11,2,"[0.0, 0.5, 0.0, 0.5, 0.0, 0.0, 0.0, 0.0, 0.0, 0.0, 0.0]",1
헬로우보일링크랩,11,4,"[0.25, 0.25, 0.0, 0.5, 0.0, 0.0, 0.0, 0.0, 0.0, 0.0, 0.0]",0
커피맛이멜로,11,2,"[0.0, 0.5, 0.0, 0.5, 0.0, 0.0, 0.0, 0.0, 0.0, 0.0, 0.0]",1
남촌,11,1,"[0.0, 0.0, 0.0, 0.0, 0.0, 1.0, 0.0, 0.0, 0.0, 0.0, 0.0]",0
만담,11,1,"[0.0, 0.0, 0.0, 0.0, 0.0, 0.0, 0.0, 0.0, 1.0, 0.0, 0.0]",0
제주담은,10,1,"[0.0, 0.0, 0.0, 0.0, 0.0, 0.0, 0.0, 0.0, 1.0, 0.0, 0.0]",2
하도리철새도래지,1,1,"[0.0, 0.0, 0.0, 0.0, 1.0, 0.0, 0.0, 0.0, 0.0, 0.0, 0.0]",2
함덕촌따이민박,24,2,"[0.0, 0.5, 0.0, 0.0, 0.0, 0.0, 0.5, 0.0, 0.0, 0.0, 0.0]",2
용두암렌트카,10,2,"[0.0, 0.0, 0.0, 0.0, 0.0, 0.0, 0.0, 0.0, 0.0, 0.0, 1.0]",2
해모랏펜션,24,1,"[0.0, 0.0, 0.0, 0.0, 0.0, 0.0, 0.0, 1.0, 0.0, 0.0, 0.0]",2
어승생승마장,13,2,"[0.0, 1.0, 0.0, 0.0, 0.0, 0.0, 0.0, 0.0, 0.0, 0.0, 0.0]",2
순살만공격 신제주점,11,1,"[0.0, 0.0, 0.0, 0.0, 1.0, 0.0, 0.0, 0.0, 0.0, 0.0, 0.0]",0
몽중인,24,3,"[0.0, 0.0, 0.0, 0.0, 0.666667, 0.0, 0.0, 0.333333, 0.0, 0.0, 0.0]",2
샘나도,24,10,"[0.0, 0.0, 0.0, 0.8, 0.2, 0.0, 0.0, 0.0, 0.0, 0.0, 0.0]",2
사려니숲,1,3,"[0.333333, 0.0, 0.0, 0.0, 0.0, 0.0, 0.0, 0.0, 0.666667, 0.0, 0.0]",2
아시아호텔,24,5,"[0.0, 0.0, 0.0, 0.0, 0.0, 0.6, 0.0, 0.4, 0.0, 0.0, 0.0]",2
리치망고 애월본점,11,3,"[0.0, 0.0, 0.333333, 0.666667, 0.0, 0.0, 0.0, 0.0, 0.0, 0.0, 0.0]",0
화랑스시,11,1,"[0.0, 1.0, 0.0, 0.0, 0.0, 0.0, 0.0, 0.0, 0.0, 0.0, 0.0]",0
볕이드는곳벧디,11,3,"[0.0, 0.0, 0.0, 0.0, 0.0, 0.0, 0.333333, 0.0, 0.666667, 0.0, 0.0]",1
명동식도락,11,2,"[0.0, 0.5, 0.0, 0.0, 0.0, 0.5, 0.0, 0.0, 0.0, 0.0, 0.0]",0
베니키아중문호텔,24,2,"[0.0, 0.0, 0.0, 0.0, 0.0, 0.0, 0.5, 0.5, 0.0, 0.0, 0.0]",2
신양로118,11,1,"[0.0, 0.0, 0.0, 1.0, 0.0, 0.0, 0.0, 0.0, 0.0, 0.0, 0.0]",0
중문예지원,11,1,"[0.0, 0.0, 0.0, 0.0, 0.0, 0.0, 0.0, 1.0, 0.0, 0.0, 0.0]",0
곶자왈,1,3,"[0.333333, 0.0, 0.0, 0.0, 0.0, 0.333333, 0.0, 0.0, 0.333333, 0.0, 0.0]",0
라움이즈,11,1,"[0.0, 0.0, 0.0, 0.0, 0.0, 1.0, 0.0, 0.0, 0.0, 0.0, 0.0]",1
포도바당,11,2,"[0.0, 1.0, 0.0, 0.0, 0.0, 0.0, 0.0, 0.0, 0.0, 0.0, 0.0]",0
제주바다목장 다이브리조트,13,1,"[1.0, 0.0, 0.0, 0.0, 0.0, 0.0, 0.0, 0.0, 0.0, 0.0, 0.0]",2
파리바게뜨 제주화순점,11,1,"[0.0, 0.0, 0.0, 0.0, 0.0, 0.0, 0.0, 0.0, 1.0, 0.0, 0.0]",0
해동그린앤골드아파트,24,1,"[0.0, 0.0, 0.0, 0.0, 0.0, 0.0, 0.0, 0.0, 0.0, 0.0, 1.0]",2
수필하우스,24,1,"[0.0, 1.0, 0.0, 0.0, 0.0, 0.0, 0.0, 0.0, 0.0, 0.0, 0.0]",2
어우늘,11,1,"[0.0, 0.0, 1.0, 0.0, 0.0, 0.0, 0.0, 0.0, 0.0, 0.0, 0.0]",0
청호식당,11,1,"[0.0, 1.0, 0.0, 0.0, 0.0, 0.0, 0.0, 0.0, 0.0, 0.0, 0.0]",0
로봇스퀘어&카페 그디글라&시화루,11,1,"[0.0, 0.0, 0.0, 0.0, 0.0, 0.0, 0.0, 0.0, 1.0, 0.0, 0.0]",1
자멍펜션,24,3,"[0.0, 0.0, 0.0, 0.0, 0.0, 0.0, 0.0, 1.0, 0.0, 0.0, 0.0]",2
베프랑펜션,24,1,"[0.0, 1.0, 0.0, 0.0, 0.0, 0.0, 0.0, 0.0, 0.0, 0.0, 0.0]",2
스테이일면식,24,2,"[0.0, 0.0, 0.0, 1.0, 0.0, 0.0, 0.0, 0.0, 0.0, 0.0, 0.0]",2
스테이1미터,24,2,"[0.0, 0.0, 0.0, 0.0, 0.0, 0.0, 1.0, 0.0, 0.0, 0.0, 0.0]",2
바다어사또,11,1,"[0.0, 0.0, 0.0, 0.0, 1.0, 0.0, 0.0, 0.0, 0.0, 0.0, 0.0]",0
아주르블루,11,1,"[0.0, 1.0, 0.0, 0.0, 0.0, 0.0, 0.0, 0.0, 0.0, 0.0, 0.0]",1
카페송키,11,2,"[0.5, 0.5, 0.0, 0.0, 0.0, 0.0, 0.0, 0.0, 0.0, 0.0, 0.0]",1
소노캄제주 수영장,6,1,"[0.0, 0.0, 0.0, 0.0, 0.0, 0.0, 1.0, 0.0, 0.0, 0.0, 0.0]",2
한아름식당,11,3,"[0.0, 0.666667, 0.0, 0.0, 0.333333, 0.0, 0.0, 0.0, 0.0, 0.0, 0.0]",0
바누카페,11,4,"[0.0, 0.0, 0.0, 0.0, 0.0, 0.0, 0.0, 0.0, 0.0, 0.0, 1.0]",1
조천면장국수,11,3,"[0.0, 0.333333, 0.333333, 0.0, 0.0, 0.0, 0.0, 0.0, 0.0, 0.0, 0.333333]",0
더바당,11,2,"[0.0, 1.0, 0.0, 0.0, 0.0, 0.0, 0.0, 0.0, 0.0, 0.0, 0.0]",0
연희원,11,1,"[0.0, 0.0, 0.0, 0.0, 1.0, 0.0, 0.0, 0.0, 0.0, 0.0, 0.0]",0
카페베트로,13,2,"[0.0, 0.0, 0.0, 0.5, 0.0, 0.0, 0.0, 0.0, 0.5, 0.0, 0.0]",2
육수당 제주봉개점,11,1,"[0.0, 0.0, 0.0, 1.0, 0.0, 0.0, 0.0, 0.0, 0.0, 0.0, 0.0]",0
제주신화월드 신화쇼핑스트리트,4,5,"[0.0, 0.0, 0.0, 0.2, 0.0, 0.2, 0.0, 0.2, 0.2, 0.0, 0.2]",2
코코코게스트하우스,24,5,"[0.0, 0.2, 0.0, 0.0, 0.0, 0.0, 0.4, 0.0, 0.0, 0.0, 0.4]",2
산지해장국 세화점,11,1,"[0.0, 0.0, 0.0, 0.0, 1.0, 0.0, 0.0, 0.0, 0.0, 0.0, 0.0]",0
평대바다상점,10,3,"[0.0, 0.333333, 0.0, 0.0, 0.0, 0.0, 0.0, 0.0, 0.666667, 0.0, 0.0]",2
너럭,11,2,"[0.0, 1.0, 0.0, 0.0, 0.0, 0.0, 0.0, 0.0, 0.0, 0.0, 0.0]",0
코리아식당,11,1,"[0.0, 0.0, 0.0, 0.0, 0.0, 0.0, 0.0, 0.0, 1.0, 0.0, 0.0]",0
돌코롬도넛,11,1,"[0.0, 0.0, 0.0, 0.0, 0.0, 0.0, 0.0, 0.0, 1.0, 0.0, 0.0]",0
영은맛집,11,1,"[0.0, 1.0, 0.0, 0.0, 0.0, 0.0, 0.0, 0.0, 0.0, 0.0, 0.0]",0
오늘의바다,11,4,"[0.25, 0.5, 0.0, 0.0, 0.0, 0.0, 0.0, 0.0, 0.25, 0.0, 0.0]",1
아라리오뮤지엄 동문모텔1,3,2,"[0.0, 0.5, 0.0, 0.0, 0.0, 0.0, 0.0, 0.0, 0.0, 0.0, 0.5]",2
CU 제주신화빌라스점,10,1,"[0.0, 0.0, 0.0, 0.0, 0.0, 0.0, 0.0, 0.0, 0.0, 0.0, 1.0]",2
제주신화월드 신화빌라스5단지,24,3,"[0.0, 0.0, 0.0, 0.0, 0.0, 0.0, 0.0, 0.0, 0.0, 0.0, 1.0]",2
제주신화월드 서머셋클럽하우스,5,1,"[0.0, 0.0, 0.0, 0.0, 0.0, 1.0, 0.0, 0.0, 0.0, 0.0, 0.0]",2
중문사계절조개,11,3,"[0.0, 1.0, 0.0, 0.0, 0.0, 0.0, 0.0, 0.0, 0.0, 0.0, 0.0]",0
제주신화월드,24,1,"[0.0, 0.0, 0.0, 0.0, 0.0, 0.0, 0.0, 0.0, 0.0, 0.0, 1.0]",2
탐라중식당,11,1,"[0.0, 0.0, 0.0, 0.0, 0.0, 0.0, 0.0, 0.0, 1.0, 0.0, 0.0]",0
이호서프,5,2,"[0.0, 0.5, 0.0, 0.0, 0.0, 0.0, 0.0, 0.0, 0.5, 0.0, 0.0]",2
북마크하우스,24,3,"[0.0, 0.333333, 0.0, 0.0, 0.0, 0.0, 0.0, 0.0, 0.0, 0.0, 0.666667]",2
엔제리너스 한라수목원점,11,2,"[0.0, 0.0, 0.0, 0.0, 0.0, 0.5, 0.0, 0.0, 0.5, 0.0, 0.0]",0
한경가든,11,2,"[0.0, 1.0, 0.0, 0.0, 0.0, 0.0, 0.0, 0.0, 0.0, 0.0, 0.0]",0
제주초계한우,11,1,"[0.0, 1.0, 0.0, 0.0, 0.0, 0.0, 0.0, 0.0, 0.0, 0.0, 0.0]",0
롤링브루잉,11,3,"[0.0, 0.666667, 0.0, 0.0, 0.333333, 0.0, 0.0, 0.0, 0.0, 0.0, 0.0]",1
더벤티 해비치리조트점,11,1,"[0.0, 0.0, 0.0, 0.0, 0.0, 0.0, 0.0, 0.0, 1.0, 0.0, 0.0]",0
홍성방,11,5,"[0.0, 0.6, 0.0, 0.2, 0.2, 0.0, 0.0, 0.0, 0.0, 0.0, 0.0]",0
남원소바,11,1,"[0.0, 0.0, 0.0, 0.0, 0.0, 0.0, 0.0, 0.0, 1.0, 0.0, 0.0]",0
뜨리바다펜션,24,1,"[0.0, 1.0, 0.0, 0.0, 0.0, 0.0, 0.0, 0.0, 0.0, 0.0, 0.0]",2
김희선제주두루치기,11,1,"[0.0, 1.0, 0.0, 0.0, 0.0, 0.0, 0.0, 0.0, 0.0, 0.0, 0.0]",0
성산어촌계해녀의집,11,1,"[0.0, 0.0, 0.0, 0.0, 0.0, 0.0, 0.0, 0.0, 1.0, 0.0, 0.0]",0
이호웨이브,24,4,"[0.0, 0.0, 0.0, 0.0, 0.25, 0.25, 0.0, 0.0, 0.0, 0.0, 0.5]",2
달고기네은갈치,11,2,"[0.0, 0.0, 0.0, 0.0, 0.0, 0.0, 0.0, 0.0, 0.5, 0.0, 0.5]",0
맬록게스트하우스,24,1,"[0.0, 0.0, 0.0, 0.0, 1.0, 0.0, 0.0, 0.0, 0.0, 0.0, 0.0]",2
더제이드카페앤펍,11,2,"[0.0, 0.5, 0.0, 0.5, 0.0, 0.0, 0.0, 0.0, 0.0, 0.0, 0.0]",1
곤을커피,11,2,"[0.5, 0.0, 0.0, 0.0, 0.5, 0.0, 0.0, 0.0, 0.0, 0.0, 0.0]",1
주먹밥이야기,11,1,"[0.0, 1.0, 0.0, 0.0, 0.0, 0.0, 0.0, 0.0, 0.0, 0.0, 0.0]",0
흙소담,11,1,"[0.0, 0.0, 0.0, 0.0, 0.0, 0.0, 0.0, 1.0, 0.0, 0.0, 0.0]",0
팔천순대&카페 성산본점,11,2,"[0.0, 0.0, 0.0, 0.0, 0.5, 0.0, 0.0, 0.0, 0.0, 0.0, 0.5]",1
그림그리는펜션,24,5,"[0.0, 0.0, 0.0, 0.0, 0.0, 0.0, 0.0, 0.8, 0.0, 0.0, 0.2]",2
하모해수풀장,1,1,"[0.0, 0.0, 0.0, 0.0, 0.0, 0.0, 0.0, 0.0, 1.0, 0.0, 0.0]",2
제주해룡,11,1,"[0.0, 0.0, 0.0, 1.0, 0.0, 0.0, 0.0, 0.0, 0.0, 0.0, 0.0]",0
좀녀네집,11,2,"[0.0, 1.0, 0.0, 0.0, 0.0, 0.0, 0.0, 0.0, 0.0, 0.0, 0.0]",0
갯깍주상절리대,1,1,"[0.0, 1.0, 0.0, 0.0, 0.0, 0.0, 0.0, 0.0, 0.0, 0.0, 0.0]",2
더오젠호텔,24,1,"[0.0, 0.0, 0.0, 0.0, 0.0, 0.0, 0.0, 1.0, 0.0, 0.0, 0.0]",2
스마트무인텔,24,1,"[0.0, 0.0, 0.0, 0.0, 0.0, 0.0, 0.0, 0.0, 0.0, 0.0, 1.0]",2
쿨다이브,24,1,"[0.0, 1.0, 0.0, 0.0, 0.0, 0.0, 0.0, 0.0, 0.0, 0.0, 0.0]",2
오설록농장,1,2,"[0.5, 0.0, 0.0, 0.5, 0.0, 0.0, 0.0, 0.0, 0.0, 0.0, 0.0]",2
선흘낭,24,2,"[0.0, 1.0, 0.0, 0.0, 0.0, 0.0, 0.0, 0.0, 0.0, 0.0, 0.0]",2
산지해장국 노형직영점,11,2,"[0.0, 0.5, 0.0, 0.0, 0.5, 0.0, 0.0, 0.0, 0.0, 0.0, 0.0]",0
치치퐁,10,2,"[0.5, 0.0, 0.0, 0.0, 0.5, 0.0, 0.0, 0.0, 0.0, 0.0, 0.0]",1
도시정원,11,1,"[0.0, 0.0, 0.0, 0.0, 1.0, 0.0, 0.0, 0.0, 0.0, 0.0, 0.0]",0
당포로나인돈카츠,11,2,"[0.0, 1.0, 0.0, 0.0, 0.0, 0.0, 0.0, 0.0, 0.0, 0.0, 0.0]",0
우도래요,11,1,"[0.0, 0.0, 0.0, 0.0, 0.0, 0.0, 0.0, 0.0, 1.0, 0.0, 0.0]",1
소섬바라기,11,8,"[0.0, 0.125, 0.0, 0.125, 0.5, 0.125, 0.0, 0.125, 0.0, 0.0, 0.0]",0
검멀레해변 당나귀체험,13,1,"[0.0, 0.0, 0.0, 0.0, 0.0, 0.0, 0.0, 0.0, 1.0, 0.0, 0.0]",2
집나간왕새우 바람난조개구이 서귀포점,11,1,"[0.0, 1.0, 0.0, 0.0, 0.0, 0.0, 0.0, 0.0, 0.0, 0.0, 0.0]",0
더잇24 제주화순점,10,1,"[0.0, 0.0, 0.0, 0.0, 0.0, 1.0, 0.0, 0.0, 0.0, 0.0, 0.0]",2
북촌에가면,11,3,"[0.666667, 0.333333, 0.0, 0.0, 0.0, 0.0, 0.0, 0.0, 0.0, 0.0, 0.0]",0
빽다방 제주애월좋은마트점,11,2,"[0.0, 0.0, 0.0, 0.0, 0.0, 0.0, 0.0, 0.0, 1.0, 0.0, 0.0]",1
청도,11,1,"[0.0, 1.0, 0.0, 0.0, 0.0, 0.0, 0.0, 0.0, 0.0, 0.0, 0.0]",0
유수암캠핑장,24,2,"[0.5, 0.0, 0.0, 0.0, 0.0, 0.0, 0.0, 0.0, 0.0, 0.0, 0.5]",2
"이호테우해수욕장,도리로17",1,1,"[1.0, 0.0, 0.0, 0.0, 0.0, 0.0, 0.0, 0.0, 0.0, 0.0, 0.0]",2
제주달밤,24,1,"[0.0, 1.0, 0.0, 0.0, 0.0, 0.0, 0.0, 0.0, 0.0, 0.0, 0.0]",2
미카의달콤한작업실,11,2,"[0.0, 0.0, 0.0, 0.0, 0.0, 0.0, 0.0, 0.0, 0.5, 0.0, 0.5]",0
오우야 에스프레소바 모슬포점,11,1,"[0.0, 1.0, 0.0, 0.0, 0.0, 0.0, 0.0, 0.0, 0.0, 0.0, 0.0]",0
중문더드림감귤,13,2,"[0.0, 1.0, 0.0, 0.0, 0.0, 0.0, 0.0, 0.0, 0.0, 0.0, 0.0]",2
맛있는여행,10,2,"[0.0, 0.0, 0.0, 0.0, 0.0, 0.0, 0.0, 0.0, 1.0, 0.0, 0.0]",2
GS25 제주성산항점,10,2,"[0.0, 0.0, 0.0, 0.0, 0.0, 0.0, 0.0, 0.0, 1.0, 0.0, 0.0]",2
우리주유소,10,2,"[0.0, 0.0, 0.0, 0.0, 0.0, 0.0, 0.0, 0.0, 0.5, 0.0, 0.5]",2
BHC치킨 신연동점,11,1,"[0.0, 0.0, 0.0, 0.0, 0.0, 0.0, 0.0, 0.0, 0.0, 0.0, 1.0]",0
복집식당,11,1,"[0.0, 0.0, 0.0, 0.0, 1.0, 0.0, 0.0, 0.0, 0.0, 0.0, 0.0]",0
스위츠커피바,11,1,"[0.0, 1.0, 0.0, 0.0, 0.0, 0.0, 0.0, 0.0, 0.0, 0.0, 0.0]",1
제주 자몽호텔,24,7,"[0.0, 0.0, 0.0, 0.0, 0.0, 0.857143, 0.0, 0.142857, 0.0, 0.0, 0.0]",2
무호소반,11,1,"[0.0, 1.0, 0.0, 0.0, 0.0, 0.0, 0.0, 0.0, 0.0, 0.0, 0.0]",0
수일통닭 한림점,10,2,"[0.0, 0.5, 0.0, 0.0, 0.0, 0.0, 0.0, 0.0, 0.0, 0.0, 0.5]",0
한림공원 쌍용굴,1,1,"[1.0, 0.0, 0.0, 0.0, 0.0, 0.0, 0.0, 0.0, 0.0, 0.0, 0.0]",2
한림해장국,11,1,"[0.0, 0.0, 0.0, 0.0, 0.0, 1.0, 0.0, 0.0, 0.0, 0.0, 0.0]",0
롯데리아 모슬포점,11,1,"[0.0, 0.0, 0.0, 0.0, 0.0, 0.0, 0.0, 0.0, 1.0, 0.0, 0.0]",0
우도탕수육 소림각,11,1,"[0.0, 0.0, 0.0, 0.0, 0.0, 0.0, 0.0, 0.0, 1.0, 0.0, 0.0]",0
항도,11,1,"[0.0, 0.0, 0.0, 0.0, 0.0, 0.0, 0.0, 0.0, 1.0, 0.0, 0.0]",0
고흥식당,11,1,"[0.0, 0.0, 0.0, 0.0, 0.0, 0.0, 0.0, 0.0, 1.0, 0.0, 0.0]",0
바다나라횟집,11,1,"[0.0, 0.0, 0.0, 0.0, 0.0, 0.0, 0.0, 0.0, 1.0, 0.0, 0.0]",0
자연몸국,11,1,"[0.0, 1.0, 0.0, 0.0, 0.0, 0.0, 0.0, 0.0, 0.0, 0.0, 0.0]",0
자현우육면,11,1,"[0.0, 1.0, 0.0, 0.0, 0.0, 0.0, 0.0, 0.0, 0.0, 0.0, 0.0]",0
젤라떼리아섬,11,2,"[0.0, 1.0, 0.0, 0.0, 0.0, 0.0, 0.0, 0.0, 0.0, 0.0, 0.0]",0
은쥬얼LEE,4,1,"[0.0, 0.0, 0.0, 0.0, 0.0, 0.0, 0.0, 0.0, 1.0, 0.0, 0.0]",2
어제보다오늘,11,1,"[0.0, 0.0, 0.0, 0.0, 0.0, 0.0, 0.0, 0.0, 1.0, 0.0, 0.0]",1
드르쿰다 in성산,13,1,"[0.0, 1.0, 0.0, 0.0, 0.0, 0.0, 0.0, 0.0, 0.0, 0.0, 0.0]",2
머물다정식,11,1,"[0.0, 1.0, 0.0, 0.0, 0.0, 0.0, 0.0, 0.0, 0.0, 0.0, 0.0]",0
리치망고 월정점,11,1,"[0.0, 0.0, 0.0, 0.0, 0.0, 0.0, 0.0, 0.0, 1.0, 0.0, 0.0]",0
낭만팥집,11,2,"[0.0, 0.5, 0.0, 0.0, 0.0, 0.0, 0.0, 0.5, 0.0, 0.0, 0.0]",0
돈수육,11,2,"[0.0, 0.5, 0.0, 0.5, 0.0, 0.0, 0.0, 0.0, 0.0, 0.0, 0.0]",0
시머폿,11,3,"[0.0, 0.0, 0.0, 0.333333, 0.0, 0.0, 0.0, 0.0, 0.0, 0.0, 0.666667]",0
제주별미곳간,11,1,"[0.0, 0.0, 0.0, 0.0, 0.0, 0.0, 0.0, 0.0, 1.0, 0.0, 0.0]",0
지금여기에Part2,11,1,"[0.0, 0.0, 0.0, 0.0, 0.0, 0.0, 0.0, 0.0, 1.0, 0.0, 0.0]",0
용담삼동 2159,7,1,"[0.0, 0.0, 0.0, 0.0, 1.0, 0.0, 0.0, 0.0, 0.0, 0.0, 0.0]",2
뭉치푸줏간,11,1,"[0.0, 1.0, 0.0, 0.0, 0.0, 0.0, 0.0, 0.0, 0.0, 0.0, 0.0]",0
제주 애월 카츠,11,1,"[0.0, 0.0, 0.0, 0.0, 0.0, 1.0, 0.0, 0.0, 0.0, 0.0, 0.0]",0
한국지능정보사회진흥원 제주NIA글로벌센터,24,1,"[0.0, 0.0, 0.0, 0.0, 0.0, 0.0, 0.0, 0.0, 0.0, 0.0, 1.0]",2
크림,11,3,"[0.0, 0.333333, 0.0, 0.0, 0.0, 0.0, 0.0, 0.0, 0.666667, 0.0, 0.0]",1
도너츠윤 제주점,11,3,"[0.333333, 0.333333, 0.0, 0.0, 0.333333, 0.0, 0.0, 0.0, 0.0, 0.0, 0.0]",0
심박돈숙성흑돼지,11,1,"[0.0, 0.0, 0.0, 0.0, 0.0, 0.0, 0.0, 1.0, 0.0, 0.0, 0.0]",0
해비치호텔앤드리조트 제주 수영장,6,1,"[0.0, 1.0, 0.0, 0.0, 0.0, 0.0, 0.0, 0.0, 0.0, 0.0, 0.0]",2
더웰테라스,24,2,"[0.0, 0.0, 0.0, 0.0, 0.0, 0.0, 0.0, 0.0, 0.0, 0.0, 1.0]",2
그럼외도,11,2,"[0.0, 0.5, 0.0, 0.0, 0.0, 0.0, 0.0, 0.0, 0.5, 0.0, 0.0]",0
세컨디포레스트 제주점,11,1,"[0.0, 1.0, 0.0, 0.0, 0.0, 0.0, 0.0, 0.0, 0.0, 0.0, 0.0]",0
주민포차 대정점,11,1,"[0.0, 0.0, 0.0, 0.0, 1.0, 0.0, 0.0, 0.0, 0.0, 0.0, 0.0]",0
스위스빌리지,4,1,"[0.0, 0.0, 0.0, 0.0, 1.0, 0.0, 0.0, 0.0, 0.0, 0.0, 0.0]",2
남또리횟집,11,1,"[0.0, 1.0, 0.0, 0.0, 0.0, 0.0, 0.0, 0.0, 0.0, 0.0, 0.0]",0
필연,11,1,"[0.0, 0.0, 0.0, 0.0, 1.0, 0.0, 0.0, 0.0, 0.0, 0.0, 0.0]",0
구아우쇼콜라,11,1,"[0.0, 1.0, 0.0, 0.0, 0.0, 0.0, 0.0, 0.0, 0.0, 0.0, 0.0]",0
문화공간비수기,3,1,"[0.0, 1.0, 0.0, 0.0, 0.0, 0.0, 0.0, 0.0, 0.0, 0.0, 0.0]",2
짜이다방,11,1,"[0.0, 0.0, 0.0, 1.0, 0.0, 0.0, 0.0, 0.0, 0.0, 0.0, 0.0]",1
하동까스,11,1,"[0.0, 0.0, 0.0, 0.0, 0.0, 0.0, 0.0, 0.0, 1.0, 0.0, 0.0]",0
ICC제주갤러리,3,1,"[0.0, 0.0, 0.0, 0.0, 0.0, 0.0, 0.0, 0.0, 0.0, 1.0, 0.0]",2
영춘반점,11,1,"[0.0, 0.0, 0.0, 0.0, 1.0, 0.0, 0.0, 0.0, 0.0, 0.0, 0.0]",0
갤러리노리,3,1,"[0.0, 1.0, 0.0, 0.0, 0.0, 0.0, 0.0, 0.0, 0.0, 0.0, 0.0]",2
미보삿뽀로참치 제주연동점,11,1,"[0.0, 0.0, 0.0, 0.0, 1.0, 0.0, 0.0, 0.0, 0.0, 0.0, 0.0]",0
카페리블링스,11,1,"[0.0, 1.0, 0.0, 0.0, 0.0, 0.0, 0.0, 0.0, 0.0, 0.0, 0.0]",1
대윤흑돼지,11,2,"[0.0, 1.0, 0.0, 0.0, 0.0, 0.0, 0.0, 0.0, 0.0, 0.0, 0.0]",0
청담집,11,1,"[0.0, 0.0, 0.0, 0.0, 0.0, 0.0, 0.0, 0.0, 0.0, 0.0, 1.0]",0
토이마켓 서귀포점,4,1,"[0.0, 0.0, 0.0, 0.0, 0.0, 0.0, 0.0, 0.0, 1.0, 0.0, 0.0]",2
섭지코지전망대,7,3,"[0.666667, 0.0, 0.0, 0.0, 0.0, 0.0, 0.0, 0.0, 0.333333, 0.0, 0.0]",2
이조은식당,11,4,"[0.0, 0.5, 0.0, 0.25, 0.0, 0.0, 0.0, 0.25, 0.0, 0.0, 0.0]",0
한라봉농장,10,1,"[0.0, 0.0, 0.0, 0.0, 0.0, 0.0, 0.0, 0.0, 1.0, 0.0, 0.0]",2
왕산마리나항,6,1,"[0.0, 0.0, 0.0, 0.0, 1.0, 0.0, 0.0, 0.0, 0.0, 0.0, 0.0]",2
정원이있는마네,11,1,"[0.0, 0.0, 0.0, 0.0, 0.0, 0.0, 0.0, 0.0, 1.0, 0.0, 0.0]",1
제주설심당 모슬포점,11,1,"[0.0, 0.0, 0.0, 0.0, 0.0, 0.0, 0.0, 0.0, 1.0, 0.0, 0.0]",0
프롬혜,10,2,"[0.0, 0.0, 0.5, 0.0, 0.0, 0.0, 0.0, 0.0, 0.5, 0.0, 0.0]",2
선인장서프,13,1,"[0.0, 1.0, 0.0, 0.0, 0.0, 0.0, 0.0, 0.0, 0.0, 0.0, 0.0]",2
애월수산마트,10,1,"[0.0, 1.0, 0.0, 0.0, 0.0, 0.0, 0.0, 0.0, 0.0, 0.0, 0.0]",2
표선카라반,24,1,"[0.0, 0.0, 0.0, 0.0, 0.0, 0.0, 0.0, 1.0, 0.0, 0.0, 0.0]",2
도시해녀,5,3,"[0.0, 1.0, 0.0, 0.0, 0.0, 0.0, 0.0, 0.0, 0.0, 0.0, 0.0]",2
제주올레5코스 공식안내소,10,1,"[0.0, 0.0, 0.0, 0.0, 0.0, 0.0, 0.0, 0.0, 1.0, 0.0, 0.0]",2
인피니티펜션,11,2,"[0.0, 0.5, 0.0, 0.0, 0.5, 0.0, 0.0, 0.0, 0.0, 0.0, 0.0]",0
맥도날드 제주일도DT점,11,1,"[0.0, 0.0, 0.0, 0.0, 0.0, 1.0, 0.0, 0.0, 0.0, 0.0, 0.0]",0
롯데시네마 제주아라,3,1,"[0.0, 0.0, 0.0, 0.0, 0.0, 1.0, 0.0, 0.0, 0.0, 0.0, 0.0]",2
설레임게스트하우스,24,3,"[0.0, 1.0, 0.0, 0.0, 0.0, 0.0, 0.0, 0.0, 0.0, 0.0, 0.0]",2
애월포차,11,2,"[0.0, 0.5, 0.0, 0.0, 0.0, 0.0, 0.0, 0.0, 0.0, 0.0, 0.5]",0
리부아르,11,2,"[0.0, 0.5, 0.0, 0.0, 0.0, 0.0, 0.0, 0.0, 0.5, 0.0, 0.0]",1
트라이던트치킨&비어,11,1,"[0.0, 0.0, 0.0, 0.0, 0.0, 0.0, 0.0, 0.0, 1.0, 0.0, 0.0]",0
홍여순해장국,11,1,"[0.0, 1.0, 0.0, 0.0, 0.0, 0.0, 0.0, 0.0, 0.0, 0.0, 0.0]",0
카프리애월,24,2,"[0.0, 1.0, 0.0, 0.0, 0.0, 0.0, 0.0, 0.0, 0.0, 0.0, 0.0]",2
두빛나래리조트,24,2,"[0.0, 1.0, 0.0, 0.0, 0.0, 0.0, 0.0, 0.0, 0.0, 0.0, 0.0]",2
하노이안브라더스,11,1,"[0.0, 0.0, 0.0, 0.0, 1.0, 0.0, 0.0, 0.0, 0.0, 0.0, 0.0]",0
연안식당 제주연동점,11,1,"[0.0, 0.0, 0.0, 1.0, 0.0, 0.0, 0.0, 0.0, 0.0, 0.0, 0.0]",0
심스호텔,24,4,"[0.0, 0.0, 0.0, 0.5, 0.25, 0.0, 0.0, 0.25, 0.0, 0.0, 0.0]",2
토투가커피,11,3,"[0.0, 0.333333, 0.0, 0.333333, 0.0, 0.0, 0.0, 0.0, 0.333333, 0.0, 0.0]",1
제주의 별,11,2,"[0.0, 0.0, 0.0, 0.0, 0.0, 0.0, 0.0, 0.0, 1.0, 0.0, 0.0]",0
몰래물,1,1,"[0.0, 0.0, 0.0, 0.0, 0.0, 0.0, 0.0, 0.0, 1.0, 0.0, 0.0]",2
제주우드펍,11,2,"[0.0, 1.0, 0.0, 0.0, 0.0, 0.0, 0.0, 0.0, 0.0, 0.0, 0.0]",0
달콤한 휴식,11,1,"[0.0, 0.0, 0.0, 0.0, 0.0, 0.0, 0.0, 0.0, 1.0, 0.0, 0.0]",0
애월랑,11,2,"[0.0, 0.5, 0.0, 0.0, 0.5, 0.0, 0.0, 0.0, 0.0, 0.0, 0.0]",0
미풍해장국 모슬포점,11,1,"[0.0, 1.0, 0.0, 0.0, 0.0, 0.0, 0.0, 0.0, 0.0, 0.0, 0.0]",0
프립캠프,11,1,"[0.0, 0.0, 0.0, 0.0, 0.0, 0.0, 0.0, 0.0, 1.0, 0.0, 0.0]",0
진냉면,11,1,"[0.0, 0.0, 0.0, 0.0, 0.0, 1.0, 0.0, 0.0, 0.0, 0.0, 0.0]",0
미미파스타,11,1,"[0.0, 0.0, 0.0, 1.0, 0.0, 0.0, 0.0, 0.0, 0.0, 0.0, 0.0]",0
검은쇠몰고오는,11,2,"[0.0, 0.0, 0.5, 0.0, 0.5, 0.0, 0.0, 0.0, 0.0, 0.0, 0.0]",0
해비치호텔앤리조트 실외수영장,6,1,"[0.0, 0.0, 0.0, 1.0, 0.0, 0.0, 0.0, 0.0, 0.0, 0.0, 0.0]",2
베이커리 카페 벨라,11,1,"[1.0, 0.0, 0.0, 0.0, 0.0, 0.0, 0.0, 0.0, 0.0, 0.0, 0.0]",1
제주신화월드 코스모스밭,1,2,"[0.0, 0.5, 0.0, 0.0, 0.0, 0.0, 0.0, 0.0, 0.5, 0.0, 0.0]",2
스틸네거티브클럽,11,2,"[0.0, 0.5, 0.0, 0.5, 0.0, 0.0, 0.0, 0.0, 0.0, 0.0, 0.0]",0
종달리해변,1,4,"[0.0, 0.0, 0.0, 0.0, 0.5, 0.0, 0.0, 0.0, 0.5, 0.0, 0.0]",2
또똣제주백팩커스,24,4,"[0.0, 0.0, 0.0, 0.0, 0.0, 0.25, 0.0, 0.75, 0.0, 0.0, 0.0]",2
휴펜션,24,2,"[0.0, 0.0, 0.0, 0.0, 0.0, 0.0, 0.0, 0.5, 0.5, 0.0, 0.0]",2
온더스톤게스트하우스 성산점,24,5,"[0.0, 0.0, 0.0, 0.0, 0.0, 0.4, 0.0, 0.6, 0.0, 0.0, 0.0]",2
CU 제주516교차로점,10,1,"[0.0, 0.0, 0.0, 0.0, 0.0, 0.0, 0.0, 0.0, 1.0, 0.0, 0.0]",2
연돈볼카츠 제주사수점 주차장,11,1,"[0.0, 0.0, 0.0, 1.0, 0.0, 0.0, 0.0, 0.0, 0.0, 0.0, 0.0]",0
함덕촐래밥상,11,2,"[0.0, 0.5, 0.0, 0.0, 0.5, 0.0, 0.0, 0.0, 0.0, 0.0, 0.0]",0
온더스톤브런치카페,11,4,"[0.5, 0.25, 0.0, 0.0, 0.0, 0.0, 0.0, 0.25, 0.0, 0.0, 0.0]",1
제주도서핑샵 문서프,5,5,"[0.0, 0.8, 0.0, 0.0, 0.2, 0.0, 0.0, 0.0, 0.0, 0.0, 0.0]",2
연리지가든,11,2,"[0.0, 0.0, 0.0, 0.0, 1.0, 0.0, 0.0, 0.0, 0.0, 0.0, 0.0]",0
카페로쥬,11,1,"[0.0, 0.0, 0.0, 0.0, 0.0, 0.0, 0.0, 0.0, 1.0, 0.0, 0.0]",1
니모스토리,5,1,"[0.0, 0.0, 0.0, 0.0, 0.0, 1.0, 0.0, 0.0, 0.0, 0.0, 0.0]",2
안동본가국밥 서귀포점,11,1,"[1.0, 0.0, 0.0, 0.0, 0.0, 0.0, 0.0, 0.0, 0.0, 0.0, 0.0]",0
제주삼촌,13,1,"[0.0, 1.0, 0.0, 0.0, 0.0, 0.0, 0.0, 0.0, 0.0, 0.0, 0.0]",2
용호주유소,10,1,"[0.0, 0.0, 0.0, 0.0, 0.0, 0.0, 0.0, 0.0, 1.0, 0.0, 0.0]",2
흑곰,11,1,"[0.0, 1.0, 0.0, 0.0, 0.0, 0.0, 0.0, 0.0, 0.0, 0.0, 0.0]",0
더슬로우,11,2,"[0.0, 1.0, 0.0, 0.0, 0.0, 0.0, 0.0, 0.0, 0.0, 0.0, 0.0]",0
담뜨락,24,7,"[0.0, 0.285714, 0.0, 0.0, 0.428571, 0.0, 0.0, 0.0, 0.0, 0.0, 0.285714]",2
채정하,11,2,"[0.0, 0.0, 0.0, 0.0, 0.5, 0.5, 0.0, 0.0, 0.0, 0.0, 0.0]",0
잠녀네집,11,2,"[0.0, 0.5, 0.0, 0.0, 0.0, 0.0, 0.0, 0.0, 0.5, 0.0, 0.0]",0
가스름식당,11,3,"[0.0, 1.0, 0.0, 0.0, 0.0, 0.0, 0.0, 0.0, 0.0, 0.0, 0.0]",0
카페미깡,11,2,"[0.0, 0.5, 0.0, 0.0, 0.5, 0.0, 0.0, 0.0, 0.0, 0.0, 0.0]",1
제주엔우영베이커리카페,11,3,"[0.0, 0.333333, 0.0, 0.333333, 0.0, 0.0, 0.0, 0.0, 0.333333, 0.0, 0.0]",1
카페1950,11,3,"[0.0, 0.0, 0.0, 0.0, 0.0, 0.333333, 0.666667, 0.0, 0.0, 0.0, 0.0]",1
놀빛바다호,13,2,"[0.5, 0.0, 0.0, 0.0, 0.0, 0.0, 0.0, 0.0, 0.0, 0.5, 0.0]",2
부띠끄풀빌라 나미브,24,2,"[0.5, 0.5, 0.0, 0.0, 0.0, 0.0, 0.0, 0.0, 0.0, 0.0, 0.0]",2
착한집,11,2,"[0.5, 0.5, 0.0, 0.0, 0.0, 0.0, 0.0, 0.0, 0.0, 0.0, 0.0]",0
쉘브르,11,1,"[0.0, 0.0, 0.0, 0.0, 0.0, 0.0, 0.0, 0.0, 1.0, 0.0, 0.0]",1
탄광맥주,11,2,"[0.0, 0.5, 0.0, 0.0, 0.0, 0.0, 0.0, 0.0, 0.5, 0.0, 0.0]",0
용머리해안 기후변화홍보관,1,1,"[0.0, 0.0, 0.0, 1.0, 0.0, 0.0, 0.0, 0.0, 0.0, 0.0, 0.0]",2
사거리사또집농산물,4,1,"[1.0, 0.0, 0.0, 0.0, 0.0, 0.0, 0.0, 0.0, 0.0, 0.0, 0.0]",2
도련주유소,10,2,"[0.0, 0.0, 0.0, 0.0, 0.0, 0.0, 0.0, 0.0, 0.5, 0.0, 0.5]",2
신산리마을카페,11,4,"[0.0, 0.0, 0.0, 0.0, 0.75, 0.25, 0.0, 0.0, 0.0, 0.0, 0.0]",1
전설의감자탕앤왕돈가스,11,2,"[0.5, 0.0, 0.0, 0.0, 0.5, 0.0, 0.0, 0.0, 0.0, 0.0, 0.0]",0
살아있는해물뚝배기 어마장장,11,2,"[0.0, 1.0, 0.0, 0.0, 0.0, 0.0, 0.0, 0.0, 0.0, 0.0, 0.0]",0
새왓댁 1호점,24,3,"[0.0, 0.0, 0.0, 0.0, 0.0, 0.0, 0.0, 0.666667, 0.0, 0.0, 0.333333]",2
올레삼다정,11,1,"[0.0, 1.0, 0.0, 0.0, 0.0, 0.0, 0.0, 0.0, 0.0, 0.0, 0.0]",0
선덕사,2,1,"[1.0, 0.0, 0.0, 0.0, 0.0, 0.0, 0.0, 0.0, 0.0, 0.0, 0.0]",2
바램,13,1,"[0.0, 1.0, 0.0, 0.0, 0.0, 0.0, 0.0, 0.0, 0.0, 0.0, 0.0]",2
비오토피아 수풍석박물관,2,2,"[0.5, 0.0, 0.0, 0.0, 0.0, 0.0, 0.0, 0.0, 0.0, 0.5, 0.0]",2
자연스러운식당,11,1,"[0.0, 1.0, 0.0, 0.0, 0.0, 0.0, 0.0, 0.0, 0.0, 0.0, 0.0]",0
바다다펜션,24,2,"[0.0, 0.0, 0.0, 0.0, 0.0, 0.0, 0.0, 1.0, 0.0, 0.0, 0.0]",2
위미브런치,11,1,"[0.0, 0.0, 0.0, 0.0, 0.0, 1.0, 0.0, 0.0, 0.0, 0.0, 0.0]",0
한입베어,11,1,"[0.0, 0.0, 0.0, 0.0, 1.0, 0.0, 0.0, 0.0, 0.0, 0.0, 0.0]",1
돈풍,11,1,"[0.0, 1.0, 0.0, 0.0, 0.0, 0.0, 0.0, 0.0, 0.0, 0.0, 0.0]",0
아웃백스테이크하우스 제주점,11,2,"[0.0, 0.0, 0.0, 0.5, 0.5, 0.0, 0.0, 0.0, 0.0, 0.0, 0.0]",0
노형삼대국수회관,11,2,"[0.0, 0.5, 0.0, 0.0, 0.5, 0.0, 0.0, 0.0, 0.0, 0.0, 0.0]",0
제주흑돼지복댕이,11,1,"[0.0, 1.0, 0.0, 0.0, 0.0, 0.0, 0.0, 0.0, 0.0, 0.0, 0.0]",0
야야,11,4,"[0.0, 0.25, 0.0, 0.0, 0.0, 0.0, 0.0, 0.0, 0.75, 0.0, 0.0]",0
아난드요가원,5,2,"[1.0, 0.0, 0.0, 0.0, 0.0, 0.0, 0.0, 0.0, 0.0, 0.0, 0.0]",2
삼도명가,11,2,"[0.0, 0.5, 0.0, 0.0, 0.0, 0.0, 0.0, 0.0, 0.0, 0.0, 0.5]",0
토닥토닥카페,11,1,"[0.0, 0.0, 0.0, 0.0, 0.0, 0.0, 0.0, 0.0, 1.0, 0.0, 0.0]",1
고산성당,2,1,"[0.0, 0.0, 0.0, 0.0, 0.0, 0.0, 0.0, 0.0, 0.0, 0.0, 1.0]",2
오지하우스 신제주점,11,1,"[1.0, 0.0, 0.0, 0.0, 0.0, 0.0, 0.0, 0.0, 0.0, 0.0, 0.0]",0
뉴제주호텔,24,4,"[0.0, 0.0, 0.0, 0.0, 0.0, 1.0, 0.0, 0.0, 0.0, 0.0, 0.0]",2
표선항,7,1,"[0.0, 0.0, 0.0, 0.0, 0.0, 0.0, 0.0, 0.0, 0.0, 0.0, 1.0]",2
보라지붕,11,7,"[0.142857, 0.571429, 0.0, 0.0, 0.0, 0.142857, 0.0, 0.0, 0.142857, 0.0, 0.0]",1
용두암현대1차아파트,24,2,"[0.0, 0.0, 0.0, 0.0, 0.0, 0.0, 0.0, 0.0, 0.0, 0.0, 1.0]",2
산호전복,11,5,"[0.0, 0.0, 0.0, 0.2, 0.4, 0.2, 0.0, 0.0, 0.0, 0.0, 0.2]",0
better flat 카페,11,1,"[0.0, 0.0, 0.0, 0.0, 0.0, 1.0, 0.0, 0.0, 0.0, 0.0, 0.0]",1
칠돈가,11,1,"[0.0, 1.0, 0.0, 0.0, 0.0, 0.0, 0.0, 0.0, 0.0, 0.0, 0.0]",0
돌갱이네집,11,2,"[0.0, 0.5, 0.0, 0.0, 0.0, 0.0, 0.0, 0.0, 0.5, 0.0, 0.0]",0
일번지해장국,11,1,"[0.0, 0.0, 0.0, 0.0, 0.0, 0.0, 0.0, 0.0, 1.0, 0.0, 0.0]",0
춘심이네 2호점,11,2,"[0.0, 0.0, 0.0, 0.0, 0.0, 0.0, 0.0, 0.0, 1.0, 0.0, 0.0]",0
제주애월한정식,11,1,"[0.0, 0.0, 0.0, 0.0, 0.0, 0.0, 0.0, 0.0, 1.0, 0.0, 0.0]",0
행복식당,11,1,"[0.0, 0.0, 0.0, 0.0, 0.0, 0.0, 0.0, 0.0, 1.0, 0.0, 0.0]",0
대란갈비,11,1,"[0.0, 1.0, 0.0, 0.0, 0.0, 0.0, 0.0, 0.0, 0.0, 0.0, 0.0]",0
카페동경앤책방,11,1,"[0.0, 0.0, 1.0, 0.0, 0.0, 0.0, 0.0, 0.0, 0.0, 0.0, 0.0]",1
대돈,11,3,"[0.333333, 0.0, 0.0, 0.0, 0.0, 0.0, 0.0, 0.0, 0.666667, 0.0, 0.0]",0
스무,11,2,"[0.0, 1.0, 0.0, 0.0, 0.0, 0.0, 0.0, 0.0, 0.0, 0.0, 0.0]",0
소요펜션,24,1,"[0.0, 0.0, 0.0, 0.0, 1.0, 0.0, 0.0, 0.0, 0.0, 0.0, 0.0]",2
솔향바다가든,11,1,"[1.0, 0.0, 0.0, 0.0, 0.0, 0.0, 0.0, 0.0, 0.0, 0.0, 0.0]",0
제주동문재래시장 8-1입구,4,1,"[1.0, 0.0, 0.0, 0.0, 0.0, 0.0, 0.0, 0.0, 0.0, 0.0, 0.0]",2
도나망,11,1,"[0.0, 0.0, 0.0, 0.0, 0.0, 0.0, 0.0, 0.0, 1.0, 0.0, 0.0]",0
참치정육점 주주,11,1,"[0.0, 0.0, 0.0, 0.0, 1.0, 0.0, 0.0, 0.0, 0.0, 0.0, 0.0]",0
신마라본색 칠성점,11,1,"[0.0, 0.0, 0.0, 0.0, 0.0, 0.0, 0.0, 0.0, 1.0, 0.0, 0.0]",0
고향숯불막창 제주지사,11,1,"[0.0, 0.0, 0.0, 0.0, 1.0, 0.0, 0.0, 0.0, 0.0, 0.0, 0.0]",0
신화의거리,4,1,"[0.0, 0.0, 0.0, 0.0, 0.0, 0.0, 0.0, 0.0, 1.0, 0.0, 0.0]",2
CU 제주신엄점,10,1,"[0.0, 0.0, 0.0, 0.0, 0.0, 1.0, 0.0, 0.0, 0.0, 0.0, 0.0]",2
어승생,1,2,"[1.0, 0.0, 0.0, 0.0, 0.0, 0.0, 0.0, 0.0, 0.0, 0.0, 0.0]",2
제주돌창고,11,1,"[0.0, 1.0, 0.0, 0.0, 0.0, 0.0, 0.0, 0.0, 0.0, 0.0, 0.0]",1
농업회사법인 유진팡,1,2,"[0.0, 0.5, 0.0, 0.0, 0.0, 0.0, 0.0, 0.0, 0.0, 0.5, 0.0]",2
순례자의교회,2,2,"[0.0, 0.5, 0.0, 0.0, 0.5, 0.0, 0.0, 0.0, 0.0, 0.0, 0.0]",2
라라김밥,11,1,"[0.0, 0.0, 0.0, 1.0, 0.0, 0.0, 0.0, 0.0, 0.0, 0.0, 0.0]",0
한라산기도원,13,1,"[0.0, 0.0, 0.0, 0.0, 1.0, 0.0, 0.0, 0.0, 0.0, 0.0, 0.0]",2
모슬포교회 역사관,2,1,"[0.0, 0.0, 0.0, 0.0, 1.0, 0.0, 0.0, 0.0, 0.0, 0.0, 0.0]",2
서림연대,1,1,"[0.0, 0.0, 0.0, 0.0, 0.0, 0.0, 0.0, 0.0, 1.0, 0.0, 0.0]",2
당산봉,1,4,"[0.5, 0.5, 0.0, 0.0, 0.0, 0.0, 0.0, 0.0, 0.0, 0.0, 0.0]",2
카페폴린,11,1,"[0.0, 1.0, 0.0, 0.0, 0.0, 0.0, 0.0, 0.0, 0.0, 0.0, 0.0]",1
따소롬,11,1,"[0.0, 1.0, 0.0, 0.0, 0.0, 0.0, 0.0, 0.0, 0.0, 0.0, 0.0]",1
메종글래드제주 더 라운지,11,1,"[0.0, 0.0, 0.0, 1.0, 0.0, 0.0, 0.0, 0.0, 0.0, 0.0, 0.0]",0
월정리해안도로,7,1,"[0.0, 0.0, 0.0, 1.0, 0.0, 0.0, 0.0, 0.0, 0.0, 0.0, 0.0]",2
타라타전동킥보드,5,1,"[0.0, 0.0, 0.0, 0.0, 0.0, 0.0, 1.0, 0.0, 0.0, 0.0, 0.0]",2
대어호횟집,11,1,"[0.0, 0.0, 0.0, 0.0, 0.0, 1.0, 0.0, 0.0, 0.0, 0.0, 0.0]",0
도도베이커리,10,2,"[0.5, 0.5, 0.0, 0.0, 0.0, 0.0, 0.0, 0.0, 0.0, 0.0, 0.0]",1
메종글래드제주 더파티오풀,6,2,"[0.0, 0.0, 0.0, 0.5, 0.0, 0.0, 0.5, 0.0, 0.0, 0.0, 0.0]",2
CU 서귀외돌개점,10,1,"[0.0, 0.0, 0.0, 0.0, 0.0, 1.0, 0.0, 0.0, 0.0, 0.0, 0.0]",2
뚜르셀프카페,11,1,"[0.0, 0.0, 0.0, 1.0, 0.0, 0.0, 0.0, 0.0, 0.0, 0.0, 0.0]",1
벌크커피 삼도점,11,1,"[0.0, 0.0, 0.0, 0.0, 0.0, 0.0, 0.0, 1.0, 0.0, 0.0, 0.0]",1
세븐스타코인노래연습장 서귀포점,4,1,"[0.0, 0.0, 0.0, 0.0, 0.0, 0.0, 0.0, 0.0, 1.0, 0.0, 0.0]",2
꽁지삼춘네,11,1,"[0.0, 0.0, 0.0, 0.0, 0.0, 0.0, 0.0, 1.0, 0.0, 0.0, 0.0]",0
던킨 제주신화월드점,11,1,"[0.0, 0.0, 0.0, 0.0, 0.0, 1.0, 0.0, 0.0, 0.0, 0.0, 0.0]",0
제주 종달리전망대,1,1,"[0.0, 0.0, 0.0, 0.0, 0.0, 0.0, 0.0, 0.0, 1.0, 0.0, 0.0]",2
제주옹기정원 야원,11,3,"[0.0, 1.0, 0.0, 0.0, 0.0, 0.0, 0.0, 0.0, 0.0, 0.0, 0.0]",0
꿀봉,11,6,"[0.5, 0.166667, 0.166667, 0.0, 0.0, 0.0, 0.0, 0.0, 0.166667, 0.0, 0.0]",0
논짓물해수족욕카페,13,5,"[0.0, 0.6, 0.2, 0.0, 0.0, 0.0, 0.0, 0.0, 0.2, 0.0, 0.0]",1
솔오름전망대,1,4,"[0.0, 0.5, 0.0, 0.0, 0.25, 0.0, 0.0, 0.0, 0.25, 0.0, 0.0]",2
카페 공드리,11,1,"[0.0, 0.0, 0.0, 0.0, 0.0, 0.0, 0.0, 0.0, 1.0, 0.0, 0.0]",1
캠핑고래 제주점,10,3,"[0.0, 0.0, 0.0, 0.0, 0.0, 0.666667, 0.0, 0.333333, 0.0, 0.0, 0.0]",2
갈매기팸,11,3,"[0.0, 0.333333, 0.0, 0.333333, 0.0, 0.0, 0.0, 0.0, 0.333333, 0.0, 0.0]",1
우뭇개해안,1,1,"[1.0, 0.0, 0.0, 0.0, 0.0, 0.0, 0.0, 0.0, 0.0, 0.0, 0.0]",2
레프트핸더 게스트하우스,24,2,"[0.0, 0.0, 0.0, 0.0, 0.0, 0.0, 0.5, 0.0, 0.0, 0.0, 0.5]",2
조실장회센터,11,1,"[0.0, 1.0, 0.0, 0.0, 0.0, 0.0, 0.0, 0.0, 0.0, 0.0, 0.0]",0
세컨드스토리,1,2,"[0.0, 0.5, 0.0, 0.0, 0.5, 0.0, 0.0, 0.0, 0.0, 0.0, 0.0]",0
슬로우트립 게스트하우스,24,1,"[0.0, 0.0, 0.0, 0.0, 0.0, 0.0, 0.0, 0.0, 0.0, 0.0, 1.0]",2
바람벽에흰당나귀,11,1,"[0.0, 1.0, 0.0, 0.0, 0.0, 0.0, 0.0, 0.0, 0.0, 0.0, 0.0]",0
멘도롱돈까스,11,4,"[0.25, 0.0, 0.0, 0.0, 0.25, 0.0, 0.0, 0.0, 0.25, 0.0, 0.25]",0
숙자네숟가락젓가락,11,2,"[0.0, 1.0, 0.0, 0.0, 0.0, 0.0, 0.0, 0.0, 0.0, 0.0, 0.0]",0
카도 본점,11,1,"[0.0, 0.0, 0.0, 0.0, 1.0, 0.0, 0.0, 0.0, 0.0, 0.0, 0.0]",0
빈티지1950카페펜션,24,2,"[0.0, 0.0, 0.0, 0.0, 0.0, 0.0, 0.5, 0.0, 0.0, 0.0, 0.5]",2
요가베르데,13,1,"[0.0, 1.0, 0.0, 0.0, 0.0, 0.0, 0.0, 0.0, 0.0, 0.0, 0.0]",2
미르오메기떡,10,1,"[0.0, 0.0, 0.0, 0.0, 1.0, 0.0, 0.0, 0.0, 0.0, 0.0, 0.0]",2
미르게스트하우스,24,1,"[0.0, 1.0, 0.0, 0.0, 0.0, 0.0, 0.0, 0.0, 0.0, 0.0, 0.0]",2
월정스티치,4,1,"[0.0, 0.0, 0.0, 0.0, 0.0, 0.0, 0.0, 0.0, 1.0, 0.0, 0.0]",2
함덕식탁,11,1,"[0.0, 1.0, 0.0, 0.0, 0.0, 0.0, 0.0, 0.0, 0.0, 0.0, 0.0]",0
사랑약국,10,1,"[0.0, 0.0, 0.0, 0.0, 0.0, 0.0, 0.0, 0.0, 1.0, 0.0, 0.0]",2
제주곱,11,1,"[0.0, 1.0, 0.0, 0.0, 0.0, 0.0, 0.0, 0.0, 0.0, 0.0, 0.0]",0
고기굽는해녀,11,1,"[0.0, 1.0, 0.0, 0.0, 0.0, 0.0, 0.0, 0.0, 0.0, 0.0, 0.0]",0
아이스크림크라켄그리고정석농장,11,1,"[0.0, 0.0, 0.0, 0.0, 1.0, 0.0, 0.0, 0.0, 0.0, 0.0, 0.0]",1
평대주유소,10,1,"[0.0, 0.0, 0.0, 0.0, 0.0, 0.0, 0.0, 0.0, 1.0, 0.0, 0.0]",2
감성밥집바다의집,11,1,"[0.0, 1.0, 0.0, 0.0, 0.0, 0.0, 0.0, 0.0, 0.0, 0.0, 0.0]",0
루스트플레이스 노형점,11,1,"[0.0, 0.0, 0.0, 0.0, 1.0, 0.0, 0.0, 0.0, 0.0, 0.0, 0.0]",0
삐꼴라상점,4,2,"[1.0, 0.0, 0.0, 0.0, 0.0, 0.0, 0.0, 0.0, 0.0, 0.0, 0.0]",2
용담주유소,10,1,"[0.0, 0.0, 0.0, 0.0, 0.0, 0.0, 0.0, 0.0, 1.0, 0.0, 0.0]",2
탑스킨케어,13,1,"[0.0, 1.0, 0.0, 0.0, 0.0, 0.0, 0.0, 0.0, 0.0, 0.0, 0.0]",2
정든마을고깃집,11,1,"[0.0, 1.0, 0.0, 0.0, 0.0, 0.0, 0.0, 0.0, 0.0, 0.0, 0.0]",0
유메야마,11,1,"[1.0, 0.0, 0.0, 0.0, 0.0, 0.0, 0.0, 0.0, 0.0, 0.0, 0.0]",0
백한철꽈배기식빵,11,2,"[0.0, 0.5, 0.0, 0.5, 0.0, 0.0, 0.0, 0.0, 0.0, 0.0, 0.0]",0
강정중국집,11,1,"[0.0, 1.0, 0.0, 0.0, 0.0, 0.0, 0.0, 0.0, 0.0, 0.0, 0.0]",0
해물나무 제주한림점,11,1,"[0.0, 0.0, 0.0, 0.0, 0.0, 1.0, 0.0, 0.0, 0.0, 0.0, 0.0]",0
대박왕갈비,11,1,"[0.0, 1.0, 0.0, 0.0, 0.0, 0.0, 0.0, 0.0, 0.0, 0.0, 0.0]",0
윤가네흑돼지대패삼겹살,11,1,"[0.0, 0.0, 0.0, 0.0, 0.0, 1.0, 0.0, 0.0, 0.0, 0.0, 0.0]",0
바다위언덕펜션,24,2,"[0.0, 0.5, 0.0, 0.0, 0.0, 0.0, 0.0, 0.0, 0.0, 0.0, 0.5]",2
언더라운지 함덕점,11,3,"[0.333333, 0.666667, 0.0, 0.0, 0.0, 0.0, 0.0, 0.0, 0.0, 0.0, 0.0]",0
핸드아트제주,13,1,"[0.0, 1.0, 0.0, 0.0, 0.0, 0.0, 0.0, 0.0, 0.0, 0.0, 0.0]",2
스타코엑스 별표주유소,10,1,"[0.0, 0.0, 0.0, 0.0, 0.0, 1.0, 0.0, 0.0, 0.0, 0.0, 0.0]",2
맘스터치 협재점,11,1,"[0.0, 0.0, 0.0, 0.0, 0.0, 1.0, 0.0, 0.0, 0.0, 0.0, 0.0]",0
남원큰엉해안경승지,1,1,"[0.0, 0.0, 0.0, 0.0, 1.0, 0.0, 0.0, 0.0, 0.0, 0.0, 0.0]",2
세븐일레븐 제주연동청원점,10,1,"[0.0, 0.0, 0.0, 0.0, 0.0, 1.0, 0.0, 0.0, 0.0, 0.0, 0.0]",2
난드르깡통구이,11,1,"[0.0, 0.0, 0.0, 0.0, 1.0, 0.0, 0.0, 0.0, 0.0, 0.0, 0.0]",0
다이소 제주도남점,10,1,"[0.0, 0.0, 0.0, 0.0, 0.0, 0.0, 0.0, 0.0, 1.0, 0.0, 0.0]",2
동홍교회,2,1,"[0.0, 0.0, 0.0, 0.0, 0.0, 0.0, 0.0, 0.0, 0.0, 0.0, 1.0]",2
와인씨 제주,10,1,"[0.0, 1.0, 0.0, 0.0, 0.0, 0.0, 0.0, 0.0, 0.0, 0.0, 0.0]",2
안덕하나주유소,10,1,"[0.0, 0.0, 0.0, 0.0, 0.0, 0.0, 0.0, 0.0, 0.0, 0.0, 1.0]",2
내손에쏙물회 제주,11,3,"[0.0, 0.333333, 0.0, 0.0, 0.333333, 0.0, 0.0, 0.0, 0.333333, 0.0, 0.0]",0
사계진미 일도점,11,1,"[0.0, 0.0, 0.0, 0.0, 0.0, 0.0, 0.0, 0.0, 1.0, 0.0, 0.0]",0
미미슈,11,2,"[0.5, 0.0, 0.0, 0.0, 0.5, 0.0, 0.0, 0.0, 0.0, 0.0, 0.0]",0
중문정든해장국집,11,2,"[0.0, 0.5, 0.0, 0.5, 0.0, 0.0, 0.0, 0.0, 0.0, 0.0, 0.0]",0
대정향교,2,3,"[0.333333, 0.0, 0.0, 0.0, 0.0, 0.0, 0.0, 0.0, 0.0, 0.666667, 0.0]",2
성산갈치맛집,11,5,"[0.2, 0.6, 0.0, 0.0, 0.0, 0.0, 0.0, 0.0, 0.2, 0.0, 0.0]",0
썬라이즈호텔 섭지코지점,24,4,"[0.0, 0.0, 0.0, 0.0, 0.0, 0.25, 0.0, 0.75, 0.0, 0.0, 0.0]",2
토토네,11,2,"[0.0, 0.0, 0.0, 0.0, 0.5, 0.0, 0.0, 0.0, 0.5, 0.0, 0.0]",1
남도리쉼터,7,3,"[0.0, 0.333333, 0.0, 0.0, 0.0, 0.0, 0.0, 0.0, 0.666667, 0.0, 0.0]",2
CU 제주하귀점,10,1,"[0.0, 0.0, 0.0, 0.0, 0.0, 0.0, 0.0, 0.0, 1.0, 0.0, 0.0]",2
파앤이스트,10,3,"[0.333333, 0.333333, 0.0, 0.333333, 0.0, 0.0, 0.0, 0.0, 0.0, 0.0, 0.0]",2
까사펠리즈,24,1,"[0.0, 0.0, 0.0, 1.0, 0.0, 0.0, 0.0, 0.0, 0.0, 0.0, 0.0]",2
제주다움렌터카,10,4,"[0.0, 0.0, 0.0, 0.0, 0.0, 0.0, 0.0, 0.75, 0.0, 0.0, 0.25]",2
썬레이크빌 제주,24,1,"[0.0, 0.0, 0.0, 0.0, 0.0, 1.0, 0.0, 0.0, 0.0, 0.0, 0.0]",2
브릭216,24,3,"[0.0, 0.333333, 0.0, 0.0, 0.0, 0.0, 0.0, 0.666667, 0.0, 0.0, 0.0]",2
"디아넥스 온천, 수영장",6,2,"[0.0, 0.0, 0.0, 0.0, 0.0, 0.0, 1.0, 0.0, 0.0, 0.0, 0.0]",2
맛의고수,11,1,"[0.0, 0.0, 0.0, 0.0, 0.0, 0.0, 0.0, 0.0, 1.0, 0.0, 0.0]",0
디아넥스호텔 레스토랑,11,1,"[0.0, 0.0, 0.0, 0.0, 0.0, 0.0, 1.0, 0.0, 0.0, 0.0, 0.0]",0
카페본태,11,1,"[0.0, 0.0, 0.0, 0.0, 0.0, 0.0, 0.0, 0.0, 1.0, 0.0, 0.0]",1
한라산영농조합법인,11,1,"[0.0, 0.0, 0.0, 0.0, 1.0, 0.0, 0.0, 0.0, 0.0, 0.0, 0.0]",0
삼다버거,11,1,"[1.0, 0.0, 0.0, 0.0, 0.0, 0.0, 0.0, 0.0, 0.0, 0.0, 0.0]",0
유키효잡화점,10,3,"[0.0, 0.0, 0.0, 0.666667, 0.0, 0.0, 0.0, 0.0, 0.333333, 0.0, 0.0]",2
책닦는남자 북스테이,24,1,"[0.0, 0.0, 0.0, 0.0, 0.0, 0.0, 0.0, 1.0, 0.0, 0.0, 0.0]",2
롯지먼트,11,1,"[0.0, 1.0, 0.0, 0.0, 0.0, 0.0, 0.0, 0.0, 0.0, 0.0, 0.0]",0
깃든카페,11,2,"[0.0, 0.0, 0.0, 0.0, 0.0, 0.0, 0.0, 0.0, 1.0, 0.0, 0.0]",1
화북코끼리식당,11,1,"[0.0, 1.0, 0.0, 0.0, 0.0, 0.0, 0.0, 0.0, 0.0, 0.0, 0.0]",0
멜맥집,11,2,"[0.0, 0.0, 0.0, 0.0, 0.0, 0.5, 0.0, 0.0, 0.0, 0.0, 0.5]",0
수모루공원,1,1,"[0.0, 1.0, 0.0, 0.0, 0.0, 0.0, 0.0, 0.0, 0.0, 0.0, 0.0]",2
발랄한맥주,11,2,"[0.0, 0.0, 0.0, 0.0, 0.0, 0.0, 0.0, 0.0, 1.0, 0.0, 0.0]",0
이모밥상,11,1,"[0.0, 1.0, 0.0, 0.0, 0.0, 0.0, 0.0, 0.0, 0.0, 0.0, 0.0]",0
송정식당,11,2,"[0.0, 1.0, 0.0, 0.0, 0.0, 0.0, 0.0, 0.0, 0.0, 0.0, 0.0]",0
돈카츠서황,11,4,"[0.25, 0.0, 0.0, 0.5, 0.25, 0.0, 0.0, 0.0, 0.0, 0.0, 0.0]",0
라마다프라자제주호텔 더블루,24,2,"[0.0, 0.5, 0.0, 0.5, 0.0, 0.0, 0.0, 0.0, 0.0, 0.0, 0.0]",2
제주영락교회,2,1,"[1.0, 0.0, 0.0, 0.0, 0.0, 0.0, 0.0, 0.0, 0.0, 0.0, 0.0]",2
서귀포 갈치전복 전문점 바다어멍,11,2,"[0.0, 0.5, 0.5, 0.0, 0.0, 0.0, 0.0, 0.0, 0.0, 0.0, 0.0]",0
오세화,24,4,"[0.0, 0.0, 0.0, 0.0, 1.0, 0.0, 0.0, 0.0, 0.0, 0.0, 0.0]",2
하토우커피로스터스,11,1,"[0.0, 1.0, 0.0, 0.0, 0.0, 0.0, 0.0, 0.0, 0.0, 0.0, 0.0]",1
카페레겐탁,11,1,"[0.0, 0.0, 0.0, 0.0, 0.0, 0.0, 0.0, 0.0, 1.0, 0.0, 0.0]",1
신대로12길식당,11,1,"[0.0, 0.0, 0.0, 0.0, 0.0, 0.0, 0.0, 0.0, 1.0, 0.0, 0.0]",0
민오름,7,1,"[0.0, 1.0, 0.0, 0.0, 0.0, 0.0, 0.0, 0.0, 0.0, 0.0, 0.0]",2
팔팔자연산회센타,11,3,"[0.0, 0.333333, 0.0, 0.0, 0.333333, 0.333333, 0.0, 0.0, 0.0, 0.0, 0.0]",0
제이투호텔,24,2,"[0.0, 0.0, 0.0, 0.0, 0.0, 0.0, 0.0, 1.0, 0.0, 0.0, 0.0]",2
행복주유소,10,1,"[0.0, 0.0, 0.0, 0.0, 0.0, 0.0, 0.0, 0.0, 1.0, 0.0, 0.0]",2
제주스위스마을,7,4,"[0.75, 0.0, 0.0, 0.0, 0.0, 0.0, 0.0, 0.0, 0.25, 0.0, 0.0]",2
맨도롱또똣,11,1,"[0.0, 0.0, 0.0, 0.0, 0.0, 0.0, 0.0, 0.0, 1.0, 0.0, 0.0]",0
바람,11,2,"[0.0, 0.0, 0.0, 0.0, 0.5, 0.0, 0.0, 0.0, 0.5, 0.0, 0.0]",1
제주 스위스마을 412동,24,1,"[0.0, 0.0, 0.0, 0.0, 1.0, 0.0, 0.0, 0.0, 0.0, 0.0, 0.0]",2
금요일의아침 조금,11,1,"[0.0, 0.0, 0.0, 0.0, 1.0, 0.0, 0.0, 0.0, 0.0, 0.0, 0.0]",0
개월이오름,1,1,"[0.0, 0.0, 0.0, 1.0, 0.0, 0.0, 0.0, 0.0, 0.0, 0.0, 0.0]",2
명품전통육개장,11,1,"[0.0, 0.0, 0.0, 1.0, 0.0, 0.0, 0.0, 0.0, 0.0, 0.0, 0.0]",0
제주한라대학교 한라컨벤션센터,3,1,"[0.0, 0.0, 0.0, 0.0, 1.0, 0.0, 0.0, 0.0, 0.0, 0.0, 0.0]",2
한라향,11,1,"[0.0, 0.0, 0.0, 0.0, 1.0, 0.0, 0.0, 0.0, 0.0, 0.0, 0.0]",0
삼무공원,1,6,"[0.333333, 0.166667, 0.0, 0.166667, 0.0, 0.166667, 0.0, 0.0, 0.166667, 0.0, 0.0]",2
서흘포 서사라점,11,1,"[0.0, 0.0, 0.0, 0.0, 1.0, 0.0, 0.0, 0.0, 0.0, 0.0, 0.0]",0
유남회센타,11,1,"[0.0, 0.0, 0.0, 0.0, 1.0, 0.0, 0.0, 0.0, 0.0, 0.0, 0.0]",0
제주시탐라도서관,3,1,"[0.0, 0.0, 0.0, 0.0, 1.0, 0.0, 0.0, 0.0, 0.0, 0.0, 0.0]",2
한스K55흑돼지장작구이,11,1,"[0.0, 0.0, 0.0, 0.0, 1.0, 0.0, 0.0, 0.0, 0.0, 0.0, 0.0]",0
고득고득,10,4,"[0.0, 0.0, 0.0, 0.0, 0.0, 0.0, 0.0, 0.0, 1.0, 0.0, 0.0]",2
블랑드오조,24,1,"[0.0, 0.0, 0.0, 0.0, 0.0, 0.0, 0.0, 1.0, 0.0, 0.0, 0.0]",2
카페헛간,11,1,"[0.0, 1.0, 0.0, 0.0, 0.0, 0.0, 0.0, 0.0, 0.0, 0.0, 0.0]",1
모슬포호텔 1동,24,1,"[0.0, 0.0, 0.0, 0.0, 0.0, 0.0, 0.0, 1.0, 0.0, 0.0, 0.0]",2
아모렉스,24,1,"[0.0, 0.0, 0.0, 0.0, 0.0, 1.0, 0.0, 0.0, 0.0, 0.0, 0.0]",2
멜케,11,2,"[0.5, 0.0, 0.0, 0.0, 0.5, 0.0, 0.0, 0.0, 0.0, 0.0, 0.0]",0
문동일셰프녹차고을,11,1,"[0.0, 1.0, 0.0, 0.0, 0.0, 0.0, 0.0, 0.0, 0.0, 0.0, 0.0]",0
대박이네,10,2,"[0.0, 0.0, 0.0, 0.0, 0.0, 0.5, 0.0, 0.0, 0.5, 0.0, 0.0]",2
오르다하우스,24,5,"[0.0, 0.4, 0.0, 0.0, 0.0, 0.0, 0.0, 0.2, 0.0, 0.0, 0.4]",2
한라산 어승생악정상분기점,1,1,"[1.0, 0.0, 0.0, 0.0, 0.0, 0.0, 0.0, 0.0, 0.0, 0.0, 0.0]",2
제주롱비치펜션,24,4,"[0.0, 0.5, 0.0, 0.0, 0.5, 0.0, 0.0, 0.0, 0.0, 0.0, 0.0]",2
소풍이야기펜션,24,2,"[0.0, 1.0, 0.0, 0.0, 0.0, 0.0, 0.0, 0.0, 0.0, 0.0, 0.0]",2
꽃길만걷차 산방산점,13,1,"[0.0, 1.0, 0.0, 0.0, 0.0, 0.0, 0.0, 0.0, 0.0, 0.0, 0.0]",2
황궁쟁반짜장 노형점,11,1,"[0.0, 0.0, 0.0, 0.0, 1.0, 0.0, 0.0, 0.0, 0.0, 0.0, 0.0]",0
두문포갈치,11,1,"[0.0, 1.0, 0.0, 0.0, 0.0, 0.0, 0.0, 0.0, 0.0, 0.0, 0.0]",0
좋은만두김밥,11,1,"[0.0, 0.0, 0.0, 0.0, 0.0, 0.0, 0.0, 0.0, 1.0, 0.0, 0.0]",0
알작지,1,2,"[0.5, 0.0, 0.0, 0.0, 0.0, 0.5, 0.0, 0.0, 0.0, 0.0, 0.0]",2
애월항,1,3,"[0.0, 0.0, 0.0, 0.0, 0.333333, 0.0, 0.0, 0.0, 0.666667, 0.0, 0.0]",2
효돈수제돈까스,11,1,"[0.0, 0.0, 0.0, 0.0, 0.0, 0.0, 0.0, 1.0, 0.0, 0.0, 0.0]",0
빌라메르시,24,2,"[0.0, 1.0, 0.0, 0.0, 0.0, 0.0, 0.0, 0.0, 0.0, 0.0, 0.0]",2
초계명가 제주본점,11,1,"[0.0, 0.0, 0.0, 0.0, 0.0, 0.0, 0.0, 0.0, 1.0, 0.0, 0.0]",0
채식카페 작은부엌,11,1,"[0.0, 1.0, 0.0, 0.0, 0.0, 0.0, 0.0, 0.0, 0.0, 0.0, 0.0]",1
함덕해수욕장 야영장,24,4,"[0.25, 0.0, 0.0, 0.5, 0.25, 0.0, 0.0, 0.0, 0.0, 0.0, 0.0]",2
삼형제다락방펜션,24,1,"[0.0, 0.0, 0.0, 0.0, 0.0, 0.0, 0.0, 1.0, 0.0, 0.0, 0.0]",2
취다선리조트,24,4,"[0.0, 0.5, 0.0, 0.0, 0.0, 0.0, 0.5, 0.0, 0.0, 0.0, 0.0]",2
그릉그릉파스타가게,11,1,"[0.0, 0.0, 0.0, 1.0, 0.0, 0.0, 0.0, 0.0, 0.0, 0.0, 0.0]",0
새우동,11,1,"[0.0, 1.0, 0.0, 0.0, 0.0, 0.0, 0.0, 0.0, 0.0, 0.0, 0.0]",0
태흥주유소,10,1,"[0.0, 0.0, 0.0, 0.0, 0.0, 1.0, 0.0, 0.0, 0.0, 0.0, 0.0]",2
제주역게스트하우스,24,1,"[0.0, 0.0, 0.0, 0.0, 0.0, 0.0, 0.0, 1.0, 0.0, 0.0, 0.0]",2
블루오션 차귀도요트,5,2,"[0.5, 0.0, 0.0, 0.0, 0.5, 0.0, 0.0, 0.0, 0.0, 0.0, 0.0]",2
흥부가,11,1,"[0.0, 0.0, 0.0, 0.0, 0.0, 0.0, 0.0, 0.0, 1.0, 0.0, 0.0]",0
어군,11,1,"[0.0, 1.0, 0.0, 0.0, 0.0, 0.0, 0.0, 0.0, 0.0, 0.0, 0.0]",0
더그랜드섬오름 신관,24,5,"[0.0, 0.8, 0.0, 0.0, 0.0, 0.0, 0.0, 0.0, 0.0, 0.0, 0.2]",2
동환식당,11,1,"[0.0, 1.0, 0.0, 0.0, 0.0, 0.0, 0.0, 0.0, 0.0, 0.0, 0.0]",0
수제홍과일모찌 애월하귀점,11,1,"[0.0, 1.0, 0.0, 0.0, 0.0, 0.0, 0.0, 0.0, 0.0, 0.0, 0.0]",0
비앤썬펜션,24,2,"[0.0, 0.5, 0.0, 0.0, 0.0, 0.0, 0.5, 0.0, 0.0, 0.0, 0.0]",2
일출식자재마트 전기차충전소,10,1,"[0.0, 0.0, 0.0, 0.0, 0.0, 1.0, 0.0, 0.0, 0.0, 0.0, 0.0]",2
SK디앤디 가시리풍력발전소,10,1,"[0.0, 0.0, 0.0, 0.0, 0.0, 0.0, 0.0, 0.0, 1.0, 0.0, 0.0]",2
제주주민갈비,11,1,"[0.0, 0.0, 0.0, 0.0, 0.0, 0.0, 0.0, 0.0, 1.0, 0.0, 0.0]",0
돌그리안브런치카페,11,1,"[0.0, 1.0, 0.0, 0.0, 0.0, 0.0, 0.0, 0.0, 0.0, 0.0, 0.0]",1
삼대전통고기국수,11,1,"[0.0, 0.0, 0.0, 1.0, 0.0, 0.0, 0.0, 0.0, 0.0, 0.0, 0.0]",0
한솥도시락 제주대정점,11,1,"[0.0, 0.0, 0.0, 0.0, 0.0, 0.0, 0.0, 0.0, 0.0, 0.0, 1.0]",0
호끌락다락,11,2,"[0.0, 1.0, 0.0, 0.0, 0.0, 0.0, 0.0, 0.0, 0.0, 0.0, 0.0]",0
메가MGC커피 제주삼화초점,11,1,"[0.0, 0.0, 0.0, 0.0, 0.0, 1.0, 0.0, 0.0, 0.0, 0.0, 0.0]",1
마들렌제주,11,1,"[0.0, 1.0, 0.0, 0.0, 0.0, 0.0, 0.0, 0.0, 0.0, 0.0, 0.0]",0
웃뜨리,11,1,"[0.0, 1.0, 0.0, 0.0, 0.0, 0.0, 0.0, 0.0, 0.0, 0.0, 0.0]",0
CU 서부관광점,10,1,"[0.0, 0.0, 0.0, 0.0, 0.0, 0.0, 0.0, 0.0, 1.0, 0.0, 0.0]",2
도르도르 중문점,11,1,"[0.0, 1.0, 0.0, 0.0, 0.0, 0.0, 0.0, 0.0, 0.0, 0.0, 0.0]",0
집시루트 원석판매,1,1,"[0.0, 1.0, 0.0, 0.0, 0.0, 0.0, 0.0, 0.0, 0.0, 0.0, 0.0]",2
저지떡방앗간,10,2,"[0.0, 0.5, 0.0, 0.5, 0.0, 0.0, 0.0, 0.0, 0.0, 0.0, 0.0]",2
황금손가락 산방산점,11,3,"[0.0, 0.666667, 0.0, 0.0, 0.0, 0.0, 0.0, 0.0, 0.333333, 0.0, 0.0]",0
파도식당,11,2,"[0.0, 0.5, 0.0, 0.0, 0.5, 0.0, 0.0, 0.0, 0.0, 0.0, 0.0]",0
모들공간,24,4,"[0.0, 0.75, 0.0, 0.0, 0.25, 0.0, 0.0, 0.0, 0.0, 0.0, 0.0]",2
제주아우룸,24,1,"[0.0, 0.0, 0.0, 0.0, 0.0, 1.0, 0.0, 0.0, 0.0, 0.0, 0.0]",2
육회공작소,11,1,"[0.0, 0.0, 0.0, 0.0, 1.0, 0.0, 0.0, 0.0, 0.0, 0.0, 0.0]",0
더필통,24,1,"[0.0, 1.0, 0.0, 0.0, 0.0, 0.0, 0.0, 0.0, 0.0, 0.0, 0.0]",2
산방산둘레길,7,1,"[1.0, 0.0, 0.0, 0.0, 0.0, 0.0, 0.0, 0.0, 0.0, 0.0, 0.0]",2
굿나잇플리즈,24,2,"[0.0, 0.0, 0.0, 0.0, 0.0, 1.0, 0.0, 0.0, 0.0, 0.0, 0.0]",2
제주해양레저타운,5,2,"[0.5, 0.0, 0.0, 0.0, 0.0, 0.0, 0.0, 0.0, 0.0, 0.0, 0.5]",2
옥이네복돼지,11,1,"[0.0, 0.0, 0.0, 0.0, 1.0, 0.0, 0.0, 0.0, 0.0, 0.0, 0.0]",0
소노벨제주 신관,24,2,"[0.0, 0.0, 0.0, 0.0, 0.0, 0.0, 0.0, 0.0, 0.0, 0.0, 1.0]",2
고와리,11,1,"[1.0, 0.0, 0.0, 0.0, 0.0, 0.0, 0.0, 0.0, 0.0, 0.0, 0.0]",0
제주울어멍김밥,11,1,"[0.0, 0.0, 0.0, 0.0, 0.0, 0.0, 0.0, 0.0, 0.0, 0.0, 1.0]",0
CU 제주진드르점,10,1,"[0.0, 0.0, 0.0, 0.0, 0.0, 0.0, 0.0, 0.0, 1.0, 0.0, 0.0]",2
돌랑돌랑상점 제주국제공항점,11,1,"[0.0, 0.0, 0.0, 0.0, 0.0, 0.0, 0.0, 0.0, 1.0, 0.0, 0.0]",0
한성오메기떡,4,3,"[0.0, 0.333333, 0.0, 0.666667, 0.0, 0.0, 0.0, 0.0, 0.0, 0.0, 0.0]",0
제쭈,11,1,"[0.0, 0.0, 0.0, 0.0, 0.0, 0.0, 0.0, 0.0, 1.0, 0.0, 0.0]",0
소꿉놀이,11,1,"[0.0, 0.0, 0.0, 0.0, 0.0, 0.0, 0.0, 0.0, 1.0, 0.0, 0.0]",0
어느멋진날,11,1,"[0.0, 1.0, 0.0, 0.0, 0.0, 0.0, 0.0, 0.0, 0.0, 0.0, 0.0]",0
휴애리자연생활공원 매표소,1,1,"[0.0, 1.0, 0.0, 0.0, 0.0, 0.0, 0.0, 0.0, 0.0, 0.0, 0.0]",2
프렌즈스크린골프 인화,5,1,"[0.0, 0.0, 0.0, 0.0, 0.0, 1.0, 0.0, 0.0, 0.0, 0.0, 0.0]",2
9커피,11,1,"[0.0, 0.0, 0.0, 0.0, 0.0, 0.0, 0.0, 0.0, 1.0, 0.0, 0.0]",1
다행,11,1,"[0.0, 1.0, 0.0, 0.0, 0.0, 0.0, 0.0, 0.0, 0.0, 0.0, 0.0]",1
한라산컨트리클럽,5,1,"[0.0, 0.0, 0.0, 0.0, 1.0, 0.0, 0.0, 0.0, 0.0, 0.0, 0.0]",2
신용참숯갈비,11,1,"[0.0, 0.0, 0.0, 0.0, 1.0, 0.0, 0.0, 0.0, 0.0, 0.0, 0.0]",0
두리아 일도점,11,1,"[1.0, 0.0, 0.0, 0.0, 0.0, 0.0, 0.0, 0.0, 0.0, 0.0, 0.0]",0
골프존카운티 오라,5,1,"[0.0, 0.0, 0.0, 0.0, 1.0, 0.0, 0.0, 0.0, 0.0, 0.0, 0.0]",2
용담생국수,11,1,"[0.0, 0.0, 0.0, 0.0, 0.0, 0.0, 0.0, 0.0, 1.0, 0.0, 0.0]",0
송훈파크 크라운돼지,11,1,"[0.0, 0.0, 1.0, 0.0, 0.0, 0.0, 0.0, 0.0, 0.0, 0.0, 0.0]",0
세븐일레븐 제주우도천진항점,10,1,"[0.0, 0.0, 0.0, 0.0, 0.0, 0.0, 0.0, 0.0, 1.0, 0.0, 0.0]",2
동촌하우스,24,6,"[0.0, 0.333333, 0.0, 0.0, 0.0, 0.0, 0.0, 0.0, 0.0, 0.0, 0.666667]",2
에코루벤,24,2,"[0.0, 0.0, 0.0, 1.0, 0.0, 0.0, 0.0, 0.0, 0.0, 0.0, 0.0]",2
메가MGC커피 제주롯데시티점,4,1,"[0.0, 0.0, 0.0, 0.0, 0.0, 1.0, 0.0, 0.0, 0.0, 0.0, 0.0]",2
콜로세움카페,11,1,"[0.0, 0.0, 0.0, 0.0, 1.0, 0.0, 0.0, 0.0, 0.0, 0.0, 0.0]",1
제주연동일성트루엘오피스텔,24,1,"[0.0, 0.0, 0.0, 1.0, 0.0, 0.0, 0.0, 0.0, 0.0, 0.0, 0.0]",2
탐탐56,24,4,"[0.0, 0.5, 0.0, 0.0, 0.0, 0.0, 0.0, 0.0, 0.0, 0.0, 0.5]",2
공간움놀깨,11,1,"[0.0, 1.0, 0.0, 0.0, 0.0, 0.0, 0.0, 0.0, 0.0, 0.0, 0.0]",0
제주축협 한우플라자,11,1,"[0.0, 1.0, 0.0, 0.0, 0.0, 0.0, 0.0, 0.0, 0.0, 0.0, 0.0]",0
애월코스트34,24,3,"[0.0, 0.0, 0.0, 0.0, 0.0, 0.666667, 0.0, 0.333333, 0.0, 0.0, 0.0]",2
호근정원,24,3,"[0.0, 1.0, 0.0, 0.0, 0.0, 0.0, 0.0, 0.0, 0.0, 0.0, 0.0]",2
우도전기렌트카,10,2,"[0.0, 0.0, 0.0, 0.0, 0.0, 0.5, 0.0, 0.0, 0.0, 0.0, 0.5]",2
류차이,11,3,"[0.0, 1.0, 0.0, 0.0, 0.0, 0.0, 0.0, 0.0, 0.0, 0.0, 0.0]",0
중문삼다통갈치,11,1,"[0.0, 1.0, 0.0, 0.0, 0.0, 0.0, 0.0, 0.0, 0.0, 0.0, 0.0]",0
목리,11,1,"[0.0, 0.0, 0.0, 0.0, 0.0, 0.0, 0.0, 0.0, 1.0, 0.0, 0.0]",1
역전할머니맥주 연동점,11,1,"[0.0, 0.0, 0.0, 0.0, 0.0, 0.0, 0.0, 1.0, 0.0, 0.0, 0.0]",0
제주담스테이,24,3,"[0.0, 0.0, 0.0, 0.0, 0.0, 0.0, 0.0, 1.0, 0.0, 0.0, 0.0]",2
이승악오름,7,1,"[0.0, 0.0, 0.0, 0.0, 1.0, 0.0, 0.0, 0.0, 0.0, 0.0, 0.0]",2
대정시크릿풀빌라,24,1,"[0.0, 0.0, 0.0, 0.0, 0.0, 0.0, 0.0, 1.0, 0.0, 0.0, 0.0]",2
볼륨,11,2,"[0.0, 0.5, 0.0, 0.0, 0.5, 0.0, 0.0, 0.0, 0.0, 0.0, 0.0]",0
눈을맞추다 제주점,4,1,"[0.0, 0.0, 0.0, 0.0, 1.0, 0.0, 0.0, 0.0, 0.0, 0.0, 0.0]",2
스테이어라운드,24,4,"[0.0, 0.25, 0.0, 0.0, 0.0, 0.0, 0.0, 0.75, 0.0, 0.0, 0.0]",2
달콤다락,4,1,"[0.0, 0.0, 0.0, 0.0, 0.0, 0.0, 0.0, 0.0, 1.0, 0.0, 0.0]",2
호텔G,24,2,"[0.0, 0.0, 0.0, 0.0, 0.0, 1.0, 0.0, 0.0, 0.0, 0.0, 0.0]",2
수봉로,7,1,"[1.0, 0.0, 0.0, 0.0, 0.0, 0.0, 0.0, 0.0, 0.0, 0.0, 0.0]",2
스시테이카이센동,11,4,"[0.0, 0.5, 0.0, 0.5, 0.0, 0.0, 0.0, 0.0, 0.0, 0.0, 0.0]",0
제니스카페,11,2,"[0.0, 0.5, 0.0, 0.5, 0.0, 0.0, 0.0, 0.0, 0.0, 0.0, 0.0]",1
한라드블랑,11,1,"[0.0, 1.0, 0.0, 0.0, 0.0, 0.0, 0.0, 0.0, 0.0, 0.0, 0.0]",1
안성식당,11,1,"[0.0, 1.0, 0.0, 0.0, 0.0, 0.0, 0.0, 0.0, 0.0, 0.0, 0.0]",0
요리바카,11,1,"[0.0, 1.0, 0.0, 0.0, 0.0, 0.0, 0.0, 0.0, 0.0, 0.0, 0.0]",0
강원수산&남원동,11,1,"[0.0, 1.0, 0.0, 0.0, 0.0, 0.0, 0.0, 0.0, 0.0, 0.0, 0.0]",0
어진이네물회,11,1,"[0.0, 1.0, 0.0, 0.0, 0.0, 0.0, 0.0, 0.0, 0.0, 0.0, 0.0]",0
오캄커피,11,1,"[0.0, 0.0, 0.0, 0.0, 0.0, 1.0, 0.0, 0.0, 0.0, 0.0, 0.0]",1
더딘,24,2,"[0.0, 0.5, 0.0, 0.0, 0.0, 0.0, 0.0, 0.0, 0.0, 0.0, 0.5]",2
필기,10,2,"[0.5, 0.0, 0.0, 0.0, 0.0, 0.0, 0.0, 0.0, 0.0, 0.0, 0.5]",2
하이커하우스 보보,4,1,"[0.0, 1.0, 0.0, 0.0, 0.0, 0.0, 0.0, 0.0, 0.0, 0.0, 0.0]",2
그린마트 우도점,10,2,"[0.0, 0.0, 0.0, 0.0, 0.0, 0.5, 0.5, 0.0, 0.0, 0.0, 0.0]",2
제주의계절,10,1,"[0.0, 1.0, 0.0, 0.0, 0.0, 0.0, 0.0, 0.0, 0.0, 0.0, 0.0]",2
인디고트리,4,1,"[0.0, 1.0, 0.0, 0.0, 0.0, 0.0, 0.0, 0.0, 0.0, 0.0, 0.0]",2
희진주유소,10,1,"[0.0, 0.0, 0.0, 0.0, 0.0, 0.0, 0.0, 1.0, 0.0, 0.0, 0.0]",2
세븐일레븐 제주우도비양도점,10,1,"[0.0, 0.0, 0.0, 0.0, 0.0, 0.0, 1.0, 0.0, 0.0, 0.0, 0.0]",2
레몬트리게스트하우스 1호점,24,1,"[0.0, 1.0, 0.0, 0.0, 0.0, 0.0, 0.0, 0.0, 0.0, 0.0, 0.0]",2
호우호시,11,1,"[0.0, 0.0, 0.0, 0.0, 0.0, 0.0, 0.0, 0.0, 1.0, 0.0, 0.0]",0
해송수산물회센타,11,1,"[0.0, 0.0, 0.0, 0.0, 0.0, 0.0, 0.0, 0.0, 1.0, 0.0, 0.0]",0
황칠족발,11,1,"[0.0, 1.0, 0.0, 0.0, 0.0, 0.0, 0.0, 0.0, 0.0, 0.0, 0.0]",0
애월 파티하는오누게스트하우스,24,1,"[1.0, 0.0, 0.0, 0.0, 0.0, 0.0, 0.0, 0.0, 0.0, 0.0, 0.0]",2
흑돼지일번지,11,1,"[0.0, 0.0, 0.0, 0.0, 0.0, 1.0, 0.0, 0.0, 0.0, 0.0, 0.0]",0
제주마당,11,1,"[0.0, 1.0, 0.0, 0.0, 0.0, 0.0, 0.0, 0.0, 0.0, 0.0, 0.0]",0
서귀포칼호텔 살레,24,2,"[0.0, 0.0, 0.0, 0.0, 0.0, 0.0, 0.0, 1.0, 0.0, 0.0, 0.0]",2
제주그때그집 협재판포점,11,1,"[0.0, 1.0, 0.0, 0.0, 0.0, 0.0, 0.0, 0.0, 0.0, 0.0, 0.0]",0
월드컵약국,10,1,"[0.0, 0.0, 0.0, 0.0, 0.0, 0.0, 0.0, 0.0, 1.0, 0.0, 0.0]",2
제주냥이,11,1,"[0.0, 1.0, 0.0, 0.0, 0.0, 0.0, 0.0, 0.0, 0.0, 0.0, 0.0]",0
카페록록 세화읍내점,11,1,"[0.0, 0.0, 0.0, 0.0, 0.0, 0.0, 0.0, 0.0, 0.0, 0.0, 1.0]",1
제주신화월드랜딩관,24,3,"[0.333333, 0.0, 0.333333, 0.0, 0.0, 0.0, 0.0, 0.0, 0.0, 0.0, 0.333333]",2
카페 돈내코로95,11,1,"[0.0, 0.0, 0.0, 0.0, 0.0, 0.0, 0.0, 0.0, 1.0, 0.0, 0.0]",1
치즈발전소,11,1,"[0.0, 0.0, 0.0, 0.0, 0.0, 0.0, 0.0, 0.0, 0.0, 0.0, 1.0]",0
사람휘트니스 연동점,5,1,"[0.0, 1.0, 0.0, 0.0, 0.0, 0.0, 0.0, 0.0, 0.0, 0.0, 0.0]",2
막쇠 연동점,11,1,"[0.0, 0.0, 0.0, 0.0, 0.0, 0.0, 0.0, 0.0, 1.0, 0.0, 0.0]",0
벳내린,11,1,"[0.0, 0.0, 0.0, 0.0, 0.0, 0.0, 0.0, 0.0, 0.0, 0.0, 1.0]",0
카페디캠,11,3,"[0.333333, 0.0, 0.0, 0.333333, 0.0, 0.0, 0.0, 0.0, 0.0, 0.0, 0.333333]",1
다이소 제주본점,10,2,"[0.0, 0.0, 0.0, 0.0, 0.0, 0.0, 0.0, 0.0, 1.0, 0.0, 0.0]",2
다이소 제주일도점,10,1,"[0.0, 0.0, 0.0, 0.0, 0.0, 0.0, 0.0, 0.0, 1.0, 0.0, 0.0]",2
모슬포정미소,11,1,"[0.0, 0.0, 0.0, 0.0, 0.0, 0.0, 0.0, 0.0, 1.0, 0.0, 0.0]",1
어부피자,11,1,"[0.0, 1.0, 0.0, 0.0, 0.0, 0.0, 0.0, 0.0, 0.0, 0.0, 0.0]",0
랜딩관 제주신화월드 호텔앤리조트,24,4,"[0.0, 0.0, 0.0, 0.0, 0.0, 0.0, 0.0, 1.0, 0.0, 0.0, 0.0]",2
뉴월드마트 신제주점,10,2,"[0.0, 0.0, 0.0, 0.0, 0.0, 0.0, 0.0, 0.0, 0.5, 0.0, 0.5]",2
초롱민박 조식,24,1,"[0.0, 0.0, 0.0, 0.0, 0.0, 0.0, 0.0, 1.0, 0.0, 0.0, 0.0]",2
머묾한동,24,1,"[0.0, 1.0, 0.0, 0.0, 0.0, 0.0, 0.0, 0.0, 0.0, 0.0, 0.0]",2
OHD카페,11,4,"[0.0, 0.25, 0.0, 0.0, 0.5, 0.25, 0.0, 0.0, 0.0, 0.0, 0.0]",1
옥만이네 한라수목원점,11,1,"[0.0, 1.0, 0.0, 0.0, 0.0, 0.0, 0.0, 0.0, 0.0, 0.0, 0.0]",0
인생네컷 제주제이원카트클럽점,5,1,"[0.0, 1.0, 0.0, 0.0, 0.0, 0.0, 0.0, 0.0, 0.0, 0.0, 0.0]",2
까보스코 레스토랑,11,1,"[0.0, 0.0, 0.0, 0.0, 1.0, 0.0, 0.0, 0.0, 0.0, 0.0, 0.0]",0
폴바셋 제주아라DT점,11,3,"[0.0, 0.0, 0.0, 0.0, 0.333333, 0.0, 0.0, 0.0, 0.666667, 0.0, 0.0]",0
히든클리프호텔 앤 네이쳐 치치라운지,24,1,"[0.0, 0.0, 0.0, 0.0, 0.0, 0.0, 0.0, 0.0, 1.0, 0.0, 0.0]",2
가름물흑돼지,11,2,"[0.0, 0.0, 0.0, 0.0, 0.0, 0.0, 0.0, 0.0, 1.0, 0.0, 0.0]",0
희스토리,11,1,"[0.0, 0.0, 0.0, 0.0, 0.0, 1.0, 0.0, 0.0, 0.0, 0.0, 0.0]",0
꿈꾸는바다펜션,24,1,"[0.0, 1.0, 0.0, 0.0, 0.0, 0.0, 0.0, 0.0, 0.0, 0.0, 0.0]",2
리볼버,11,3,"[1.0, 0.0, 0.0, 0.0, 0.0, 0.0, 0.0, 0.0, 0.0, 0.0, 0.0]",0
잇마이피자,11,1,"[0.0, 0.0, 0.0, 0.0, 1.0, 0.0, 0.0, 0.0, 0.0, 0.0, 0.0]",0
석부작박물관,2,1,"[0.0, 0.0, 0.0, 1.0, 0.0, 0.0, 0.0, 0.0, 0.0, 0.0, 0.0]",2
노을리,11,1,"[0.0, 1.0, 0.0, 0.0, 0.0, 0.0, 0.0, 0.0, 0.0, 0.0, 0.0]",0
나원회포차,11,1,"[0.0, 1.0, 0.0, 0.0, 0.0, 0.0, 0.0, 0.0, 0.0, 0.0, 0.0]",0
랑지다,11,2,"[0.0, 1.0, 0.0, 0.0, 0.0, 0.0, 0.0, 0.0, 0.0, 0.0, 0.0]",0
168테우,11,2,"[0.0, 0.0, 0.0, 0.0, 0.0, 0.0, 0.0, 0.0, 1.0, 0.0, 0.0]",0
아일랜드오아시스,11,2,"[0.0, 0.5, 0.0, 0.0, 0.5, 0.0, 0.0, 0.0, 0.0, 0.0, 0.0]",0
켄싱턴리조트 제주중문 멤버스라운지,11,1,"[0.0, 0.0, 0.0, 0.0, 0.0, 0.0, 1.0, 0.0, 0.0, 0.0, 0.0]",0
위호텔 야외수영장,6,1,"[0.0, 1.0, 0.0, 0.0, 0.0, 0.0, 0.0, 0.0, 0.0, 0.0, 0.0]",2
앵무야앵무야,13,1,"[0.0, 0.0, 0.0, 0.0, 0.0, 0.0, 0.0, 0.0, 1.0, 0.0, 0.0]",2
제주승마장,5,2,"[0.0, 0.5, 0.0, 0.0, 0.0, 0.0, 0.0, 0.5, 0.0, 0.0, 0.0]",2
오롯한집,24,1,"[0.0, 1.0, 0.0, 0.0, 0.0, 0.0, 0.0, 0.0, 0.0, 0.0, 0.0]",2
서작가초밥집,11,1,"[0.0, 0.0, 0.0, 1.0, 0.0, 0.0, 0.0, 0.0, 0.0, 0.0, 0.0]",0
고집순두부 연동본점,11,3,"[0.0, 0.0, 0.0, 0.0, 0.0, 0.0, 0.0, 0.0, 1.0, 0.0, 0.0]",0
엠버씨티호텔,24,1,"[0.0, 0.0, 0.0, 0.0, 0.0, 1.0, 0.0, 0.0, 0.0, 0.0, 0.0]",2
바람에머물다,11,2,"[0.0, 1.0, 0.0, 0.0, 0.0, 0.0, 0.0, 0.0, 0.0, 0.0, 0.0]",0
레이지박스,11,1,"[0.0, 0.0, 0.0, 0.0, 0.0, 0.0, 0.0, 0.0, 1.0, 0.0, 0.0]",0
두툼한고기돈돼지,11,7,"[0.0, 0.857143, 0.0, 0.0, 0.0, 0.0, 0.0, 0.142857, 0.0, 0.0, 0.0]",0
동복뚝배기,11,3,"[0.0, 0.333333, 0.0, 0.0, 0.333333, 0.333333, 0.0, 0.0, 0.0, 0.0, 0.0]",0
인터파크렌터카,10,6,"[0.0, 0.0, 0.0, 0.166667, 0.166667, 0.0, 0.0, 0.166667, 0.0, 0.0, 0.5]",2
쏠티브리즈,11,1,"[0.0, 1.0, 0.0, 0.0, 0.0, 0.0, 0.0, 0.0, 0.0, 0.0, 0.0]",0
동수악,1,1,"[0.0, 0.0, 0.0, 0.0, 0.0, 0.0, 0.0, 0.0, 1.0, 0.0, 0.0]",2
한라식당,11,5,"[0.0, 0.4, 0.0, 0.0, 0.2, 0.0, 0.0, 0.0, 0.4, 0.0, 0.0]",0
올레길 18코스(제주원도심-조천 올레),7,3,"[0.333333, 0.0, 0.0, 0.0, 0.333333, 0.0, 0.0, 0.0, 0.0, 0.333333, 0.0]",2
평대시간 이공이오,11,1,"[0.0, 1.0, 0.0, 0.0, 0.0, 0.0, 0.0, 0.0, 0.0, 0.0, 0.0]",0
월정리맛집춘식당,11,1,"[0.0, 1.0, 0.0, 0.0, 0.0, 0.0, 0.0, 0.0, 0.0, 0.0, 0.0]",0
하원가흑돼지,11,1,"[0.0, 1.0, 0.0, 0.0, 0.0, 0.0, 0.0, 0.0, 0.0, 0.0, 0.0]",0
김군빌리지게스트하우스,24,2,"[0.0, 0.0, 0.0, 0.0, 0.0, 0.5, 0.0, 0.5, 0.0, 0.0, 0.0]",2
호텔리어스커피,11,1,"[0.0, 1.0, 0.0, 0.0, 0.0, 0.0, 0.0, 0.0, 0.0, 0.0, 0.0]",1
서귀북초등학교 놀이터,7,1,"[0.0, 0.0, 0.0, 0.0, 1.0, 0.0, 0.0, 0.0, 0.0, 0.0, 0.0]",2
주공한라식육식당,11,1,"[0.0, 0.0, 0.0, 0.0, 1.0, 0.0, 0.0, 0.0, 0.0, 0.0, 0.0]",0
금커피 별빙수 서귀포점,11,1,"[0.0, 0.0, 0.0, 0.0, 0.0, 0.0, 0.0, 0.0, 1.0, 0.0, 0.0]",1
동홍주공2단지아파트,24,3,"[0.0, 0.0, 0.0, 0.0, 0.0, 0.666667, 0.333333, 0.0, 0.0, 0.0, 0.0]",2
제주평화렌트카,10,6,"[0.0, 0.0, 0.0, 0.0, 0.0, 0.0, 0.0, 0.666667, 0.0, 0.0, 0.333333]",2
부산할매아구찜 신제주점,11,1,"[0.0, 0.0, 0.0, 0.0, 0.0, 0.0, 0.0, 0.0, 1.0, 0.0, 0.0]",0
스탠포드호텔앤리조트 제주,24,2,"[0.0, 0.5, 0.0, 0.0, 0.0, 0.0, 0.0, 0.5, 0.0, 0.0, 0.0]",2
애월집,11,2,"[0.5, 0.5, 0.0, 0.0, 0.0, 0.0, 0.0, 0.0, 0.0, 0.0, 0.0]",0
와랑와랑,11,2,"[0.0, 0.0, 0.0, 0.5, 0.0, 0.0, 0.0, 0.0, 0.5, 0.0, 0.0]",1
예나르제주공예박물관,2,1,"[0.0, 0.0, 0.0, 0.0, 0.0, 0.0, 0.0, 0.0, 1.0, 0.0, 0.0]",2
서광마을국수,11,1,"[0.0, 0.0, 0.0, 0.0, 1.0, 0.0, 0.0, 0.0, 0.0, 0.0, 0.0]",0
초록초록,24,4,"[0.0, 0.75, 0.0, 0.0, 0.0, 0.0, 0.0, 0.0, 0.0, 0.0, 0.25]",2
금능석물원,2,2,"[0.0, 0.0, 0.0, 0.0, 0.5, 0.0, 0.0, 0.0, 0.5, 0.0, 0.0]",2
버베나하우스,24,1,"[0.0, 0.0, 0.0, 0.0, 0.0, 0.0, 0.0, 1.0, 0.0, 0.0, 0.0]",2
선임교,2,1,"[0.0, 0.0, 0.0, 0.0, 0.0, 1.0, 0.0, 0.0, 0.0, 0.0, 0.0]",2
바베큐쉑,11,2,"[0.0, 1.0, 0.0, 0.0, 0.0, 0.0, 0.0, 0.0, 0.0, 0.0, 0.0]",0
수도석유 한신주유소,10,1,"[0.0, 0.0, 0.0, 0.0, 0.0, 0.0, 0.0, 0.0, 1.0, 0.0, 0.0]",2
해리안호텔,24,1,"[0.0, 0.0, 0.0, 1.0, 0.0, 0.0, 0.0, 0.0, 0.0, 0.0, 0.0]",2
트리아이숲로프체험장,13,1,"[0.0, 0.0, 0.0, 0.0, 1.0, 0.0, 0.0, 0.0, 0.0, 0.0, 0.0]",2
저지오름반점,11,3,"[0.0, 0.333333, 0.0, 0.0, 0.0, 0.0, 0.0, 0.0, 0.666667, 0.0, 0.0]",0
스시아카리,11,1,"[0.0, 0.0, 0.0, 0.0, 0.0, 0.0, 0.0, 0.0, 0.0, 0.0, 1.0]",0
CU 제주516도로점,10,2,"[0.0, 0.0, 0.0, 0.0, 0.0, 0.0, 0.5, 0.0, 0.5, 0.0, 0.0]",2
GS25 서귀신시가지점,10,1,"[0.0, 0.0, 0.0, 0.0, 0.0, 0.0, 0.0, 0.0, 1.0, 0.0, 0.0]",2
호로락,11,1,"[0.0, 1.0, 0.0, 0.0, 0.0, 0.0, 0.0, 0.0, 0.0, 0.0, 0.0]",0
서늘다방,11,1,"[0.0, 0.0, 0.0, 0.0, 0.0, 0.0, 0.0, 0.0, 1.0, 0.0, 0.0]",1
스테이예스,24,3,"[0.333333, 0.333333, 0.0, 0.0, 0.333333, 0.0, 0.0, 0.0, 0.0, 0.0, 0.0]",2
오뚜기빵집 2호점,11,1,"[0.0, 1.0, 0.0, 0.0, 0.0, 0.0, 0.0, 0.0, 0.0, 0.0, 0.0]",0
소문난맛집,11,1,"[0.0, 0.0, 1.0, 0.0, 0.0, 0.0, 0.0, 0.0, 0.0, 0.0, 0.0]",0
Breezy Studio,24,8,"[0.0, 0.125, 0.0, 0.0, 0.0, 0.0, 0.125, 0.625, 0.0, 0.0, 0.125]",2
흑돈시백돈면,11,2,"[0.0, 1.0, 0.0, 0.0, 0.0, 0.0, 0.0, 0.0, 0.0, 0.0, 0.0]",0
타기모텔,24,3,"[0.0, 0.0, 0.0, 0.0, 0.0, 0.0, 0.0, 1.0, 0.0, 0.0, 0.0]",2
바당카페,11,1,"[0.0, 1.0, 0.0, 0.0, 0.0, 0.0, 0.0, 0.0, 0.0, 0.0, 0.0]",1
아리아식당,11,1,"[0.0, 1.0, 0.0, 0.0, 0.0, 0.0, 0.0, 0.0, 0.0, 0.0, 0.0]",0
그랜드 밀리언스 호텔,24,1,"[0.0, 0.0, 0.0, 0.0, 0.0, 0.0, 0.0, 1.0, 0.0, 0.0, 0.0]",2
나인부띠끄호텔,24,2,"[0.0, 0.0, 0.0, 0.0, 0.0, 1.0, 0.0, 0.0, 0.0, 0.0, 0.0]",2
제주어멍 통갈치,11,3,"[0.0, 0.666667, 0.333333, 0.0, 0.0, 0.0, 0.0, 0.0, 0.0, 0.0, 0.0]",0
또또공간,11,2,"[0.0, 0.0, 0.0, 0.0, 0.0, 0.0, 0.0, 0.0, 0.5, 0.0, 0.5]",0
올레브릿지하우스,24,2,"[0.0, 0.0, 0.0, 0.0, 0.0, 0.0, 0.0, 0.0, 0.0, 0.0, 1.0]",2
칠성골흑돼지,11,1,"[0.0, 0.0, 0.0, 0.0, 0.0, 0.0, 0.0, 1.0, 0.0, 0.0, 0.0]",0
애월리순메밀막국수,11,3,"[0.0, 0.666667, 0.0, 0.333333, 0.0, 0.0, 0.0, 0.0, 0.0, 0.0, 0.0]",0
갯바위횟집,11,1,"[0.0, 0.0, 0.0, 0.0, 0.0, 0.0, 0.0, 1.0, 0.0, 0.0, 0.0]",0
고고애월게스트하우스,24,3,"[0.0, 0.333333, 0.0, 0.0, 0.0, 0.0, 0.0, 0.666667, 0.0, 0.0, 0.0]",2
올레길 1코스(시흥-광치기 올레) 역방,7,1,"[0.0, 0.0, 0.0, 1.0, 0.0, 0.0, 0.0, 0.0, 0.0, 0.0, 0.0]",2
아방국수,11,1,"[0.0, 0.0, 0.0, 0.0, 0.0, 0.0, 0.0, 0.0, 1.0, 0.0, 0.0]",0
제주통나무휴야펜션 전기차충전소,24,2,"[0.0, 0.5, 0.5, 0.0, 0.0, 0.0, 0.0, 0.0, 0.0, 0.0, 0.0]",2
원보뷔페 본점,11,1,"[0.0, 0.0, 0.0, 0.0, 0.0, 0.0, 0.0, 0.0, 1.0, 0.0, 0.0]",0
자연드림 제주동홍점,10,1,"[0.0, 0.0, 0.0, 0.0, 0.0, 0.0, 1.0, 0.0, 0.0, 0.0, 0.0]",2
도구리3083,24,2,"[0.0, 1.0, 0.0, 0.0, 0.0, 0.0, 0.0, 0.0, 0.0, 0.0, 0.0]",2
더갤러리펜션,24,1,"[0.0, 1.0, 0.0, 0.0, 0.0, 0.0, 0.0, 0.0, 0.0, 0.0, 0.0]",2
아름다운리조트,24,4,"[0.0, 0.0, 0.0, 0.0, 0.0, 0.0, 0.0, 0.75, 0.0, 0.0, 0.25]",2
제주삼다장,11,1,"[0.0, 0.0, 0.0, 0.0, 0.0, 0.0, 0.0, 0.0, 1.0, 0.0, 0.0]",0
세화마을협동조합,4,1,"[1.0, 0.0, 0.0, 0.0, 0.0, 0.0, 0.0, 0.0, 0.0, 0.0, 0.0]",2
크앙분식,11,1,"[0.0, 1.0, 0.0, 0.0, 0.0, 0.0, 0.0, 0.0, 0.0, 0.0, 0.0]",0
홀리데이홀릭,11,2,"[0.0, 0.5, 0.0, 0.0, 0.0, 0.0, 0.0, 0.0, 0.5, 0.0, 0.0]",0
CU 제주동복점,10,2,"[0.0, 0.0, 0.0, 0.0, 0.0, 0.0, 0.5, 0.0, 0.5, 0.0, 0.0]",2
943스튜디오,10,1,"[0.0, 0.0, 0.0, 0.0, 0.0, 0.0, 0.0, 0.0, 1.0, 0.0, 0.0]",2
해안길472,11,1,"[0.0, 0.0, 0.0, 0.0, 0.0, 0.0, 0.0, 0.0, 1.0, 0.0, 0.0]",0
성산리사무소,24,1,"[0.0, 0.0, 0.0, 0.0, 0.0, 0.0, 0.0, 0.0, 1.0, 0.0, 0.0]",2
해동,7,1,"[0.0, 0.0, 0.0, 0.0, 0.0, 0.0, 0.0, 0.0, 0.0, 0.0, 1.0]",2
유드림마트,10,1,"[0.0, 0.0, 0.0, 0.0, 0.0, 0.0, 0.0, 0.0, 1.0, 0.0, 0.0]",2
한와담 제주점,11,2,"[0.0, 0.0, 0.0, 0.0, 0.5, 0.0, 0.0, 0.0, 0.0, 0.0, 0.5]",0
진모텔,24,5,"[0.0, 0.0, 0.0, 0.0, 0.0, 0.4, 0.0, 0.0, 0.0, 0.0, 0.6]",2
네꼬야밀크티샵,11,1,"[0.0, 1.0, 0.0, 0.0, 0.0, 0.0, 0.0, 0.0, 0.0, 0.0, 0.0]",1
폴레폴레 게스트하우스,24,2,"[0.0, 0.0, 0.0, 0.5, 0.0, 0.0, 0.0, 0.0, 0.0, 0.0, 0.5]",2
마리조아 중문점,11,1,"[0.0, 1.0, 0.0, 0.0, 0.0, 0.0, 0.0, 0.0, 0.0, 0.0, 0.0]",0
해송갈치,11,1,"[0.0, 1.0, 0.0, 0.0, 0.0, 0.0, 0.0, 0.0, 0.0, 0.0, 0.0]",0
제주동문수산시장,4,6,"[0.333333, 0.166667, 0.0, 0.333333, 0.0, 0.166667, 0.0, 0.0, 0.0, 0.0, 0.0]",2
흑도리,11,1,"[0.0, 0.0, 0.0, 0.0, 0.0, 1.0, 0.0, 0.0, 0.0, 0.0, 0.0]",0
한라산 어리목탐방지원센터,1,1,"[0.0, 0.0, 0.0, 0.0, 0.0, 0.0, 0.0, 0.0, 1.0, 0.0, 0.0]",2
제주잇수다,10,1,"[0.0, 0.0, 0.0, 0.0, 0.0, 0.0, 0.0, 0.0, 1.0, 0.0, 0.0]",2
메밀꽃밭,1,1,"[1.0, 0.0, 0.0, 0.0, 0.0, 0.0, 0.0, 0.0, 0.0, 0.0, 0.0]",2
제주택,24,1,"[0.0, 1.0, 0.0, 0.0, 0.0, 0.0, 0.0, 0.0, 0.0, 0.0, 0.0]",2
유리멘탈스튜디오,24,3,"[0.0, 1.0, 0.0, 0.0, 0.0, 0.0, 0.0, 0.0, 0.0, 0.0, 0.0]",2
슬랩,11,3,"[0.0, 1.0, 0.0, 0.0, 0.0, 0.0, 0.0, 0.0, 0.0, 0.0, 0.0]",1
베누스무인텔,24,2,"[0.0, 0.0, 0.0, 0.0, 0.0, 0.0, 0.0, 1.0, 0.0, 0.0, 0.0]",2
고바진,11,1,"[0.0, 1.0, 0.0, 0.0, 0.0, 0.0, 0.0, 0.0, 0.0, 0.0, 0.0]",0
호또모또,11,1,"[0.0, 0.0, 0.0, 0.0, 0.0, 0.0, 0.0, 0.0, 1.0, 0.0, 0.0]",0
쌈총사횟집,11,1,"[0.0, 1.0, 0.0, 0.0, 0.0, 0.0, 0.0, 0.0, 0.0, 0.0, 0.0]",0
한라닭강정,10,1,"[0.0, 0.0, 0.0, 1.0, 0.0, 0.0, 0.0, 0.0, 0.0, 0.0, 0.0]",2
어락게스트하우스,24,1,"[0.0, 1.0, 0.0, 0.0, 0.0, 0.0, 0.0, 0.0, 0.0, 0.0, 0.0]",2
호꼼스낵,11,1,"[1.0, 0.0, 0.0, 0.0, 0.0, 0.0, 0.0, 0.0, 0.0, 0.0, 0.0]",0
삼백식당,11,2,"[0.0, 0.0, 0.0, 0.5, 0.0, 0.0, 0.0, 0.0, 0.0, 0.0, 0.5]",0
제주보리게스트하우스,24,1,"[0.0, 0.0, 0.0, 0.0, 0.0, 0.0, 0.0, 0.0, 0.0, 0.0, 1.0]",2
십이계절게스트하우스,24,1,"[0.0, 0.0, 0.0, 0.0, 0.0, 1.0, 0.0, 0.0, 0.0, 0.0, 0.0]",2
제주돌문화공원 돌박물관야외무대,2,1,"[1.0, 0.0, 0.0, 0.0, 0.0, 0.0, 0.0, 0.0, 0.0, 0.0, 0.0]",2
아만토브펜션,24,1,"[0.0, 0.0, 0.0, 0.0, 0.0, 1.0, 0.0, 0.0, 0.0, 0.0, 0.0]",2
블랙데이,11,1,"[0.0, 0.0, 0.0, 1.0, 0.0, 0.0, 0.0, 0.0, 0.0, 0.0, 0.0]",0
그린블리스,11,2,"[0.0, 0.5, 0.0, 0.0, 0.0, 0.0, 0.0, 0.0, 0.0, 0.0, 0.5]",0
가파도해녀촌식당,11,1,"[0.0, 0.0, 0.0, 0.0, 0.0, 0.0, 0.0, 0.0, 1.0, 0.0, 0.0]",0
서머셋 제주신화월드내 식당거리,11,1,"[0.0, 0.0, 0.0, 0.0, 0.0, 0.0, 1.0, 0.0, 0.0, 0.0, 0.0]",0
라마다호텔,24,1,"[0.0, 1.0, 0.0, 0.0, 0.0, 0.0, 0.0, 0.0, 0.0, 0.0, 0.0]",2
보보스호텔,24,2,"[0.0, 0.0, 0.0, 0.0, 0.0, 0.0, 0.0, 0.5, 0.0, 0.0, 0.5]",2
꿈의바다,24,2,"[0.0, 0.0, 0.0, 0.0, 0.0, 0.0, 0.0, 1.0, 0.0, 0.0, 0.0]",2
바이크제주,5,2,"[0.0, 0.5, 0.0, 0.0, 0.0, 0.0, 0.0, 0.0, 0.0, 0.5, 0.0]",2
장안사,2,1,"[0.0, 0.0, 0.0, 0.0, 0.0, 0.0, 0.0, 0.0, 1.0, 0.0, 0.0]",2
흑돼지거리,4,3,"[0.666667, 0.0, 0.333333, 0.0, 0.0, 0.0, 0.0, 0.0, 0.0, 0.0, 0.0]",2
반띵,10,1,"[0.0, 0.0, 0.0, 0.0, 1.0, 0.0, 0.0, 0.0, 0.0, 0.0, 0.0]",2
아트스페이스빈공간,3,1,"[0.0, 0.0, 0.0, 0.0, 1.0, 0.0, 0.0, 0.0, 0.0, 0.0, 0.0]",2
돼지촌,11,1,"[0.0, 0.0, 0.0, 0.0, 1.0, 0.0, 0.0, 0.0, 0.0, 0.0, 0.0]",0
카페코랫,11,2,"[0.0, 1.0, 0.0, 0.0, 0.0, 0.0, 0.0, 0.0, 0.0, 0.0, 0.0]",1
애월체육관,5,1,"[0.0, 0.0, 0.0, 0.0, 0.0, 0.0, 0.0, 0.0, 0.0, 0.0, 1.0]",2
신우가촌,11,1,"[0.0, 0.0, 0.0, 0.0, 1.0, 0.0, 0.0, 0.0, 0.0, 0.0, 0.0]",0
스팅그레이,11,2,"[0.0, 0.0, 0.0, 0.5, 0.0, 0.0, 0.0, 0.0, 0.0, 0.0, 0.5]",0
제주회토랑,11,1,"[0.0, 0.0, 0.0, 0.0, 1.0, 0.0, 0.0, 0.0, 0.0, 0.0, 0.0]",0
담에랑또,11,1,"[0.0, 1.0, 0.0, 0.0, 0.0, 0.0, 0.0, 0.0, 0.0, 0.0, 0.0]",0
브릿지카페,11,1,"[0.0, 1.0, 0.0, 0.0, 0.0, 0.0, 0.0, 0.0, 0.0, 0.0, 0.0]",1
제주칼국수,11,1,"[0.0, 0.0, 0.0, 0.0, 0.0, 0.0, 0.0, 1.0, 0.0, 0.0, 0.0]",0
축협 축산물프라자한우식당,11,1,"[0.0, 1.0, 0.0, 0.0, 0.0, 0.0, 0.0, 0.0, 0.0, 0.0, 0.0]",0
커트러리,11,4,"[0.0, 0.75, 0.0, 0.25, 0.0, 0.0, 0.0, 0.0, 0.0, 0.0, 0.0]",0
제주신화월드 엠라운지,11,1,"[0.0, 0.0, 0.0, 1.0, 0.0, 0.0, 0.0, 0.0, 0.0, 0.0, 0.0]",0
뼈대감,11,1,"[0.0, 0.0, 0.0, 0.0, 1.0, 0.0, 0.0, 0.0, 0.0, 0.0, 0.0]",0
완이클라쓰펜션,24,1,"[0.0, 1.0, 0.0, 0.0, 0.0, 0.0, 0.0, 0.0, 0.0, 0.0, 0.0]",2
랜돌프비어 제주연동점,11,1,"[0.0, 0.0, 0.0, 0.0, 0.0, 0.0, 0.0, 0.0, 1.0, 0.0, 0.0]",0
새마을금고중앙회 새마을금고제주연수원,24,11,"[0.0, 0.0, 0.0, 0.0, 0.454545, 0.0, 0.0, 0.545455, 0.0, 0.0, 0.0]",2
일출봉도식후경,11,1,"[0.0, 0.0, 0.0, 0.0, 0.0, 1.0, 0.0, 0.0, 0.0, 0.0, 0.0]",0
카페세바,11,1,"[0.0, 0.0, 0.0, 1.0, 0.0, 0.0, 0.0, 0.0, 0.0, 0.0, 0.0]",1
호텔52,24,1,"[0.0, 1.0, 0.0, 0.0, 0.0, 0.0, 0.0, 0.0, 0.0, 0.0, 0.0]",2
루마인펜션,24,1,"[0.0, 0.0, 0.0, 0.0, 0.0, 0.0, 0.0, 1.0, 0.0, 0.0, 0.0]",2
동감,11,1,"[0.0, 0.0, 0.0, 0.0, 0.0, 0.0, 0.0, 0.0, 1.0, 0.0, 0.0]",1
델문도 제주도립미술관점,11,1,"[0.0, 0.0, 0.0, 0.0, 0.0, 0.0, 0.0, 0.0, 1.0, 0.0, 0.0]",0
별도봉,1,1,"[0.0, 0.0, 0.0, 0.0, 1.0, 0.0, 0.0, 0.0, 0.0, 0.0, 0.0]",2
두더지식당제주,11,1,"[0.0, 1.0, 0.0, 0.0, 0.0, 0.0, 0.0, 0.0, 0.0, 0.0, 0.0]",0
길벗식당,11,1,"[0.0, 0.0, 0.0, 0.0, 1.0, 0.0, 0.0, 0.0, 0.0, 0.0, 0.0]",0
카페제주종이가게,11,1,"[0.0, 1.0, 0.0, 0.0, 0.0, 0.0, 0.0, 0.0, 0.0, 0.0, 0.0]",1
삼해횟집,11,1,"[0.0, 0.0, 0.0, 0.0, 0.0, 1.0, 0.0, 0.0, 0.0, 0.0, 0.0]",0
하르방밀면 노형점,11,1,"[0.0, 1.0, 0.0, 0.0, 0.0, 0.0, 0.0, 0.0, 0.0, 0.0, 0.0]",0
고래콩물,11,1,"[0.0, 1.0, 0.0, 0.0, 0.0, 0.0, 0.0, 0.0, 0.0, 0.0, 0.0]",0
용꽈배기 신제주점,10,1,"[0.0, 0.0, 0.0, 0.0, 1.0, 0.0, 0.0, 0.0, 0.0, 0.0, 0.0]",2
월대천,2,1,"[0.0, 0.0, 0.0, 0.0, 0.0, 0.0, 0.0, 0.0, 0.0, 0.0, 1.0]",2
용두암해수랜드,6,3,"[0.0, 0.0, 0.0, 0.0, 0.666667, 0.0, 0.333333, 0.0, 0.0, 0.0, 0.0]",2
김고기,11,1,"[1.0, 0.0, 0.0, 0.0, 0.0, 0.0, 0.0, 0.0, 0.0, 0.0, 0.0]",0
설문대여성문화센터,3,2,"[0.0, 0.0, 0.0, 0.0, 0.5, 0.0, 0.0, 0.0, 0.0, 0.5, 0.0]",2
카페팔레트,11,1,"[0.0, 1.0, 0.0, 0.0, 0.0, 0.0, 0.0, 0.0, 0.0, 0.0, 0.0]",1
그랜드하얏트제주 그랜드키친,11,1,"[0.0, 0.0, 0.0, 0.0, 1.0, 0.0, 0.0, 0.0, 0.0, 0.0, 0.0]",0
스테이겨를,24,1,"[0.0, 0.0, 0.0, 0.0, 0.0, 0.0, 0.0, 0.0, 0.0, 0.0, 1.0]",2
누구하나,24,1,"[0.0, 0.0, 0.0, 0.0, 1.0, 0.0, 0.0, 0.0, 0.0, 0.0, 0.0]",2
해수육장,11,1,"[0.0, 1.0, 0.0, 0.0, 0.0, 0.0, 0.0, 0.0, 0.0, 0.0, 0.0]",0
소금막호스텔,24,2,"[0.0, 0.0, 0.0, 0.0, 0.0, 0.0, 0.0, 1.0, 0.0, 0.0, 0.0]",2
롱사르,11,1,"[0.0, 0.0, 0.0, 0.0, 1.0, 0.0, 0.0, 0.0, 0.0, 0.0, 0.0]",0
꽃길만걷차 성산본점,5,2,"[0.0, 0.0, 0.0, 0.0, 1.0, 0.0, 0.0, 0.0, 0.0, 0.0, 0.0]",2
보엠,11,1,"[1.0, 0.0, 0.0, 0.0, 0.0, 0.0, 0.0, 0.0, 0.0, 0.0, 0.0]",1
제일도서,10,1,"[0.0, 0.0, 0.0, 1.0, 0.0, 0.0, 0.0, 0.0, 0.0, 0.0, 0.0]",2
핀크스GC,5,3,"[1.0, 0.0, 0.0, 0.0, 0.0, 0.0, 0.0, 0.0, 0.0, 0.0, 0.0]",2
블랙스톤리조트 제주,24,1,"[1.0, 0.0, 0.0, 0.0, 0.0, 0.0, 0.0, 0.0, 0.0, 0.0, 0.0]",2
동문카페,11,1,"[1.0, 0.0, 0.0, 0.0, 0.0, 0.0, 0.0, 0.0, 0.0, 0.0, 0.0]",1
우주파,11,1,"[0.0, 0.0, 0.0, 0.0, 0.0, 0.0, 0.0, 0.0, 1.0, 0.0, 0.0]",0
엘리팝 제주탑동점,11,1,"[0.0, 0.0, 0.0, 0.0, 0.0, 0.0, 0.0, 0.0, 1.0, 0.0, 0.0]",0
먹쿠슬낭여행자카페,11,2,"[0.0, 1.0, 0.0, 0.0, 0.0, 0.0, 0.0, 0.0, 0.0, 0.0, 0.0]",1
협재온리원,11,1,"[0.0, 1.0, 0.0, 0.0, 0.0, 0.0, 0.0, 0.0, 0.0, 0.0, 0.0]",0
대아상회,4,1,"[0.0, 0.0, 0.0, 0.0, 0.0, 0.0, 0.0, 0.0, 1.0, 0.0, 0.0]",2
CU 제주중문길점,10,1,"[0.0, 0.0, 0.0, 0.0, 0.0, 0.0, 0.0, 0.0, 1.0, 0.0, 0.0]",2
ABC마트 ST서귀포중앙점,4,2,"[0.0, 0.0, 0.0, 0.0, 0.0, 0.0, 0.0, 0.5, 0.5, 0.0, 0.0]",2
바른움직임,13,1,"[0.0, 0.0, 0.0, 0.0, 0.0, 0.0, 1.0, 0.0, 0.0, 0.0, 0.0]",2
캘리소프트서브 올레시장점,4,2,"[0.0, 0.0, 0.0, 0.0, 0.0, 0.0, 0.0, 0.0, 1.0, 0.0, 0.0]",0
봄꽃,24,1,"[1.0, 0.0, 0.0, 0.0, 0.0, 0.0, 0.0, 0.0, 0.0, 0.0, 0.0]",2
카페구하나구칠,11,2,"[0.0, 0.5, 0.0, 0.5, 0.0, 0.0, 0.0, 0.0, 0.0, 0.0, 0.0]",1
마루아라,11,1,"[0.0, 1.0, 0.0, 0.0, 0.0, 0.0, 0.0, 0.0, 0.0, 0.0, 0.0]",0
봉해장국,11,1,"[0.0, 0.0, 0.0, 1.0, 0.0, 0.0, 0.0, 0.0, 0.0, 0.0, 0.0]",0
둥지,11,1,"[0.0, 0.0, 0.0, 0.0, 0.0, 0.0, 0.0, 0.0, 1.0, 0.0, 0.0]",0
삼양다방,11,1,"[0.0, 0.0, 0.0, 0.0, 1.0, 0.0, 0.0, 0.0, 0.0, 0.0, 0.0]",1
백스비어 올레시장점,11,1,"[0.0, 0.0, 0.0, 0.0, 0.0, 0.0, 0.0, 0.0, 1.0, 0.0, 0.0]",0
자유의지,11,3,"[0.0, 0.666667, 0.0, 0.0, 0.0, 0.333333, 0.0, 0.0, 0.0, 0.0, 0.0]",0
달콤한계단,11,1,"[0.0, 0.0, 1.0, 0.0, 0.0, 0.0, 0.0, 0.0, 0.0, 0.0, 0.0]",0
천진낭만,10,1,"[0.0, 0.0, 0.0, 0.0, 0.0, 1.0, 0.0, 0.0, 0.0, 0.0, 0.0]",2
금동이네귤농장,13,1,"[0.0, 0.0, 0.0, 0.0, 0.0, 0.0, 0.0, 1.0, 0.0, 0.0, 0.0]",2
서귀포시축협하나로마트 신시가지점,10,1,"[0.0, 0.0, 0.0, 0.0, 0.0, 0.0, 0.0, 0.0, 0.0, 0.0, 1.0]",2
코쿤호텔 애월,24,3,"[0.0, 0.0, 0.0, 0.0, 0.0, 0.0, 0.0, 0.666667, 0.0, 0.0, 0.333333]",2
커피비터스윗,11,1,"[0.0, 0.0, 0.0, 0.0, 0.0, 1.0, 0.0, 0.0, 0.0, 0.0, 0.0]",1
제주환상자전거길 1구간,7,1,"[0.0, 0.0, 0.0, 0.0, 0.0, 0.0, 0.0, 0.0, 1.0, 0.0, 0.0]",2
호텔DK,24,2,"[0.0, 0.0, 0.0, 0.0, 1.0, 0.0, 0.0, 0.0, 0.0, 0.0, 0.0]",2
착한집석쇠구이,11,2,"[0.0, 0.5, 0.0, 0.0, 0.5, 0.0, 0.0, 0.0, 0.0, 0.0, 0.0]",0
콜체스카페,11,3,"[0.0, 0.666667, 0.0, 0.0, 0.0, 0.0, 0.0, 0.0, 0.333333, 0.0, 0.0]",1
배고팡,11,1,"[0.0, 1.0, 0.0, 0.0, 0.0, 0.0, 0.0, 0.0, 0.0, 0.0, 0.0]",0
무운,11,1,"[0.0, 0.0, 0.0, 0.0, 0.0, 0.0, 0.0, 0.0, 1.0, 0.0, 0.0]",1
성원식당,11,2,"[0.5, 0.5, 0.0, 0.0, 0.0, 0.0, 0.0, 0.0, 0.0, 0.0, 0.0]",0
송악산7족욕,11,1,"[0.0, 0.0, 0.0, 0.0, 0.0, 0.0, 0.0, 0.0, 1.0, 0.0, 0.0]",0
아르츠스파&풀빌라,24,1,"[0.0, 0.0, 0.0, 0.0, 0.0, 0.0, 0.0, 0.0, 0.0, 0.0, 1.0]",2
호텔더그랑 중문,24,3,"[0.0, 0.0, 0.0, 0.0, 0.0, 0.0, 0.0, 0.333333, 0.0, 0.0, 0.666667]",2
테라스탱고,11,1,"[0.0, 0.0, 0.0, 0.0, 1.0, 0.0, 0.0, 0.0, 0.0, 0.0, 0.0]",0
아라주는엄마치킨,11,1,"[0.0, 1.0, 0.0, 0.0, 0.0, 0.0, 0.0, 0.0, 0.0, 0.0, 0.0]",0
미래골프클럽,5,1,"[0.0, 0.0, 0.0, 0.0, 1.0, 0.0, 0.0, 0.0, 0.0, 0.0, 0.0]",2
버드나무집,11,4,"[0.0, 0.25, 0.0, 0.25, 0.5, 0.0, 0.0, 0.0, 0.0, 0.0, 0.0]",0
더세리리조트,24,2,"[0.0, 0.0, 0.0, 0.0, 0.5, 0.0, 0.0, 0.5, 0.0, 0.0, 0.0]",2
루이네미장원,4,1,"[0.0, 0.0, 0.0, 0.0, 0.0, 0.0, 0.0, 0.0, 0.0, 0.0, 1.0]",2
구씨네사진관,4,1,"[0.0, 0.0, 0.0, 1.0, 0.0, 0.0, 0.0, 0.0, 0.0, 0.0, 0.0]",2
허클베리핀,11,1,"[0.0, 1.0, 0.0, 0.0, 0.0, 0.0, 0.0, 0.0, 0.0, 0.0, 0.0]",0
마초면탁,11,4,"[0.0, 0.25, 0.0, 0.25, 0.0, 0.0, 0.0, 0.25, 0.25, 0.0, 0.0]",0
슈퍼두펍,11,1,"[0.0, 0.0, 0.0, 0.0, 0.0, 0.0, 0.0, 0.0, 1.0, 0.0, 0.0]",0
차돌집,11,2,"[0.0, 0.5, 0.0, 0.0, 0.0, 0.0, 0.0, 0.5, 0.0, 0.0, 0.0]",0
봉꾸라주,11,1,"[0.0, 0.0, 0.0, 0.0, 1.0, 0.0, 0.0, 0.0, 0.0, 0.0, 0.0]",1
화순금모래해수욕장 수영장,6,1,"[1.0, 0.0, 0.0, 0.0, 0.0, 0.0, 0.0, 0.0, 0.0, 0.0, 0.0]",2
카페코지,11,2,"[0.0, 0.0, 0.0, 0.0, 0.0, 0.0, 0.5, 0.5, 0.0, 0.0, 0.0]",1
싸다바이크,10,2,"[0.0, 0.0, 0.0, 0.0, 0.0, 0.0, 0.0, 0.0, 0.5, 0.0, 0.5]",2
말산메,1,1,"[0.0, 0.0, 0.0, 0.0, 1.0, 0.0, 0.0, 0.0, 0.0, 0.0, 0.0]",2
디바인커피,11,1,"[0.0, 0.0, 0.0, 0.0, 0.0, 0.0, 0.0, 0.0, 1.0, 0.0, 0.0]",1
제주하우스 홈앤리빙,10,1,"[0.0, 1.0, 0.0, 0.0, 0.0, 0.0, 0.0, 0.0, 0.0, 0.0, 0.0]",2
비자림휴게소,10,1,"[0.0, 0.0, 0.0, 0.0, 0.0, 0.0, 0.0, 0.0, 1.0, 0.0, 0.0]",2
백스비어 서귀포성산점,11,4,"[0.0, 0.25, 0.25, 0.0, 0.0, 0.25, 0.0, 0.0, 0.25, 0.0, 0.0]",0
로빈앤블루,24,2,"[0.0, 0.5, 0.0, 0.0, 0.0, 0.0, 0.0, 0.0, 0.0, 0.0, 0.5]",2
동암사,2,1,"[0.0, 0.0, 0.0, 0.0, 0.0, 0.0, 0.0, 0.0, 1.0, 0.0, 0.0]",2
세븐일레븐 제주우도해안길점,10,1,"[0.0, 0.0, 0.0, 0.0, 0.0, 0.0, 0.0, 0.0, 1.0, 0.0, 0.0]",2
제주바이브,10,2,"[0.0, 0.5, 0.5, 0.0, 0.0, 0.0, 0.0, 0.0, 0.0, 0.0, 0.0]",2
세븐일레븐 제주공항에어사이드점,10,1,"[0.0, 0.0, 0.0, 0.0, 0.0, 0.0, 0.0, 0.0, 0.0, 0.0, 1.0]",2
모슬포제빵소,11,3,"[0.0, 0.0, 0.0, 0.333333, 0.0, 0.0, 0.0, 0.0, 0.666667, 0.0, 0.0]",0
제주드림타워 녹나무,11,1,"[0.0, 0.0, 0.0, 0.0, 0.0, 1.0, 0.0, 0.0, 0.0, 0.0, 0.0]",0
제주남문교회,2,1,"[0.0, 0.0, 0.0, 0.0, 0.0, 0.0, 0.0, 0.0, 0.0, 0.0, 1.0]",2
풍년식당,11,1,"[0.0, 1.0, 0.0, 0.0, 0.0, 0.0, 0.0, 0.0, 0.0, 0.0, 0.0]",0
갯것이식당,11,1,"[0.0, 1.0, 0.0, 0.0, 0.0, 0.0, 0.0, 0.0, 0.0, 0.0, 0.0]",0
오조해녀의집,11,4,"[0.25, 0.25, 0.0, 0.0, 0.25, 0.25, 0.0, 0.0, 0.0, 0.0, 0.0]",0
뜰향기,11,2,"[0.0, 0.5, 0.0, 0.0, 0.0, 0.0, 0.0, 0.0, 0.5, 0.0, 0.0]",0
해뜨는집펜션,24,2,"[0.5, 0.0, 0.0, 0.0, 0.0, 0.0, 0.0, 0.5, 0.0, 0.0, 0.0]",2
거슨세미오름,1,2,"[0.5, 0.5, 0.0, 0.0, 0.0, 0.0, 0.0, 0.0, 0.0, 0.0, 0.0]",2
제주그린나래,24,1,"[0.0, 1.0, 0.0, 0.0, 0.0, 0.0, 0.0, 0.0, 0.0, 0.0, 0.0]",2
우도청정식당,11,1,"[0.0, 0.0, 0.0, 0.0, 0.0, 0.0, 0.0, 0.0, 1.0, 0.0, 0.0]",0
올레칠돈,11,1,"[0.0, 0.0, 0.0, 0.0, 0.0, 0.0, 0.0, 0.0, 0.0, 0.0, 1.0]",0
제주기장횟집,11,1,"[0.0, 1.0, 0.0, 0.0, 0.0, 0.0, 0.0, 0.0, 0.0, 0.0, 0.0]",0
스시권,11,1,"[1.0, 0.0, 0.0, 0.0, 0.0, 0.0, 0.0, 0.0, 0.0, 0.0, 0.0]",0
은영이네국수,11,1,"[1.0, 0.0, 0.0, 0.0, 0.0, 0.0, 0.0, 0.0, 0.0, 0.0, 0.0]",0
바당고띠,24,3,"[0.0, 0.333333, 0.0, 0.0, 0.0, 0.0, 0.0, 0.666667, 0.0, 0.0, 0.0]",2
세미양오름,1,1,"[0.0, 1.0, 0.0, 0.0, 0.0, 0.0, 0.0, 0.0, 0.0, 0.0, 0.0]",2
해양호수산회백화점,11,2,"[0.0, 1.0, 0.0, 0.0, 0.0, 0.0, 0.0, 0.0, 0.0, 0.0, 0.0]",0
조근아지망식당,11,1,"[0.0, 0.0, 0.0, 0.0, 1.0, 0.0, 0.0, 0.0, 0.0, 0.0, 0.0]",0
민트게스트하우스,24,2,"[0.0, 0.5, 0.0, 0.0, 0.0, 0.5, 0.0, 0.0, 0.0, 0.0, 0.0]",2
BBQ 호텔리젠트마린점,11,1,"[0.0, 0.0, 0.0, 0.0, 0.0, 0.0, 0.0, 0.0, 1.0, 0.0, 0.0]",0
제주마루,11,1,"[0.0, 1.0, 0.0, 0.0, 0.0, 0.0, 0.0, 0.0, 0.0, 0.0, 0.0]",0
양가네,11,6,"[0.0, 0.166667, 0.0, 0.0, 0.0, 0.333333, 0.0, 0.0, 0.5, 0.0, 0.0]",0
중섭이네식당,11,2,"[0.0, 1.0, 0.0, 0.0, 0.0, 0.0, 0.0, 0.0, 0.0, 0.0, 0.0]",0
W699펜션,24,2,"[0.0, 1.0, 0.0, 0.0, 0.0, 0.0, 0.0, 0.0, 0.0, 0.0, 0.0]",2
CU 서귀포돈내코점,10,1,"[0.0, 0.0, 0.0, 0.0, 0.0, 0.0, 0.0, 0.0, 1.0, 0.0, 0.0]",2
사형제횟집,11,1,"[0.0, 1.0, 0.0, 0.0, 0.0, 0.0, 0.0, 0.0, 0.0, 0.0, 0.0]",0
춘미향식당,11,6,"[0.166667, 0.5, 0.0, 0.0, 0.166667, 0.0, 0.0, 0.166667, 0.0, 0.0, 0.0]",0
돈내코힐스파리조트,24,1,"[0.0, 0.0, 0.0, 0.0, 0.0, 0.0, 0.0, 0.0, 0.0, 0.0, 1.0]",2
GS25 제주산방산호텔점,10,1,"[0.0, 0.0, 0.0, 0.0, 0.0, 0.0, 0.0, 0.0, 0.0, 0.0, 1.0]",2
제주베스트힐 글램핑&펜션,24,1,"[0.0, 0.0, 0.0, 0.0, 0.0, 0.0, 1.0, 0.0, 0.0, 0.0, 0.0]",2
녹근로33,11,2,"[0.0, 0.5, 0.0, 0.0, 0.0, 0.0, 0.0, 0.0, 0.5, 0.0, 0.0]",0
봉성프리마,11,1,"[0.0, 0.0, 0.0, 0.0, 0.0, 0.0, 0.0, 0.0, 1.0, 0.0, 0.0]",1
우도돌담집,11,1,"[0.0, 0.0, 0.0, 0.0, 0.0, 0.0, 0.0, 0.0, 1.0, 0.0, 0.0]",0
금능해수욕장 야영장,24,1,"[0.0, 1.0, 0.0, 0.0, 0.0, 0.0, 0.0, 0.0, 0.0, 0.0, 0.0]",2
세븐일레븐 성산라마다호텔점,10,1,"[0.0, 0.0, 0.0, 0.0, 0.0, 0.0, 1.0, 0.0, 0.0, 0.0, 0.0]",2
공가네구이촌,11,1,"[1.0, 0.0, 0.0, 0.0, 0.0, 0.0, 0.0, 0.0, 0.0, 0.0, 0.0]",0
산포식당,11,2,"[0.0, 0.5, 0.5, 0.0, 0.0, 0.0, 0.0, 0.0, 0.0, 0.0, 0.0]",0
김밥노리터,11,1,"[0.0, 0.0, 0.0, 0.0, 0.0, 0.0, 0.0, 0.0, 1.0, 0.0, 0.0]",0
굽네치킨 성산점,11,1,"[0.0, 0.0, 0.0, 0.0, 0.0, 1.0, 0.0, 0.0, 0.0, 0.0, 0.0]",0
희야네식당,11,1,"[0.0, 1.0, 0.0, 0.0, 0.0, 0.0, 0.0, 0.0, 0.0, 0.0, 0.0]",0
우도돼지네땅콩만두 올레본점,11,1,"[0.0, 0.0, 0.0, 0.0, 0.0, 0.0, 0.0, 0.0, 1.0, 0.0, 0.0]",0
CU 더퍼스트호텔점,10,1,"[0.0, 0.0, 0.0, 0.0, 0.0, 1.0, 0.0, 0.0, 0.0, 0.0, 0.0]",2
소소당양갱,11,1,"[0.0, 0.0, 0.0, 0.0, 0.0, 0.0, 0.0, 0.0, 1.0, 0.0, 0.0]",0
한스푼,11,1,"[0.0, 0.0, 0.0, 0.0, 0.0, 0.0, 0.0, 0.0, 1.0, 0.0, 0.0]",0
바람모루길,7,1,"[0.0, 0.0, 0.0, 0.0, 0.0, 1.0, 0.0, 0.0, 0.0, 0.0, 0.0]",2
큰길,11,1,"[0.0, 0.0, 0.0, 0.0, 0.0, 1.0, 0.0, 0.0, 0.0, 0.0, 0.0]",0
성산오조지질레일,13,1,"[0.0, 0.0, 0.0, 0.0, 0.0, 0.0, 0.0, 0.0, 0.0, 0.0, 1.0]",2
성산고등어쌈밥,11,1,"[0.0, 0.0, 0.0, 1.0, 0.0, 0.0, 0.0, 0.0, 0.0, 0.0, 0.0]",0
푸디움제주공항점(온담국수),11,1,"[0.0, 0.0, 0.0, 0.0, 0.0, 0.0, 0.0, 0.0, 1.0, 0.0, 0.0]",0
촐리케이크,11,1,"[0.0, 1.0, 0.0, 0.0, 0.0, 0.0, 0.0, 0.0, 0.0, 0.0, 0.0]",1
카페이시도르,11,1,"[1.0, 0.0, 0.0, 0.0, 0.0, 0.0, 0.0, 0.0, 0.0, 0.0, 0.0]",1
서귀포풍경호텔,24,2,"[0.0, 0.0, 0.0, 0.0, 0.0, 0.0, 0.0, 1.0, 0.0, 0.0, 0.0]",2
돼지삼춘생구이,11,1,"[0.0, 1.0, 0.0, 0.0, 0.0, 0.0, 0.0, 0.0, 0.0, 0.0, 0.0]",0
모들카페,11,1,"[0.0, 0.0, 0.0, 0.0, 0.0, 0.0, 0.0, 0.0, 1.0, 0.0, 0.0]",1
제주돈삼겹 삼도점,11,1,"[0.0, 0.0, 0.0, 0.0, 0.0, 0.0, 0.0, 0.0, 1.0, 0.0, 0.0]",0
협재조랑게,11,1,"[0.0, 0.0, 0.0, 0.0, 0.0, 0.0, 0.0, 0.0, 1.0, 0.0, 0.0]",1
바다이야기,11,1,"[0.0, 0.0, 0.0, 0.0, 0.0, 0.0, 0.0, 0.0, 1.0, 0.0, 0.0]",0
녹원호텔,24,2,"[0.0, 0.0, 0.0, 0.0, 0.0, 0.0, 0.0, 1.0, 0.0, 0.0, 0.0]",2
맵수다 제원점,11,1,"[0.0, 0.0, 0.0, 0.0, 1.0, 0.0, 0.0, 0.0, 0.0, 0.0, 0.0]",0
해남이네,10,1,"[0.0, 0.0, 0.0, 0.0, 0.0, 0.0, 0.0, 0.0, 1.0, 0.0, 0.0]",2
성산해녀짬뽕,11,2,"[0.0, 0.5, 0.0, 0.5, 0.0, 0.0, 0.0, 0.0, 0.0, 0.0, 0.0]",0
러브레시피 스튜디오,13,1,"[0.0, 1.0, 0.0, 0.0, 0.0, 0.0, 0.0, 0.0, 0.0, 0.0, 0.0]",2
성산고성횟집,10,1,"[0.0, 0.0, 0.0, 0.0, 0.0, 0.0, 0.0, 0.0, 1.0, 0.0, 0.0]",2
고래성,11,3,"[0.0, 0.666667, 0.0, 0.0, 0.333333, 0.0, 0.0, 0.0, 0.0, 0.0, 0.0]",0
현재식당,11,1,"[0.0, 0.0, 0.0, 0.0, 1.0, 0.0, 0.0, 0.0, 0.0, 0.0, 0.0]",0
CU 서귀사계포구점,10,1,"[0.0, 0.0, 0.0, 0.0, 0.0, 0.0, 0.0, 0.0, 1.0, 0.0, 0.0]",2
득미당,10,1,"[0.0, 0.0, 0.0, 0.0, 1.0, 0.0, 0.0, 0.0, 0.0, 0.0, 0.0]",2
금하식당,11,1,"[0.0, 1.0, 0.0, 0.0, 0.0, 0.0, 0.0, 0.0, 0.0, 0.0, 0.0]",0
마루,11,1,"[0.0, 0.0, 0.0, 0.0, 1.0, 0.0, 0.0, 0.0, 0.0, 0.0, 0.0]",0
흑돈퍼주는집,11,1,"[0.0, 0.0, 0.0, 0.0, 1.0, 0.0, 0.0, 0.0, 0.0, 0.0, 0.0]",0
비체올린,5,4,"[0.5, 0.25, 0.0, 0.0, 0.0, 0.0, 0.0, 0.0, 0.0, 0.0, 0.25]",2
춘배네코히,11,1,"[0.0, 0.0, 0.0, 0.0, 0.0, 0.0, 0.0, 0.0, 1.0, 0.0, 0.0]",0
어클락,11,1,"[0.0, 0.0, 0.0, 0.0, 0.0, 1.0, 0.0, 0.0, 0.0, 0.0, 0.0]",1
토마토도시락 제주서귀포점,11,1,"[0.0, 0.0, 0.0, 0.0, 0.0, 1.0, 0.0, 0.0, 0.0, 0.0, 0.0]",0
동부골프연습장,5,1,"[0.0, 0.0, 0.0, 0.0, 0.0, 0.0, 0.0, 0.0, 1.0, 0.0, 0.0]",2
제주일출봉해안 일제동굴진지,1,1,"[0.0, 0.0, 0.0, 0.0, 0.0, 0.0, 0.0, 0.0, 0.0, 1.0, 0.0]",2
용이식당 노형점,11,1,"[0.0, 0.0, 0.0, 0.0, 1.0, 0.0, 0.0, 0.0, 0.0, 0.0, 0.0]",0
블루사이공,11,2,"[0.5, 0.5, 0.0, 0.0, 0.0, 0.0, 0.0, 0.0, 0.0, 0.0, 0.0]",0
노형뜨란채아파트,24,1,"[0.0, 0.0, 0.0, 0.0, 1.0, 0.0, 0.0, 0.0, 0.0, 0.0, 0.0]",2
제주드루앙 신촌,24,1,"[0.0, 0.0, 0.0, 0.0, 1.0, 0.0, 0.0, 0.0, 0.0, 0.0, 0.0]",2
선흘,11,2,"[0.0, 0.0, 0.0, 0.0, 0.0, 0.0, 0.0, 0.5, 0.5, 0.0, 0.0]",0
팜셀프카페,13,1,"[0.0, 0.0, 0.0, 0.0, 0.0, 0.0, 0.0, 0.0, 0.0, 0.0, 1.0]",2
신도2리 도구리 모살물,2,1,"[0.0, 0.0, 0.0, 0.0, 0.0, 0.0, 0.0, 0.0, 1.0, 0.0, 0.0]",2
협재 해오름펜션,24,1,"[0.0, 1.0, 0.0, 0.0, 0.0, 0.0, 0.0, 0.0, 0.0, 0.0, 0.0]",2
하도작은식당,11,1,"[0.0, 1.0, 0.0, 0.0, 0.0, 0.0, 0.0, 0.0, 0.0, 0.0, 0.0]",0
엉또올레차이나타운 2호점,11,1,"[0.0, 0.0, 0.0, 1.0, 0.0, 0.0, 0.0, 0.0, 0.0, 0.0, 0.0]",0
제주펜션오다,24,1,"[0.0, 1.0, 0.0, 0.0, 0.0, 0.0, 0.0, 0.0, 0.0, 0.0, 0.0]",2
제주물,13,1,"[0.0, 1.0, 0.0, 0.0, 0.0, 0.0, 0.0, 0.0, 0.0, 0.0, 0.0]",2
함덕뚝배기,11,2,"[0.0, 1.0, 0.0, 0.0, 0.0, 0.0, 0.0, 0.0, 0.0, 0.0, 0.0]",0
한수리방파제,1,1,"[1.0, 0.0, 0.0, 0.0, 0.0, 0.0, 0.0, 0.0, 0.0, 0.0, 0.0]",2
윤슬스테이,24,2,"[0.0, 1.0, 0.0, 0.0, 0.0, 0.0, 0.0, 0.0, 0.0, 0.0, 0.0]",2
돌돌,11,1,"[0.0, 1.0, 0.0, 0.0, 0.0, 0.0, 0.0, 0.0, 0.0, 0.0, 0.0]",0
숙소,24,2,"[0.0, 0.5, 0.0, 0.0, 0.0, 0.0, 0.0, 0.5, 0.0, 0.0, 0.0]",2
통큰낙지 서귀포점,11,1,"[0.0, 0.0, 0.0, 0.0, 0.0, 0.0, 0.0, 0.0, 1.0, 0.0, 0.0]",0
교동도나스 제주애월점,11,1,"[0.0, 1.0, 0.0, 0.0, 0.0, 0.0, 0.0, 0.0, 0.0, 0.0, 0.0]",0
하가리연꽃마을,7,1,"[0.0, 0.0, 0.0, 0.0, 0.0, 0.0, 0.0, 0.0, 1.0, 0.0, 0.0]",2
하귀바다,1,1,"[0.0, 0.0, 0.0, 0.0, 0.0, 0.0, 0.0, 0.0, 1.0, 0.0, 0.0]",2
샌드박스,11,1,"[0.0, 0.0, 0.0, 0.0, 0.0, 1.0, 0.0, 0.0, 0.0, 0.0, 0.0]",0
에코아바,24,4,"[0.0, 0.0, 0.0, 0.0, 0.0, 0.0, 0.0, 1.0, 0.0, 0.0, 0.0]",2
라온빌리지,24,1,"[0.0, 0.0, 0.0, 0.0, 0.0, 0.0, 0.0, 0.0, 0.0, 0.0, 1.0]",2
돈셰프흑돼지,11,2,"[0.0, 0.0, 0.0, 0.0, 0.0, 0.5, 0.0, 0.0, 0.0, 0.0, 0.5]",0
성산항입구,1,1,"[1.0, 0.0, 0.0, 0.0, 0.0, 0.0, 0.0, 0.0, 0.0, 0.0, 0.0]",2
협재블리스,24,2,"[0.0, 0.0, 0.0, 0.0, 0.0, 0.0, 0.0, 1.0, 0.0, 0.0, 0.0]",2
달달미깡감귤밭,1,2,"[0.0, 0.5, 0.0, 0.0, 0.0, 0.0, 0.0, 0.5, 0.0, 0.0, 0.0]",2
한라산국립공원 성판악탐방로-관음사코스,7,1,"[0.0, 0.0, 0.0, 0.0, 0.0, 0.0, 0.0, 0.0, 0.0, 0.0, 1.0]",2
제주석창포영농조합법인,13,1,"[0.0, 0.0, 0.0, 0.0, 1.0, 0.0, 0.0, 0.0, 0.0, 0.0, 0.0]",2
감성농부,10,1,"[0.0, 1.0, 0.0, 0.0, 0.0, 0.0, 0.0, 0.0, 0.0, 0.0, 0.0]",2
다온제과,10,1,"[0.0, 0.0, 0.0, 0.0, 1.0, 0.0, 0.0, 0.0, 0.0, 0.0, 0.0]",2
발루다,11,1,"[0.0, 0.0, 0.0, 0.0, 1.0, 0.0, 0.0, 0.0, 0.0, 0.0, 0.0]",0
함덕산티아고게스트하우스,24,1,"[0.0, 1.0, 0.0, 0.0, 0.0, 0.0, 0.0, 0.0, 0.0, 0.0, 0.0]",2
가담국수,11,1,"[0.0, 1.0, 0.0, 0.0, 0.0, 0.0, 0.0, 0.0, 0.0, 0.0, 0.0]",0
카페서연의집,11,1,"[0.0, 0.0, 0.0, 0.0, 1.0, 0.0, 0.0, 0.0, 0.0, 0.0, 0.0]",1
백패커스빌라,24,2,"[0.0, 0.0, 0.0, 0.0, 0.0, 0.0, 0.0, 0.5, 0.0, 0.0, 0.5]",2
미니멀웜,10,2,"[0.0, 0.5, 0.0, 0.0, 0.5, 0.0, 0.0, 0.0, 0.0, 0.0, 0.0]",2
홍가네집밥,11,1,"[0.0, 0.0, 0.0, 0.0, 1.0, 0.0, 0.0, 0.0, 0.0, 0.0, 0.0]",0
조끄뜨레식자재마트 성산지점,10,1,"[0.0, 0.0, 0.0, 0.0, 0.0, 1.0, 0.0, 0.0, 0.0, 0.0, 0.0]",2
오식당,11,1,"[0.0, 0.0, 0.0, 0.0, 0.0, 0.0, 0.0, 0.0, 1.0, 0.0, 0.0]",0
빛다,7,1,"[0.0, 0.0, 0.0, 0.0, 0.0, 0.0, 0.0, 0.0, 1.0, 0.0, 0.0]",2
원조목살집,11,1,"[0.0, 1.0, 0.0, 0.0, 0.0, 0.0, 0.0, 0.0, 0.0, 0.0, 0.0]",0
그루스터디카페 서귀포혁신도시센터,4,1,"[0.0, 0.0, 0.0, 0.0, 0.0, 0.0, 0.0, 0.0, 0.0, 0.0, 1.0]",2
협자연대,2,1,"[0.0, 0.0, 0.0, 0.0, 0.0, 0.0, 0.0, 0.0, 0.0, 1.0, 0.0]",2
제주나그네,24,3,"[0.0, 0.0, 0.0, 0.0, 0.0, 0.0, 0.0, 0.0, 0.0, 0.0, 1.0]",2
끌림36.5,24,5,"[0.0, 0.2, 0.0, 0.0, 0.0, 0.0, 0.0, 0.8, 0.0, 0.0, 0.0]",2
TBN제주교통방송,24,1,"[0.0, 0.0, 0.0, 0.0, 1.0, 0.0, 0.0, 0.0, 0.0, 0.0, 0.0]",2
보물섬,24,3,"[0.0, 0.333333, 0.0, 0.0, 0.0, 0.0, 0.0, 0.666667, 0.0, 0.0, 0.0]",2
샘모루펜션,24,1,"[0.0, 0.0, 0.0, 0.0, 1.0, 0.0, 0.0, 0.0, 0.0, 0.0, 0.0]",2
렌시아,11,1,"[1.0, 0.0, 0.0, 0.0, 0.0, 0.0, 0.0, 0.0, 0.0, 0.0, 0.0]",1
제주금강산콘도,24,1,"[0.0, 0.0, 0.0, 0.0, 0.0, 0.0, 0.0, 1.0, 0.0, 0.0, 0.0]",2
수월봉전기자전거 차귀도점,11,1,"[0.0, 0.0, 0.0, 0.0, 0.0, 0.0, 0.0, 0.0, 1.0, 0.0, 0.0]",0
GS25 한라체육관점,10,1,"[0.0, 0.0, 0.0, 0.0, 0.0, 1.0, 0.0, 0.0, 0.0, 0.0, 0.0]",2
금돈상회,11,1,"[0.0, 1.0, 0.0, 0.0, 0.0, 0.0, 0.0, 0.0, 0.0, 0.0, 0.0]",0
월정첼로하우스펜션,24,1,"[0.0, 0.0, 0.0, 0.0, 0.0, 0.0, 0.0, 1.0, 0.0, 0.0, 0.0]",2
미풍해장국 구좌세화점,11,1,"[0.0, 1.0, 0.0, 0.0, 0.0, 0.0, 0.0, 0.0, 0.0, 0.0, 0.0]",0
본날,11,1,"[0.0, 1.0, 0.0, 0.0, 0.0, 0.0, 0.0, 0.0, 0.0, 0.0, 0.0]",0
월령선인장,24,2,"[0.0, 0.5, 0.0, 0.0, 0.0, 0.0, 0.0, 0.0, 0.0, 0.0, 0.5]",2
제주정곱창,11,1,"[0.0, 1.0, 0.0, 0.0, 0.0, 0.0, 0.0, 0.0, 0.0, 0.0, 0.0]",0
우호적무관심,11,3,"[0.333333, 0.333333, 0.0, 0.0, 0.0, 0.0, 0.0, 0.0, 0.333333, 0.0, 0.0]",1
성읍녹차마을 영농조합법인,1,1,"[1.0, 0.0, 0.0, 0.0, 0.0, 0.0, 0.0, 0.0, 0.0, 0.0, 0.0]",2
제주옛돈,11,1,"[0.0, 0.0, 0.0, 0.0, 1.0, 0.0, 0.0, 0.0, 0.0, 0.0, 0.0]",0
진영식당,11,1,"[0.0, 1.0, 0.0, 0.0, 0.0, 0.0, 0.0, 0.0, 0.0, 0.0, 0.0]",0
아라동둘레길,7,1,"[0.0, 0.0, 0.0, 1.0, 0.0, 0.0, 0.0, 0.0, 0.0, 0.0, 0.0]",2
동문호떡,4,1,"[0.0, 1.0, 0.0, 0.0, 0.0, 0.0, 0.0, 0.0, 0.0, 0.0, 0.0]",2
윈드카트1947,5,1,"[0.0, 0.0, 0.0, 0.0, 1.0, 0.0, 0.0, 0.0, 0.0, 0.0, 0.0]",2
AirBnB,24,3,"[0.0, 0.666667, 0.0, 0.0, 0.0, 0.0, 0.0, 0.0, 0.0, 0.0, 0.333333]",2
이호테우해수욕장 화장실,1,1,"[0.0, 0.0, 0.0, 0.0, 0.0, 0.0, 1.0, 0.0, 0.0, 0.0, 0.0]",2
트립레시피,24,2,"[0.0, 1.0, 0.0, 0.0, 0.0, 0.0, 0.0, 0.0, 0.0, 0.0, 0.0]",2
그루,11,1,"[0.0, 1.0, 0.0, 0.0, 0.0, 0.0, 0.0, 0.0, 0.0, 0.0, 0.0]",1
거북이한과,10,5,"[0.0, 0.4, 0.0, 0.4, 0.2, 0.0, 0.0, 0.0, 0.0, 0.0, 0.0]",0
산방연대,2,1,"[1.0, 0.0, 0.0, 0.0, 0.0, 0.0, 0.0, 0.0, 0.0, 0.0, 0.0]",2
사락,10,1,"[0.0, 1.0, 0.0, 0.0, 0.0, 0.0, 0.0, 0.0, 0.0, 0.0, 0.0]",2
쇠물깍,1,2,"[0.0, 0.5, 0.0, 0.0, 0.0, 0.0, 0.0, 0.0, 0.5, 0.0, 0.0]",2
제주서우봉비치호텔,24,3,"[0.0, 0.0, 0.0, 0.0, 0.0, 0.0, 0.0, 1.0, 0.0, 0.0, 0.0]",2
썬더치킨 함덕점,11,1,"[0.0, 0.0, 0.0, 0.0, 0.0, 1.0, 0.0, 0.0, 0.0, 0.0, 0.0]",0
매코롬,11,1,"[0.0, 0.0, 0.0, 1.0, 0.0, 0.0, 0.0, 0.0, 0.0, 0.0, 0.0]",0
더비치크랩 제주공항점,11,1,"[0.0, 1.0, 0.0, 0.0, 0.0, 0.0, 0.0, 0.0, 0.0, 0.0, 0.0]",0
정글북바이앨리스,11,1,"[0.0, 0.0, 0.0, 0.0, 0.0, 1.0, 0.0, 0.0, 0.0, 0.0, 0.0]",0
투빅커피,11,1,"[0.0, 0.0, 0.0, 0.0, 0.0, 1.0, 0.0, 0.0, 0.0, 0.0, 0.0]",1
오늘종달,11,1,"[1.0, 0.0, 0.0, 0.0, 0.0, 0.0, 0.0, 0.0, 0.0, 0.0, 0.0]",1
영실국수,11,2,"[0.0, 0.5, 0.0, 0.0, 0.0, 0.5, 0.0, 0.0, 0.0, 0.0, 0.0]",0
늘하우스,24,1,"[0.0, 0.0, 0.0, 0.0, 0.0, 0.0, 0.0, 1.0, 0.0, 0.0, 0.0]",2
제주요망지게 협재본점,11,1,"[0.0, 0.0, 0.0, 0.0, 0.0, 1.0, 0.0, 0.0, 0.0, 0.0, 0.0]",0
제주목 관아 망경루,3,1,"[0.0, 0.0, 0.0, 0.0, 0.0, 0.0, 0.0, 0.0, 1.0, 0.0, 0.0]",2
월정모살길,1,1,"[0.0, 0.0, 0.0, 0.0, 0.0, 0.0, 0.0, 0.0, 1.0, 0.0, 0.0]",2
고죽면 제주공항점,11,1,"[0.0, 1.0, 0.0, 0.0, 0.0, 0.0, 0.0, 0.0, 0.0, 0.0, 0.0]",0
탑텐 제주연삼점,4,1,"[0.0, 0.0, 0.0, 1.0, 0.0, 0.0, 0.0, 0.0, 0.0, 0.0, 0.0]",2
아덴힐승마클럽,5,1,"[0.0, 1.0, 0.0, 0.0, 0.0, 0.0, 0.0, 0.0, 0.0, 0.0, 0.0]",2
농땡이연구소,24,1,"[0.0, 0.0, 0.0, 0.0, 1.0, 0.0, 0.0, 0.0, 0.0, 0.0, 0.0]",2
여기 머물다,24,6,"[0.0, 0.0, 0.0, 0.0, 0.0, 0.0, 0.666667, 0.333333, 0.0, 0.0, 0.0]",2
제주542,24,2,"[0.0, 1.0, 0.0, 0.0, 0.0, 0.0, 0.0, 0.0, 0.0, 0.0, 0.0]",2
헤르츠호텔,24,2,"[0.0, 0.0, 0.0, 0.0, 0.0, 0.5, 0.0, 0.5, 0.0, 0.0, 0.0]",2
테디베어 사파리,3,2,"[0.5, 0.5, 0.0, 0.0, 0.0, 0.0, 0.0, 0.0, 0.0, 0.0, 0.0]",2
제주키즈독채펜션아이랑,24,2,"[0.0, 0.0, 0.0, 0.0, 1.0, 0.0, 0.0, 0.0, 0.0, 0.0, 0.0]",2
성산해안도로,7,1,"[1.0, 0.0, 0.0, 0.0, 0.0, 0.0, 0.0, 0.0, 0.0, 0.0, 0.0]",2
르카페하도,11,1,"[0.0, 0.0, 0.0, 0.0, 0.0, 0.0, 0.0, 0.0, 1.0, 0.0, 0.0]",1
종달삐삐통닭,11,1,"[0.0, 1.0, 0.0, 0.0, 0.0, 0.0, 0.0, 0.0, 0.0, 0.0, 0.0]",0
종달돈가,11,1,"[0.0, 1.0, 0.0, 0.0, 0.0, 0.0, 0.0, 0.0, 0.0, 0.0, 0.0]",0
마노아,11,2,"[0.0, 0.5, 0.0, 0.0, 0.0, 0.5, 0.0, 0.0, 0.0, 0.0, 0.0]",0
종달리다,10,1,"[0.0, 1.0, 0.0, 0.0, 0.0, 0.0, 0.0, 0.0, 0.0, 0.0, 0.0]",2
종달리해안도로,7,1,"[1.0, 0.0, 0.0, 0.0, 0.0, 0.0, 0.0, 0.0, 0.0, 0.0, 0.0]",2
남송이오름,1,2,"[0.0, 0.5, 0.0, 0.0, 0.0, 0.5, 0.0, 0.0, 0.0, 0.0, 0.0]",2
연연풍진,24,2,"[0.0, 1.0, 0.0, 0.0, 0.0, 0.0, 0.0, 0.0, 0.0, 0.0, 0.0]",2
사계제과버터비,4,1,"[0.0, 0.0, 0.0, 0.0, 0.0, 0.0, 0.0, 0.0, 1.0, 0.0, 0.0]",2
뿔소라공원,1,1,"[1.0, 0.0, 0.0, 0.0, 0.0, 0.0, 0.0, 0.0, 0.0, 0.0, 0.0]",2
준도너츠 제주본점,11,1,"[0.0, 1.0, 0.0, 0.0, 0.0, 0.0, 0.0, 0.0, 0.0, 0.0, 0.0]",0
스시오타루,11,1,"[0.0, 1.0, 0.0, 0.0, 0.0, 0.0, 0.0, 0.0, 0.0, 0.0, 0.0]",0
제주옥,24,1,"[0.0, 0.0, 0.0, 0.0, 1.0, 0.0, 0.0, 0.0, 0.0, 0.0, 0.0]",2
쌍둥이돼지꿈,11,2,"[0.0, 0.5, 0.0, 0.0, 0.0, 0.0, 0.0, 0.0, 0.5, 0.0, 0.0]",0
신화월드 테마파크 C-1구역 전기차충전소,6,1,"[1.0, 0.0, 0.0, 0.0, 0.0, 0.0, 0.0, 0.0, 0.0, 0.0, 0.0]",2
두갓,11,2,"[0.0, 0.5, 0.0, 0.0, 0.0, 0.5, 0.0, 0.0, 0.0, 0.0, 0.0]",1
올레집,11,1,"[0.0, 0.0, 0.0, 0.0, 1.0, 0.0, 0.0, 0.0, 0.0, 0.0, 0.0]",0
가파도수산,11,3,"[0.0, 0.333333, 0.0, 0.0, 0.666667, 0.0, 0.0, 0.0, 0.0, 0.0, 0.0]",0
명당양과 본점,11,1,"[1.0, 0.0, 0.0, 0.0, 0.0, 0.0, 0.0, 0.0, 0.0, 0.0, 0.0]",0
왕이메,1,3,"[0.333333, 0.0, 0.0, 0.0, 0.666667, 0.0, 0.0, 0.0, 0.0, 0.0, 0.0]",2
진달래식당,11,1,"[0.0, 0.0, 0.0, 0.0, 1.0, 0.0, 0.0, 0.0, 0.0, 0.0, 0.0]",0
할방이네,10,1,"[0.0, 0.0, 0.0, 0.0, 0.0, 0.0, 0.0, 0.0, 1.0, 0.0, 0.0]",2
판포리아,11,1,"[0.0, 0.0, 0.0, 0.0, 1.0, 0.0, 0.0, 0.0, 0.0, 0.0, 0.0]",0
구좌약국,4,1,"[0.0, 0.0, 0.0, 0.0, 0.0, 0.0, 0.0, 0.0, 0.0, 0.0, 1.0]",2
제주착한닭강정,10,1,"[0.0, 1.0, 0.0, 0.0, 0.0, 0.0, 0.0, 0.0, 0.0, 0.0, 0.0]",2
마레1440 펜션&카페,11,2,"[0.0, 0.0, 0.0, 0.0, 0.0, 0.5, 0.0, 0.5, 0.0, 0.0, 0.0]",1
포앳홈,11,1,"[0.0, 1.0, 0.0, 0.0, 0.0, 0.0, 0.0, 0.0, 0.0, 0.0, 0.0]",0
제주토비스콘도 본관,24,3,"[0.0, 0.0, 0.0, 0.0, 1.0, 0.0, 0.0, 0.0, 0.0, 0.0, 0.0]",2
엉불턱 우도전망대,7,1,"[0.0, 0.0, 0.0, 0.0, 0.0, 0.0, 0.0, 0.0, 0.0, 0.0, 1.0]",2
세영수산,11,1,"[0.0, 0.0, 0.0, 0.0, 1.0, 0.0, 0.0, 0.0, 0.0, 0.0, 0.0]",0
써니펜션,24,1,"[0.0, 1.0, 0.0, 0.0, 0.0, 0.0, 0.0, 0.0, 0.0, 0.0, 0.0]",2
송사부수제쌀고로케 이마트서귀포점,11,1,"[0.0, 0.0, 0.0, 0.0, 0.0, 0.0, 0.0, 0.0, 1.0, 0.0, 0.0]",0
신도시정육식당,11,1,"[0.0, 1.0, 0.0, 0.0, 0.0, 0.0, 0.0, 0.0, 0.0, 0.0, 0.0]",0
신현대식당,11,1,"[0.0, 1.0, 0.0, 0.0, 0.0, 0.0, 0.0, 0.0, 0.0, 0.0, 0.0]",0
오현돼지불백,11,2,"[0.0, 0.0, 0.0, 0.5, 0.5, 0.0, 0.0, 0.0, 0.0, 0.0, 0.0]",0
애월브금,11,2,"[0.5, 0.5, 0.0, 0.0, 0.0, 0.0, 0.0, 0.0, 0.0, 0.0, 0.0]",0
제주하늘을날다 체험비행장소,13,1,"[0.0, 0.0, 1.0, 0.0, 0.0, 0.0, 0.0, 0.0, 0.0, 0.0, 0.0]",2
올리브영 제주동문시장점,10,1,"[0.0, 0.0, 0.0, 0.0, 0.0, 0.0, 0.0, 0.0, 1.0, 0.0, 0.0]",2
코멘트,10,1,"[0.0, 1.0, 0.0, 0.0, 0.0, 0.0, 0.0, 0.0, 0.0, 0.0, 0.0]",2
오늘의감정오감,11,1,"[0.0, 1.0, 0.0, 0.0, 0.0, 0.0, 0.0, 0.0, 0.0, 0.0, 0.0]",1
정성듬뿍제주국,11,3,"[0.0, 0.0, 0.0, 0.0, 1.0, 0.0, 0.0, 0.0, 0.0, 0.0, 0.0]",0
삼매봉공원,1,1,"[0.0, 0.0, 0.0, 0.0, 1.0, 0.0, 0.0, 0.0, 0.0, 0.0, 0.0]",2
삼매봉153,11,2,"[0.0, 0.0, 0.0, 0.0, 1.0, 0.0, 0.0, 0.0, 0.0, 0.0, 0.0]",0
캠퍼트리 호텔앤리조트,24,5,"[0.0, 0.2, 0.0, 0.0, 0.4, 0.0, 0.0, 0.0, 0.0, 0.0, 0.4]",2
고집순두부,11,1,"[1.0, 0.0, 0.0, 0.0, 0.0, 0.0, 0.0, 0.0, 0.0, 0.0, 0.0]",0
종가전복,11,1,"[0.0, 1.0, 0.0, 0.0, 0.0, 0.0, 0.0, 0.0, 0.0, 0.0, 0.0]",0
포동정식 도청점,11,1,"[0.0, 1.0, 0.0, 0.0, 0.0, 0.0, 0.0, 0.0, 0.0, 0.0, 0.0]",0
조은승마장,13,1,"[0.0, 0.0, 0.0, 0.0, 0.0, 0.0, 0.0, 0.0, 1.0, 0.0, 0.0]",2
로드129,11,1,"[0.0, 1.0, 0.0, 0.0, 0.0, 0.0, 0.0, 0.0, 0.0, 0.0, 0.0]",0
1943 제주시청점,11,1,"[1.0, 0.0, 0.0, 0.0, 0.0, 0.0, 0.0, 0.0, 0.0, 0.0, 0.0]",0
녹두밭,11,1,"[0.0, 0.0, 0.0, 0.0, 0.0, 1.0, 0.0, 0.0, 0.0, 0.0, 0.0]",0
CU 서귀월드컵로점,10,1,"[0.0, 0.0, 0.0, 0.0, 0.0, 0.0, 0.0, 0.0, 1.0, 0.0, 0.0]",2
테디제주,4,1,"[0.0, 0.0, 0.0, 0.0, 0.0, 0.0, 0.0, 0.0, 1.0, 0.0, 0.0]",2
옛날통닭,11,1,"[0.0, 0.0, 0.0, 0.0, 0.0, 0.0, 0.0, 0.0, 1.0, 0.0, 0.0]",0
지민원흑돼지꼬치구이,11,1,"[0.0, 0.0, 0.0, 0.0, 0.0, 0.0, 0.0, 0.0, 1.0, 0.0, 0.0]",0
세논오라,11,1,"[0.0, 1.0, 0.0, 0.0, 0.0, 0.0, 0.0, 0.0, 0.0, 0.0, 0.0]",1
도을,11,1,"[0.0, 0.0, 0.0, 0.0, 0.0, 0.0, 0.0, 0.0, 0.0, 0.0, 1.0]",1
너는파라다이스길리,11,2,"[0.0, 0.0, 0.0, 0.5, 0.0, 0.0, 0.0, 0.0, 0.5, 0.0, 0.0]",0
어등포 해녀촌,11,2,"[0.0, 0.0, 0.0, 1.0, 0.0, 0.0, 0.0, 0.0, 0.0, 0.0, 0.0]",0
오쿠당,11,2,"[0.0, 0.0, 0.0, 0.5, 0.0, 0.0, 0.0, 0.0, 0.0, 0.0, 0.5]",0
이어돈 함덕첫번째이야기,11,3,"[0.0, 0.333333, 0.0, 0.0, 0.333333, 0.0, 0.0, 0.0, 0.333333, 0.0, 0.0]",0
CU 제주월정모살점,10,1,"[0.0, 0.0, 0.0, 0.0, 0.0, 1.0, 0.0, 0.0, 0.0, 0.0, 0.0]",2
카페까르네,11,2,"[0.0, 0.5, 0.0, 0.0, 0.0, 0.0, 0.0, 0.0, 0.5, 0.0, 0.0]",1
바다랑파도랑펜션,24,3,"[0.0, 0.0, 0.0, 0.0, 0.0, 0.0, 0.0, 1.0, 0.0, 0.0, 0.0]",2
진이토종닭,11,1,"[0.0, 1.0, 0.0, 0.0, 0.0, 0.0, 0.0, 0.0, 0.0, 0.0, 0.0]",0
안녕하세화,24,3,"[0.0, 0.0, 0.0, 0.0, 0.666667, 0.333333, 0.0, 0.0, 0.0, 0.0, 0.0]",2
소산도,11,1,"[0.0, 0.0, 0.0, 0.0, 1.0, 0.0, 0.0, 0.0, 0.0, 0.0, 0.0]",0
올랑올랑 잡화점,10,1,"[0.0, 1.0, 0.0, 0.0, 0.0, 0.0, 0.0, 0.0, 0.0, 0.0, 0.0]",2
서프블루,5,2,"[0.0, 1.0, 0.0, 0.0, 0.0, 0.0, 0.0, 0.0, 0.0, 0.0, 0.0]",2
렌소,11,1,"[0.0, 0.0, 0.0, 0.0, 0.0, 0.0, 0.0, 0.0, 0.0, 0.0, 1.0]",0
우리집밥상,11,1,"[0.0, 0.0, 0.0, 0.0, 0.0, 0.0, 0.0, 0.0, 1.0, 0.0, 0.0]",0
제주한화리조트 탐라테라피,5,1,"[0.0, 0.0, 0.0, 0.0, 0.0, 0.0, 1.0, 0.0, 0.0, 0.0, 0.0]",2
YES렌트카 전기차충전소,10,1,"[0.0, 0.0, 0.0, 0.0, 0.0, 0.0, 0.0, 1.0, 0.0, 0.0, 0.0]",2
제주해비치호텔앤리조트 수영장1,6,1,"[0.0, 0.0, 0.0, 0.0, 0.0, 1.0, 0.0, 0.0, 0.0, 0.0, 0.0]",2
한울타리한우,11,2,"[0.0, 1.0, 0.0, 0.0, 0.0, 0.0, 0.0, 0.0, 0.0, 0.0, 0.0]",0
루브린라운지,11,1,"[0.0, 0.0, 0.0, 0.0, 1.0, 0.0, 0.0, 0.0, 0.0, 0.0, 0.0]",0
반양,11,2,"[0.0, 0.5, 0.0, 0.5, 0.0, 0.0, 0.0, 0.0, 0.0, 0.0, 0.0]",0
해안로칼국수,11,1,"[0.0, 0.0, 0.0, 0.0, 0.0, 0.0, 0.0, 0.0, 1.0, 0.0, 0.0]",0
투썸플레이스 제주곽지과물해변점,11,2,"[0.0, 0.0, 0.0, 0.0, 0.0, 0.0, 0.0, 0.0, 1.0, 0.0, 0.0]",0
환영키친앤게스트하우스,24,1,"[0.0, 1.0, 0.0, 0.0, 0.0, 0.0, 0.0, 0.0, 0.0, 0.0, 0.0]",2
대정교회,2,1,"[0.0, 0.0, 0.0, 0.0, 0.0, 0.0, 0.0, 0.0, 1.0, 0.0, 0.0]",2
추사적거지기념관,2,1,"[0.0, 0.0, 0.0, 0.0, 1.0, 0.0, 0.0, 0.0, 0.0, 0.0, 0.0]",2
모산봉,11,1,"[0.0, 0.0, 0.0, 0.0, 0.0, 0.0, 0.0, 0.0, 1.0, 0.0, 0.0]",0
해오반 함덕점,1,2,"[0.0, 0.5, 0.0, 0.0, 0.0, 0.5, 0.0, 0.0, 0.0, 0.0, 0.0]",0
KT플라자 제주점,10,1,"[0.0, 0.0, 0.0, 0.0, 0.0, 0.0, 0.0, 0.0, 0.0, 0.0, 1.0]",2
신라면세점 제주공항점,4,1,"[0.0, 0.0, 0.0, 0.0, 0.0, 0.0, 0.0, 0.0, 1.0, 0.0, 0.0]",2
현서네두루치기,11,1,"[0.0, 1.0, 0.0, 0.0, 0.0, 0.0, 0.0, 0.0, 0.0, 0.0, 0.0]",0
회천주유소,10,2,"[0.0, 0.0, 0.0, 0.0, 0.0, 0.0, 0.0, 0.0, 1.0, 0.0, 0.0]",2
서부관광주유소,10,1,"[0.0, 0.0, 0.0, 0.0, 0.0, 0.0, 0.0, 0.0, 1.0, 0.0, 0.0]",2
파르나스 제주 피트니스 큐브 (짐),5,1,"[0.0, 0.0, 0.0, 0.0, 0.0, 0.0, 1.0, 0.0, 0.0, 0.0, 0.0]",2
파르나스 제주 콘페티,11,1,"[0.0, 1.0, 0.0, 0.0, 0.0, 0.0, 0.0, 0.0, 0.0, 0.0, 0.0]",0
파르나스 제주,5,1,"[1.0, 0.0, 0.0, 0.0, 0.0, 0.0, 0.0, 0.0, 0.0, 0.0, 0.0]",2
알맞은시간,11,1,"[0.0, 1.0, 0.0, 0.0, 0.0, 0.0, 0.0, 0.0, 0.0, 0.0, 0.0]",1
모노클제주,11,1,"[1.0, 0.0, 0.0, 0.0, 0.0, 0.0, 0.0, 0.0, 0.0, 0.0, 0.0]",1
고내1101,24,1,"[0.0, 1.0, 0.0, 0.0, 0.0, 0.0, 0.0, 0.0, 0.0, 0.0, 0.0]",2
대호해물가든 외도점,11,1,"[0.0, 1.0, 0.0, 0.0, 0.0, 0.0, 0.0, 0.0, 0.0, 0.0, 0.0]",0
비타민국수 외도점,11,1,"[0.0, 0.0, 0.0, 0.0, 1.0, 0.0, 0.0, 0.0, 0.0, 0.0, 0.0]",0
주민상회 제주외도점,11,1,"[0.0, 0.0, 0.0, 0.0, 0.0, 1.0, 0.0, 0.0, 0.0, 0.0, 0.0]",0
마녀의언덕,11,1,"[0.0, 1.0, 0.0, 0.0, 0.0, 0.0, 0.0, 0.0, 0.0, 0.0, 0.0]",0
테리베리스,4,1,"[0.0, 1.0, 0.0, 0.0, 0.0, 0.0, 0.0, 0.0, 0.0, 0.0, 0.0]",2
소꼽놀이,4,1,"[0.0, 0.0, 0.0, 0.0, 0.0, 0.0, 0.0, 0.0, 0.0, 0.0, 1.0]",2
올망,4,2,"[0.0, 1.0, 0.0, 0.0, 0.0, 0.0, 0.0, 0.0, 0.0, 0.0, 0.0]",2
세븐일레븐 제주이도광양점,10,1,"[0.0, 0.0, 0.0, 0.0, 0.0, 1.0, 0.0, 0.0, 0.0, 0.0, 0.0]",2
미유,4,4,"[0.0, 0.5, 0.0, 0.0, 0.25, 0.0, 0.0, 0.0, 0.25, 0.0, 0.0]",0
서유기마라탕 하귀점,11,1,"[0.0, 0.0, 0.0, 0.0, 0.0, 0.0, 0.0, 0.0, 1.0, 0.0, 0.0]",0
스시호시카이,11,1,"[0.0, 1.0, 0.0, 0.0, 0.0, 0.0, 0.0, 0.0, 0.0, 0.0, 0.0]",0
컴포즈커피 제주삼화점,11,1,"[0.0, 0.0, 0.0, 0.0, 0.0, 0.0, 0.0, 1.0, 0.0, 0.0, 0.0]",1
기당미술관 외돌개,3,1,"[1.0, 0.0, 0.0, 0.0, 0.0, 0.0, 0.0, 0.0, 0.0, 0.0, 0.0]",2
컴포즈커피 서귀포동흥점,11,1,"[0.0, 0.0, 0.0, 0.0, 0.0, 0.0, 0.0, 0.0, 1.0, 0.0, 0.0]",1
GS25 뉴제주동광점,10,1,"[0.0, 0.0, 0.0, 0.0, 0.0, 0.0, 1.0, 0.0, 0.0, 0.0, 0.0]",2
고미미,11,2,"[0.5, 0.0, 0.0, 0.5, 0.0, 0.0, 0.0, 0.0, 0.0, 0.0, 0.0]",1
삼신할망밥상,11,1,"[0.0, 1.0, 0.0, 0.0, 0.0, 0.0, 0.0, 0.0, 0.0, 0.0, 0.0]",0
야크마을,7,2,"[0.0, 1.0, 0.0, 0.0, 0.0, 0.0, 0.0, 0.0, 0.0, 0.0, 0.0]",2
두도레스토랑,11,1,"[0.0, 0.0, 0.0, 0.0, 0.0, 1.0, 0.0, 0.0, 0.0, 0.0, 0.0]",0
협재수돈가스 수우동직영점,11,1,"[0.0, 1.0, 0.0, 0.0, 0.0, 0.0, 0.0, 0.0, 0.0, 0.0, 0.0]",0
중문시티호텔,24,2,"[0.0, 0.0, 0.0, 0.0, 1.0, 0.0, 0.0, 0.0, 0.0, 0.0, 0.0]",2
칠링아웃샵 제주중문점,11,2,"[0.0, 0.0, 0.0, 1.0, 0.0, 0.0, 0.0, 0.0, 0.0, 0.0, 0.0]",0
숯불에닭,11,1,"[0.0, 0.0, 0.0, 0.0, 1.0, 0.0, 0.0, 0.0, 0.0, 0.0, 0.0]",0
옥스코인노래연습장 제주연동점,3,1,"[0.0, 0.0, 0.0, 0.0, 0.0, 0.0, 0.0, 0.0, 1.0, 0.0, 0.0]",2
해왓,11,3,"[0.0, 0.666667, 0.0, 0.333333, 0.0, 0.0, 0.0, 0.0, 0.0, 0.0, 0.0]",0
족은바리메,13,1,"[0.0, 0.0, 0.0, 0.0, 1.0, 0.0, 0.0, 0.0, 0.0, 0.0, 0.0]",2
낯가림게스트하우스,24,4,"[0.0, 0.75, 0.0, 0.0, 0.25, 0.0, 0.0, 0.0, 0.0, 0.0, 0.0]",2
소낭게스트하우스 2호점,24,5,"[0.0, 0.8, 0.0, 0.0, 0.0, 0.2, 0.0, 0.0, 0.0, 0.0, 0.0]",2
길보트,11,1,"[0.0, 0.0, 0.0, 0.0, 1.0, 0.0, 0.0, 0.0, 0.0, 0.0, 0.0]",1
착한혼밥,11,1,"[0.0, 0.0, 0.0, 0.0, 0.0, 1.0, 0.0, 0.0, 0.0, 0.0, 0.0]",0
살강스테이,24,3,"[0.0, 1.0, 0.0, 0.0, 0.0, 0.0, 0.0, 0.0, 0.0, 0.0, 0.0]",2
제주돌마을공원,1,1,"[0.0, 0.0, 1.0, 0.0, 0.0, 0.0, 0.0, 0.0, 0.0, 0.0, 0.0]",2
일품순두부,11,2,"[0.0, 0.5, 0.0, 0.0, 0.0, 0.5, 0.0, 0.0, 0.0, 0.0, 0.0]",0
CU 제주교래점,10,1,"[0.0, 0.0, 0.0, 0.0, 0.0, 0.0, 0.0, 0.0, 1.0, 0.0, 0.0]",2
제주오쿠다,11,1,"[0.0, 1.0, 0.0, 0.0, 0.0, 0.0, 0.0, 0.0, 0.0, 0.0, 0.0]",0
어바웃커피 정부종합청사점,11,1,"[0.0, 0.0, 0.0, 0.0, 1.0, 0.0, 0.0, 0.0, 0.0, 0.0, 0.0]",1
용담밭담,11,1,"[0.0, 0.0, 0.0, 0.0, 1.0, 0.0, 0.0, 0.0, 0.0, 0.0, 0.0]",0
난타극장 제주전용관,3,1,"[0.0, 0.0, 0.0, 1.0, 0.0, 0.0, 0.0, 0.0, 0.0, 0.0, 0.0]",2
참숯구이제주몬트락,11,1,"[0.0, 0.0, 0.0, 1.0, 0.0, 0.0, 0.0, 0.0, 0.0, 0.0, 0.0]",0
모멘토호텔,24,1,"[0.0, 0.0, 0.0, 0.0, 0.0, 0.0, 0.0, 1.0, 0.0, 0.0, 0.0]",2
레슬리호텔,24,1,"[0.0, 0.0, 0.0, 0.0, 0.0, 1.0, 0.0, 0.0, 0.0, 0.0, 0.0]",2
정가네,11,1,"[0.0, 0.0, 0.0, 0.0, 0.0, 0.0, 0.0, 0.0, 1.0, 0.0, 0.0]",0
서광다원연구소,13,1,"[1.0, 0.0, 0.0, 0.0, 0.0, 0.0, 0.0, 0.0, 0.0, 0.0, 0.0]",2
동박낭,7,1,"[0.0, 1.0, 0.0, 0.0, 0.0, 0.0, 0.0, 0.0, 0.0, 0.0, 0.0]",2
제주조랑말타운,13,1,"[0.0, 1.0, 0.0, 0.0, 0.0, 0.0, 0.0, 0.0, 0.0, 0.0, 0.0]",2
카페연희,11,2,"[0.5, 0.0, 0.0, 0.0, 0.0, 0.0, 0.0, 0.0, 0.5, 0.0, 0.0]",1
금능해수욕장~금능 주변 가게 구경,4,1,"[0.0, 0.0, 0.0, 0.0, 0.0, 0.0, 0.0, 0.0, 1.0, 0.0, 0.0]",2
무거 전기차충전소,10,1,"[0.0, 0.0, 0.0, 1.0, 0.0, 0.0, 0.0, 0.0, 0.0, 0.0, 0.0]",2
해피누들,11,1,"[0.0, 0.0, 0.0, 0.0, 1.0, 0.0, 0.0, 0.0, 0.0, 0.0, 0.0]",0
CU 제주평대점,10,1,"[0.0, 0.0, 0.0, 1.0, 0.0, 0.0, 0.0, 0.0, 0.0, 0.0, 0.0]",2
게스트하우스브릭,24,2,"[0.0, 0.0, 0.0, 0.0, 0.0, 1.0, 0.0, 0.0, 0.0, 0.0, 0.0]",2
고배기 동산,7,1,"[0.0, 0.0, 0.0, 0.0, 1.0, 0.0, 0.0, 0.0, 0.0, 0.0, 0.0]",2
타코나마타타,11,1,"[0.0, 1.0, 0.0, 0.0, 0.0, 0.0, 0.0, 0.0, 0.0, 0.0, 0.0]",0
수풀,10,4,"[0.0, 0.75, 0.0, 0.25, 0.0, 0.0, 0.0, 0.0, 0.0, 0.0, 0.0]",2
대정고을식당,11,1,"[0.0, 0.0, 0.0, 0.0, 1.0, 0.0, 0.0, 0.0, 0.0, 0.0, 0.0]",0
와르다레스토랑,11,1,"[0.0, 0.0, 0.0, 1.0, 0.0, 0.0, 0.0, 0.0, 0.0, 0.0, 0.0]",0
화수목야키토리,11,1,"[0.0, 0.0, 0.0, 0.0, 1.0, 0.0, 0.0, 0.0, 0.0, 0.0, 0.0]",0
최고봉주방,11,1,"[0.0, 0.0, 0.0, 0.0, 0.0, 1.0, 0.0, 0.0, 0.0, 0.0, 0.0]",0
제주홀스타승마장,5,1,"[0.0, 0.0, 0.0, 0.0, 0.0, 0.0, 0.0, 0.0, 1.0, 0.0, 0.0]",2
마루다이닝,11,2,"[0.0, 0.5, 0.0, 0.0, 0.0, 0.0, 0.0, 0.0, 0.5, 0.0, 0.0]",0
나루터,11,1,"[0.0, 0.0, 0.0, 0.0, 1.0, 0.0, 0.0, 0.0, 0.0, 0.0, 0.0]",0
어머니와장독대 노형점,11,1,"[0.0, 0.0, 0.0, 0.0, 1.0, 0.0, 0.0, 0.0, 0.0, 0.0, 0.0]",0
노을해안길 1코스,1,1,"[0.0, 0.0, 0.0, 0.0, 1.0, 0.0, 0.0, 0.0, 0.0, 0.0, 0.0]",2
카페쏘해피,11,1,"[0.0, 0.0, 0.0, 1.0, 0.0, 0.0, 0.0, 0.0, 0.0, 0.0, 0.0]",1
제주필름현상소,10,4,"[0.0, 0.25, 0.0, 0.0, 0.25, 0.0, 0.25, 0.0, 0.0, 0.0, 0.25]",2
돈후명가 제주본점,11,1,"[0.0, 0.0, 0.0, 0.0, 1.0, 0.0, 0.0, 0.0, 0.0, 0.0, 0.0]",0
준코뮤직타운 제주연동3호점,11,1,"[0.0, 0.0, 0.0, 0.0, 0.0, 0.0, 0.0, 0.0, 1.0, 0.0, 0.0]",0
간드락게스트하우스,24,2,"[0.0, 0.0, 0.0, 0.0, 1.0, 0.0, 0.0, 0.0, 0.0, 0.0, 0.0]",2
미완,24,1,"[0.0, 0.0, 0.0, 0.0, 1.0, 0.0, 0.0, 0.0, 0.0, 0.0, 0.0]",2
바오젠게스트하우스,24,1,"[0.0, 0.0, 0.0, 0.0, 0.0, 0.0, 0.0, 0.0, 1.0, 0.0, 0.0]",2
중문서핑스쿨&중문서핑샵,5,1,"[0.0, 1.0, 0.0, 0.0, 0.0, 0.0, 0.0, 0.0, 0.0, 0.0, 0.0]",2
캐럿서프,13,1,"[0.0, 0.0, 0.0, 0.0, 1.0, 0.0, 0.0, 0.0, 0.0, 0.0, 0.0]",2
카페쌀쌀,11,1,"[0.0, 1.0, 0.0, 0.0, 0.0, 0.0, 0.0, 0.0, 0.0, 0.0, 0.0]",1
호텔W 신제주점,24,1,"[0.0, 0.0, 0.0, 0.0, 0.0, 0.0, 0.0, 1.0, 0.0, 0.0, 0.0]",2
도로록,11,1,"[0.0, 1.0, 0.0, 0.0, 0.0, 0.0, 0.0, 0.0, 0.0, 0.0, 0.0]",0
본초불닭발 함덕점,11,1,"[0.0, 0.0, 0.0, 0.0, 0.0, 0.0, 0.0, 1.0, 0.0, 0.0, 0.0]",0
옥상닭빛,11,2,"[0.0, 0.0, 0.0, 0.0, 0.5, 0.0, 0.0, 0.0, 0.5, 0.0, 0.0]",0
육회본가 제주직영점,11,1,"[0.0, 0.0, 0.0, 0.0, 1.0, 0.0, 0.0, 0.0, 0.0, 0.0, 0.0]",0
삼수정,11,1,"[0.0, 0.0, 0.0, 0.0, 0.0, 0.0, 0.0, 0.0, 1.0, 0.0, 0.0]",0
영육일삼,11,2,"[0.0, 1.0, 0.0, 0.0, 0.0, 0.0, 0.0, 0.0, 0.0, 0.0, 0.0]",0
마린포트리조트,24,2,"[0.0, 0.0, 0.0, 0.0, 0.0, 0.0, 0.0, 0.5, 0.0, 0.0, 0.5]",2
달팽이식당,11,2,"[0.0, 0.5, 0.0, 0.0, 0.0, 0.0, 0.0, 0.0, 0.0, 0.0, 0.5]",0
벨난조개전골,11,1,"[0.0, 1.0, 0.0, 0.0, 0.0, 0.0, 0.0, 0.0, 0.0, 0.0, 0.0]",0
썬앤문리조트,24,1,"[0.0, 0.0, 0.0, 1.0, 0.0, 0.0, 0.0, 0.0, 0.0, 0.0, 0.0]",2
호텔엘린,24,2,"[0.0, 0.0, 0.0, 0.0, 0.0, 0.0, 0.0, 1.0, 0.0, 0.0, 0.0]",2
다가미 애월점,11,2,"[0.0, 1.0, 0.0, 0.0, 0.0, 0.0, 0.0, 0.0, 0.0, 0.0, 0.0]",0
법환식당,11,1,"[0.0, 0.0, 0.0, 0.0, 0.0, 0.0, 0.0, 0.0, 1.0, 0.0, 0.0]",0
중식당동백,11,1,"[0.0, 0.0, 0.0, 0.0, 0.0, 0.0, 0.0, 0.0, 1.0, 0.0, 0.0]",0
서귀포우체국수련원,24,1,"[0.0, 0.0, 0.0, 0.0, 0.0, 0.0, 0.0, 1.0, 0.0, 0.0, 0.0]",2
우도해녀922,11,1,"[0.0, 0.0, 0.0, 0.0, 0.0, 0.0, 0.0, 0.0, 1.0, 0.0, 0.0]",0
모텔프라임,24,1,"[0.0, 0.0, 0.0, 0.0, 0.0, 0.0, 0.0, 0.0, 1.0, 0.0, 0.0]",2
한림성당,2,1,"[0.0, 0.0, 0.0, 0.0, 0.0, 0.0, 0.0, 0.0, 0.0, 0.0, 1.0]",2
브로콜리지,11,1,"[0.0, 0.0, 0.0, 0.0, 0.0, 0.0, 0.0, 0.0, 1.0, 0.0, 0.0]",0
제주아이카페,11,1,"[0.0, 0.0, 0.0, 0.0, 0.0, 0.0, 0.0, 0.0, 1.0, 0.0, 0.0]",1
디자인뷰,24,4,"[0.0, 0.0, 0.0, 0.0, 1.0, 0.0, 0.0, 0.0, 0.0, 0.0, 0.0]",2
푸짐한밥상,10,1,"[0.0, 0.0, 0.0, 1.0, 0.0, 0.0, 0.0, 0.0, 0.0, 0.0, 0.0]",2
아이존호텔,24,1,"[0.0, 0.0, 0.0, 0.0, 0.0, 1.0, 0.0, 0.0, 0.0, 0.0, 0.0]",2
카페멀씨,11,1,"[0.0, 0.0, 0.0, 0.0, 0.0, 0.0, 0.0, 0.0, 1.0, 0.0, 0.0]",1
황제궁,11,1,"[1.0, 0.0, 0.0, 0.0, 0.0, 0.0, 0.0, 0.0, 0.0, 0.0, 0.0]",0
카페델보스케,11,2,"[0.0, 0.0, 0.0, 0.0, 0.0, 0.0, 0.0, 0.0, 1.0, 0.0, 0.0]",1
팡팡식당,11,1,"[0.0, 0.0, 0.0, 0.0, 1.0, 0.0, 0.0, 0.0, 0.0, 0.0, 0.0]",0
헬로1204,4,1,"[1.0, 0.0, 0.0, 0.0, 0.0, 0.0, 0.0, 0.0, 0.0, 0.0, 0.0]",2
어반정글 부얀트무드,11,2,"[0.0, 0.5, 0.0, 0.0, 0.0, 0.0, 0.0, 0.0, 0.5, 0.0, 0.0]",0
나무아래,11,2,"[0.0, 0.5, 0.0, 0.0, 0.5, 0.0, 0.0, 0.0, 0.0, 0.0, 0.0]",1
하마보,11,2,"[0.0, 1.0, 0.0, 0.0, 0.0, 0.0, 0.0, 0.0, 0.0, 0.0, 0.0]",1
롯데하이마트 제주점,4,1,"[0.0, 0.0, 0.0, 0.0, 0.0, 0.0, 0.0, 0.0, 0.0, 0.0, 1.0]",2
아름이네분식,11,1,"[0.0, 0.0, 0.0, 0.0, 1.0, 0.0, 0.0, 0.0, 0.0, 0.0, 0.0]",0
바다를바라보면,11,2,"[0.0, 1.0, 0.0, 0.0, 0.0, 0.0, 0.0, 0.0, 0.0, 0.0, 0.0]",0
한거리푸줏간,4,4,"[0.0, 0.5, 0.0, 0.0, 0.0, 0.25, 0.0, 0.0, 0.25, 0.0, 0.0]",0
삿뽀로우동집 동홍점,11,1,"[0.0, 1.0, 0.0, 0.0, 0.0, 0.0, 0.0, 0.0, 0.0, 0.0, 0.0]",0
몽스파 본점,11,1,"[0.0, 0.0, 0.0, 0.0, 0.0, 0.0, 1.0, 0.0, 0.0, 0.0, 0.0]",0
파라바베큐,11,1,"[0.0, 0.0, 0.0, 0.0, 1.0, 0.0, 0.0, 0.0, 0.0, 0.0, 0.0]",0
카페스누피,11,1,"[0.0, 0.0, 0.0, 0.0, 1.0, 0.0, 0.0, 0.0, 0.0, 0.0, 0.0]",1
윈드스톤비치,24,1,"[0.0, 0.0, 0.0, 0.0, 0.0, 0.0, 0.0, 1.0, 0.0, 0.0, 0.0]",2
명월민박,24,1,"[0.0, 0.0, 0.0, 0.0, 0.0, 0.0, 0.0, 0.0, 0.0, 0.0, 1.0]",2
제동목장,7,1,"[1.0, 0.0, 0.0, 0.0, 0.0, 0.0, 0.0, 0.0, 0.0, 0.0, 0.0]",2
청안레지던스,24,7,"[0.0, 0.0, 0.0, 0.0, 0.0, 1.0, 0.0, 0.0, 0.0, 0.0, 0.0]",2
외도회수산,11,1,"[0.0, 1.0, 0.0, 0.0, 0.0, 0.0, 0.0, 0.0, 0.0, 0.0, 0.0]",0
다이소 제주노형점,4,1,"[0.0, 0.0, 0.0, 0.0, 0.0, 0.0, 0.0, 1.0, 0.0, 0.0, 0.0]",2
놀숲 제주외도점,4,1,"[0.0, 0.0, 0.0, 0.0, 0.0, 0.0, 1.0, 0.0, 0.0, 0.0, 0.0]",2
마르보다,11,1,"[0.0, 0.0, 0.0, 0.0, 0.0, 1.0, 0.0, 0.0, 0.0, 0.0, 0.0]",0
풍원정인국수,11,1,"[0.0, 1.0, 0.0, 0.0, 0.0, 0.0, 0.0, 0.0, 0.0, 0.0, 0.0]",0
미카사펜션,24,5,"[0.0, 0.0, 0.0, 0.0, 0.0, 0.0, 0.0, 1.0, 0.0, 0.0, 0.0]",2
육도담,11,2,"[0.0, 0.5, 0.0, 0.0, 0.5, 0.0, 0.0, 0.0, 0.0, 0.0, 0.0]",0
다담게스트하우스,24,1,"[0.0, 0.0, 0.0, 0.0, 1.0, 0.0, 0.0, 0.0, 0.0, 0.0, 0.0]",2
중문단지축구장,1,1,"[0.0, 0.0, 0.0, 1.0, 0.0, 0.0, 0.0, 0.0, 0.0, 0.0, 0.0]",2
CU 제주동남점,10,1,"[0.0, 0.0, 0.0, 0.0, 0.0, 1.0, 0.0, 0.0, 0.0, 0.0, 0.0]",2
산우정,11,1,"[1.0, 0.0, 0.0, 0.0, 0.0, 0.0, 0.0, 0.0, 0.0, 0.0, 0.0]",0
카페비아라테,11,1,"[0.0, 1.0, 0.0, 0.0, 0.0, 0.0, 0.0, 0.0, 0.0, 0.0, 0.0]",1
서우봉 일몰지,1,2,"[1.0, 0.0, 0.0, 0.0, 0.0, 0.0, 0.0, 0.0, 0.0, 0.0, 0.0]",2
하랑게스트하우스,24,2,"[0.0, 0.0, 0.0, 0.5, 0.0, 0.0, 0.5, 0.0, 0.0, 0.0, 0.0]",2
알뜨르비행장 격납고,2,1,"[0.0, 0.0, 0.0, 0.0, 0.0, 0.0, 0.0, 0.0, 0.0, 1.0, 0.0]",2
블루클리프 게스트하우스,24,1,"[0.0, 1.0, 0.0, 0.0, 0.0, 0.0, 0.0, 0.0, 0.0, 0.0, 0.0]",2
맛있는 참세상,11,2,"[0.0, 0.5, 0.0, 0.0, 0.0, 0.5, 0.0, 0.0, 0.0, 0.0, 0.0]",0
라쿤하우스,24,5,"[0.0, 0.0, 0.0, 0.0, 0.0, 1.0, 0.0, 0.0, 0.0, 0.0, 0.0]",2
신화가든,6,1,"[1.0, 0.0, 0.0, 0.0, 0.0, 0.0, 0.0, 0.0, 0.0, 0.0, 0.0]",2
디퍼프리다이브,5,1,"[0.0, 1.0, 0.0, 0.0, 0.0, 0.0, 0.0, 0.0, 0.0, 0.0, 0.0]",2
비엔토김녕펜션,24,2,"[0.0, 0.0, 0.0, 0.0, 0.0, 0.0, 0.0, 0.5, 0.0, 0.0, 0.5]",2
한라산정육점,10,1,"[0.0, 0.0, 0.0, 0.0, 1.0, 0.0, 0.0, 0.0, 0.0, 0.0, 0.0]",2
다몰펜션,24,2,"[0.0, 0.0, 0.0, 0.0, 0.0, 0.0, 0.0, 0.0, 0.0, 0.0, 1.0]",2
면형의집,2,1,"[0.0, 0.0, 0.0, 1.0, 0.0, 0.0, 0.0, 0.0, 0.0, 0.0, 0.0]",2
해뜨리식당,11,1,"[0.0, 0.0, 0.0, 0.0, 1.0, 0.0, 0.0, 0.0, 0.0, 0.0, 0.0]",0
성광식당,11,1,"[0.0, 0.0, 0.0, 0.0, 0.0, 0.0, 0.0, 1.0, 0.0, 0.0, 0.0]",0
상록식당,11,2,"[0.0, 1.0, 0.0, 0.0, 0.0, 0.0, 0.0, 0.0, 0.0, 0.0, 0.0]",0
덕성원 중문점,11,1,"[1.0, 0.0, 0.0, 0.0, 0.0, 0.0, 0.0, 0.0, 0.0, 0.0, 0.0]",0
투빅커피 효돈점,11,1,"[0.0, 0.0, 0.0, 0.0, 0.0, 0.0, 0.0, 1.0, 0.0, 0.0, 0.0]",1
대포해송횟집,11,2,"[0.0, 0.5, 0.0, 0.0, 0.0, 0.0, 0.0, 0.0, 0.5, 0.0, 0.0]",0
제주민군복합형관광미항,5,1,"[0.0, 0.0, 0.0, 0.0, 1.0, 0.0, 0.0, 0.0, 0.0, 0.0, 0.0]",2
라임오렌지빌,24,2,"[0.0, 0.0, 0.0, 0.0, 0.0, 0.0, 0.0, 1.0, 0.0, 0.0, 0.0]",2
범섬족발,11,1,"[0.0, 1.0, 0.0, 0.0, 0.0, 0.0, 0.0, 0.0, 0.0, 0.0, 0.0]",0
노형주유소,10,1,"[0.0, 0.0, 0.0, 0.0, 0.0, 0.0, 0.0, 0.0, 1.0, 0.0, 0.0]",2
영국찻집,11,1,"[0.0, 1.0, 0.0, 0.0, 0.0, 0.0, 0.0, 0.0, 0.0, 0.0, 0.0]",1
애월아안녕,4,1,"[0.0, 0.0, 0.0, 0.0, 0.0, 0.0, 0.0, 0.0, 1.0, 0.0, 0.0]",2
남도농산,4,1,"[0.0, 0.0, 0.0, 0.0, 0.0, 0.0, 0.0, 0.0, 1.0, 0.0, 0.0]",2
깡통화덕 올레시장점,11,1,"[0.0, 0.0, 0.0, 1.0, 0.0, 0.0, 0.0, 0.0, 0.0, 0.0, 0.0]",0
육도담 서귀포점,11,1,"[0.0, 0.0, 0.0, 1.0, 0.0, 0.0, 0.0, 0.0, 0.0, 0.0, 0.0]",0
제주갤럭시호텔,24,4,"[0.0, 0.0, 0.0, 0.0, 0.5, 0.0, 0.0, 0.25, 0.0, 0.0, 0.25]",2
봉다방,11,1,"[0.0, 0.0, 0.0, 0.0, 0.0, 0.0, 0.0, 0.0, 1.0, 0.0, 0.0]",1
제주옹기박물관,2,1,"[1.0, 0.0, 0.0, 0.0, 0.0, 0.0, 0.0, 0.0, 0.0, 0.0, 0.0]",2
황개천교,1,1,"[0.0, 0.0, 0.0, 0.0, 0.0, 0.0, 0.0, 0.0, 1.0, 0.0, 0.0]",2
메종드베니,11,1,"[0.0, 0.0, 0.0, 0.0, 0.0, 0.0, 0.0, 0.0, 1.0, 0.0, 0.0]",0
제주시티투어버스,13,1,"[0.0, 0.0, 0.0, 0.0, 0.0, 0.0, 0.0, 0.0, 0.0, 0.0, 1.0]",2
펠리체펜션,24,2,"[0.0, 0.0, 0.0, 0.0, 0.5, 0.0, 0.0, 0.5, 0.0, 0.0, 0.0]",2
열방교회,1,1,"[0.0, 0.0, 0.0, 0.0, 0.0, 0.0, 0.0, 0.0, 0.0, 0.0, 1.0]",2
섭지코지한끼,11,1,"[0.0, 0.0, 0.0, 0.0, 0.0, 1.0, 0.0, 0.0, 0.0, 0.0, 0.0]",0
포니제주,24,4,"[0.0, 0.5, 0.0, 0.0, 0.0, 0.0, 0.0, 0.0, 0.0, 0.0, 0.5]",2
귤향체험농장,13,1,"[0.0, 0.0, 0.0, 0.0, 0.0, 0.0, 0.0, 1.0, 0.0, 0.0, 0.0]",2
컴포즈커피 서귀포성산점,11,1,"[0.0, 0.0, 0.0, 0.0, 0.0, 0.0, 0.0, 1.0, 0.0, 0.0, 0.0]",1
더클라우드호텔,24,1,"[0.0, 0.0, 0.0, 1.0, 0.0, 0.0, 0.0, 0.0, 0.0, 0.0, 0.0]",2
24시얼큰시원생고기김치찌개 노형점,11,1,"[0.0, 0.0, 0.0, 1.0, 0.0, 0.0, 0.0, 0.0, 0.0, 0.0, 0.0]",0
CU 제주메가리조트점,10,2,"[0.0, 0.0, 0.0, 0.0, 0.0, 0.0, 0.5, 0.0, 0.5, 0.0, 0.0]",2
애월포구횟집,11,1,"[0.0, 1.0, 0.0, 0.0, 0.0, 0.0, 0.0, 0.0, 0.0, 0.0, 0.0]",0
세븐일레븐,10,1,"[0.0, 0.0, 0.0, 0.0, 0.0, 0.0, 0.0, 0.0, 0.0, 0.0, 1.0]",2
행기소,1,1,"[0.0, 0.0, 0.0, 0.0, 0.0, 0.0, 0.0, 0.0, 0.0, 0.0, 1.0]",2
아꼬운제주,10,1,"[0.0, 1.0, 0.0, 0.0, 0.0, 0.0, 0.0, 0.0, 0.0, 0.0, 0.0]",2
한라산 삼각봉대피소,1,2,"[0.5, 0.0, 0.0, 0.0, 0.5, 0.0, 0.0, 0.0, 0.0, 0.0, 0.0]",2
한라산 정상안내소,1,1,"[1.0, 0.0, 0.0, 0.0, 0.0, 0.0, 0.0, 0.0, 0.0, 0.0, 0.0]",2
다다익고정육식당 제주사수본점,11,1,"[0.0, 0.0, 0.0, 0.0, 1.0, 0.0, 0.0, 0.0, 0.0, 0.0, 0.0]",0
성산포,13,1,"[0.0, 0.0, 0.0, 0.0, 1.0, 0.0, 0.0, 0.0, 0.0, 0.0, 0.0]",2
블랙보틀,11,1,"[0.0, 0.0, 0.0, 0.0, 0.0, 0.0, 0.0, 0.0, 1.0, 0.0, 0.0]",0
제주 국제컨벤션센터 앞 광장 산책로,7,1,"[0.0, 0.0, 0.0, 0.0, 0.0, 0.0, 0.0, 0.0, 1.0, 0.0, 0.0]",2
서귀포 자연휴양림 캠핑장,24,3,"[0.0, 0.0, 0.0, 0.333333, 0.0, 0.0, 0.0, 0.0, 0.0, 0.0, 0.666667]",2
제주몽,11,1,"[0.0, 1.0, 0.0, 0.0, 0.0, 0.0, 0.0, 0.0, 0.0, 0.0, 0.0]",0
중문바다향,11,3,"[0.0, 0.666667, 0.0, 0.0, 0.333333, 0.0, 0.0, 0.0, 0.0, 0.0, 0.0]",0
이디야커피 제주중문점,11,1,"[0.0, 0.0, 0.0, 0.0, 0.0, 0.0, 0.0, 0.0, 0.0, 0.0, 1.0]",1
서귀포자연휴양림 법정악전망대,1,1,"[0.0, 1.0, 0.0, 0.0, 0.0, 0.0, 0.0, 0.0, 0.0, 0.0, 0.0]",2
두가시의부엌,11,2,"[0.0, 0.0, 0.0, 0.0, 0.5, 0.0, 0.0, 0.0, 0.5, 0.0, 0.0]",0
뱃도새기흑돼지 제주서귀포점,11,1,"[0.0, 1.0, 0.0, 0.0, 0.0, 0.0, 0.0, 0.0, 0.0, 0.0, 0.0]",0
용이식당 중문점,11,1,"[1.0, 0.0, 0.0, 0.0, 0.0, 0.0, 0.0, 0.0, 0.0, 0.0, 0.0]",0
야자나라,4,1,"[0.0, 0.0, 0.0, 0.0, 1.0, 0.0, 0.0, 0.0, 0.0, 0.0, 0.0]",2
반디하우스,24,3,"[0.0, 0.0, 0.0, 0.0, 0.333333, 0.0, 0.666667, 0.0, 0.0, 0.0, 0.0]",2
카페사우다드,11,1,"[0.0, 1.0, 0.0, 0.0, 0.0, 0.0, 0.0, 0.0, 0.0, 0.0, 0.0]",1
단산,7,1,"[1.0, 0.0, 0.0, 0.0, 0.0, 0.0, 0.0, 0.0, 0.0, 0.0, 0.0]",2
맨도롱하우스,24,1,"[0.0, 1.0, 0.0, 0.0, 0.0, 0.0, 0.0, 0.0, 0.0, 0.0, 0.0]",2
청송고기국수,11,1,"[0.0, 0.0, 0.0, 0.0, 0.0, 0.0, 0.0, 1.0, 0.0, 0.0, 0.0]",0
시장밥상,11,2,"[0.0, 0.0, 0.0, 0.0, 0.0, 0.0, 0.0, 0.5, 0.5, 0.0, 0.0]",0
국수장터,11,2,"[0.5, 0.0, 0.0, 0.0, 0.5, 0.0, 0.0, 0.0, 0.0, 0.0, 0.0]",0
별이내리는숲어린이도서관,13,1,"[0.0, 1.0, 0.0, 0.0, 0.0, 0.0, 0.0, 0.0, 0.0, 0.0, 0.0]",2
바운스슈퍼파크 제주센터,5,2,"[0.5, 0.5, 0.0, 0.0, 0.0, 0.0, 0.0, 0.0, 0.0, 0.0, 0.0]",2
산방산초밥,11,1,"[0.0, 1.0, 0.0, 0.0, 0.0, 0.0, 0.0, 0.0, 0.0, 0.0, 0.0]",0
달콤한소금만들기,24,2,"[0.0, 0.5, 0.0, 0.0, 0.0, 0.0, 0.5, 0.0, 0.0, 0.0, 0.0]",2
메옹이,11,1,"[0.0, 1.0, 0.0, 0.0, 0.0, 0.0, 0.0, 0.0, 0.0, 0.0, 0.0]",0
노리매 매화공원,1,1,"[0.0, 1.0, 0.0, 0.0, 0.0, 0.0, 0.0, 0.0, 0.0, 0.0, 0.0]",2
호근동,11,1,"[0.0, 0.0, 0.0, 0.0, 1.0, 0.0, 0.0, 0.0, 0.0, 0.0, 0.0]",0
플레이스캠프제주- favorite,10,1,"[0.0, 0.0, 0.0, 1.0, 0.0, 0.0, 0.0, 0.0, 0.0, 0.0, 0.0]",2
탑동해안로,7,1,"[0.0, 0.0, 0.0, 0.0, 0.0, 0.0, 0.0, 0.0, 1.0, 0.0, 0.0]",2
제이뷰호텔,24,3,"[0.0, 0.0, 0.0, 0.0, 0.0, 0.0, 0.0, 1.0, 0.0, 0.0, 0.0]",2
하나로주유소,10,1,"[0.0, 0.0, 0.0, 0.0, 0.0, 0.0, 0.0, 1.0, 0.0, 0.0, 0.0]",2
까미노,11,1,"[0.0, 0.0, 0.0, 0.0, 0.0, 0.0, 0.0, 0.0, 1.0, 0.0, 0.0]",1
청담지민,10,3,"[0.0, 0.333333, 0.0, 0.0, 0.0, 0.0, 0.0, 0.0, 0.0, 0.0, 0.666667]",2
흑돼지가노는집,11,1,"[0.0, 0.0, 1.0, 0.0, 0.0, 0.0, 0.0, 0.0, 0.0, 0.0, 0.0]",0
명월다락,24,4,"[0.0, 1.0, 0.0, 0.0, 0.0, 0.0, 0.0, 0.0, 0.0, 0.0, 0.0]",2
제이학센,11,1,"[0.0, 0.0, 0.0, 0.0, 0.0, 1.0, 0.0, 0.0, 0.0, 0.0, 0.0]",0
온더스톤스위트,24,2,"[0.0, 0.0, 0.0, 1.0, 0.0, 0.0, 0.0, 0.0, 0.0, 0.0, 0.0]",2
예스준게스트하우스,24,1,"[0.0, 1.0, 0.0, 0.0, 0.0, 0.0, 0.0, 0.0, 0.0, 0.0, 0.0]",2
스테이지하우스,11,1,"[0.0, 0.0, 0.0, 0.0, 1.0, 0.0, 0.0, 0.0, 0.0, 0.0, 0.0]",0
풍무맛조림,11,2,"[0.0, 1.0, 0.0, 0.0, 0.0, 0.0, 0.0, 0.0, 0.0, 0.0, 0.0]",0
섬만두,11,1,"[0.0, 1.0, 0.0, 0.0, 0.0, 0.0, 0.0, 0.0, 0.0, 0.0, 0.0]",0
종승호,11,1,"[0.0, 0.0, 0.0, 0.0, 0.0, 0.0, 0.0, 0.0, 1.0, 0.0, 0.0]",0
국수나무,11,1,"[0.0, 0.0, 0.0, 0.0, 0.0, 1.0, 0.0, 0.0, 0.0, 0.0, 0.0]",0
동대문엽기떡볶이 서귀포점,11,1,"[0.0, 0.0, 0.0, 0.0, 0.0, 0.0, 0.0, 0.0, 0.0, 0.0, 1.0]",0
구멍인,11,1,"[0.0, 0.0, 0.0, 0.0, 0.0, 0.0, 0.0, 0.0, 1.0, 0.0, 0.0]",0
와흘길따라,11,1,"[0.0, 1.0, 0.0, 0.0, 0.0, 0.0, 0.0, 0.0, 0.0, 0.0, 0.0]",0
스테이심플,24,2,"[0.0, 1.0, 0.0, 0.0, 0.0, 0.0, 0.0, 0.0, 0.0, 0.0, 0.0]",2
제주산방 식당 서귀점,11,1,"[0.0, 0.0, 0.0, 0.0, 1.0, 0.0, 0.0, 0.0, 0.0, 0.0, 0.0]",0
애월책방 이다,3,1,"[0.0, 0.0, 0.0, 0.0, 0.0, 1.0, 0.0, 0.0, 0.0, 0.0, 0.0]",2
카페477+,11,1,"[0.0, 0.0, 0.0, 0.0, 1.0, 0.0, 0.0, 0.0, 0.0, 0.0, 0.0]",1
범뮤다,11,2,"[0.0, 0.0, 0.0, 0.5, 0.0, 0.0, 0.0, 0.0, 0.5, 0.0, 0.0]",0
우도모닝펜션,24,3,"[0.0, 0.0, 0.0, 0.0, 0.0, 0.333333, 0.0, 0.0, 0.333333, 0.333333, 0.0]",2
후해석벽,1,1,"[0.0, 0.0, 0.0, 0.0, 0.0, 0.0, 0.0, 0.0, 1.0, 0.0, 0.0]",2
수평선,11,1,"[0.0, 0.0, 0.0, 0.0, 0.0, 0.0, 0.0, 0.0, 1.0, 0.0, 0.0]",0
우도통닭,11,1,"[0.0, 1.0, 0.0, 0.0, 0.0, 0.0, 0.0, 0.0, 0.0, 0.0, 0.0]",0
위드유,11,1,"[0.0, 0.0, 0.0, 1.0, 0.0, 0.0, 0.0, 0.0, 0.0, 0.0, 0.0]",1
소라네집,11,2,"[0.0, 0.5, 0.0, 0.0, 0.0, 0.0, 0.0, 0.0, 0.5, 0.0, 0.0]",0
범선집밥,11,1,"[1.0, 0.0, 0.0, 0.0, 0.0, 0.0, 0.0, 0.0, 0.0, 0.0, 0.0]",0
탐앤탐스 제주시청점,24,1,"[0.0, 0.0, 0.0, 0.0, 0.0, 0.0, 0.0, 1.0, 0.0, 0.0, 0.0]",2
KFC 제주시청점,11,2,"[0.0, 0.0, 0.0, 0.0, 0.0, 0.0, 0.0, 1.0, 0.0, 0.0, 0.0]",0
숙성도,11,1,"[1.0, 0.0, 0.0, 0.0, 0.0, 0.0, 0.0, 0.0, 0.0, 0.0, 0.0]",0
호텔위드 제주,24,1,"[0.0, 0.0, 0.0, 0.0, 0.0, 0.0, 0.0, 1.0, 0.0, 0.0, 0.0]",2
대정쌍둥이식당,11,1,"[0.0, 1.0, 0.0, 0.0, 0.0, 0.0, 0.0, 0.0, 0.0, 0.0, 0.0]",0
고할망네,11,1,"[0.0, 0.0, 0.0, 1.0, 0.0, 0.0, 0.0, 0.0, 0.0, 0.0, 0.0]",0
이큐테이블,11,1,"[0.0, 0.0, 0.0, 0.0, 0.0, 0.0, 0.0, 1.0, 0.0, 0.0, 0.0]",0
옹포천 어울공원 수영장,6,1,"[0.0, 0.0, 0.0, 1.0, 0.0, 0.0, 0.0, 0.0, 0.0, 0.0, 0.0]",2
더비치펜션,24,1,"[0.0, 0.0, 0.0, 0.0, 0.0, 0.0, 0.0, 1.0, 0.0, 0.0, 0.0]",2
밀라노호텔,24,1,"[0.0, 1.0, 0.0, 0.0, 0.0, 0.0, 0.0, 0.0, 0.0, 0.0, 0.0]",2
동해수산회센타,11,1,"[0.0, 0.0, 0.0, 0.0, 0.0, 0.0, 0.0, 0.0, 1.0, 0.0, 0.0]",0
만금식당,11,2,"[0.0, 1.0, 0.0, 0.0, 0.0, 0.0, 0.0, 0.0, 0.0, 0.0, 0.0]",0
제주수망휴양펜션,24,6,"[0.0, 0.166667, 0.0, 0.333333, 0.0, 0.0, 0.0, 0.0, 0.0, 0.0, 0.5]",2
용머리기념품,10,1,"[0.0, 0.0, 0.0, 0.0, 0.0, 1.0, 0.0, 0.0, 0.0, 0.0, 0.0]",2
최남단체험감귤농장,13,2,"[0.0, 0.5, 0.0, 0.0, 0.0, 0.0, 0.0, 0.5, 0.0, 0.0, 0.0]",2
우도한바퀴,1,3,"[0.0, 0.333333, 0.0, 0.0, 0.0, 0.0, 0.0, 0.333333, 0.333333, 0.0, 0.0]",2
네잎크로버복권방,10,1,"[0.0, 0.0, 0.0, 0.0, 0.0, 0.0, 0.0, 0.0, 1.0, 0.0, 0.0]",2
램스키친,11,1,"[0.0, 1.0, 0.0, 0.0, 0.0, 0.0, 0.0, 0.0, 0.0, 0.0, 0.0]",0
제주 함덕 카페 라라떼커피,11,2,"[0.0, 1.0, 0.0, 0.0, 0.0, 0.0, 0.0, 0.0, 0.0, 0.0, 0.0]",1
제주킴스농장 귤창고,13,1,"[0.0, 0.0, 0.0, 0.0, 0.0, 0.0, 0.0, 0.0, 0.0, 0.0, 1.0]",2
벨룸리조트 카페,11,1,"[0.0, 0.0, 0.0, 0.0, 0.0, 0.0, 0.0, 0.0, 0.0, 0.0, 1.0]",1
애월전당포,11,1,"[0.0, 0.0, 0.0, 0.0, 1.0, 0.0, 0.0, 0.0, 0.0, 0.0, 0.0]",1
제주삼춘네전복김밥,11,2,"[0.0, 0.5, 0.0, 0.0, 0.5, 0.0, 0.0, 0.0, 0.0, 0.0, 0.0]",0
미친제주면소,11,1,"[0.0, 1.0, 0.0, 0.0, 0.0, 0.0, 0.0, 0.0, 0.0, 0.0, 0.0]",0
동안경굴,1,1,"[0.0, 0.0, 0.0, 0.0, 0.0, 0.0, 0.0, 0.0, 1.0, 0.0, 0.0]",2
고미로스터리랩,11,1,"[0.0, 1.0, 0.0, 0.0, 0.0, 0.0, 0.0, 0.0, 0.0, 0.0, 0.0]",0
삼다체육공원,5,1,"[0.0, 0.0, 0.0, 1.0, 0.0, 0.0, 0.0, 0.0, 0.0, 0.0, 0.0]",2
그랜마스 서귀포직영점,11,1,"[0.0, 1.0, 0.0, 0.0, 0.0, 0.0, 0.0, 0.0, 0.0, 0.0, 0.0]",0
섬나라오메기,10,1,"[0.0, 0.0, 0.0, 0.0, 0.0, 0.0, 0.0, 1.0, 0.0, 0.0, 0.0]",2
스시무사,11,1,"[0.0, 1.0, 0.0, 0.0, 0.0, 0.0, 0.0, 0.0, 0.0, 0.0, 0.0]",0
다이소 제주하귀점,4,2,"[0.0, 0.0, 0.0, 0.0, 0.0, 0.0, 0.0, 0.0, 1.0, 0.0, 0.0]",2
로라,4,1,"[0.0, 0.0, 0.0, 0.0, 0.0, 0.0, 0.0, 0.0, 1.0, 0.0, 0.0]",2
이호테우해수욕장 종합상황실,1,1,"[0.0, 1.0, 0.0, 0.0, 0.0, 0.0, 0.0, 0.0, 0.0, 0.0, 0.0]",2
더럭초등학교,7,1,"[0.0, 0.0, 0.0, 0.0, 0.0, 0.0, 0.0, 0.0, 0.0, 1.0, 0.0]",2
목화오름,1,1,"[0.0, 0.0, 0.0, 0.0, 0.0, 0.0, 0.0, 0.0, 0.0, 1.0, 0.0]",2
조천만세동산,7,1,"[0.0, 0.0, 0.0, 0.0, 0.0, 0.0, 1.0, 0.0, 0.0, 0.0, 0.0]",2
삼양검은모래해변입구교차로,1,2,"[1.0, 0.0, 0.0, 0.0, 0.0, 0.0, 0.0, 0.0, 0.0, 0.0, 0.0]",2
잃어버린마을곤을동,2,1,"[0.0, 0.0, 0.0, 0.0, 0.0, 0.0, 0.0, 0.0, 0.0, 1.0, 0.0]",2
낙천아홉굿마을,7,1,"[0.0, 0.0, 0.0, 0.0, 0.0, 0.0, 0.0, 0.0, 0.0, 1.0, 0.0]",2
벨뤼에,7,1,"[0.0, 0.0, 0.0, 0.0, 0.0, 0.0, 0.0, 0.0, 1.0, 0.0, 0.0]",2
간세라운지,7,1,"[1.0, 0.0, 0.0, 0.0, 0.0, 0.0, 0.0, 0.0, 0.0, 0.0, 0.0]",2
코지하우스&투어,24,2,"[0.0, 0.0, 0.0, 0.0, 0.0, 0.0, 0.0, 1.0, 0.0, 0.0, 0.0]",2
제주포램,11,1,"[0.0, 0.0, 0.0, 0.0, 1.0, 0.0, 0.0, 0.0, 0.0, 0.0, 0.0]",0
아빠는농부다 승환이네농장,4,1,"[0.0, 0.0, 0.0, 0.0, 0.0, 0.0, 0.0, 0.0, 1.0, 0.0, 0.0]",2
삼다도떡집,10,1,"[0.0, 0.0, 0.0, 1.0, 0.0, 0.0, 0.0, 0.0, 0.0, 0.0, 0.0]",2
넘은 봄,11,1,"[0.0, 1.0, 0.0, 0.0, 0.0, 0.0, 0.0, 0.0, 0.0, 0.0, 0.0]",0
느랏 청굴물,24,2,"[0.0, 1.0, 0.0, 0.0, 0.0, 0.0, 0.0, 0.0, 0.0, 0.0, 0.0]",2
시보야,11,1,"[0.0, 1.0, 0.0, 0.0, 0.0, 0.0, 0.0, 0.0, 0.0, 0.0, 0.0]",0
쁘라갸요가원,5,1,"[0.0, 1.0, 0.0, 0.0, 0.0, 0.0, 0.0, 0.0, 0.0, 0.0, 0.0]",2
인쌩맥주 제주삼화점,11,1,"[0.0, 0.0, 0.0, 0.0, 1.0, 0.0, 0.0, 0.0, 0.0, 0.0, 0.0]",0
미베이커리카페,11,1,"[0.0, 1.0, 0.0, 0.0, 0.0, 0.0, 0.0, 0.0, 0.0, 0.0, 0.0]",1
돈까스튀기는서대리,11,1,"[0.0, 1.0, 0.0, 0.0, 0.0, 0.0, 0.0, 0.0, 0.0, 0.0, 0.0]",0
올레요리조트,24,1,"[0.0, 0.0, 0.0, 0.0, 0.0, 0.0, 0.0, 0.0, 0.0, 0.0, 1.0]",2
바다가는길,11,1,"[0.0, 0.0, 0.0, 0.0, 0.0, 0.0, 0.0, 0.0, 1.0, 0.0, 0.0]",1
함덕오메기떡방앗간,10,1,"[0.0, 0.0, 0.0, 0.0, 0.0, 1.0, 0.0, 0.0, 0.0, 0.0, 0.0]",2
아이올레인포레스트,6,1,"[1.0, 0.0, 0.0, 0.0, 0.0, 0.0, 0.0, 0.0, 0.0, 0.0, 0.0]",2
서귀포수협 수산물직매장,4,1,"[0.0, 0.0, 0.0, 0.0, 1.0, 0.0, 0.0, 0.0, 0.0, 0.0, 0.0]",2
제주한라렌트카,10,3,"[0.0, 0.0, 0.0, 0.0, 0.0, 0.0, 0.0, 0.666667, 0.0, 0.0, 0.333333]",2
대원가,11,1,"[0.0, 0.0, 0.0, 0.0, 1.0, 0.0, 0.0, 0.0, 0.0, 0.0, 0.0]",0
신라스테이 제주 내부 카페,11,1,"[0.0, 0.0, 0.0, 0.0, 0.0, 1.0, 0.0, 0.0, 0.0, 0.0, 0.0]",1
하늘래기,24,2,"[0.0, 0.0, 0.0, 0.0, 0.0, 0.0, 1.0, 0.0, 0.0, 0.0, 0.0]",2
이드레,11,1,"[1.0, 0.0, 0.0, 0.0, 0.0, 0.0, 0.0, 0.0, 0.0, 0.0, 0.0]",0
자구리몬들락,11,1,"[0.0, 0.0, 0.0, 0.0, 0.0, 0.0, 0.0, 0.0, 1.0, 0.0, 0.0]",1
족발야시장 제주노형점,11,1,"[0.0, 0.0, 0.0, 0.0, 0.0, 0.0, 0.0, 0.0, 1.0, 0.0, 0.0]",0
디어브리즈,10,1,"[0.0, 0.0, 0.0, 0.0, 0.0, 0.0, 0.0, 0.0, 1.0, 0.0, 0.0]",2
조림전문점제주,11,1,"[0.0, 1.0, 0.0, 0.0, 0.0, 0.0, 0.0, 0.0, 0.0, 0.0, 0.0]",0
옹심이,11,3,"[0.0, 0.333333, 0.0, 0.333333, 0.0, 0.0, 0.0, 0.0, 0.333333, 0.0, 0.0]",0
나운터횟집,11,1,"[0.0, 1.0, 0.0, 0.0, 0.0, 0.0, 0.0, 0.0, 0.0, 0.0, 0.0]",0
망고하이,11,3,"[0.0, 0.0, 0.0, 0.0, 0.0, 0.0, 0.0, 0.0, 0.666667, 0.0, 0.333333]",1
오누박스게스트하우스,24,2,"[0.0, 0.5, 0.0, 0.0, 0.0, 0.0, 0.0, 0.5, 0.0, 0.0, 0.0]",2
제주통일관,3,1,"[0.0, 0.0, 0.0, 0.0, 0.0, 0.0, 0.0, 0.0, 0.0, 1.0, 0.0]",2
제주카페 스르륵,11,1,"[0.0, 0.0, 0.0, 0.0, 0.0, 0.0, 0.0, 0.0, 0.0, 0.0, 1.0]",1
비욘드북카페,11,2,"[0.0, 0.0, 0.0, 0.5, 0.5, 0.0, 0.0, 0.0, 0.0, 0.0, 0.0]",1
장수고을,11,1,"[0.0, 0.0, 0.0, 0.0, 1.0, 0.0, 0.0, 0.0, 0.0, 0.0, 0.0]",0
카페물결,11,1,"[0.0, 0.0, 0.0, 0.0, 0.0, 0.0, 0.0, 0.0, 1.0, 0.0, 0.0]",1
아라리오뮤지엄 동문모텔2,3,1,"[0.0, 0.0, 0.0, 0.0, 0.0, 0.0, 0.0, 0.0, 0.0, 0.0, 1.0]",2
해짓골국수,11,1,"[0.0, 0.0, 0.0, 0.0, 0.0, 0.0, 0.0, 0.0, 1.0, 0.0, 0.0]",0
국수싸롱,11,1,"[0.0, 1.0, 0.0, 0.0, 0.0, 0.0, 0.0, 0.0, 0.0, 0.0, 0.0]",0
휴모텔,24,1,"[0.0, 0.0, 0.0, 0.0, 0.0, 0.0, 0.0, 1.0, 0.0, 0.0, 0.0]",2
하르방식당,11,2,"[0.0, 0.5, 0.0, 0.5, 0.0, 0.0, 0.0, 0.0, 0.0, 0.0, 0.0]",0
자인빌리지펜션,24,5,"[0.0, 0.0, 0.0, 0.0, 0.0, 0.0, 0.0, 1.0, 0.0, 0.0, 0.0]",2
불로초흑돼지,11,1,"[0.0, 0.0, 0.0, 0.0, 0.0, 0.0, 0.0, 0.0, 1.0, 0.0, 0.0]",0
제주사랑체험농장,13,1,"[0.0, 1.0, 0.0, 0.0, 0.0, 0.0, 0.0, 0.0, 0.0, 0.0, 0.0]",2
롯데리조트제주 아트빌라스,24,4,"[0.0, 0.0, 0.0, 0.0, 1.0, 0.0, 0.0, 0.0, 0.0, 0.0, 0.0]",2
거로집,11,1,"[0.0, 0.0, 0.0, 0.0, 1.0, 0.0, 0.0, 0.0, 0.0, 0.0, 0.0]",0
포레스트제주,11,1,"[0.0, 1.0, 0.0, 0.0, 0.0, 0.0, 0.0, 0.0, 0.0, 0.0, 0.0]",0
브로딕제주,24,2,"[0.0, 0.0, 0.0, 0.0, 0.0, 0.0, 0.0, 0.0, 0.0, 0.0, 1.0]",2
제주세원이네,11,1,"[0.0, 1.0, 0.0, 0.0, 0.0, 0.0, 0.0, 0.0, 0.0, 0.0, 0.0]",0
말벗카페,11,1,"[0.0, 0.0, 0.0, 0.0, 0.0, 0.0, 0.0, 0.0, 1.0, 0.0, 0.0]",1
제주게스트하우스,24,2,"[0.0, 0.0, 0.0, 0.0, 0.0, 0.5, 0.0, 0.5, 0.0, 0.0, 0.0]",2
팟타이시암,11,1,"[0.0, 0.0, 0.0, 0.0, 0.0, 1.0, 0.0, 0.0, 0.0, 0.0, 0.0]",0
외돌개나라펜션,24,1,"[0.0, 0.0, 0.0, 0.0, 0.0, 1.0, 0.0, 0.0, 0.0, 0.0, 0.0]",2
더스푼,11,1,"[0.0, 0.0, 1.0, 0.0, 0.0, 0.0, 0.0, 0.0, 0.0, 0.0, 0.0]",0
성김대건신부 제주표착기념관,2,1,"[0.0, 0.0, 0.0, 0.0, 0.0, 0.0, 0.0, 0.0, 1.0, 0.0, 0.0]",2
크랩통 신화월드점,11,1,"[0.0, 0.0, 0.0, 0.0, 0.0, 1.0, 0.0, 0.0, 0.0, 0.0, 0.0]",0
아리아,11,1,"[0.0, 1.0, 0.0, 0.0, 0.0, 0.0, 0.0, 0.0, 0.0, 0.0, 0.0]",0
훈이네,11,1,"[0.0, 0.0, 0.0, 0.0, 0.0, 0.0, 0.0, 0.0, 1.0, 0.0, 0.0]",0
삼화석유 천마주유소,10,1,"[0.0, 0.0, 0.0, 0.0, 0.0, 0.0, 0.0, 0.0, 1.0, 0.0, 0.0]",2
황궁쟁반짜장 서귀포서귀점,11,1,"[0.0, 0.0, 0.0, 0.0, 0.0, 0.0, 0.0, 0.0, 1.0, 0.0, 0.0]",0
제주동문간장게장,11,1,"[0.0, 0.0, 0.0, 0.0, 0.0, 0.0, 0.0, 0.0, 1.0, 0.0, 0.0]",0
자유에너지 가든주유소,10,1,"[0.0, 0.0, 0.0, 0.0, 0.0, 0.0, 0.0, 0.0, 1.0, 0.0, 0.0]",2
오브제주,11,1,"[0.0, 1.0, 0.0, 0.0, 0.0, 0.0, 0.0, 0.0, 0.0, 0.0, 0.0]",1
정육카페,11,1,"[0.0, 1.0, 0.0, 0.0, 0.0, 0.0, 0.0, 0.0, 0.0, 0.0, 0.0]",1
함덕찜,11,1,"[0.0, 1.0, 0.0, 0.0, 0.0, 0.0, 0.0, 0.0, 0.0, 0.0, 0.0]",0
던킨도너츠 제주송악산점,11,1,"[0.0, 0.0, 0.0, 0.0, 0.0, 0.0, 0.0, 0.0, 1.0, 0.0, 0.0]",0
송악산 전망대,1,2,"[0.0, 0.5, 0.0, 0.5, 0.0, 0.0, 0.0, 0.0, 0.0, 0.0, 0.0]",2
우리들국수,11,2,"[0.0, 0.0, 0.0, 0.0, 0.0, 0.0, 0.0, 0.0, 0.5, 0.0, 0.5]",0
코소롱,11,1,"[0.0, 0.0, 0.0, 0.0, 1.0, 0.0, 0.0, 0.0, 0.0, 0.0, 0.0]",0
김택화미술관,3,1,"[0.0, 0.0, 0.0, 0.0, 1.0, 0.0, 0.0, 0.0, 0.0, 0.0, 0.0]",2
세계의가정식,11,1,"[1.0, 0.0, 0.0, 0.0, 0.0, 0.0, 0.0, 0.0, 0.0, 0.0, 0.0]",0
평대리943 TuCasa,24,1,"[0.0, 0.0, 0.0, 0.0, 0.0, 0.0, 0.0, 1.0, 0.0, 0.0, 0.0]",2
엄마네집밥,11,1,"[0.0, 0.0, 0.0, 0.0, 1.0, 0.0, 0.0, 0.0, 0.0, 0.0, 0.0]",0
다올김밥분식,11,1,"[0.0, 0.0, 0.0, 0.0, 0.0, 0.0, 0.0, 0.0, 1.0, 0.0, 0.0]",0
살레안국수,11,1,"[0.0, 1.0, 0.0, 0.0, 0.0, 0.0, 0.0, 0.0, 0.0, 0.0, 0.0]",0
하르방떡방,10,1,"[0.0, 0.0, 0.0, 0.0, 1.0, 0.0, 0.0, 0.0, 0.0, 0.0, 0.0]",2
검은여 쉼터,7,1,"[0.0, 0.0, 0.0, 1.0, 0.0, 0.0, 0.0, 0.0, 0.0, 0.0, 0.0]",2
아모르데이펜션,24,2,"[0.0, 1.0, 0.0, 0.0, 0.0, 0.0, 0.0, 0.0, 0.0, 0.0, 0.0]",2
대봉식당,11,1,"[0.0, 0.0, 0.0, 0.0, 0.0, 1.0, 0.0, 0.0, 0.0, 0.0, 0.0]",0
제주올레로,24,1,"[0.0, 1.0, 0.0, 0.0, 0.0, 0.0, 0.0, 0.0, 0.0, 0.0, 0.0]",2
그리매,11,1,"[0.0, 0.0, 0.0, 0.0, 0.0, 1.0, 0.0, 0.0, 0.0, 0.0, 0.0]",0
포지타노인제주,24,1,"[0.0, 1.0, 0.0, 0.0, 0.0, 0.0, 0.0, 0.0, 0.0, 0.0, 0.0]",2
더썸펜션,24,1,"[0.0, 1.0, 0.0, 0.0, 0.0, 0.0, 0.0, 0.0, 0.0, 0.0, 0.0]",2
일품순두부 성산점,11,1,"[0.0, 0.0, 0.0, 1.0, 0.0, 0.0, 0.0, 0.0, 0.0, 0.0, 0.0]",0
CU 제주금능점,10,1,"[0.0, 0.0, 0.0, 0.0, 0.0, 1.0, 0.0, 0.0, 0.0, 0.0, 0.0]",2
해가빛,24,1,"[0.0, 1.0, 0.0, 0.0, 0.0, 0.0, 0.0, 0.0, 0.0, 0.0, 0.0]",2
뻐꾸기 제주점,11,1,"[0.0, 0.0, 0.0, 1.0, 0.0, 0.0, 0.0, 0.0, 0.0, 0.0, 0.0]",0
모슬포교회,2,1,"[0.0, 1.0, 0.0, 0.0, 0.0, 0.0, 0.0, 0.0, 0.0, 0.0, 0.0]",2
제이르블랑,24,2,"[0.0, 1.0, 0.0, 0.0, 0.0, 0.0, 0.0, 0.0, 0.0, 0.0, 0.0]",2
귀빈,11,1,"[0.0, 0.0, 0.0, 0.0, 0.0, 0.0, 0.0, 1.0, 0.0, 0.0, 0.0]",0
걸서악,1,1,"[1.0, 0.0, 0.0, 0.0, 0.0, 0.0, 0.0, 0.0, 0.0, 0.0, 0.0]",2
자배봉,1,1,"[1.0, 0.0, 0.0, 0.0, 0.0, 0.0, 0.0, 0.0, 0.0, 0.0, 0.0]",2
카츠소랑,11,2,"[0.0, 1.0, 0.0, 0.0, 0.0, 0.0, 0.0, 0.0, 0.0, 0.0, 0.0]",0
예레해안도로,7,1,"[0.0, 0.0, 0.0, 0.0, 0.0, 0.0, 0.0, 0.0, 1.0, 0.0, 0.0]",2
명리동식당 애월점,11,1,"[1.0, 0.0, 0.0, 0.0, 0.0, 0.0, 0.0, 0.0, 0.0, 0.0, 0.0]",0
장금이,11,1,"[0.0, 0.0, 0.0, 0.0, 0.0, 0.0, 0.0, 0.0, 1.0, 0.0, 0.0]",0
임금님밥상,11,1,"[1.0, 0.0, 0.0, 0.0, 0.0, 0.0, 0.0, 0.0, 0.0, 0.0, 0.0]",0
애니멀고파크 제주신화월드점,13,1,"[0.0, 0.0, 0.0, 0.0, 1.0, 0.0, 0.0, 0.0, 0.0, 0.0, 0.0]",2
메일의고향,11,1,"[0.0, 0.0, 0.0, 0.0, 1.0, 0.0, 0.0, 0.0, 0.0, 0.0, 0.0]",0
해성파크텔,24,1,"[0.0, 0.0, 0.0, 0.0, 1.0, 0.0, 0.0, 0.0, 0.0, 0.0, 0.0]",2
제주와인아울렛 신화월드점,4,1,"[0.0, 0.0, 0.0, 0.0, 1.0, 0.0, 0.0, 0.0, 0.0, 0.0, 0.0]",2
던킨도너츠 제주함덕점,11,1,"[0.0, 0.0, 0.0, 0.0, 0.0, 0.0, 0.0, 0.0, 1.0, 0.0, 0.0]",0
소반,11,1,"[0.0, 0.0, 0.0, 0.0, 0.0, 0.0, 0.0, 1.0, 0.0, 0.0, 0.0]",0
쿰다ATV,5,1,"[0.0, 1.0, 0.0, 0.0, 0.0, 0.0, 0.0, 0.0, 0.0, 0.0, 0.0]",2
GS25 옹포중앙점,10,2,"[0.0, 0.0, 0.0, 0.0, 0.0, 0.0, 0.0, 0.0, 1.0, 0.0, 0.0]",2
제주꺼우다,13,1,"[0.0, 0.0, 0.0, 0.0, 0.0, 0.0, 0.0, 1.0, 0.0, 0.0, 0.0]",2
프레드허쉬,11,1,"[0.0, 0.0, 0.0, 0.0, 1.0, 0.0, 0.0, 0.0, 0.0, 0.0, 0.0]",0
더좋은안경원,4,1,"[0.0, 0.0, 0.0, 1.0, 0.0, 0.0, 0.0, 0.0, 0.0, 0.0, 0.0]",2
평대식당,11,1,"[0.0, 1.0, 0.0, 0.0, 0.0, 0.0, 0.0, 0.0, 0.0, 0.0, 0.0]",0
평대림,24,6,"[0.0, 0.0, 0.0, 0.0, 0.0, 0.0, 1.0, 0.0, 0.0, 0.0, 0.0]",2
유탑유블레스호텔 제주 조식식당,11,1,"[0.0, 0.0, 0.0, 0.0, 0.0, 0.0, 0.0, 0.0, 0.0, 0.0, 1.0]",0
모메존,11,1,"[0.0, 0.0, 1.0, 0.0, 0.0, 0.0, 0.0, 0.0, 0.0, 0.0, 0.0]",0
십원향,11,1,"[0.0, 0.0, 1.0, 0.0, 0.0, 0.0, 0.0, 0.0, 0.0, 0.0, 0.0]",0
헤이브로,11,1,"[0.0, 1.0, 0.0, 0.0, 0.0, 0.0, 0.0, 0.0, 0.0, 0.0, 0.0]",0
대기물류마트,10,1,"[0.0, 0.0, 1.0, 0.0, 0.0, 0.0, 0.0, 0.0, 0.0, 0.0, 0.0]",2
갓포아키 제주도점,11,1,"[0.0, 1.0, 0.0, 0.0, 0.0, 0.0, 0.0, 0.0, 0.0, 0.0, 0.0]",0
와썹비치하우스,11,1,"[0.0, 0.0, 0.0, 0.0, 0.0, 0.0, 0.0, 0.0, 1.0, 0.0, 0.0]",0
GS25 연동삼무점,10,1,"[0.0, 0.0, 0.0, 0.0, 0.0, 1.0, 0.0, 0.0, 0.0, 0.0, 0.0]",2
회양과 국수군 제주산방산점,11,1,"[1.0, 0.0, 0.0, 0.0, 0.0, 0.0, 0.0, 0.0, 0.0, 0.0, 0.0]",0
스테이위드커피,11,1,"[0.0, 0.0, 0.0, 1.0, 0.0, 0.0, 0.0, 0.0, 0.0, 0.0, 0.0]",1
도남돼지,11,1,"[0.0, 0.0, 1.0, 0.0, 0.0, 0.0, 0.0, 0.0, 0.0, 0.0, 0.0]",0
메가MGC커피 제주삼화지구점,11,1,"[0.0, 0.0, 0.0, 0.0, 0.0, 1.0, 0.0, 0.0, 0.0, 0.0, 0.0]",1
명랑핫도그 용두암점,11,1,"[0.0, 0.0, 0.0, 0.0, 0.0, 0.0, 0.0, 0.0, 0.0, 0.0, 1.0]",0
제주기념품가게 올레파머스 함덕,10,1,"[0.0, 0.0, 0.0, 0.0, 0.0, 0.0, 0.0, 0.0, 1.0, 0.0, 0.0]",2
조천깡통구이,11,1,"[0.0, 0.0, 0.0, 0.0, 0.0, 1.0, 0.0, 0.0, 0.0, 0.0, 0.0]",0
산방도감,11,1,"[0.0, 0.0, 0.0, 0.0, 0.0, 0.0, 0.0, 1.0, 0.0, 0.0, 0.0]",0
고양이선장카페,13,1,"[0.0, 1.0, 0.0, 0.0, 0.0, 0.0, 0.0, 0.0, 0.0, 0.0, 0.0]",2
느랑,11,1,"[0.0, 1.0, 0.0, 0.0, 0.0, 0.0, 0.0, 0.0, 0.0, 0.0, 0.0]",1
소보리당로222,11,1,"[0.0, 1.0, 0.0, 0.0, 0.0, 0.0, 0.0, 0.0, 0.0, 0.0, 0.0]",1
제주다온,11,2,"[0.0, 0.0, 0.0, 0.0, 0.0, 0.0, 0.0, 0.0, 0.5, 0.0, 0.5]",0
전망좋은게스트하우스,24,2,"[0.0, 0.0, 0.0, 0.0, 0.0, 0.0, 0.0, 0.0, 0.0, 0.0, 1.0]",2
편운산장,11,1,"[0.0, 1.0, 0.0, 0.0, 0.0, 0.0, 0.0, 0.0, 0.0, 0.0, 0.0]",0
중문솥뚜껑,11,1,"[0.0, 0.0, 0.0, 0.0, 0.0, 0.0, 0.0, 0.0, 0.0, 0.0, 1.0]",0
포가츠,11,1,"[0.0, 1.0, 0.0, 0.0, 0.0, 0.0, 0.0, 0.0, 0.0, 0.0, 0.0]",0
더허그스테이크하우스,11,1,"[0.0, 1.0, 0.0, 0.0, 0.0, 0.0, 0.0, 0.0, 0.0, 0.0, 0.0]",0
던킨 서귀포혁신점,11,1,"[0.0, 0.0, 0.0, 0.0, 0.0, 0.0, 0.0, 0.0, 1.0, 0.0, 0.0]",0
늘조은명품흑돼지,11,1,"[0.0, 0.0, 0.0, 0.0, 0.0, 0.0, 0.0, 0.0, 1.0, 0.0, 0.0]",0
애몽게스트하우스,24,2,"[0.0, 1.0, 0.0, 0.0, 0.0, 0.0, 0.0, 0.0, 0.0, 0.0, 0.0]",2
하도리안,11,1,"[0.0, 0.0, 0.0, 0.0, 0.0, 0.0, 0.0, 0.0, 1.0, 0.0, 0.0]",1
봉주르마담,11,2,"[0.5, 0.0, 0.0, 0.5, 0.0, 0.0, 0.0, 0.0, 0.0, 0.0, 0.0]",1
로그맨하우스,24,2,"[0.0, 0.5, 0.0, 0.0, 0.0, 0.0, 0.0, 0.5, 0.0, 0.0, 0.0]",2
범서프,5,2,"[0.0, 1.0, 0.0, 0.0, 0.0, 0.0, 0.0, 0.0, 0.0, 0.0, 0.0]",2
공간키친,11,1,"[0.0, 0.0, 0.0, 0.0, 0.0, 0.0, 0.0, 1.0, 0.0, 0.0, 0.0]",0
카이리조트,24,1,"[0.0, 0.0, 0.0, 0.0, 0.0, 0.0, 0.0, 1.0, 0.0, 0.0, 0.0]",2
퓨어스테이,24,2,"[0.0, 0.0, 0.0, 0.0, 0.0, 0.0, 0.0, 0.5, 0.0, 0.0, 0.5]",2
동호갈비 중문점,11,1,"[0.0, 1.0, 0.0, 0.0, 0.0, 0.0, 0.0, 0.0, 0.0, 0.0, 0.0]",0
삿뽀로우동집 본점,11,1,"[0.0, 1.0, 0.0, 0.0, 0.0, 0.0, 0.0, 0.0, 0.0, 0.0, 0.0]",0
GS25 안덕계곡점,10,1,"[0.0, 0.0, 0.0, 0.0, 0.0, 0.0, 0.0, 0.0, 1.0, 0.0, 0.0]",2
선반내주유소,10,1,"[0.0, 0.0, 0.0, 0.0, 0.0, 0.0, 0.0, 0.0, 1.0, 0.0, 0.0]",2
나니와,11,2,"[0.0, 0.0, 0.0, 0.0, 0.0, 0.5, 0.0, 0.0, 0.5, 0.0, 0.0]",0
솔루나카페&펍,11,1,"[0.0, 0.0, 0.0, 0.0, 0.0, 0.0, 0.0, 0.0, 0.0, 0.0, 1.0]",1
리치망고 신화월드점,11,1,"[0.0, 1.0, 0.0, 0.0, 0.0, 0.0, 0.0, 0.0, 0.0, 0.0, 0.0]",0
샤모니리조트,24,2,"[0.0, 0.0, 0.0, 0.0, 0.0, 0.0, 0.0, 1.0, 0.0, 0.0, 0.0]",2
도미노피자 제주서귀포점,11,1,"[1.0, 0.0, 0.0, 0.0, 0.0, 0.0, 0.0, 0.0, 0.0, 0.0, 0.0]",0
복음이네김밥만두,11,1,"[0.0, 1.0, 0.0, 0.0, 0.0, 0.0, 0.0, 0.0, 0.0, 0.0, 0.0]",0
광동주유소,10,1,"[0.0, 0.0, 0.0, 0.0, 0.0, 0.0, 0.0, 0.0, 1.0, 0.0, 0.0]",2
낭만제주펜션,24,2,"[0.0, 0.0, 0.0, 0.0, 0.0, 0.0, 0.0, 1.0, 0.0, 0.0, 0.0]",2
이큐티,11,1,"[0.0, 1.0, 0.0, 0.0, 0.0, 0.0, 0.0, 0.0, 0.0, 0.0, 0.0]",1
호텔MCC,24,2,"[0.0, 0.5, 0.0, 0.0, 0.0, 0.0, 0.0, 0.0, 0.5, 0.0, 0.0]",2
선양빌리지돔,24,1,"[0.0, 0.0, 0.0, 0.0, 1.0, 0.0, 0.0, 0.0, 0.0, 0.0, 0.0]",2
괸당포차,11,2,"[0.0, 0.5, 0.0, 0.0, 0.5, 0.0, 0.0, 0.0, 0.0, 0.0, 0.0]",0
두그루하우스,24,1,"[0.0, 0.0, 0.0, 0.0, 0.0, 0.0, 0.0, 1.0, 0.0, 0.0, 0.0]",2
꽃하루방게스트하우스,24,2,"[0.0, 1.0, 0.0, 0.0, 0.0, 0.0, 0.0, 0.0, 0.0, 0.0, 0.0]",2
피플카페,11,1,"[0.0, 1.0, 0.0, 0.0, 0.0, 0.0, 0.0, 0.0, 0.0, 0.0, 0.0]",1
제주휴리조트1,24,1,"[0.0, 0.0, 0.0, 0.0, 0.0, 0.0, 0.0, 1.0, 0.0, 0.0, 0.0]",2
SK행복충전 동명가스충전소,10,1,"[0.0, 0.0, 0.0, 0.0, 0.0, 0.0, 0.0, 0.0, 1.0, 0.0, 0.0]",2
신441,11,1,"[0.0, 1.0, 0.0, 0.0, 0.0, 0.0, 0.0, 0.0, 0.0, 0.0, 0.0]",0
커피파인더,11,2,"[0.0, 1.0, 0.0, 0.0, 0.0, 0.0, 0.0, 0.0, 0.0, 0.0, 0.0]",1
무근성양과점,11,1,"[0.0, 1.0, 0.0, 0.0, 0.0, 0.0, 0.0, 0.0, 0.0, 0.0, 0.0]",1
본돈,11,1,"[0.0, 1.0, 0.0, 0.0, 0.0, 0.0, 0.0, 0.0, 0.0, 0.0, 0.0]",0
유드림마트 표선점,10,1,"[0.0, 0.0, 0.0, 0.0, 0.0, 0.0, 0.0, 0.0, 1.0, 0.0, 0.0]",2
별맛해장국,11,1,"[0.0, 1.0, 0.0, 0.0, 0.0, 0.0, 0.0, 0.0, 0.0, 0.0, 0.0]",0
토대력 번영로점,11,1,"[0.0, 0.0, 0.0, 1.0, 0.0, 0.0, 0.0, 0.0, 0.0, 0.0, 0.0]",0
제주영상 문화산업진흥원,8,1,"[0.0, 1.0, 0.0, 0.0, 0.0, 0.0, 0.0, 0.0, 0.0, 0.0, 0.0]",2
국수문화거리,4,1,"[1.0, 0.0, 0.0, 0.0, 0.0, 0.0, 0.0, 0.0, 0.0, 0.0, 0.0]",2
밧돌오름,1,1,"[0.0, 0.0, 0.0, 0.0, 0.0, 0.0, 0.0, 0.0, 1.0, 0.0, 0.0]",2
엄블랑,11,1,"[0.0, 0.0, 0.0, 0.0, 1.0, 0.0, 0.0, 0.0, 0.0, 0.0, 0.0]",0
제주한판횟집 산방산점,11,1,"[0.0, 1.0, 0.0, 0.0, 0.0, 0.0, 0.0, 0.0, 0.0, 0.0, 0.0]",0
절물자연휴양림 산림문화휴양관,13,1,"[0.0, 0.0, 0.0, 0.0, 0.0, 0.0, 0.0, 0.0, 1.0, 0.0, 0.0]",2
도련님갈비,11,1,"[0.0, 0.0, 0.0, 0.0, 1.0, 0.0, 0.0, 0.0, 0.0, 0.0, 0.0]",0
그옛맛,11,1,"[0.0, 0.0, 0.0, 1.0, 0.0, 0.0, 0.0, 0.0, 0.0, 0.0, 0.0]",0
빛나는주유소,10,1,"[0.0, 0.0, 0.0, 0.0, 0.0, 0.0, 0.0, 0.0, 1.0, 0.0, 0.0]",2
카페 알로하,11,1,"[0.0, 0.0, 0.0, 0.0, 0.0, 0.0, 0.0, 0.0, 1.0, 0.0, 0.0]",1
바솔트,10,1,"[0.0, 0.0, 0.0, 0.0, 1.0, 0.0, 0.0, 0.0, 0.0, 0.0, 0.0]",2
신세기주유소,10,1,"[0.0, 0.0, 0.0, 0.0, 0.0, 0.0, 0.0, 0.0, 1.0, 0.0, 0.0]",2
제주애퐁당 쇠소깍점,4,2,"[0.0, 0.0, 0.0, 0.0, 0.0, 0.0, 0.0, 0.0, 1.0, 0.0, 0.0]",2
비양도항,1,1,"[0.0, 0.0, 0.0, 0.0, 0.0, 1.0, 0.0, 0.0, 0.0, 0.0, 0.0]",2
메가커피 제주동광육거리점,11,2,"[0.0, 0.0, 0.0, 0.5, 0.0, 0.0, 0.0, 0.0, 0.5, 0.0, 0.0]",1
엉또카페프렌즈,11,1,"[0.0, 1.0, 0.0, 0.0, 0.0, 0.0, 0.0, 0.0, 0.0, 0.0, 0.0]",1
CU 서귀포시청점,10,1,"[0.0, 0.0, 0.0, 0.0, 0.0, 0.0, 0.0, 0.0, 1.0, 0.0, 0.0]",2
던킨도너츠 서귀포혁신점,11,1,"[0.0, 0.0, 0.0, 0.0, 0.0, 0.0, 0.0, 0.0, 1.0, 0.0, 0.0]",0
신제주촌오리,11,1,"[0.0, 0.0, 0.0, 0.0, 1.0, 0.0, 0.0, 0.0, 0.0, 0.0, 0.0]",0
브랭섬홀 아시아 아이스링크,5,2,"[0.0, 0.0, 0.0, 0.0, 0.0, 0.0, 0.0, 0.0, 0.0, 0.5, 0.5]",2
큰갯물횟집,11,1,"[0.0, 0.0, 0.0, 0.0, 0.0, 1.0, 0.0, 0.0, 0.0, 0.0, 0.0]",0
대포어촌횟집,11,1,"[0.0, 0.0, 0.0, 0.0, 0.0, 1.0, 0.0, 0.0, 0.0, 0.0, 0.0]",0
벨루가,24,3,"[0.0, 0.0, 0.0, 0.333333, 0.0, 0.0, 0.333333, 0.333333, 0.0, 0.0, 0.0]",2
중문올레펜션,24,2,"[0.0, 0.0, 0.0, 0.5, 0.5, 0.0, 0.0, 0.0, 0.0, 0.0, 0.0]",2
네네치킨 노형점,11,1,"[0.0, 0.0, 0.0, 0.0, 0.0, 0.0, 0.0, 0.0, 1.0, 0.0, 0.0]",0
스시제주,11,1,"[0.0, 1.0, 0.0, 0.0, 0.0, 0.0, 0.0, 0.0, 0.0, 0.0, 0.0]",0
메이플호텔,24,2,"[0.0, 0.0, 0.0, 0.0, 0.0, 0.5, 0.0, 0.5, 0.0, 0.0, 0.0]",2
오렌다핏,5,1,"[0.0, 0.0, 0.0, 0.0, 0.0, 0.0, 1.0, 0.0, 0.0, 0.0, 0.0]",2
제주함덕하이킹,5,1,"[0.0, 0.0, 0.0, 0.0, 0.0, 0.0, 0.0, 0.0, 1.0, 0.0, 0.0]",2
제주별책부록,4,1,"[1.0, 0.0, 0.0, 0.0, 0.0, 0.0, 0.0, 0.0, 0.0, 0.0, 0.0]",2
어떤바람,10,2,"[0.0, 0.5, 0.0, 0.5, 0.0, 0.0, 0.0, 0.0, 0.0, 0.0, 0.0]",2
짱죽 제주점,4,1,"[0.0, 0.0, 0.0, 0.0, 1.0, 0.0, 0.0, 0.0, 0.0, 0.0, 0.0]",2
보름펜션,24,3,"[0.0, 0.0, 0.0, 0.0, 0.0, 0.0, 0.0, 0.333333, 0.0, 0.0, 0.666667]",2
멀왓스테이,24,1,"[0.0, 1.0, 0.0, 0.0, 0.0, 0.0, 0.0, 0.0, 0.0, 0.0, 0.0]",2
제주야구인의마을,7,4,"[0.0, 0.0, 0.0, 0.0, 0.0, 0.0, 0.0, 0.75, 0.0, 0.0, 0.25]",2
고향역,11,1,"[0.0, 0.0, 0.0, 0.0, 1.0, 0.0, 0.0, 0.0, 0.0, 0.0, 0.0]",0
도이치,11,1,"[0.0, 0.0, 0.0, 0.0, 1.0, 0.0, 0.0, 0.0, 0.0, 0.0, 0.0]",0
알마커피제작소,11,2,"[0.0, 0.0, 0.0, 0.0, 0.0, 0.0, 0.0, 0.0, 1.0, 0.0, 0.0]",1
조반물,11,1,"[0.0, 0.0, 0.0, 0.0, 0.0, 0.0, 0.0, 1.0, 0.0, 0.0, 0.0]",0
하버하우스,24,5,"[0.0, 0.6, 0.0, 0.0, 0.2, 0.0, 0.0, 0.0, 0.0, 0.0, 0.2]",0
마일스,11,2,"[0.0, 0.5, 0.0, 0.0, 0.0, 0.0, 0.0, 0.0, 0.5, 0.0, 0.0]",0
제주야놀자,24,3,"[0.0, 0.0, 0.333333, 0.0, 0.0, 0.0, 0.0, 0.0, 0.0, 0.0, 0.666667]",2
고기역,11,1,"[0.0, 1.0, 0.0, 0.0, 0.0, 0.0, 0.0, 0.0, 0.0, 0.0, 0.0]",0
더전복,11,1,"[0.0, 0.0, 0.0, 0.0, 0.0, 0.0, 0.0, 0.0, 1.0, 0.0, 0.0]",0
정주항,1,3,"[0.0, 0.0, 0.0, 0.0, 0.0, 0.333333, 0.0, 0.0, 0.0, 0.0, 0.666667]",2
다려도횟집,11,1,"[0.0, 1.0, 0.0, 0.0, 0.0, 0.0, 0.0, 0.0, 0.0, 0.0, 0.0]",0
치즈앤브레드,11,1,"[0.0, 1.0, 0.0, 0.0, 0.0, 0.0, 0.0, 0.0, 0.0, 0.0, 0.0]",0
빌림,24,1,"[0.0, 0.0, 0.0, 0.0, 0.0, 0.0, 1.0, 0.0, 0.0, 0.0, 0.0]",2
조랑말박물관,2,1,"[0.0, 0.0, 0.0, 0.0, 0.0, 0.0, 0.0, 0.0, 1.0, 0.0, 0.0]",2
도두횟집,11,1,"[1.0, 0.0, 0.0, 0.0, 0.0, 0.0, 0.0, 0.0, 0.0, 0.0, 0.0]",0
제주다이노스얼라이브,6,1,"[1.0, 0.0, 0.0, 0.0, 0.0, 0.0, 0.0, 0.0, 0.0, 0.0, 0.0]",2
소공녀글라스,13,1,"[0.0, 0.0, 0.0, 0.0, 0.0, 1.0, 0.0, 0.0, 0.0, 0.0, 0.0]",2
다니엘스키친 성산,11,1,"[0.0, 0.0, 0.0, 0.0, 0.0, 0.0, 0.0, 0.0, 1.0, 0.0, 0.0]",0
동남주유소,10,1,"[0.0, 0.0, 0.0, 0.0, 0.0, 0.0, 0.0, 0.0, 1.0, 0.0, 0.0]",2
청년주유소,10,1,"[0.0, 0.0, 0.0, 0.0, 0.0, 0.0, 0.0, 0.0, 1.0, 0.0, 0.0]",2
CU 제주구엄해변점,10,1,"[0.0, 0.0, 0.0, 0.0, 0.0, 0.0, 0.0, 0.0, 1.0, 0.0, 0.0]",2
포구횟집,11,1,"[0.0, 1.0, 0.0, 0.0, 0.0, 0.0, 0.0, 0.0, 0.0, 0.0, 0.0]",0
제주축산농협 삼화지점,10,1,"[0.0, 0.0, 0.0, 0.0, 1.0, 0.0, 0.0, 0.0, 0.0, 0.0, 0.0]",2
정안호스텔,24,4,"[0.0, 0.0, 0.0, 0.25, 0.0, 0.0, 0.0, 0.5, 0.0, 0.0, 0.25]",2
한라산둘레길 사려니숲길,1,1,"[1.0, 0.0, 0.0, 0.0, 0.0, 0.0, 0.0, 0.0, 0.0, 0.0, 0.0]",2
임풍해장국,11,1,"[0.0, 0.0, 0.0, 0.0, 0.0, 0.0, 0.0, 1.0, 0.0, 0.0, 0.0]",0
높은오름,1,1,"[1.0, 0.0, 0.0, 0.0, 0.0, 0.0, 0.0, 0.0, 0.0, 0.0, 0.0]",2
코즈게스트하우스,24,3,"[0.0, 0.666667, 0.0, 0.0, 0.0, 0.0, 0.0, 0.0, 0.0, 0.0, 0.333333]",2
동광해바른작은도서관,3,1,"[0.0, 0.0, 0.0, 0.0, 0.0, 0.0, 0.0, 0.0, 1.0, 0.0, 0.0]",2
스테이아하,24,2,"[0.0, 0.0, 0.0, 0.0, 1.0, 0.0, 0.0, 0.0, 0.0, 0.0, 0.0]",2
괸당집 서귀포점,11,1,"[0.0, 0.0, 0.0, 0.0, 0.0, 0.0, 0.0, 1.0, 0.0, 0.0, 0.0]",0
보목해안도로,7,1,"[0.0, 0.0, 0.0, 0.0, 0.0, 0.0, 0.0, 0.0, 1.0, 0.0, 0.0]",2
도란도넛,11,1,"[0.0, 0.0, 0.0, 1.0, 0.0, 0.0, 0.0, 0.0, 0.0, 0.0, 0.0]",1
신창해안도로,1,1,"[0.0, 1.0, 0.0, 0.0, 0.0, 0.0, 0.0, 0.0, 0.0, 0.0, 0.0]",2
그레이베이스,11,1,"[0.0, 0.0, 0.0, 0.0, 0.0, 0.0, 0.0, 0.0, 1.0, 0.0, 0.0]",1
제주리 식탁,11,1,"[0.0, 0.0, 0.0, 0.0, 0.0, 0.0, 0.0, 0.0, 1.0, 0.0, 0.0]",0
교촌치킨 함덕점,11,1,"[0.0, 0.0, 0.0, 0.0, 0.0, 0.0, 0.0, 0.0, 1.0, 0.0, 0.0]",0
김약국,10,1,"[0.0, 0.0, 0.0, 0.0, 0.0, 0.0, 0.0, 0.0, 0.0, 0.0, 1.0]",2
GS25 서귀중정점,10,2,"[0.0, 0.0, 0.0, 0.0, 0.0, 0.0, 0.5, 0.0, 0.5, 0.0, 0.0]",2
코바코 제주서귀포점,11,1,"[0.0, 0.0, 0.0, 0.0, 0.0, 0.0, 0.0, 0.0, 0.0, 0.0, 1.0]",0
공차 서귀포올레시장점,11,1,"[0.0, 0.0, 0.0, 0.0, 0.0, 0.0, 0.0, 0.0, 1.0, 0.0, 0.0]",0
GS25 서귀오거리점,10,1,"[0.0, 0.0, 0.0, 0.0, 0.0, 0.0, 1.0, 0.0, 0.0, 0.0, 0.0]",2
마주앉아,11,1,"[0.0, 0.0, 0.0, 1.0, 0.0, 0.0, 0.0, 0.0, 0.0, 0.0, 0.0]",0
삼다미가,11,1,"[0.0, 1.0, 0.0, 0.0, 0.0, 0.0, 0.0, 0.0, 0.0, 0.0, 0.0]",0
오릭인제주,24,4,"[0.0, 0.0, 0.0, 0.0, 0.75, 0.0, 0.0, 0.0, 0.0, 0.0, 0.25]",2
오늘도회는뜬다 1호점,11,1,"[0.0, 0.0, 0.0, 0.0, 0.0, 0.0, 0.0, 0.0, 1.0, 0.0, 0.0]",0
해녀김밥 함덕본점 주차장,11,1,"[0.0, 1.0, 0.0, 0.0, 0.0, 0.0, 0.0, 0.0, 0.0, 0.0, 0.0]",0
신한당약국,10,1,"[0.0, 0.0, 0.0, 0.0, 0.0, 0.0, 0.0, 0.0, 1.0, 0.0, 0.0]",2
그늘집,11,1,"[0.0, 0.0, 0.0, 0.0, 1.0, 0.0, 0.0, 0.0, 0.0, 0.0, 0.0]",0
중문동사무소교차로,4,1,"[0.0, 0.0, 0.0, 0.0, 0.0, 0.0, 0.0, 0.0, 1.0, 0.0, 0.0]",2
일품순두부 중문점,11,2,"[0.0, 0.0, 0.0, 0.0, 0.0, 0.0, 0.0, 0.5, 0.5, 0.0, 0.0]",0
스캠프짐,5,2,"[0.0, 0.0, 0.0, 1.0, 0.0, 0.0, 0.0, 0.0, 0.0, 0.0, 0.0]",2
정대36,11,1,"[1.0, 0.0, 0.0, 0.0, 0.0, 0.0, 0.0, 0.0, 0.0, 0.0, 0.0]",0
스윗플랫폼,11,2,"[0.0, 1.0, 0.0, 0.0, 0.0, 0.0, 0.0, 0.0, 0.0, 0.0, 0.0]",0
참돼지,11,1,"[0.0, 0.0, 0.0, 0.0, 1.0, 0.0, 0.0, 0.0, 0.0, 0.0, 0.0]",0
피슈마라홍탕 삼화점,11,1,"[0.0, 1.0, 0.0, 0.0, 0.0, 0.0, 0.0, 0.0, 0.0, 0.0, 0.0]",0
퐁낭그늘,11,1,"[0.0, 0.0, 0.0, 1.0, 0.0, 0.0, 0.0, 0.0, 0.0, 0.0, 0.0]",0
성산에오거들랑 게스트하우스,24,2,"[0.0, 0.0, 0.0, 0.0, 0.0, 1.0, 0.0, 0.0, 0.0, 0.0, 0.0]",2
예산가마솥장수촌설렁탕,11,1,"[0.0, 0.0, 0.0, 0.0, 0.0, 0.0, 0.0, 0.0, 1.0, 0.0, 0.0]",0
육회한집,11,1,"[0.0, 0.0, 0.0, 0.0, 0.0, 0.0, 0.0, 0.0, 1.0, 0.0, 0.0]",0
다정한식탁,11,1,"[0.0, 0.0, 0.0, 0.0, 1.0, 0.0, 0.0, 0.0, 0.0, 0.0, 0.0]",0
로또라네,10,1,"[0.0, 0.0, 0.0, 0.0, 0.0, 0.0, 0.0, 0.0, 1.0, 0.0, 0.0]",2
브라운스위트호텔,24,1,"[0.0, 0.0, 0.0, 0.0, 0.0, 0.0, 0.0, 1.0, 0.0, 0.0, 0.0]",2
노가리앤비어,11,1,"[0.0, 0.0, 0.0, 0.0, 0.0, 0.0, 0.0, 0.0, 1.0, 0.0, 0.0]",0
오설록티뮤지엄 티스톤,3,1,"[0.0, 0.0, 0.0, 1.0, 0.0, 0.0, 0.0, 0.0, 0.0, 0.0, 0.0]",2
세븐일레븐 서귀포엠스테이점,10,1,"[0.0, 0.0, 0.0, 0.0, 0.0, 0.0, 1.0, 0.0, 0.0, 0.0, 0.0]",2
레오파드카페,11,1,"[0.0, 0.0, 0.0, 0.0, 0.0, 0.0, 0.0, 0.0, 1.0, 0.0, 0.0]",1
고기땡기네,11,1,"[0.0, 0.0, 0.0, 0.0, 0.0, 0.0, 0.0, 0.0, 1.0, 0.0, 0.0]",0
샤브마니아 제주삼화점,11,1,"[0.0, 0.0, 0.0, 0.0, 0.0, 0.0, 0.0, 1.0, 0.0, 0.0, 0.0]",0
밀크홀,11,1,"[0.0, 0.0, 0.0, 0.0, 0.0, 0.0, 0.0, 0.0, 1.0, 0.0, 0.0]",0
한림속 하루,24,12,"[0.0, 0.666667, 0.0, 0.0, 0.0, 0.0, 0.0, 0.0, 0.0, 0.0, 0.333333]",2
이비가짬뽕 신화월드점,11,1,"[0.0, 0.0, 0.0, 0.0, 0.0, 0.0, 0.0, 0.0, 0.0, 0.0, 1.0]",0
야미부대찌개,11,1,"[0.0, 1.0, 0.0, 0.0, 0.0, 0.0, 0.0, 0.0, 0.0, 0.0, 0.0]",0
한라산국립공원 관음사지구안내소,1,2,"[0.5, 0.0, 0.0, 0.0, 0.5, 0.0, 0.0, 0.0, 0.0, 0.0, 0.0]",2
행원환해장성,2,2,"[0.0, 0.0, 0.0, 0.5, 0.0, 0.0, 0.0, 0.0, 0.5, 0.0, 0.0]",2
리프리지,11,1,"[0.0, 0.0, 0.0, 0.0, 0.0, 0.0, 0.0, 0.0, 1.0, 0.0, 0.0]",0
한라산둘레길 수악길,7,1,"[1.0, 0.0, 0.0, 0.0, 0.0, 0.0, 0.0, 0.0, 0.0, 0.0, 0.0]",2
타베니,11,1,"[0.0, 0.0, 0.0, 0.0, 1.0, 0.0, 0.0, 0.0, 0.0, 0.0, 0.0]",0
CU 협재제천점,10,1,"[0.0, 0.0, 0.0, 0.0, 0.0, 0.0, 0.0, 0.0, 1.0, 0.0, 0.0]",2
애월한담민박,24,2,"[0.0, 0.0, 0.0, 0.0, 0.0, 0.0, 0.0, 1.0, 0.0, 0.0, 0.0]",2
팀블로우,11,3,"[0.0, 1.0, 0.0, 0.0, 0.0, 0.0, 0.0, 0.0, 0.0, 0.0, 0.0]",1
마루네김밥,11,2,"[0.0, 1.0, 0.0, 0.0, 0.0, 0.0, 0.0, 0.0, 0.0, 0.0, 0.0]",0
애월 한담민박,24,1,"[0.0, 0.0, 0.0, 0.0, 0.0, 0.0, 0.0, 1.0, 0.0, 0.0, 0.0]",2
제주마음,11,1,"[0.0, 0.0, 0.0, 0.0, 1.0, 0.0, 0.0, 0.0, 0.0, 0.0, 0.0]",0
협재해녀의집,11,2,"[0.0, 1.0, 0.0, 0.0, 0.0, 0.0, 0.0, 0.0, 0.0, 0.0, 0.0]",0
호텔시리우스 수영장,6,1,"[0.0, 1.0, 0.0, 0.0, 0.0, 0.0, 0.0, 0.0, 0.0, 0.0, 0.0]",2
제주브릭스,24,4,"[0.0, 0.0, 0.25, 0.0, 0.0, 0.0, 0.0, 0.75, 0.0, 0.0, 0.0]",2
제주도그릴 서귀포본점,11,1,"[0.0, 1.0, 0.0, 0.0, 0.0, 0.0, 0.0, 0.0, 0.0, 0.0, 0.0]",0
펄호텔 제주,24,1,"[0.0, 0.0, 0.0, 0.0, 0.0, 0.0, 0.0, 1.0, 0.0, 0.0, 0.0]",2
조선제일국밥 제주점,11,1,"[0.0, 0.0, 0.0, 0.0, 0.0, 0.0, 0.0, 0.0, 1.0, 0.0, 0.0]",0
봉스테이,24,1,"[0.0, 0.0, 0.0, 0.0, 0.0, 0.0, 0.0, 1.0, 0.0, 0.0, 0.0]",2
준반점,11,1,"[0.0, 0.0, 0.0, 0.0, 0.0, 0.0, 0.0, 1.0, 0.0, 0.0, 0.0]",0
세븐일레븐 서귀포대정주공점,10,1,"[0.0, 0.0, 0.0, 0.0, 0.0, 0.0, 0.0, 0.0, 1.0, 0.0, 0.0]",2
와랑게스트하우스,24,1,"[0.0, 0.0, 0.0, 0.0, 1.0, 0.0, 0.0, 0.0, 0.0, 0.0, 0.0]",2
CU 제주에코비자림점,10,1,"[0.0, 0.0, 0.0, 0.0, 0.0, 0.0, 0.0, 0.0, 1.0, 0.0, 0.0]",2
감초식당,11,1,"[0.0, 0.0, 0.0, 0.0, 1.0, 0.0, 0.0, 0.0, 0.0, 0.0, 0.0]",0
샤이니호텔,24,1,"[0.0, 0.0, 0.0, 0.0, 0.0, 0.0, 0.0, 0.0, 0.0, 0.0, 1.0]",2
신미영이네,11,1,"[0.0, 1.0, 0.0, 0.0, 0.0, 0.0, 0.0, 0.0, 0.0, 0.0, 0.0]",0
노을안에풍차,11,1,"[0.0, 0.0, 0.0, 0.0, 0.0, 0.0, 0.0, 0.0, 1.0, 0.0, 0.0]",0
CU 제주함덕캠프점,10,1,"[0.0, 0.0, 0.0, 0.0, 0.0, 0.0, 0.0, 0.0, 1.0, 0.0, 0.0]",2
문도지오름 출구,1,1,"[0.0, 0.0, 0.0, 0.0, 1.0, 0.0, 0.0, 0.0, 0.0, 0.0, 0.0]",2
요우르,11,1,"[0.0, 1.0, 0.0, 0.0, 0.0, 0.0, 0.0, 0.0, 0.0, 0.0, 0.0]",0
휴양펜션돌과바람,24,2,"[0.0, 0.0, 0.0, 0.0, 0.0, 0.0, 0.0, 1.0, 0.0, 0.0, 0.0]",2
성산포항우도도항선매표소,5,1,"[0.0, 0.0, 0.0, 0.0, 0.0, 1.0, 0.0, 0.0, 0.0, 0.0, 0.0]",2
낙천주의자들,24,7,"[0.0, 0.571429, 0.0, 0.142857, 0.0, 0.285714, 0.0, 0.0, 0.0, 0.0, 0.0]",2
서월화,24,1,"[0.0, 1.0, 0.0, 0.0, 0.0, 0.0, 0.0, 0.0, 0.0, 0.0, 0.0]",2
섬투어레져,5,1,"[1.0, 0.0, 0.0, 0.0, 0.0, 0.0, 0.0, 0.0, 0.0, 0.0, 0.0]",2
봄이네해바라기,11,1,"[0.0, 0.0, 0.0, 0.0, 0.0, 0.0, 0.0, 0.0, 1.0, 0.0, 0.0]",0
칠성통,4,1,"[0.0, 0.0, 0.0, 0.0, 0.0, 1.0, 0.0, 0.0, 0.0, 0.0, 0.0]",2
용눈이오름,1,1,"[0.0, 0.0, 0.0, 1.0, 0.0, 0.0, 0.0, 0.0, 0.0, 0.0, 0.0]",2
돌담치킨,11,1,"[0.0, 1.0, 0.0, 0.0, 0.0, 0.0, 0.0, 0.0, 0.0, 0.0, 0.0]",0
쉼터체험농장,13,1,"[0.0, 1.0, 0.0, 0.0, 0.0, 0.0, 0.0, 0.0, 0.0, 0.0, 0.0]",2
성산포수협 수산물직판장,4,1,"[0.0, 0.0, 0.0, 0.0, 0.0, 1.0, 0.0, 0.0, 0.0, 0.0, 0.0]",2
지미스우도 보트관광,5,1,"[1.0, 0.0, 0.0, 0.0, 0.0, 0.0, 0.0, 0.0, 0.0, 0.0, 0.0]",2
봉구비어 제주서귀점,11,1,"[0.0, 0.0, 0.0, 1.0, 0.0, 0.0, 0.0, 0.0, 0.0, 0.0, 0.0]",0
백년가야밀면,11,1,"[0.0, 1.0, 0.0, 0.0, 0.0, 0.0, 0.0, 0.0, 0.0, 0.0, 0.0]",0
월라봉,1,1,"[1.0, 0.0, 0.0, 0.0, 0.0, 0.0, 0.0, 0.0, 0.0, 0.0, 0.0]",2
동복관광체험어장,13,1,"[0.0, 0.0, 0.0, 1.0, 0.0, 0.0, 0.0, 0.0, 0.0, 0.0, 0.0]",2
요레가,11,1,"[1.0, 0.0, 0.0, 0.0, 0.0, 0.0, 0.0, 0.0, 0.0, 0.0, 0.0]",0
식당교래,11,1,"[0.0, 1.0, 0.0, 0.0, 0.0, 0.0, 0.0, 0.0, 0.0, 0.0, 0.0]",0
거문오름 탐방안내소,1,1,"[0.0, 0.0, 0.0, 0.0, 0.0, 0.0, 0.0, 0.0, 0.0, 0.0, 1.0]",2
하이한담,11,1,"[0.0, 1.0, 0.0, 0.0, 0.0, 0.0, 0.0, 0.0, 0.0, 0.0, 0.0]",0
초원코다리,11,1,"[0.0, 0.0, 0.0, 0.0, 1.0, 0.0, 0.0, 0.0, 0.0, 0.0, 0.0]",0
부영식당,11,1,"[0.0, 0.0, 0.0, 0.0, 0.0, 0.0, 0.0, 0.0, 1.0, 0.0, 0.0]",0
은진이네식당,11,1,"[0.0, 0.0, 0.0, 0.0, 0.0, 0.0, 0.0, 0.0, 1.0, 0.0, 0.0]",0
빌라드애월 애월향정,24,1,"[0.0, 0.0, 0.0, 0.0, 1.0, 0.0, 0.0, 0.0, 0.0, 0.0, 0.0]",2
"3인칭관찰자시점, 십화점",10,1,"[1.0, 0.0, 0.0, 0.0, 0.0, 0.0, 0.0, 0.0, 0.0, 0.0, 0.0]",2
금능어촌계복지회관,2,1,"[1.0, 0.0, 0.0, 0.0, 0.0, 0.0, 0.0, 0.0, 0.0, 0.0, 0.0]",2
롯데호텔제주 풍차라운지,11,1,"[0.0, 1.0, 0.0, 0.0, 0.0, 0.0, 0.0, 0.0, 0.0, 0.0, 0.0]",0
평산제면소,11,1,"[0.0, 0.0, 0.0, 1.0, 0.0, 0.0, 0.0, 0.0, 0.0, 0.0, 0.0]",0
전설의짬뽕 조천점,11,1,"[0.0, 0.0, 0.0, 0.0, 0.0, 0.0, 0.0, 0.0, 1.0, 0.0, 0.0]",0
제주맥주 코너샵,10,1,"[0.0, 0.0, 0.0, 0.0, 0.0, 0.0, 0.0, 0.0, 1.0, 0.0, 0.0]",2
달리자서울포차 연동점,11,1,"[0.0, 0.0, 0.0, 0.0, 0.0, 0.0, 0.0, 0.0, 1.0, 0.0, 0.0]",0
서귀맨션,24,1,"[0.0, 1.0, 0.0, 0.0, 0.0, 0.0, 0.0, 0.0, 0.0, 0.0, 0.0]",2
규태네양곱창 본점,11,1,"[0.0, 0.0, 0.0, 0.0, 1.0, 0.0, 0.0, 0.0, 0.0, 0.0, 0.0]",0
장가네일품순두부 표선점,11,1,"[0.0, 0.0, 1.0, 0.0, 0.0, 0.0, 0.0, 0.0, 0.0, 0.0, 0.0]",0
굿모닝렌트카,10,1,"[0.0, 0.0, 0.0, 0.0, 0.0, 0.0, 0.0, 0.0, 0.0, 0.0, 1.0]",2
ABC마트 ST서귀포점,10,1,"[0.0, 0.0, 0.0, 0.0, 0.0, 0.0, 0.0, 0.0, 1.0, 0.0, 0.0]",2
라라라,4,1,"[0.0, 0.0, 0.0, 0.0, 1.0, 0.0, 0.0, 0.0, 0.0, 0.0, 0.0]",2
광주식당,11,1,"[0.0, 0.0, 0.0, 0.0, 0.0, 1.0, 0.0, 0.0, 0.0, 0.0, 0.0]",0
시온푸드,11,1,"[0.0, 1.0, 0.0, 0.0, 0.0, 0.0, 0.0, 0.0, 0.0, 0.0, 0.0]",0
투썸플레이스 제주애월하귀점,11,2,"[0.0, 0.5, 0.0, 0.0, 0.0, 0.0, 0.0, 0.0, 0.5, 0.0, 0.0]",0
송가네참숯가든,11,1,"[0.0, 0.0, 0.0, 0.0, 0.0, 0.0, 0.0, 1.0, 0.0, 0.0, 0.0]",0
무뚱모슬포좁짝뼈국수,11,1,"[0.0, 0.0, 0.0, 0.0, 0.0, 0.0, 0.0, 0.0, 1.0, 0.0, 0.0]",0
동광주유소,10,1,"[0.0, 0.0, 0.0, 0.0, 0.0, 1.0, 0.0, 0.0, 0.0, 0.0, 0.0]",2
우연못,11,1,"[1.0, 0.0, 0.0, 0.0, 0.0, 0.0, 0.0, 0.0, 0.0, 0.0, 0.0]",1
막내해녀,11,1,"[1.0, 0.0, 0.0, 0.0, 0.0, 0.0, 0.0, 0.0, 0.0, 0.0, 0.0]",0
명가돈촌,11,2,"[0.0, 0.0, 0.5, 0.0, 0.0, 0.5, 0.0, 0.0, 0.0, 0.0, 0.0]",0
언타이틀 보틀샵,10,1,"[0.0, 0.0, 0.0, 0.0, 0.0, 1.0, 0.0, 0.0, 0.0, 0.0, 0.0]",2
구좌지앵,11,1,"[0.0, 0.0, 0.0, 0.0, 0.0, 0.0, 0.0, 0.0, 1.0, 0.0, 0.0]",0
함덕돌핀레져,5,1,"[1.0, 0.0, 0.0, 0.0, 0.0, 0.0, 0.0, 0.0, 0.0, 0.0, 0.0]",2
클랭블루스테이,24,1,"[1.0, 0.0, 0.0, 0.0, 0.0, 0.0, 0.0, 0.0, 0.0, 0.0, 0.0]",2
뮈르,11,2,"[0.5, 0.5, 0.0, 0.0, 0.0, 0.0, 0.0, 0.0, 0.0, 0.0, 0.0]",0
삐꼴라쿠치나,11,1,"[1.0, 0.0, 0.0, 0.0, 0.0, 0.0, 0.0, 0.0, 0.0, 0.0, 0.0]",0
서은통닭,10,1,"[0.0, 0.0, 0.0, 0.0, 1.0, 0.0, 0.0, 0.0, 0.0, 0.0, 0.0]",2
춤추는염소들,11,1,"[0.0, 0.0, 0.0, 0.0, 1.0, 0.0, 0.0, 0.0, 0.0, 0.0, 0.0]",0
무명고택,24,2,"[0.0, 1.0, 0.0, 0.0, 0.0, 0.0, 0.0, 0.0, 0.0, 0.0, 0.0]",2
엘지마트,10,1,"[0.0, 0.0, 0.0, 0.0, 1.0, 0.0, 0.0, 0.0, 0.0, 0.0, 0.0]",2
르부이부이,11,1,"[0.0, 0.0, 0.0, 0.0, 1.0, 0.0, 0.0, 0.0, 0.0, 0.0, 0.0]",0
팔미돈가흑돼지 성산점,11,2,"[0.0, 1.0, 0.0, 0.0, 0.0, 0.0, 0.0, 0.0, 0.0, 0.0, 0.0]",0
김녕바닷길,7,1,"[1.0, 0.0, 0.0, 0.0, 0.0, 0.0, 0.0, 0.0, 0.0, 0.0, 0.0]",2
토라네코 제주본점,11,1,"[0.0, 0.0, 0.0, 0.0, 1.0, 0.0, 0.0, 0.0, 0.0, 0.0, 0.0]",0
제주생생농수산,10,1,"[0.0, 0.0, 0.0, 0.0, 0.0, 0.0, 0.0, 0.0, 1.0, 0.0, 0.0]",2
스테이산타루치아,24,1,"[0.0, 0.0, 0.0, 0.0, 0.0, 0.0, 0.0, 1.0, 0.0, 0.0, 0.0]",2
석볶이,11,1,"[0.0, 0.0, 0.0, 0.0, 0.0, 0.0, 0.0, 0.0, 0.0, 0.0, 1.0]",0
표선제주닭집 함덕직영점,11,1,"[0.0, 0.0, 0.0, 1.0, 0.0, 0.0, 0.0, 0.0, 0.0, 0.0, 0.0]",0
송당해장국,4,2,"[0.0, 0.5, 0.0, 0.0, 0.5, 0.0, 0.0, 0.0, 0.0, 0.0, 0.0]",0
GS25 함덕코업시티점,10,1,"[0.0, 0.0, 0.0, 0.0, 0.0, 0.0, 0.0, 0.0, 1.0, 0.0, 0.0]",2
제주운정이네,11,1,"[0.0, 0.0, 0.0, 0.0, 1.0, 0.0, 0.0, 0.0, 0.0, 0.0, 0.0]",0
감성점빵,11,1,"[0.0, 0.0, 0.0, 0.0, 0.0, 0.0, 0.0, 0.0, 1.0, 0.0, 0.0]",0
국수먹고가게,11,1,"[0.0, 0.0, 0.0, 0.0, 1.0, 0.0, 0.0, 0.0, 0.0, 0.0, 0.0]",0
이창명짜장면시키신분,11,1,"[0.0, 0.0, 0.0, 0.0, 0.0, 0.0, 0.0, 0.0, 1.0, 0.0, 0.0]",0
면담,11,1,"[0.0, 0.0, 0.0, 0.0, 0.0, 1.0, 0.0, 0.0, 0.0, 0.0, 0.0]",0
맛있수다,11,3,"[0.0, 0.333333, 0.0, 0.0, 0.333333, 0.333333, 0.0, 0.0, 0.0, 0.0, 0.0]",0
GS25 제주협재점,10,1,"[0.0, 0.0, 0.0, 0.0, 0.0, 0.0, 0.0, 0.0, 0.0, 0.0, 1.0]",2
오션뷰제주 게스트하우스_(파티),24,1,"[0.0, 1.0, 0.0, 0.0, 0.0, 0.0, 0.0, 0.0, 0.0, 0.0, 0.0]",2
신창윤업사,24,2,"[0.0, 0.5, 0.0, 0.0, 0.0, 0.0, 0.5, 0.0, 0.0, 0.0, 0.0]",2
달휴게스트하우스,24,1,"[0.0, 0.0, 0.0, 0.0, 0.0, 0.0, 0.0, 0.0, 0.0, 0.0, 1.0]",2
토리,11,1,"[0.0, 0.0, 0.0, 0.0, 0.0, 0.0, 0.0, 0.0, 0.0, 0.0, 1.0]",0
스마일코리아 서귀포지점,5,2,"[0.0, 0.0, 0.0, 0.0, 0.0, 0.0, 0.0, 0.0, 0.0, 0.0, 1.0]",2
장미여관,24,2,"[0.0, 0.0, 0.0, 0.0, 0.0, 0.0, 0.0, 0.0, 0.0, 0.0, 1.0]",2
다미안,11,1,"[0.0, 0.0, 0.0, 0.0, 1.0, 0.0, 0.0, 0.0, 0.0, 0.0, 0.0]",1
법환어촌계횟집,11,1,"[0.0, 0.0, 0.0, 0.0, 0.0, 0.0, 0.0, 0.0, 1.0, 0.0, 0.0]",0
다이브자이언트 제주,13,1,"[0.0, 0.0, 0.0, 0.0, 0.0, 0.0, 0.0, 0.0, 0.0, 0.0, 1.0]",2
가름게스트하우스,24,3,"[0.0, 1.0, 0.0, 0.0, 0.0, 0.0, 0.0, 0.0, 0.0, 0.0, 0.0]",2
스케쳐스신제주2,4,1,"[0.0, 0.0, 0.0, 0.0, 0.0, 1.0, 0.0, 0.0, 0.0, 0.0, 0.0]",2
제주어항,11,1,"[0.0, 1.0, 0.0, 0.0, 0.0, 0.0, 0.0, 0.0, 0.0, 0.0, 0.0]",0
서귀포자연휴양림 매표소,1,1,"[0.0, 0.0, 0.0, 0.0, 0.0, 0.0, 0.0, 0.0, 0.0, 0.0, 1.0]",2
하우목동,1,1,"[1.0, 0.0, 0.0, 0.0, 0.0, 0.0, 0.0, 0.0, 0.0, 0.0, 0.0]",2
한라산국립공원 영실탐방로안내,5,1,"[0.0, 1.0, 0.0, 0.0, 0.0, 0.0, 0.0, 0.0, 0.0, 0.0, 0.0]",2
흰고래게스트하우스,24,1,"[0.0, 1.0, 0.0, 0.0, 0.0, 0.0, 0.0, 0.0, 0.0, 0.0, 0.0]",2
서울야시장,4,1,"[0.0, 0.0, 0.0, 0.0, 0.0, 0.0, 0.0, 0.0, 0.0, 0.0, 1.0]",2
가시리마을4.3길센터,3,1,"[0.0, 0.0, 0.0, 0.0, 0.0, 0.0, 0.0, 0.0, 0.0, 1.0, 0.0]",2
정의원님식당,11,1,"[0.0, 0.0, 0.0, 0.0, 0.0, 0.0, 0.0, 0.0, 1.0, 0.0, 0.0]",0
표선민속오일시장,4,1,"[0.0, 0.0, 0.0, 0.0, 1.0, 0.0, 0.0, 0.0, 0.0, 0.0, 0.0]",2
여울목펜션,24,1,"[0.0, 0.0, 0.0, 0.0, 1.0, 0.0, 0.0, 0.0, 0.0, 0.0, 0.0]",2
성읍민속마을교차로,2,1,"[1.0, 0.0, 0.0, 0.0, 0.0, 0.0, 0.0, 0.0, 0.0, 0.0, 0.0]",2
집의기록파트1,11,1,"[0.0, 0.0, 0.0, 1.0, 0.0, 0.0, 0.0, 0.0, 0.0, 0.0, 0.0]",0
블랑제이드,24,1,"[0.0, 1.0, 0.0, 0.0, 0.0, 0.0, 0.0, 0.0, 0.0, 0.0, 0.0]",2
모이모이펜션,24,2,"[0.0, 0.0, 0.0, 0.0, 0.0, 0.0, 0.0, 1.0, 0.0, 0.0, 0.0]",2
낙지코지,11,1,"[0.0, 0.0, 0.0, 0.0, 0.0, 0.0, 0.0, 0.0, 1.0, 0.0, 0.0]",0
달토끼펜션,24,1,"[0.0, 0.0, 0.0, 0.0, 0.0, 0.0, 0.0, 1.0, 0.0, 0.0, 0.0]",2
연북로해물탕,11,1,"[0.0, 1.0, 0.0, 0.0, 0.0, 0.0, 0.0, 0.0, 0.0, 0.0, 0.0]",0
양과자회관,11,2,"[0.0, 1.0, 0.0, 0.0, 0.0, 0.0, 0.0, 0.0, 0.0, 0.0, 0.0]",1
제주모슬포알뜨르비행장 일제 지하벙커,2,1,"[0.0, 0.0, 0.0, 0.0, 0.0, 0.0, 0.0, 0.0, 0.0, 1.0, 0.0]",2
가마오름,1,1,"[0.0, 0.0, 0.0, 0.0, 0.0, 1.0, 0.0, 0.0, 0.0, 0.0, 0.0]",2
주연플라워샵,10,1,"[0.0, 0.0, 0.0, 0.0, 0.0, 0.0, 0.0, 1.0, 0.0, 0.0, 0.0]",2
여울목식당,11,1,"[0.0, 0.0, 0.0, 0.0, 1.0, 0.0, 0.0, 0.0, 0.0, 0.0, 0.0]",0
제주국제대학교,8,1,"[0.0, 0.0, 0.0, 0.0, 0.0, 0.0, 0.0, 0.0, 1.0, 0.0, 0.0]",2
보말과비바리,11,1,"[0.0, 1.0, 0.0, 0.0, 0.0, 0.0, 0.0, 0.0, 0.0, 0.0, 0.0]",0
컨테이너야드협재타운,4,1,"[0.0, 0.0, 0.0, 0.0, 0.0, 0.0, 0.0, 0.0, 1.0, 0.0, 0.0]",2
이에프쿠치나,11,2,"[0.0, 0.0, 0.0, 0.0, 0.5, 0.5, 0.0, 0.0, 0.0, 0.0, 0.0]",0
비즈마마,10,1,"[0.0, 0.0, 0.0, 0.0, 0.0, 0.0, 0.0, 0.0, 1.0, 0.0, 0.0]",2
펠롱도채비,10,1,"[0.0, 0.0, 0.0, 0.0, 0.0, 0.0, 0.0, 0.0, 1.0, 0.0, 0.0]",2
달리는커피 서귀포중문점,10,1,"[0.0, 0.0, 0.0, 0.0, 0.0, 0.0, 0.0, 0.0, 1.0, 0.0, 0.0]",2
제주돌집,11,3,"[0.0, 0.333333, 0.0, 0.0, 0.0, 0.0, 0.333333, 0.0, 0.333333, 0.0, 0.0]",0
울돝,11,1,"[0.0, 1.0, 0.0, 0.0, 0.0, 0.0, 0.0, 0.0, 0.0, 0.0, 0.0]",0
별미맛동태,11,1,"[0.0, 0.0, 0.0, 0.0, 0.0, 0.0, 0.0, 0.0, 1.0, 0.0, 0.0]",0
제주영숙,24,1,"[0.0, 1.0, 0.0, 0.0, 0.0, 0.0, 0.0, 0.0, 0.0, 0.0, 0.0]",2
전주식당,11,1,"[0.0, 0.0, 0.0, 0.0, 1.0, 0.0, 0.0, 0.0, 0.0, 0.0, 0.0]",0
서귀포국수마을,7,1,"[0.0, 1.0, 0.0, 0.0, 0.0, 0.0, 0.0, 0.0, 0.0, 0.0, 0.0]",2
날외15,11,1,"[0.0, 1.0, 0.0, 0.0, 0.0, 0.0, 0.0, 0.0, 0.0, 0.0, 0.0]",1
까델아스리조트,24,2,"[0.0, 1.0, 0.0, 0.0, 0.0, 0.0, 0.0, 0.0, 0.0, 0.0, 0.0]",2
돗통,11,1,"[1.0, 0.0, 0.0, 0.0, 0.0, 0.0, 0.0, 0.0, 0.0, 0.0, 0.0]",0
SK행복충전 제주오케이충전소,10,1,"[0.0, 0.0, 0.0, 0.0, 0.0, 0.0, 0.0, 0.0, 1.0, 0.0, 0.0]",2
신창풍차전기자전거,5,2,"[0.5, 0.5, 0.0, 0.0, 0.0, 0.0, 0.0, 0.0, 0.0, 0.0, 0.0]",2
CU 제주논스톱점,10,1,"[0.0, 0.0, 0.0, 0.0, 0.0, 0.0, 0.0, 0.0, 0.0, 0.0, 1.0]",2
둘레길 협재금능점,10,1,"[0.0, 1.0, 0.0, 0.0, 0.0, 0.0, 0.0, 0.0, 0.0, 0.0, 0.0]",2
새별레져ATV,5,2,"[0.0, 1.0, 0.0, 0.0, 0.0, 0.0, 0.0, 0.0, 0.0, 0.0, 0.0]",2
플레이롤러,6,1,"[0.0, 0.0, 0.0, 0.0, 1.0, 0.0, 0.0, 0.0, 0.0, 0.0, 0.0]",2
올레길 2코스(광치기-온평 올레),7,1,"[0.0, 0.0, 0.0, 0.0, 0.0, 0.0, 0.0, 0.0, 1.0, 0.0, 0.0]",2
솔솥 서귀포점,11,2,"[0.0, 0.5, 0.0, 0.0, 0.0, 0.0, 0.0, 0.0, 0.0, 0.0, 0.5]",0
나이체,11,1,"[0.0, 0.0, 0.0, 1.0, 0.0, 0.0, 0.0, 0.0, 0.0, 0.0, 0.0]",1
김명자굴국밥 화북점,11,1,"[0.0, 0.0, 0.0, 1.0, 0.0, 0.0, 0.0, 0.0, 0.0, 0.0, 0.0]",0
곶자왈생태체험관,13,1,"[1.0, 0.0, 0.0, 0.0, 0.0, 0.0, 0.0, 0.0, 0.0, 0.0, 0.0]",2
썬샤인워크,11,1,"[1.0, 0.0, 0.0, 0.0, 0.0, 0.0, 0.0, 0.0, 0.0, 0.0, 0.0]",1
부르네스테이,24,1,"[0.0, 1.0, 0.0, 0.0, 0.0, 0.0, 0.0, 0.0, 0.0, 0.0, 0.0]",2
분식후경,11,1,"[0.0, 1.0, 0.0, 0.0, 0.0, 0.0, 0.0, 0.0, 0.0, 0.0, 0.0]",0
달다제주,13,1,"[0.0, 0.0, 0.0, 0.0, 0.0, 0.0, 0.0, 0.0, 0.0, 0.0, 1.0]",2
월정에비뉴,7,1,"[0.0, 0.0, 0.0, 0.0, 0.0, 0.0, 0.0, 0.0, 1.0, 0.0, 0.0]",2
팔길,11,1,"[0.0, 0.0, 0.0, 0.0, 1.0, 0.0, 0.0, 0.0, 0.0, 0.0, 0.0]",0
도시섬시장,4,1,"[0.0, 1.0, 0.0, 0.0, 0.0, 0.0, 0.0, 0.0, 0.0, 0.0, 0.0]",2
곁겹,24,1,"[1.0, 0.0, 0.0, 0.0, 0.0, 0.0, 0.0, 0.0, 0.0, 0.0, 0.0]",2
돈덕이네,11,1,"[0.0, 0.0, 0.0, 0.0, 1.0, 0.0, 0.0, 0.0, 0.0, 0.0, 0.0]",0
달에물들다,24,4,"[0.0, 1.0, 0.0, 0.0, 0.0, 0.0, 0.0, 0.0, 0.0, 0.0, 0.0]",2
친절한비자씨,11,1,"[0.0, 0.0, 0.0, 0.0, 0.0, 0.0, 1.0, 0.0, 0.0, 0.0, 0.0]",0
남문 숯불바베큐엔치킨 일도직영점,11,1,"[0.0, 0.0, 0.0, 0.0, 0.0, 0.0, 0.0, 1.0, 0.0, 0.0, 0.0]",0
홍열이네 불닭,11,1,"[0.0, 0.0, 0.0, 0.0, 1.0, 0.0, 0.0, 0.0, 0.0, 0.0, 0.0]",0
피맥데이,11,1,"[0.0, 0.0, 0.0, 0.0, 0.0, 1.0, 0.0, 0.0, 0.0, 0.0, 0.0]",0
르메인호텔,24,3,"[0.0, 1.0, 0.0, 0.0, 0.0, 0.0, 0.0, 0.0, 0.0, 0.0, 0.0]",2
라메종베니인제주펜션,24,3,"[0.0, 1.0, 0.0, 0.0, 0.0, 0.0, 0.0, 0.0, 0.0, 0.0, 0.0]",2
곽지횟집,11,1,"[0.0, 0.0, 0.0, 0.0, 0.0, 1.0, 0.0, 0.0, 0.0, 0.0, 0.0]",0
제주올레21코스 공식안내소,10,1,"[0.0, 0.0, 0.0, 0.0, 0.0, 0.0, 1.0, 0.0, 0.0, 0.0, 0.0]",2
그리고세화 1호점,24,1,"[0.0, 0.0, 0.0, 0.0, 0.0, 1.0, 0.0, 0.0, 0.0, 0.0, 0.0]",2
중문미로파크,13,2,"[0.0, 0.0, 0.5, 0.0, 0.5, 0.0, 0.0, 0.0, 0.0, 0.0, 0.0]",2
칠돈가 함덕 흑돼지,11,2,"[0.0, 0.5, 0.0, 0.0, 0.0, 0.0, 0.0, 0.0, 0.5, 0.0, 0.0]",0
서귀포수협유통사업소,4,1,"[0.0, 0.0, 0.0, 0.0, 0.0, 0.0, 0.0, 0.0, 1.0, 0.0, 0.0]",2
서자매김밥,11,1,"[0.0, 1.0, 0.0, 0.0, 0.0, 0.0, 0.0, 0.0, 0.0, 0.0, 0.0]",0
복조리부산양곱창,11,1,"[0.0, 1.0, 0.0, 0.0, 0.0, 0.0, 0.0, 0.0, 0.0, 0.0, 0.0]",0
제주살이,24,2,"[0.0, 0.0, 0.0, 0.0, 0.0, 0.0, 0.0, 1.0, 0.0, 0.0, 0.0]",2
림벅와플 제주점,11,1,"[0.0, 0.0, 0.0, 0.0, 0.0, 0.0, 0.0, 0.0, 1.0, 0.0, 0.0]",0
디렌트카,10,1,"[0.0, 0.0, 0.0, 0.0, 0.0, 0.0, 0.0, 1.0, 0.0, 0.0, 0.0]",2
도노미스테이,24,2,"[0.0, 0.0, 0.0, 0.0, 0.0, 0.0, 1.0, 0.0, 0.0, 0.0, 0.0]",2
아크로디니온,11,1,"[0.0, 1.0, 0.0, 0.0, 0.0, 0.0, 0.0, 0.0, 0.0, 0.0, 0.0]",0
델리지아,11,1,"[0.0, 0.0, 0.0, 0.0, 0.0, 0.0, 1.0, 0.0, 0.0, 0.0, 0.0]",0
고래라면 신화월드점,11,1,"[0.0, 0.0, 0.0, 0.0, 0.0, 0.0, 0.0, 1.0, 0.0, 0.0, 0.0]",0
카페 인어,11,1,"[0.0, 1.0, 0.0, 0.0, 0.0, 0.0, 0.0, 0.0, 0.0, 0.0, 0.0]",1
만선바다,11,1,"[0.0, 0.0, 0.0, 0.0, 1.0, 0.0, 0.0, 0.0, 0.0, 0.0, 0.0]",0
이공팔오,11,1,"[0.0, 0.0, 0.0, 0.0, 0.0, 0.0, 0.0, 0.0, 1.0, 0.0, 0.0]",1
게스트하우스 산방댁,24,1,"[0.0, 1.0, 0.0, 0.0, 0.0, 0.0, 0.0, 0.0, 0.0, 0.0, 0.0]",2
카페덕수리2180,11,1,"[0.0, 0.0, 0.0, 0.0, 0.0, 0.0, 0.0, 0.0, 1.0, 0.0, 0.0]",1
열정돈,11,1,"[0.0, 1.0, 0.0, 0.0, 0.0, 0.0, 0.0, 0.0, 0.0, 0.0, 0.0]",0
제주사계,24,4,"[0.0, 0.75, 0.0, 0.0, 0.25, 0.0, 0.0, 0.0, 0.0, 0.0, 0.0]",2
오늘의미미,11,1,"[0.0, 1.0, 0.0, 0.0, 0.0, 0.0, 0.0, 0.0, 0.0, 0.0, 0.0]",0
월복,11,1,"[0.0, 0.0, 0.0, 0.0, 0.0, 0.0, 0.0, 0.0, 1.0, 0.0, 0.0]",0
옹포,1,1,"[0.0, 0.0, 0.0, 0.0, 0.0, 0.0, 0.0, 0.0, 1.0, 0.0, 0.0]",2
스몰홀더,11,1,"[0.0, 0.0, 0.0, 0.0, 0.0, 0.0, 0.0, 0.0, 1.0, 0.0, 0.0]",1
고서방해물탕,11,2,"[0.0, 0.5, 0.0, 0.0, 0.0, 0.0, 0.0, 0.0, 0.5, 0.0, 0.0]",0
메르블루 게스트하우스,24,1,"[0.0, 1.0, 0.0, 0.0, 0.0, 0.0, 0.0, 0.0, 0.0, 0.0, 0.0]",2
함덕우동집,11,1,"[0.0, 0.0, 0.0, 0.0, 1.0, 0.0, 0.0, 0.0, 0.0, 0.0, 0.0]",0
군산오름,1,1,"[1.0, 0.0, 0.0, 0.0, 0.0, 0.0, 0.0, 0.0, 0.0, 0.0, 0.0]",2
제주하도,24,2,"[0.0, 0.5, 0.0, 0.0, 0.5, 0.0, 0.0, 0.0, 0.0, 0.0, 0.0]",2
수니테이블,11,1,"[0.0, 0.0, 0.0, 0.0, 0.0, 0.0, 0.0, 0.0, 1.0, 0.0, 0.0]",0
포록,11,1,"[0.0, 1.0, 0.0, 0.0, 0.0, 0.0, 0.0, 0.0, 0.0, 0.0, 0.0]",0
쉼앤오프,24,5,"[0.0, 0.0, 0.0, 0.4, 0.6, 0.0, 0.0, 0.0, 0.0, 0.0, 0.0]",2
보배반점,11,1,"[0.0, 1.0, 0.0, 0.0, 0.0, 0.0, 0.0, 0.0, 0.0, 0.0, 0.0]",0
신화아부오름가든,11,1,"[0.0, 0.0, 0.0, 0.0, 1.0, 0.0, 0.0, 0.0, 0.0, 0.0, 0.0]",0
천리식당,11,1,"[0.0, 1.0, 0.0, 0.0, 0.0, 0.0, 0.0, 0.0, 0.0, 0.0, 0.0]",0
제주내리막,11,1,"[0.0, 1.0, 0.0, 0.0, 0.0, 0.0, 0.0, 0.0, 0.0, 0.0, 0.0]",0
요거프레소,11,1,"[0.0, 0.0, 0.0, 0.0, 0.0, 0.0, 0.0, 0.0, 1.0, 0.0, 0.0]",1
이호체험배낚시,13,1,"[0.0, 0.0, 0.0, 0.0, 1.0, 0.0, 0.0, 0.0, 0.0, 0.0, 0.0]",2
올레회어촌,11,1,"[0.0, 0.0, 1.0, 0.0, 0.0, 0.0, 0.0, 0.0, 0.0, 0.0, 0.0]",0
씨앤호텔,24,2,"[0.0, 0.0, 0.0, 0.0, 0.0, 0.0, 0.0, 1.0, 0.0, 0.0, 0.0]",2
노형한빛식당,11,1,"[0.0, 1.0, 0.0, 0.0, 0.0, 0.0, 0.0, 0.0, 0.0, 0.0, 0.0]",0
인피니티리조트,5,2,"[0.0, 0.0, 0.0, 0.0, 1.0, 0.0, 0.0, 0.0, 0.0, 0.0, 0.0]",2
밭318,11,2,"[0.0, 0.5, 0.0, 0.0, 0.0, 0.0, 0.0, 0.0, 0.5, 0.0, 0.0]",1
올레길해녀의집,11,1,"[0.0, 0.0, 0.0, 0.0, 0.0, 0.0, 0.0, 0.0, 1.0, 0.0, 0.0]",0
세미식당,11,2,"[0.0, 0.0, 0.0, 0.5, 0.0, 0.0, 0.0, 0.0, 0.5, 0.0, 0.0]",0
한림칠돈가,11,1,"[0.0, 0.0, 0.0, 0.0, 1.0, 0.0, 0.0, 0.0, 0.0, 0.0, 0.0]",0
제주미향,11,1,"[0.0, 0.0, 0.0, 0.0, 0.0, 0.0, 1.0, 0.0, 0.0, 0.0, 0.0]",0
해미원횟집,11,1,"[0.0, 0.0, 0.0, 0.0, 0.0, 0.0, 1.0, 0.0, 0.0, 0.0, 0.0]",0
루트서프,13,1,"[0.0, 1.0, 0.0, 0.0, 0.0, 0.0, 0.0, 0.0, 0.0, 0.0, 0.0]",2
패밀리만두,11,1,"[1.0, 0.0, 0.0, 0.0, 0.0, 0.0, 0.0, 0.0, 0.0, 0.0, 0.0]",0
소길스테이,24,2,"[0.0, 0.0, 0.0, 0.0, 0.0, 0.0, 0.0, 1.0, 0.0, 0.0, 0.0]",2
망오름,1,1,"[1.0, 0.0, 0.0, 0.0, 0.0, 0.0, 0.0, 0.0, 0.0, 0.0, 0.0]",2
일송회수산,11,1,"[0.0, 1.0, 0.0, 0.0, 0.0, 0.0, 0.0, 0.0, 0.0, 0.0, 0.0]",0
미카형증기기관차,2,1,"[0.0, 0.0, 0.0, 0.0, 0.0, 0.0, 0.0, 0.0, 1.0, 0.0, 0.0]",2
도도름,11,2,"[0.0, 0.0, 0.0, 0.0, 0.0, 1.0, 0.0, 0.0, 0.0, 0.0, 0.0]",0
용담기사식당,11,1,"[0.0, 0.0, 0.0, 0.0, 0.0, 0.0, 0.0, 1.0, 0.0, 0.0, 0.0]",0
희야국수,11,1,"[0.0, 0.0, 0.0, 0.0, 0.0, 0.0, 0.0, 0.0, 1.0, 0.0, 0.0]",0
명품해운대활어직매장,11,1,"[0.0, 0.0, 0.0, 0.0, 0.0, 0.0, 0.0, 0.0, 1.0, 0.0, 0.0]",0
제주품에독채펜션,24,2,"[0.0, 0.0, 0.0, 0.0, 0.0, 0.0, 0.0, 1.0, 0.0, 0.0, 0.0]",2
제주바닷가의나루터,10,1,"[0.0, 0.0, 0.0, 0.0, 0.0, 0.0, 0.0, 0.0, 1.0, 0.0, 0.0]",2
통큰수산,11,1,"[0.0, 0.0, 0.0, 1.0, 0.0, 0.0, 0.0, 0.0, 0.0, 0.0, 0.0]",0
가시리명문식당,11,1,"[0.0, 1.0, 0.0, 0.0, 0.0, 0.0, 0.0, 0.0, 0.0, 0.0, 0.0]",0
야스미스테이,24,2,"[0.0, 0.0, 0.0, 0.0, 0.0, 0.0, 0.0, 0.0, 0.0, 0.0, 1.0]",2
금성우동,11,1,"[0.0, 0.0, 0.0, 0.0, 0.0, 0.0, 0.0, 0.0, 1.0, 0.0, 0.0]",0
귤빛정원,11,1,"[1.0, 0.0, 0.0, 0.0, 0.0, 0.0, 0.0, 0.0, 0.0, 0.0, 0.0]",0
한림국수집,11,1,"[0.0, 0.0, 0.0, 0.0, 1.0, 0.0, 0.0, 0.0, 0.0, 0.0, 0.0]",0
더팔당제주,11,1,"[0.0, 0.0, 0.0, 0.0, 0.0, 1.0, 0.0, 0.0, 0.0, 0.0, 0.0]",0
별도봉산책로,7,2,"[0.0, 0.0, 0.0, 0.0, 0.0, 0.5, 0.0, 0.5, 0.0, 0.0, 0.0]",2
쿠쿠아림,11,1,"[0.0, 1.0, 0.0, 0.0, 0.0, 0.0, 0.0, 0.0, 0.0, 0.0, 0.0]",0
꽂돼지정식,11,1,"[0.0, 1.0, 0.0, 0.0, 0.0, 0.0, 0.0, 0.0, 0.0, 0.0, 0.0]",0
CU 제주종달점,10,1,"[0.0, 0.0, 0.0, 0.0, 0.0, 0.0, 0.0, 0.0, 1.0, 0.0, 0.0]",2
종달바베큐캠핑,11,1,"[0.0, 1.0, 0.0, 0.0, 0.0, 0.0, 0.0, 0.0, 0.0, 0.0, 0.0]",0
대해수산,13,1,"[1.0, 0.0, 0.0, 0.0, 0.0, 0.0, 0.0, 0.0, 0.0, 0.0, 0.0]",2
놀놀 플레이그라운드 카페,13,1,"[0.0, 1.0, 0.0, 0.0, 0.0, 0.0, 0.0, 0.0, 0.0, 0.0, 0.0]",2
코지네스트,24,6,"[0.0, 0.0, 0.0, 0.0, 0.0, 0.0, 0.0, 0.166667, 0.0, 0.0, 0.833333]",2
해미안,13,1,"[0.0, 0.0, 0.0, 0.0, 0.0, 0.0, 0.0, 1.0, 0.0, 0.0, 0.0]",2
조천읍도서관,3,1,"[0.0, 0.0, 0.0, 0.0, 0.0, 1.0, 0.0, 0.0, 0.0, 0.0, 0.0]",2
제주돔베마씸,11,1,"[0.0, 1.0, 0.0, 0.0, 0.0, 0.0, 0.0, 0.0, 0.0, 0.0, 0.0]",0
오슬로 제주신화월드점,11,1,"[0.0, 0.0, 0.0, 1.0, 0.0, 0.0, 0.0, 0.0, 0.0, 0.0, 0.0]",0
옛날옛적,11,1,"[0.0, 0.0, 0.0, 0.0, 0.0, 0.0, 0.0, 1.0, 0.0, 0.0, 0.0]",0
레이져서바이벌M,13,3,"[0.0, 0.333333, 0.0, 0.0, 0.0, 0.0, 0.0, 0.0, 0.333333, 0.0, 0.333333]",2
코시롱화덕피자,11,1,"[0.0, 1.0, 0.0, 0.0, 0.0, 0.0, 0.0, 0.0, 0.0, 0.0, 0.0]",0
섯알오름예비검속희생자추모비,2,1,"[0.0, 0.0, 0.0, 0.0, 0.0, 0.0, 0.0, 0.0, 1.0, 0.0, 0.0]",2
씨에코비치,24,1,"[0.0, 0.0, 0.0, 0.0, 0.0, 0.0, 0.0, 0.0, 1.0, 0.0, 0.0]",2
제주오석심공예명장관,24,2,"[0.0, 0.0, 0.0, 0.0, 0.0, 0.0, 0.0, 1.0, 0.0, 0.0, 0.0]",2
스누피가든 입구,6,1,"[0.0, 1.0, 0.0, 0.0, 0.0, 0.0, 0.0, 0.0, 0.0, 0.0, 0.0]",2
주식회사오드씽,11,1,"[1.0, 0.0, 0.0, 0.0, 0.0, 0.0, 0.0, 0.0, 0.0, 0.0, 0.0]",0
해녀의부엌,3,1,"[0.0, 1.0, 0.0, 0.0, 0.0, 0.0, 0.0, 0.0, 0.0, 0.0, 0.0]",2
에메랄드호텔에이스,24,1,"[0.0, 0.0, 0.0, 0.0, 0.0, 1.0, 0.0, 0.0, 0.0, 0.0, 0.0]",2
제주올레냉면 제주본점,11,1,"[0.0, 1.0, 0.0, 0.0, 0.0, 0.0, 0.0, 0.0, 0.0, 0.0, 0.0]",0
황부정,11,1,"[0.0, 1.0, 0.0, 0.0, 0.0, 0.0, 0.0, 0.0, 0.0, 0.0, 0.0]",0
보림사,2,1,"[0.0, 0.0, 0.0, 1.0, 0.0, 0.0, 0.0, 0.0, 0.0, 0.0, 0.0]",2
오션스위츠제주호텔 카페테리아,11,1,"[0.0, 0.0, 0.0, 0.0, 0.0, 0.0, 1.0, 0.0, 0.0, 0.0, 0.0]",1
김만덕기념관,3,1,"[0.0, 0.0, 0.0, 0.0, 0.0, 0.0, 0.0, 0.0, 0.0, 1.0, 0.0]",2
제주소호네,24,1,"[0.0, 0.0, 0.0, 1.0, 0.0, 0.0, 0.0, 0.0, 0.0, 0.0, 0.0]",2
쇠소깍깡통열차,13,1,"[0.0, 1.0, 0.0, 0.0, 0.0, 0.0, 0.0, 0.0, 0.0, 0.0, 0.0]",2
스시한점 오마카세,11,1,"[0.0, 1.0, 0.0, 0.0, 0.0, 0.0, 0.0, 0.0, 0.0, 0.0, 0.0]",0
포엠하우스,24,2,"[0.0, 0.0, 0.0, 0.0, 0.0, 1.0, 0.0, 0.0, 0.0, 0.0, 0.0]",2
달콤커피 제주공항점,11,1,"[0.0, 0.0, 0.0, 0.0, 0.0, 0.0, 0.0, 0.0, 1.0, 0.0, 0.0]",1
스테이무드인디고,24,2,"[0.0, 1.0, 0.0, 0.0, 0.0, 0.0, 0.0, 0.0, 0.0, 0.0, 0.0]",2
제주R호텔,24,1,"[0.0, 0.0, 0.0, 0.0, 0.0, 1.0, 0.0, 0.0, 0.0, 0.0, 0.0]",2
카페모레,11,1,"[0.0, 0.0, 0.0, 0.0, 0.0, 0.0, 0.0, 0.0, 1.0, 0.0, 0.0]",1
용기,11,1,"[0.0, 1.0, 0.0, 0.0, 0.0, 0.0, 0.0, 0.0, 0.0, 0.0, 0.0]",0
모립,11,1,"[0.0, 1.0, 0.0, 0.0, 0.0, 0.0, 0.0, 0.0, 0.0, 0.0, 0.0]",0
브라보인,24,2,"[0.0, 1.0, 0.0, 0.0, 0.0, 0.0, 0.0, 0.0, 0.0, 0.0, 0.0]",2
형제섬,13,1,"[0.0, 1.0, 0.0, 0.0, 0.0, 0.0, 0.0, 0.0, 0.0, 0.0, 0.0]",2
두번째마음,24,2,"[0.0, 0.0, 0.0, 0.0, 0.0, 0.0, 0.0, 0.0, 0.0, 0.0, 1.0]",2
뚜레쥬르 제주중문점,11,1,"[0.0, 0.0, 0.0, 0.0, 0.0, 0.0, 0.0, 1.0, 0.0, 0.0, 0.0]",1
스윗섬,11,1,"[0.0, 1.0, 0.0, 0.0, 0.0, 0.0, 0.0, 0.0, 0.0, 0.0, 0.0]",1
은빌레,11,1,"[0.0, 0.0, 0.0, 0.0, 0.0, 0.0, 0.0, 1.0, 0.0, 0.0, 0.0]",1
잃어버린 마을 무등이왓,2,1,"[0.0, 0.0, 0.0, 0.0, 0.0, 0.0, 0.0, 0.0, 1.0, 0.0, 0.0]",2
외로워도술퍼도,11,1,"[0.0, 0.0, 0.0, 0.0, 1.0, 0.0, 0.0, 0.0, 0.0, 0.0, 0.0]",0
고향생각 본점,11,1,"[0.0, 0.0, 0.0, 0.0, 1.0, 0.0, 0.0, 0.0, 0.0, 0.0, 0.0]",0
코리아마트 동흥점,10,1,"[0.0, 0.0, 0.0, 0.0, 1.0, 0.0, 0.0, 0.0, 0.0, 0.0, 0.0]",2
동이트는집,11,1,"[0.0, 0.0, 0.0, 0.0, 0.0, 0.0, 0.0, 0.0, 1.0, 0.0, 0.0]",0
레몬비 안덕상천점,10,1,"[0.0, 0.0, 0.0, 0.0, 0.0, 0.0, 0.0, 0.0, 0.0, 0.0, 1.0]",2
고근산,7,1,"[0.0, 1.0, 0.0, 0.0, 0.0, 0.0, 0.0, 0.0, 0.0, 0.0, 0.0]",2
아루요,11,1,"[0.0, 0.0, 0.0, 1.0, 0.0, 0.0, 0.0, 0.0, 0.0, 0.0, 0.0]",0
산세미오름,7,2,"[0.0, 0.5, 0.0, 0.0, 0.5, 0.0, 0.0, 0.0, 0.0, 0.0, 0.0]",2
세븐일레븐 제주저지점,10,1,"[0.0, 0.0, 0.0, 0.0, 0.0, 1.0, 0.0, 0.0, 0.0, 0.0, 0.0]",2
어멍이뽑는막국수,11,1,"[0.0, 0.0, 0.0, 0.0, 1.0, 0.0, 0.0, 0.0, 0.0, 0.0, 0.0]",0
더스칼라골프빌리지,24,2,"[0.0, 0.0, 0.0, 1.0, 0.0, 0.0, 0.0, 0.0, 0.0, 0.0, 0.0]",2
낙산약국,10,1,"[0.0, 0.0, 0.0, 0.0, 0.0, 0.0, 0.0, 0.0, 0.0, 0.0, 1.0]",2
자매식당,11,1,"[0.0, 1.0, 0.0, 0.0, 0.0, 0.0, 0.0, 0.0, 0.0, 0.0, 0.0]",0
일품순두부 터미널점,11,1,"[0.0, 0.0, 0.0, 0.0, 1.0, 0.0, 0.0, 0.0, 0.0, 0.0, 0.0]",0
올림피아모텔,24,3,"[0.0, 0.0, 0.0, 0.0, 0.0, 0.0, 0.0, 1.0, 0.0, 0.0, 0.0]",2
카페사분의일,11,1,"[1.0, 0.0, 0.0, 0.0, 0.0, 0.0, 0.0, 0.0, 0.0, 0.0, 0.0]",1
미레이나,11,1,"[1.0, 0.0, 0.0, 0.0, 0.0, 0.0, 0.0, 0.0, 0.0, 0.0, 0.0]",1
청춘부부,11,1,"[1.0, 0.0, 0.0, 0.0, 0.0, 0.0, 0.0, 0.0, 0.0, 0.0, 0.0]",1
투썸플레이스 제주모슬포점,11,1,"[0.0, 0.0, 0.0, 0.0, 0.0, 0.0, 0.0, 0.0, 1.0, 0.0, 0.0]",0
함덕흑돼지불고기정식,11,1,"[0.0, 0.0, 0.0, 0.0, 0.0, 0.0, 0.0, 1.0, 0.0, 0.0, 0.0]",0
어멍뚝배기,11,1,"[0.0, 1.0, 0.0, 0.0, 0.0, 0.0, 0.0, 0.0, 0.0, 0.0, 0.0]",0
엄부랑,11,1,"[0.0, 0.0, 0.0, 0.0, 0.0, 1.0, 0.0, 0.0, 0.0, 0.0, 0.0]",0
세피베이글,11,2,"[0.0, 0.5, 0.0, 0.0, 0.0, 0.0, 0.0, 0.0, 0.5, 0.0, 0.0]",1
프렙제주,11,1,"[0.0, 1.0, 0.0, 0.0, 0.0, 0.0, 0.0, 0.0, 0.0, 0.0, 0.0]",0
메이더호텔,24,4,"[0.0, 0.0, 0.0, 0.0, 1.0, 0.0, 0.0, 0.0, 0.0, 0.0, 0.0]",2
아람별방,24,3,"[0.0, 0.666667, 0.0, 0.333333, 0.0, 0.0, 0.0, 0.0, 0.0, 0.0, 0.0]",2
도도톳김밥,11,1,"[0.0, 0.0, 0.0, 0.0, 0.0, 0.0, 0.0, 0.0, 1.0, 0.0, 0.0]",0
GS25 제주조수점,4,1,"[0.0, 0.0, 0.0, 0.0, 0.0, 0.0, 0.0, 0.0, 1.0, 0.0, 0.0]",2
팰롱팰롱,24,3,"[0.0, 0.666667, 0.0, 0.0, 0.0, 0.0, 0.0, 0.0, 0.0, 0.0, 0.333333]",2
쇠와꽃승마장,13,1,"[0.0, 0.0, 0.0, 0.0, 0.0, 0.0, 0.0, 0.0, 1.0, 0.0, 0.0]",2
차생활,11,1,"[0.0, 0.0, 0.0, 0.0, 1.0, 0.0, 0.0, 0.0, 0.0, 0.0, 0.0]",0
우리네보쌈,11,1,"[0.0, 0.0, 0.0, 0.0, 0.0, 0.0, 0.0, 0.0, 1.0, 0.0, 0.0]",0
한라산 탐라대피소,7,1,"[0.0, 0.0, 0.0, 0.0, 0.0, 0.0, 0.0, 0.0, 1.0, 0.0, 0.0]",2
한라산 진달래밭대피소,7,1,"[1.0, 0.0, 0.0, 0.0, 0.0, 0.0, 0.0, 0.0, 0.0, 0.0, 0.0]",2
벌크커피 제주한림점,11,1,"[0.0, 0.0, 0.0, 0.0, 0.0, 0.0, 0.0, 0.0, 1.0, 0.0, 0.0]",1
문어빵빵,11,1,"[0.0, 1.0, 0.0, 0.0, 0.0, 0.0, 0.0, 0.0, 0.0, 0.0, 0.0]",0
애월성당,2,1,"[0.0, 0.0, 0.0, 0.0, 0.0, 0.0, 0.0, 0.0, 0.0, 0.0, 1.0]",2
제주오름과바당,11,1,"[0.0, 0.0, 0.0, 0.0, 0.0, 0.0, 0.0, 0.0, 1.0, 0.0, 0.0]",0
그린크루즈,5,1,"[0.0, 1.0, 0.0, 0.0, 0.0, 0.0, 0.0, 0.0, 0.0, 0.0, 0.0]",2
작은살레,11,1,"[0.0, 1.0, 0.0, 0.0, 0.0, 0.0, 0.0, 0.0, 0.0, 0.0, 0.0]",1
남원포구식당,11,1,"[0.0, 1.0, 0.0, 0.0, 0.0, 0.0, 0.0, 0.0, 0.0, 0.0, 0.0]",0
폴개협동조합 드림캠프,24,2,"[0.0, 0.0, 0.0, 0.0, 0.0, 0.0, 0.0, 0.0, 0.0, 0.0, 1.0]",2
옵써빵집,11,1,"[0.0, 1.0, 0.0, 0.0, 0.0, 0.0, 0.0, 0.0, 0.0, 0.0, 0.0]",1
해변가,1,1,"[0.0, 0.0, 0.0, 0.0, 0.0, 0.0, 0.0, 0.0, 1.0, 0.0, 0.0]",2
이음새,13,1,"[0.0, 0.0, 0.0, 0.0, 1.0, 0.0, 0.0, 0.0, 0.0, 0.0, 0.0]",2
슬로우그로우라이프,24,4,"[0.0, 0.5, 0.0, 0.0, 0.0, 0.0, 0.0, 0.0, 0.0, 0.0, 0.5]",2
제주다원 녹차테마파크,6,1,"[0.0, 0.0, 0.0, 1.0, 0.0, 0.0, 0.0, 0.0, 0.0, 0.0, 0.0]",2
표선갈치어장,11,1,"[0.0, 1.0, 0.0, 0.0, 0.0, 0.0, 0.0, 0.0, 0.0, 0.0, 0.0]",0
덕천곤충 영농조합,13,1,"[0.0, 1.0, 0.0, 0.0, 0.0, 0.0, 0.0, 0.0, 0.0, 0.0, 0.0]",2
신화월드테마파크,6,1,"[1.0, 0.0, 0.0, 0.0, 0.0, 0.0, 0.0, 0.0, 0.0, 0.0, 0.0]",2
제주신화월드 모실클럽하우스,5,1,"[0.0, 0.0, 0.0, 0.0, 0.0, 0.0, 1.0, 0.0, 0.0, 0.0, 0.0]",2
신화쇼핑스트리트,4,1,"[0.0, 0.0, 0.0, 0.0, 0.0, 0.0, 0.0, 0.0, 1.0, 0.0, 0.0]",2
당일바리,11,1,"[0.0, 0.0, 0.0, 0.0, 0.0, 0.0, 0.0, 0.0, 1.0, 0.0, 0.0]",0
늘송파크텔,24,2,"[0.0, 0.0, 0.0, 0.0, 0.0, 0.0, 0.0, 1.0, 0.0, 0.0, 0.0]",2
국수마당,11,2,"[0.0, 0.5, 0.0, 0.0, 0.0, 0.0, 0.0, 0.5, 0.0, 0.0, 0.0]",0
화순평양면옥,11,1,"[0.0, 1.0, 0.0, 0.0, 0.0, 0.0, 0.0, 0.0, 0.0, 0.0, 0.0]",0
은빌레펜션,24,1,"[0.0, 1.0, 0.0, 0.0, 0.0, 0.0, 0.0, 0.0, 0.0, 0.0, 0.0]",2
스시러브,11,1,"[0.0, 1.0, 0.0, 0.0, 0.0, 0.0, 0.0, 0.0, 0.0, 0.0, 0.0]",0
탕수육,11,1,"[0.0, 1.0, 0.0, 0.0, 0.0, 0.0, 0.0, 0.0, 0.0, 0.0, 0.0]",0
주주키친,11,1,"[0.0, 1.0, 0.0, 0.0, 0.0, 0.0, 0.0, 0.0, 0.0, 0.0, 0.0]",0
루프탑게스트하우스,24,5,"[0.0, 0.0, 0.0, 0.0, 1.0, 0.0, 0.0, 0.0, 0.0, 0.0, 0.0]",2
서프홀릭 제주 월정,10,1,"[0.0, 0.0, 0.0, 0.0, 0.0, 0.0, 0.0, 0.0, 1.0, 0.0, 0.0]",2
미띠뽀티하우스,11,1,"[0.0, 0.0, 0.0, 0.0, 0.0, 0.0, 0.0, 0.0, 0.0, 0.0, 1.0]",1
창화당 서귀포점,11,1,"[0.0, 1.0, 0.0, 0.0, 0.0, 0.0, 0.0, 0.0, 0.0, 0.0, 0.0]",0
아이비테라스펜션,24,2,"[0.0, 0.0, 0.0, 0.0, 0.0, 0.0, 0.0, 1.0, 0.0, 0.0, 0.0]",2
콜렉트샵오브,10,1,"[0.0, 0.0, 0.0, 0.0, 0.0, 0.0, 0.0, 0.0, 0.0, 0.0, 1.0]",2
투썸플레이스 서귀포신시가지점,11,1,"[0.0, 0.0, 0.0, 0.0, 0.0, 0.0, 0.0, 0.0, 1.0, 0.0, 0.0]",0
서건도,1,1,"[1.0, 0.0, 0.0, 0.0, 0.0, 0.0, 0.0, 0.0, 0.0, 0.0, 0.0]",2
흑섬 본점,11,1,"[0.0, 0.0, 0.0, 1.0, 0.0, 0.0, 0.0, 0.0, 0.0, 0.0, 0.0]",0
GS25 제주구좌점,10,1,"[0.0, 0.0, 0.0, 0.0, 0.0, 0.0, 0.0, 0.0, 1.0, 0.0, 0.0]",2
베르앤베르,11,1,"[0.0, 0.0, 0.0, 0.0, 1.0, 0.0, 0.0, 0.0, 0.0, 0.0, 0.0]",1
세븐일레븐 제주산지로점,10,1,"[0.0, 0.0, 0.0, 0.0, 0.0, 0.0, 0.0, 0.0, 1.0, 0.0, 0.0]",2
홀가분키친,11,1,"[0.0, 1.0, 0.0, 0.0, 0.0, 0.0, 0.0, 0.0, 0.0, 0.0, 0.0]",0
봄그리고가을리조트 소반,11,1,"[0.0, 0.0, 0.0, 0.0, 0.0, 1.0, 0.0, 0.0, 0.0, 0.0, 0.0]",0
보헤미안 애월,24,3,"[0.0, 1.0, 0.0, 0.0, 0.0, 0.0, 0.0, 0.0, 0.0, 0.0, 0.0]",2
차롱전복칼국수,11,1,"[0.0, 1.0, 0.0, 0.0, 0.0, 0.0, 0.0, 0.0, 0.0, 0.0, 0.0]",0
월정브리즈,24,1,"[0.0, 1.0, 0.0, 0.0, 0.0, 0.0, 0.0, 0.0, 0.0, 0.0, 0.0]",2
파르나스호텔 제주 헬스장,24,1,"[0.0, 0.0, 0.0, 0.0, 0.0, 0.0, 1.0, 0.0, 0.0, 0.0, 0.0]",2
새록,24,1,"[0.0, 0.0, 0.0, 0.0, 1.0, 0.0, 0.0, 0.0, 0.0, 0.0, 0.0]",2
파르나스호텔 제주 야외수영장,6,1,"[0.0, 0.0, 0.0, 0.0, 0.0, 0.0, 1.0, 0.0, 0.0, 0.0, 0.0]",2
교래곶자왈손칼국수,11,1,"[0.0, 0.0, 0.0, 0.0, 1.0, 0.0, 0.0, 0.0, 0.0, 0.0, 0.0]",0
제주시수협,4,1,"[0.0, 0.0, 0.0, 0.0, 1.0, 0.0, 0.0, 0.0, 0.0, 0.0, 0.0]",2
세화2리 해녀의집식당,11,1,"[0.0, 1.0, 0.0, 0.0, 0.0, 0.0, 0.0, 0.0, 0.0, 0.0, 0.0]",0
해녀마을쉼터,11,1,"[0.0, 0.0, 0.0, 0.0, 0.0, 0.0, 0.0, 0.0, 0.0, 0.0, 1.0]",0
메리엘빌리지,24,2,"[0.0, 1.0, 0.0, 0.0, 0.0, 0.0, 0.0, 0.0, 0.0, 0.0, 0.0]",2
제주도독채펜션 돌담너머집 밭담점,24,1,"[0.0, 1.0, 0.0, 0.0, 0.0, 0.0, 0.0, 0.0, 0.0, 0.0, 0.0]",2
수미흑돈,11,1,"[0.0, 0.0, 0.0, 0.0, 0.0, 1.0, 0.0, 0.0, 0.0, 0.0, 0.0]",0
썸인제주,24,2,"[0.0, 0.0, 0.0, 0.0, 0.0, 0.0, 0.0, 1.0, 0.0, 0.0, 0.0]",2
소동잡화,10,1,"[0.0, 0.0, 0.0, 0.0, 0.0, 0.0, 0.0, 0.0, 1.0, 0.0, 0.0]",2
씨유렌트카,10,1,"[0.0, 0.0, 0.0, 0.0, 0.0, 0.0, 0.0, 0.0, 0.0, 0.0, 1.0]",2
바른물,11,1,"[0.0, 0.0, 0.0, 0.0, 1.0, 0.0, 0.0, 0.0, 0.0, 0.0, 0.0]",0
제주스럽,11,1,"[0.0, 0.0, 0.0, 0.0, 1.0, 0.0, 0.0, 0.0, 0.0, 0.0, 0.0]",0
율커피,11,1,"[0.0, 0.0, 0.0, 0.0, 0.0, 0.0, 0.0, 0.0, 1.0, 0.0, 0.0]",1
코사이어티 빌리지 제주,24,3,"[0.0, 0.0, 0.0, 0.0, 0.666667, 0.0, 0.0, 0.0, 0.0, 0.0, 0.333333]",2
휘도명가,11,1,"[0.0, 0.0, 0.0, 0.0, 0.0, 0.0, 0.0, 0.0, 1.0, 0.0, 0.0]",0
트리플스토어,4,1,"[0.0, 0.0, 0.0, 0.0, 1.0, 0.0, 0.0, 0.0, 0.0, 0.0, 0.0]",2
제주서귀포혁신도시LH1단지아파트,24,3,"[0.0, 0.0, 0.0, 0.333333, 0.0, 0.0, 0.0, 0.0, 0.0, 0.0, 0.666667]",2
꿀맛,11,1,"[0.0, 1.0, 0.0, 0.0, 0.0, 0.0, 0.0, 0.0, 0.0, 0.0, 0.0]",1
블루모모,11,1,"[0.0, 0.0, 0.0, 0.0, 0.0, 0.0, 0.0, 0.0, 0.0, 0.0, 1.0]",0
다윤이네,11,1,"[0.0, 0.0, 0.0, 0.0, 0.0, 0.0, 0.0, 0.0, 0.0, 0.0, 1.0]",0
제주썬호텔&카지노,24,6,"[0.0, 0.0, 0.0, 0.0, 0.0, 0.166667, 0.5, 0.0, 0.0, 0.0, 0.333333]",2
바당다레,24,1,"[0.0, 0.0, 0.0, 0.0, 0.0, 0.0, 0.0, 1.0, 0.0, 0.0, 0.0]",2
금능올래펜션,24,2,"[0.0, 1.0, 0.0, 0.0, 0.0, 0.0, 0.0, 0.0, 0.0, 0.0, 0.0]",2
그린마트,10,1,"[0.0, 0.0, 0.0, 0.0, 0.0, 1.0, 0.0, 0.0, 0.0, 0.0, 0.0]",2
바람돌이하우스,24,1,"[0.0, 1.0, 0.0, 0.0, 0.0, 0.0, 0.0, 0.0, 0.0, 0.0, 0.0]",2
덩개해안,7,1,"[0.0, 0.0, 0.0, 0.0, 0.0, 0.0, 0.0, 0.0, 1.0, 0.0, 0.0]",2
CU 제주대박점,10,1,"[0.0, 0.0, 0.0, 0.0, 0.0, 1.0, 0.0, 0.0, 0.0, 0.0, 0.0]",2
크랙온,13,1,"[0.0, 1.0, 0.0, 0.0, 0.0, 0.0, 0.0, 0.0, 0.0, 0.0, 0.0]",2
코사무이풀빌라펜션,24,3,"[0.0, 1.0, 0.0, 0.0, 0.0, 0.0, 0.0, 0.0, 0.0, 0.0, 0.0]",2
못동산가든,11,1,"[0.0, 0.0, 0.0, 0.0, 0.0, 0.0, 0.0, 0.0, 0.0, 0.0, 1.0]",0
중문이고집,11,1,"[0.0, 0.0, 0.0, 0.0, 1.0, 0.0, 0.0, 0.0, 0.0, 0.0, 0.0]",0
나이브,4,1,"[0.0, 0.0, 0.0, 0.0, 0.0, 0.0, 0.0, 0.0, 1.0, 0.0, 0.0]",2
섶섬한그릇,11,2,"[0.0, 0.5, 0.0, 0.0, 0.0, 0.5, 0.0, 0.0, 0.0, 0.0, 0.0]",0
일과삶사이틈,4,1,"[0.0, 1.0, 0.0, 0.0, 0.0, 0.0, 0.0, 0.0, 0.0, 0.0, 0.0]",2
오태식해바라기치킨 애월점,11,1,"[0.0, 1.0, 0.0, 0.0, 0.0, 0.0, 0.0, 0.0, 0.0, 0.0, 0.0]",0
김녕제주흑돼지 정육점식당,11,1,"[0.0, 1.0, 0.0, 0.0, 0.0, 0.0, 0.0, 0.0, 0.0, 0.0, 0.0]",0
귤중옥펜션,24,1,"[0.0, 0.0, 0.0, 0.0, 0.0, 0.0, 0.0, 1.0, 0.0, 0.0, 0.0]",2
수원주유소,10,1,"[0.0, 0.0, 0.0, 0.0, 0.0, 0.0, 0.0, 0.0, 0.0, 0.0, 1.0]",2
존맛식당,11,1,"[0.0, 0.0, 0.0, 0.0, 0.0, 0.0, 0.0, 0.0, 1.0, 0.0, 0.0]",0
탑승마클럽,5,1,"[0.0, 0.0, 0.0, 0.0, 0.0, 0.0, 0.0, 1.0, 0.0, 0.0, 0.0]",2
귤귤스토어 카멜리아힐점,10,1,"[0.0, 0.0, 0.0, 0.0, 0.0, 0.0, 0.0, 0.0, 1.0, 0.0, 0.0]",2
보롬왓국수,11,1,"[0.0, 1.0, 0.0, 0.0, 0.0, 0.0, 0.0, 0.0, 0.0, 0.0, 0.0]",0
어썸스테이,24,2,"[0.0, 1.0, 0.0, 0.0, 0.0, 0.0, 0.0, 0.0, 0.0, 0.0, 0.0]",2
어반브루잉,11,1,"[0.0, 1.0, 0.0, 0.0, 0.0, 0.0, 0.0, 0.0, 0.0, 0.0, 0.0]",1
종달사거리,4,1,"[0.0, 1.0, 0.0, 0.0, 0.0, 0.0, 0.0, 0.0, 0.0, 0.0, 0.0]",2
호다,11,1,"[0.0, 1.0, 0.0, 0.0, 0.0, 0.0, 0.0, 0.0, 0.0, 0.0, 0.0]",1
고사리커피,11,1,"[0.0, 1.0, 0.0, 0.0, 0.0, 0.0, 0.0, 0.0, 0.0, 0.0, 0.0]",1
부이크브루어스,11,1,"[0.0, 1.0, 0.0, 0.0, 0.0, 0.0, 0.0, 0.0, 0.0, 0.0, 0.0]",1
마녀상회,11,1,"[0.0, 0.0, 0.0, 0.0, 1.0, 0.0, 0.0, 0.0, 0.0, 0.0, 0.0]",0
나목도식당,11,1,"[0.0, 1.0, 0.0, 0.0, 0.0, 0.0, 0.0, 0.0, 0.0, 0.0, 0.0]",0
큰엉 입구,1,1,"[1.0, 0.0, 0.0, 0.0, 0.0, 0.0, 0.0, 0.0, 0.0, 0.0, 0.0]",2
큰맘할매순대국 제주곽지점,11,1,"[0.0, 0.0, 0.0, 0.0, 0.0, 0.0, 0.0, 1.0, 0.0, 0.0, 0.0]",0
드라마[맨도롱또똣] 촬영지,2,1,"[1.0, 0.0, 0.0, 0.0, 0.0, 0.0, 0.0, 0.0, 0.0, 0.0, 0.0]",2
샘스제주캔들,10,1,"[0.0, 1.0, 0.0, 0.0, 0.0, 0.0, 0.0, 0.0, 0.0, 0.0, 0.0]",2
용팔이막창 인제점,11,1,"[0.0, 0.0, 0.0, 1.0, 0.0, 0.0, 0.0, 0.0, 0.0, 0.0, 0.0]",0
청년다방 제주이도점,11,1,"[0.0, 0.0, 0.0, 1.0, 0.0, 0.0, 0.0, 0.0, 0.0, 0.0, 0.0]",1
돌하르방식당 본점,11,1,"[0.0, 1.0, 0.0, 0.0, 0.0, 0.0, 0.0, 0.0, 0.0, 0.0, 0.0]",0
바베큐쉑 BBQ SHack,11,2,"[0.0, 0.0, 0.0, 0.5, 0.5, 0.0, 0.0, 0.0, 0.0, 0.0, 0.0]",0
말리가,11,1,"[0.0, 0.0, 0.0, 0.0, 0.0, 1.0, 0.0, 0.0, 0.0, 0.0, 0.0]",1
초록선인장,11,1,"[0.0, 0.0, 0.0, 0.0, 0.0, 1.0, 0.0, 0.0, 0.0, 0.0, 0.0]",0
올레농수산,11,1,"[0.0, 1.0, 0.0, 0.0, 0.0, 0.0, 0.0, 0.0, 0.0, 0.0, 0.0]",0
베이컨시,10,1,"[0.0, 1.0, 0.0, 0.0, 0.0, 0.0, 0.0, 0.0, 0.0, 0.0, 0.0]",2
GS25 제주서부관광점,10,1,"[0.0, 0.0, 0.0, 0.0, 0.0, 1.0, 0.0, 0.0, 0.0, 0.0, 0.0]",2
강정2442 꽃피우다,11,1,"[0.0, 0.0, 0.0, 0.0, 0.0, 0.0, 1.0, 0.0, 0.0, 0.0, 0.0]",0
머체왓식당,11,1,"[0.0, 0.0, 0.0, 0.0, 1.0, 0.0, 0.0, 0.0, 0.0, 0.0, 0.0]",0
이삭토스트 제주삼화점,11,1,"[0.0, 0.0, 0.0, 0.0, 1.0, 0.0, 0.0, 0.0, 0.0, 0.0, 0.0]",0
휘닉스제주섭지코지 힐리우스,24,2,"[0.0, 1.0, 0.0, 0.0, 0.0, 0.0, 0.0, 0.0, 0.0, 0.0, 0.0]",2
제주길흑돼지참숯구이,11,1,"[0.0, 0.0, 0.0, 1.0, 0.0, 0.0, 0.0, 0.0, 0.0, 0.0, 0.0]",0
카페브브,11,2,"[0.0, 0.0, 0.0, 0.0, 0.0, 0.0, 0.0, 0.5, 0.0, 0.0, 0.5]",1
바세츠아이스크림 제주연동점,11,1,"[0.0, 0.0, 0.0, 0.0, 0.0, 0.0, 0.0, 0.0, 1.0, 0.0, 0.0]",0
다쏘니,11,1,"[0.0, 0.0, 0.0, 0.0, 0.0, 0.0, 0.0, 0.0, 0.0, 0.0, 1.0]",0
하바나,3,1,"[0.0, 0.0, 0.0, 1.0, 0.0, 0.0, 0.0, 0.0, 0.0, 0.0, 0.0]",2
오부자돈항아리 조수점,11,1,"[0.0, 0.0, 0.0, 0.0, 1.0, 0.0, 0.0, 0.0, 0.0, 0.0, 0.0]",0
미선이네집,24,2,"[0.0, 1.0, 0.0, 0.0, 0.0, 0.0, 0.0, 0.0, 0.0, 0.0, 0.0]",2
토끼떡공방,10,1,"[0.0, 0.0, 0.0, 0.0, 0.0, 0.0, 0.0, 0.0, 1.0, 0.0, 0.0]",2
민들레정식,11,1,"[0.0, 1.0, 0.0, 0.0, 0.0, 0.0, 0.0, 0.0, 0.0, 0.0, 0.0]",0
월정리 꺼멍스,11,1,"[0.0, 1.0, 0.0, 0.0, 0.0, 0.0, 0.0, 0.0, 0.0, 0.0, 0.0]",0
월정오름,11,1,"[0.0, 0.0, 0.0, 0.0, 0.0, 0.0, 0.0, 0.0, 1.0, 0.0, 0.0]",0
불타는오징어,11,1,"[0.0, 1.0, 0.0, 0.0, 0.0, 0.0, 0.0, 0.0, 0.0, 0.0, 0.0]",0
올레길회센타,11,1,"[0.0, 0.0, 0.0, 0.0, 0.0, 0.0, 0.0, 1.0, 0.0, 0.0, 0.0]",0
소소한게스트하우스,24,1,"[0.0, 0.0, 0.0, 0.0, 0.0, 1.0, 0.0, 0.0, 0.0, 0.0, 0.0]",2
다올정,11,1,"[0.0, 1.0, 0.0, 0.0, 0.0, 0.0, 0.0, 0.0, 0.0, 0.0, 0.0]",0
갈보리교회,2,1,"[0.0, 0.0, 0.0, 0.0, 0.0, 1.0, 0.0, 0.0, 0.0, 0.0, 0.0]",2
애월 펜션,24,2,"[0.0, 0.0, 0.0, 0.0, 0.0, 0.0, 0.0, 0.0, 0.0, 0.0, 1.0]",2
무병장수테마파크,6,1,"[0.0, 1.0, 0.0, 0.0, 0.0, 0.0, 0.0, 0.0, 0.0, 0.0, 0.0]",2
더더두루치기국수,11,1,"[0.0, 0.0, 0.0, 0.0, 0.0, 1.0, 0.0, 0.0, 0.0, 0.0, 0.0]",0
바삭 애월해안도로점,11,1,"[0.0, 1.0, 0.0, 0.0, 0.0, 0.0, 0.0, 0.0, 0.0, 0.0, 0.0]",0
1950에어차이나 제주공항점,11,1,"[0.0, 0.0, 0.0, 0.0, 0.0, 0.0, 0.0, 0.0, 1.0, 0.0, 0.0]",0
아인스호스텔,24,2,"[0.0, 0.0, 0.0, 0.0, 0.0, 0.0, 0.0, 0.5, 0.0, 0.0, 0.5]",2
모카다방,11,1,"[0.0, 0.0, 0.0, 0.0, 0.0, 0.0, 0.0, 0.0, 1.0, 0.0, 0.0]",1
검은여,11,1,"[0.0, 0.0, 0.0, 0.0, 0.0, 0.0, 0.0, 1.0, 0.0, 0.0, 0.0]",0
성수개,1,1,"[0.0, 0.0, 0.0, 0.0, 0.0, 0.0, 0.0, 0.0, 1.0, 0.0, 0.0]",2
해민이네양곱창,11,1,"[0.0, 1.0, 0.0, 0.0, 0.0, 0.0, 0.0, 0.0, 0.0, 0.0, 0.0]",0
청파횟집,11,1,"[0.0, 1.0, 0.0, 0.0, 0.0, 0.0, 0.0, 0.0, 0.0, 0.0, 0.0]",0
식빵가게,11,1,"[0.0, 1.0, 0.0, 0.0, 0.0, 0.0, 0.0, 0.0, 0.0, 0.0, 0.0]",1
목마가든,11,1,"[0.0, 1.0, 0.0, 0.0, 0.0, 0.0, 0.0, 0.0, 0.0, 0.0, 0.0]",0
현실도피,11,1,"[0.0, 1.0, 0.0, 0.0, 0.0, 0.0, 0.0, 0.0, 0.0, 0.0, 0.0]",1
샨티샨티 게스트하우스,24,3,"[0.0, 0.0, 0.0, 0.0, 0.0, 0.0, 0.0, 1.0, 0.0, 0.0, 0.0]",2
노가리앤비어 도남점,11,1,"[0.0, 0.0, 0.0, 0.0, 0.0, 0.0, 0.0, 0.0, 1.0, 0.0, 0.0]",0
차우,11,1,"[0.0, 1.0, 0.0, 0.0, 0.0, 0.0, 0.0, 0.0, 0.0, 0.0, 0.0]",0
당근게스트하우스,24,2,"[0.0, 0.5, 0.0, 0.0, 0.0, 0.5, 0.0, 0.0, 0.0, 0.0, 0.0]",2
봉덕,11,1,"[0.0, 0.0, 0.0, 0.0, 0.0, 0.0, 0.0, 0.0, 1.0, 0.0, 0.0]",0
봉쟈블루스,11,1,"[0.0, 1.0, 0.0, 0.0, 0.0, 0.0, 0.0, 0.0, 0.0, 0.0, 0.0]",0
영일,11,1,"[1.0, 0.0, 0.0, 0.0, 0.0, 0.0, 0.0, 0.0, 0.0, 0.0, 0.0]",0
오란이네해산물,11,1,"[0.0, 1.0, 0.0, 0.0, 0.0, 0.0, 0.0, 0.0, 0.0, 0.0, 0.0]",0
성산일츌봉,2,1,"[0.0, 0.0, 0.0, 1.0, 0.0, 0.0, 0.0, 0.0, 0.0, 0.0, 0.0]",2
오드리인호텔,24,2,"[0.0, 0.5, 0.0, 0.0, 0.0, 0.0, 0.0, 0.5, 0.0, 0.0, 0.0]",2
해녀의집,3,1,"[0.0, 0.0, 0.0, 0.0, 0.0, 0.0, 0.0, 0.0, 0.0, 0.0, 1.0]",2
성산 일출봉,1,1,"[0.0, 0.0, 0.0, 0.0, 0.0, 0.0, 0.0, 0.0, 0.0, 0.0, 1.0]",2
방파제,1,1,"[0.0, 0.0, 0.0, 0.0, 0.0, 0.0, 0.0, 0.0, 1.0, 0.0, 0.0]",2
조은기록,11,1,"[0.0, 0.0, 0.0, 0.0, 1.0, 0.0, 0.0, 0.0, 0.0, 0.0, 0.0]",1
SARI 소품샵 사리 슈즈 상예상점,10,1,"[0.0, 1.0, 0.0, 0.0, 0.0, 0.0, 0.0, 0.0, 0.0, 0.0, 0.0]",2
달빛바다펜션,24,1,"[0.0, 1.0, 0.0, 0.0, 0.0, 0.0, 0.0, 0.0, 0.0, 0.0, 0.0]",2
커뮤니테이블,11,1,"[0.0, 0.0, 0.0, 0.0, 1.0, 0.0, 0.0, 0.0, 0.0, 0.0, 0.0]",0
감저,11,1,"[0.0, 1.0, 0.0, 0.0, 0.0, 0.0, 0.0, 0.0, 0.0, 0.0, 0.0]",1
스시앤,11,1,"[0.0, 1.0, 0.0, 0.0, 0.0, 0.0, 0.0, 0.0, 0.0, 0.0, 0.0]",0
제주더오름카운티1차,24,4,"[0.0, 0.0, 0.0, 0.0, 0.0, 0.0, 0.0, 0.0, 0.0, 0.0, 1.0]",2
망고레이 섭지코지점,11,1,"[0.0, 0.0, 0.0, 0.0, 0.0, 0.0, 0.0, 0.0, 1.0, 0.0, 0.0]",0
오션스위츠블루오션,11,1,"[0.0, 0.0, 0.0, 0.0, 0.0, 0.0, 0.0, 0.0, 0.0, 0.0, 1.0]",0
청귤 농장 (제주각시이우다 운영),13,1,"[0.0, 0.0, 0.0, 0.0, 0.0, 0.0, 0.0, 1.0, 0.0, 0.0, 0.0]",2
아쿠아뷰티크,24,3,"[0.0, 1.0, 0.0, 0.0, 0.0, 0.0, 0.0, 0.0, 0.0, 0.0, 0.0]",2
다옵서 제주 구좌월정리본점,11,1,"[0.0, 1.0, 0.0, 0.0, 0.0, 0.0, 0.0, 0.0, 0.0, 0.0, 0.0]",0
SK행복충전 연동가스충전소,10,1,"[0.0, 0.0, 0.0, 0.0, 0.0, 0.0, 0.0, 0.0, 1.0, 0.0, 0.0]",2
제주공상,11,1,"[0.0, 1.0, 0.0, 0.0, 0.0, 0.0, 0.0, 0.0, 0.0, 0.0, 0.0]",0
GS25 월정해변점,10,1,"[0.0, 0.0, 0.0, 0.0, 0.0, 1.0, 0.0, 0.0, 0.0, 0.0, 0.0]",2
덕인당 제주점,10,1,"[0.0, 1.0, 0.0, 0.0, 0.0, 0.0, 0.0, 0.0, 0.0, 0.0, 0.0]",2
에코랜드 갤러리카페,3,1,"[0.0, 0.0, 0.0, 0.0, 0.0, 0.0, 0.0, 0.0, 1.0, 0.0, 0.0]",2
거친오름,1,1,"[1.0, 0.0, 0.0, 0.0, 0.0, 0.0, 0.0, 0.0, 0.0, 0.0, 0.0]",2
사려니국수,11,1,"[0.0, 0.0, 0.0, 0.0, 0.0, 0.0, 0.0, 1.0, 0.0, 0.0, 0.0]",0
우도사람들렌트,5,1,"[0.0, 0.0, 0.0, 0.0, 0.0, 0.0, 0.0, 0.0, 1.0, 0.0, 0.0]",2
감귤따기체험농장 야자수영농조합,13,1,"[0.0, 0.0, 0.0, 0.0, 0.0, 0.0, 0.0, 0.0, 1.0, 0.0, 0.0]",2
망고홀릭 법환점,11,1,"[0.0, 0.0, 0.0, 0.0, 0.0, 1.0, 0.0, 0.0, 0.0, 0.0, 0.0]",0
풍정포차,11,1,"[0.0, 1.0, 0.0, 0.0, 0.0, 0.0, 0.0, 0.0, 0.0, 0.0, 0.0]",0
팜스파풀빌라,24,2,"[0.0, 0.0, 0.0, 0.0, 0.0, 0.0, 1.0, 0.0, 0.0, 0.0, 0.0]",2
187센티멘트,11,1,"[0.0, 1.0, 0.0, 0.0, 0.0, 0.0, 0.0, 0.0, 0.0, 0.0, 0.0]",0
퍼시픽리솜 마린스테이지 바다요가,5,1,"[0.0, 1.0, 0.0, 0.0, 0.0, 0.0, 0.0, 0.0, 0.0, 0.0, 0.0]",2
새빌카페 앞 핑크뮬리 구경,11,1,"[1.0, 0.0, 0.0, 0.0, 0.0, 0.0, 0.0, 0.0, 0.0, 0.0, 0.0]",1
이공이시,11,1,"[0.0, 1.0, 0.0, 0.0, 0.0, 0.0, 0.0, 0.0, 0.0, 0.0, 0.0]",0
쿰다카페,11,1,"[0.0, 0.0, 0.0, 0.0, 0.0, 0.0, 0.0, 0.0, 0.0, 0.0, 1.0]",1
GS25 수산삼거리점,10,1,"[0.0, 0.0, 0.0, 0.0, 0.0, 0.0, 1.0, 0.0, 0.0, 0.0, 0.0]",2
봉수아피자 모슬포점,11,1,"[0.0, 0.0, 0.0, 0.0, 0.0, 1.0, 0.0, 0.0, 0.0, 0.0, 0.0]",0
나비정원,11,1,"[0.0, 1.0, 0.0, 0.0, 0.0, 0.0, 0.0, 0.0, 0.0, 0.0, 0.0]",1
대정읍성,7,1,"[1.0, 0.0, 0.0, 0.0, 0.0, 0.0, 0.0, 0.0, 0.0, 0.0, 0.0]",2
철이네뼈해장국,11,1,"[0.0, 0.0, 0.0, 0.0, 0.0, 1.0, 0.0, 0.0, 0.0, 0.0, 0.0]",0
덤포,11,1,"[0.0, 0.0, 0.0, 0.0, 0.0, 1.0, 0.0, 0.0, 0.0, 0.0, 0.0]",0
해도미락 제주애월본점,11,1,"[0.0, 0.0, 1.0, 0.0, 0.0, 0.0, 0.0, 0.0, 0.0, 0.0, 0.0]",0
대경엘리시아,24,5,"[0.0, 0.0, 0.0, 0.0, 0.0, 0.0, 0.0, 0.6, 0.0, 0.0, 0.4]",2
참솔해장국,11,1,"[0.0, 0.0, 0.0, 0.0, 0.0, 0.0, 0.0, 0.0, 1.0, 0.0, 0.0]",0
그린하트,24,4,"[0.0, 1.0, 0.0, 0.0, 0.0, 0.0, 0.0, 0.0, 0.0, 0.0, 0.0]",2
더블루제주,13,1,"[0.0, 0.0, 0.0, 0.0, 0.0, 0.0, 0.0, 0.0, 0.0, 1.0, 0.0]",2
놀랄만두하군,11,1,"[0.0, 0.0, 0.0, 0.0, 0.0, 0.0, 0.0, 0.0, 1.0, 0.0, 0.0]",0
제주현대미술관 분관,3,1,"[0.0, 0.0, 0.0, 0.0, 0.0, 0.0, 0.0, 0.0, 1.0, 0.0, 0.0]",2
우리집아점,11,1,"[0.0, 1.0, 0.0, 0.0, 0.0, 0.0, 0.0, 0.0, 0.0, 0.0, 0.0]",0
기영상회,10,1,"[0.0, 0.0, 0.0, 0.0, 0.0, 0.0, 0.0, 1.0, 0.0, 0.0, 0.0]",2
서담갤러리카페,3,1,"[0.0, 0.0, 0.0, 0.0, 0.0, 0.0, 0.0, 0.0, 1.0, 0.0, 0.0]",2
소앵동,7,1,"[0.0, 0.0, 0.0, 0.0, 0.0, 0.0, 0.0, 0.0, 1.0, 0.0, 0.0]",2
제주농업기술센터,3,1,"[0.0, 0.0, 0.0, 0.0, 1.0, 0.0, 0.0, 0.0, 0.0, 0.0, 0.0]",2
산방흑돼지순대&펜션,24,1,"[1.0, 0.0, 0.0, 0.0, 0.0, 0.0, 0.0, 0.0, 0.0, 0.0, 0.0]",2
해담은스파빌,24,4,"[0.0, 0.0, 0.0, 0.0, 0.0, 0.0, 0.0, 0.25, 0.0, 0.0, 0.75]",2
제인피자,11,1,"[1.0, 0.0, 0.0, 0.0, 0.0, 0.0, 0.0, 0.0, 0.0, 0.0, 0.0]",0
팔팔88국밥,11,1,"[0.0, 1.0, 0.0, 0.0, 0.0, 0.0, 0.0, 0.0, 0.0, 0.0, 0.0]",0
삼광주유소,10,1,"[0.0, 0.0, 0.0, 0.0, 0.0, 0.0, 0.0, 0.0, 1.0, 0.0, 0.0]",2
소낭식당,11,1,"[0.0, 1.0, 0.0, 0.0, 0.0, 0.0, 0.0, 0.0, 0.0, 0.0, 0.0]",0
숲속의도토리,11,1,"[0.0, 1.0, 0.0, 0.0, 0.0, 0.0, 0.0, 0.0, 0.0, 0.0, 0.0]",0
모비딕 다이브센터,5,1,"[0.0, 0.0, 0.0, 0.0, 1.0, 0.0, 0.0, 0.0, 0.0, 0.0, 0.0]",2
매리미하우스,24,1,"[0.0, 0.0, 0.0, 0.0, 0.0, 0.0, 0.0, 1.0, 0.0, 0.0, 0.0]",2
플레이인더박스 제주,4,1,"[1.0, 0.0, 0.0, 0.0, 0.0, 0.0, 0.0, 0.0, 0.0, 0.0, 0.0]",2
써브웨이 제주시청점,11,1,"[0.0, 0.0, 0.0, 1.0, 0.0, 0.0, 0.0, 0.0, 0.0, 0.0, 0.0]",0
아라주는엄마치킨 동문점,11,1,"[0.0, 0.0, 0.0, 0.0, 0.0, 1.0, 0.0, 0.0, 0.0, 0.0, 0.0]",0
우돈,11,1,"[0.0, 1.0, 0.0, 0.0, 0.0, 0.0, 0.0, 0.0, 0.0, 0.0, 0.0]",0
산호사해녀의집,11,1,"[0.0, 0.0, 0.0, 1.0, 0.0, 0.0, 0.0, 0.0, 0.0, 0.0, 0.0]",0
베늘,11,1,"[1.0, 0.0, 0.0, 0.0, 0.0, 0.0, 0.0, 0.0, 0.0, 0.0, 0.0]",1
빨강코끼리,11,1,"[0.0, 1.0, 0.0, 0.0, 0.0, 0.0, 0.0, 0.0, 0.0, 0.0, 0.0]",0
서귀포농업기술센터,3,2,"[0.5, 0.0, 0.0, 0.0, 0.0, 0.0, 0.0, 0.0, 0.0, 0.5, 0.0]",2
해안도로입구 금릉동쪽방면,7,1,"[0.0, 0.0, 0.0, 0.0, 0.0, 0.0, 0.0, 0.0, 1.0, 0.0, 0.0]",2
다도,11,1,"[0.0, 0.0, 0.0, 0.0, 0.0, 0.0, 0.0, 0.0, 1.0, 0.0, 0.0]",0
다사로운,11,1,"[0.0, 0.0, 0.0, 0.0, 0.0, 1.0, 0.0, 0.0, 0.0, 0.0, 0.0]",0
마노커피하우스,11,1,"[1.0, 0.0, 0.0, 0.0, 0.0, 0.0, 0.0, 0.0, 0.0, 0.0, 0.0]",1
마노르블랑-수국축제,8,1,"[0.0, 1.0, 0.0, 0.0, 0.0, 0.0, 0.0, 0.0, 0.0, 0.0, 0.0]",2
느영나영혼듸모영,11,1,"[0.0, 0.0, 0.0, 0.0, 1.0, 0.0, 0.0, 0.0, 0.0, 0.0, 0.0]",0
마돈,11,1,"[0.0, 0.0, 0.0, 0.0, 1.0, 0.0, 0.0, 0.0, 0.0, 0.0, 0.0]",0
스시회관,11,1,"[0.0, 0.0, 0.0, 0.0, 0.0, 0.0, 0.0, 0.0, 1.0, 0.0, 0.0]",0
베니키아홈더제주리조트,24,1,"[0.0, 0.0, 0.0, 0.0, 0.0, 0.0, 0.0, 1.0, 0.0, 0.0, 0.0]",2
에이바우트커피 노형점,11,1,"[0.0, 0.0, 0.0, 0.0, 0.0, 0.0, 0.0, 0.0, 1.0, 0.0, 0.0]",1
히든클리프호텔&네이쳐 파노라마,24,1,"[0.0, 0.0, 0.0, 1.0, 0.0, 0.0, 0.0, 0.0, 0.0, 0.0, 0.0]",2
제주오름ATV,5,1,"[0.0, 0.0, 0.0, 0.0, 0.0, 0.0, 0.0, 0.0, 0.0, 0.0, 1.0]",2
스몰띵스벗,10,1,"[0.0, 1.0, 0.0, 0.0, 0.0, 0.0, 0.0, 0.0, 0.0, 0.0, 0.0]",2
애월에낭,24,3,"[0.0, 1.0, 0.0, 0.0, 0.0, 0.0, 0.0, 0.0, 0.0, 0.0, 0.0]",2
에반에셀호텔,24,1,"[0.0, 0.0, 0.0, 0.0, 0.0, 0.0, 0.0, 1.0, 0.0, 0.0, 0.0]",2
풍미독서,11,1,"[0.0, 1.0, 0.0, 0.0, 0.0, 0.0, 0.0, 0.0, 0.0, 0.0, 0.0]",0
제주마중,24,3,"[0.0, 0.0, 0.0, 0.0, 0.0, 0.0, 0.0, 0.0, 0.0, 0.0, 1.0]",2
파스쿠찌 성산포수협점,11,1,"[0.0, 0.0, 0.0, 0.0, 0.0, 0.0, 0.0, 0.0, 1.0, 0.0, 0.0]",0
소울,10,1,"[0.0, 0.0, 0.0, 0.0, 0.0, 0.0, 0.0, 0.0, 1.0, 0.0, 0.0]",2
우도다이브,5,1,"[0.0, 1.0, 0.0, 0.0, 0.0, 0.0, 0.0, 0.0, 0.0, 0.0, 0.0]",2
마마네회포장,11,1,"[0.0, 1.0, 0.0, 0.0, 0.0, 0.0, 0.0, 0.0, 0.0, 0.0, 0.0]",0
돈내코펜션,24,5,"[0.0, 0.6, 0.0, 0.0, 0.0, 0.0, 0.0, 0.4, 0.0, 0.0, 0.0]",2
만강촌옛날칼국수,11,1,"[0.0, 1.0, 0.0, 0.0, 0.0, 0.0, 0.0, 0.0, 0.0, 0.0, 0.0]",0
루브리카,11,1,"[0.0, 1.0, 0.0, 0.0, 0.0, 0.0, 0.0, 0.0, 0.0, 0.0, 0.0]",0
대포칼제비,11,1,"[0.0, 1.0, 0.0, 0.0, 0.0, 0.0, 0.0, 0.0, 0.0, 0.0, 0.0]",0
조선델리,11,1,"[0.0, 1.0, 0.0, 0.0, 0.0, 0.0, 0.0, 0.0, 0.0, 0.0, 0.0]",0
색달해녀의집,11,1,"[1.0, 0.0, 0.0, 0.0, 0.0, 0.0, 0.0, 0.0, 0.0, 0.0, 0.0]",0
애월과한림사이펜션,24,2,"[0.0, 0.0, 0.0, 0.0, 0.0, 0.0, 0.0, 1.0, 0.0, 0.0, 0.0]",2
명월대,2,1,"[0.0, 0.0, 0.0, 0.0, 0.0, 0.0, 0.0, 0.0, 0.0, 0.0, 1.0]",2
세븐일레븐 제주신비로점,10,1,"[0.0, 0.0, 0.0, 0.0, 0.0, 0.0, 0.0, 0.0, 1.0, 0.0, 0.0]",2
환이네,11,1,"[0.0, 0.0, 0.0, 1.0, 0.0, 0.0, 0.0, 0.0, 0.0, 0.0, 0.0]",0
얄개전집 주객이전도,11,1,"[0.0, 0.0, 0.0, 0.0, 0.0, 1.0, 0.0, 0.0, 0.0, 0.0, 0.0]",0
도두봉산책로 입구,7,1,"[0.0, 0.0, 0.0, 0.0, 1.0, 0.0, 0.0, 0.0, 0.0, 0.0, 0.0]",2
신라면세점 제주점,4,1,"[0.0, 0.0, 0.0, 1.0, 0.0, 0.0, 0.0, 0.0, 0.0, 0.0, 0.0]",2
신라호텔 올레바,24,1,"[0.0, 0.0, 0.0, 0.0, 0.0, 0.0, 0.0, 0.0, 1.0, 0.0, 0.0]",2
신라호텔 수영장,6,1,"[0.0, 0.0, 0.0, 0.0, 0.0, 0.0, 1.0, 0.0, 0.0, 0.0, 0.0]",2
파르나스호텔 제주 수영장,6,1,"[1.0, 0.0, 0.0, 0.0, 0.0, 0.0, 0.0, 0.0, 0.0, 0.0, 0.0]",2
신라호텔 풀사이드바,11,1,"[0.0, 0.0, 0.0, 1.0, 0.0, 0.0, 0.0, 0.0, 0.0, 0.0, 0.0]",0
스위트호텔 제주점 라테라스,11,1,"[0.0, 1.0, 0.0, 0.0, 0.0, 0.0, 0.0, 0.0, 0.0, 0.0, 0.0]",0
홍소반,11,1,"[0.0, 0.0, 0.0, 0.0, 1.0, 0.0, 0.0, 0.0, 0.0, 0.0, 0.0]",0
제주신라호텔 올래 바,10,1,"[0.0, 0.0, 0.0, 1.0, 0.0, 0.0, 0.0, 0.0, 0.0, 0.0, 0.0]",2
유라케,11,1,"[0.0, 1.0, 0.0, 0.0, 0.0, 0.0, 0.0, 0.0, 0.0, 0.0, 0.0]",0
스위트호텔 제주점 라비타,24,1,"[0.0, 0.0, 0.0, 0.0, 0.0, 1.0, 0.0, 0.0, 0.0, 0.0, 0.0]",2
바삭돈까스 신서귀포점,11,1,"[0.0, 1.0, 0.0, 0.0, 0.0, 0.0, 0.0, 0.0, 0.0, 0.0, 0.0]",0
투썸플레이스 제주애월다인호텔점,11,1,"[0.0, 0.0, 0.0, 0.0, 0.0, 0.0, 0.0, 0.0, 1.0, 0.0, 0.0]",0
여누스테이,24,1,"[0.0, 1.0, 0.0, 0.0, 0.0, 0.0, 0.0, 0.0, 0.0, 0.0, 0.0]",2
영웅해장 제주이도점,11,1,"[0.0, 0.0, 0.0, 0.0, 0.0, 0.0, 0.0, 0.0, 1.0, 0.0, 0.0]",0
트멍공방,4,1,"[0.0, 0.0, 0.0, 0.0, 0.0, 0.0, 0.0, 1.0, 0.0, 0.0, 0.0]",2
스테이아이,24,2,"[0.0, 0.5, 0.0, 0.0, 0.0, 0.0, 0.0, 0.0, 0.0, 0.0, 0.5]",2
소랑맨도롱민박,24,3,"[0.333333, 0.0, 0.0, 0.0, 0.0, 0.0, 0.0, 0.0, 0.0, 0.0, 0.666667]",2
조이다이브게스트하우스,24,1,"[0.0, 0.0, 0.0, 0.0, 1.0, 0.0, 0.0, 0.0, 0.0, 0.0, 0.0]",2
북수구광장,8,1,"[0.0, 0.0, 0.0, 0.0, 0.0, 0.0, 0.0, 0.0, 0.0, 0.0, 1.0]",2
메종 드 쁘띠푸르,11,1,"[0.0, 0.0, 0.0, 0.0, 1.0, 0.0, 0.0, 0.0, 0.0, 0.0, 0.0]",0
제주13월,24,2,"[0.0, 0.5, 0.0, 0.0, 0.0, 0.0, 0.0, 0.0, 0.0, 0.0, 0.5]",2
뚱딴지,11,1,"[0.0, 0.0, 0.0, 0.0, 0.0, 1.0, 0.0, 0.0, 0.0, 0.0, 0.0]",0
카페훤,11,1,"[0.0, 1.0, 0.0, 0.0, 0.0, 0.0, 0.0, 0.0, 0.0, 0.0, 0.0]",1
제주착한닭강정 성산점,10,1,"[0.0, 0.0, 0.0, 0.0, 0.0, 1.0, 0.0, 0.0, 0.0, 0.0, 0.0]",2
낭끼오름,1,2,"[0.0, 0.0, 0.0, 0.5, 0.0, 0.5, 0.0, 0.0, 0.0, 0.0, 0.0]",2
나우커피 제주광양점,11,1,"[0.0, 0.0, 0.0, 0.0, 0.0, 1.0, 0.0, 0.0, 0.0, 0.0, 0.0]",1
들돔 고기국수,11,1,"[0.0, 0.0, 0.0, 0.0, 0.0, 0.0, 0.0, 0.0, 1.0, 0.0, 0.0]",0
농업회사법인고도농원,5,1,"[0.0, 0.0, 0.0, 0.0, 1.0, 0.0, 0.0, 0.0, 0.0, 0.0, 0.0]",2
선인장식당,11,1,"[0.0, 0.0, 1.0, 0.0, 0.0, 0.0, 0.0, 0.0, 0.0, 0.0, 0.0]",0
제주타르트,4,1,"[0.0, 0.0, 0.0, 0.0, 1.0, 0.0, 0.0, 0.0, 0.0, 0.0, 0.0]",2
서귀포흑돼지명가,11,1,"[0.0, 0.0, 0.0, 0.0, 0.0, 1.0, 0.0, 0.0, 0.0, 0.0, 0.0]",0
원당봉,1,1,"[0.0, 0.0, 0.0, 0.0, 0.0, 1.0, 0.0, 0.0, 0.0, 0.0, 0.0]",2
황금손가락 함덕점,11,1,"[0.0, 1.0, 0.0, 0.0, 0.0, 0.0, 0.0, 0.0, 0.0, 0.0, 0.0]",0
감성커피 제주삼화점,10,1,"[0.0, 0.0, 0.0, 0.0, 0.0, 0.0, 0.0, 0.0, 0.0, 0.0, 1.0]",2
함덕농협하나로마트 중앙점,10,1,"[0.0, 0.0, 0.0, 0.0, 0.0, 1.0, 0.0, 0.0, 0.0, 0.0, 0.0]",2
초원흑돼지,11,1,"[0.0, 1.0, 0.0, 0.0, 0.0, 0.0, 0.0, 0.0, 0.0, 0.0, 0.0]",0
바다파파,24,2,"[0.0, 0.0, 0.0, 0.0, 0.0, 0.0, 0.0, 1.0, 0.0, 0.0, 0.0]",2
죽도,1,1,"[0.0, 0.0, 0.0, 0.0, 0.0, 0.0, 0.0, 0.0, 1.0, 0.0, 0.0]",2
해녀스낵,11,1,"[1.0, 0.0, 0.0, 0.0, 0.0, 0.0, 0.0, 0.0, 0.0, 0.0, 0.0]",0
월령작야,11,1,"[0.0, 1.0, 0.0, 0.0, 0.0, 0.0, 0.0, 0.0, 0.0, 0.0, 0.0]",0
핀크스비오토피아,24,1,"[0.0, 0.0, 0.0, 0.0, 0.0, 0.0, 0.0, 0.0, 0.0, 0.0, 1.0]",2
색달바당,11,1,"[0.0, 1.0, 0.0, 0.0, 0.0, 0.0, 0.0, 0.0, 0.0, 0.0, 0.0]",0
서광서리마을운동장,8,1,"[0.0, 0.0, 0.0, 0.0, 1.0, 0.0, 0.0, 0.0, 0.0, 0.0, 0.0]",2
반지마을 제주1호점,13,1,"[0.0, 0.0, 0.0, 0.0, 1.0, 0.0, 0.0, 0.0, 0.0, 0.0, 0.0]",2
달마갈비(달마숯불갈비),11,1,"[0.0, 1.0, 0.0, 0.0, 0.0, 0.0, 0.0, 0.0, 0.0, 0.0, 0.0]",0
이호방파제,1,1,"[0.0, 0.0, 0.0, 0.0, 0.0, 0.0, 0.0, 0.0, 1.0, 0.0, 0.0]",2
꺼멍도새기 2호점,11,1,"[0.0, 1.0, 0.0, 0.0, 0.0, 0.0, 0.0, 0.0, 0.0, 0.0, 0.0]",0
그리너리빌리지,24,1,"[0.0, 0.0, 0.0, 0.0, 0.0, 0.0, 1.0, 0.0, 0.0, 0.0, 0.0]",2
행복한상점동문시장점,4,1,"[0.0, 0.0, 0.0, 0.0, 0.0, 0.0, 0.0, 0.0, 1.0, 0.0, 0.0]",2
애월리식당,11,1,"[0.0, 1.0, 0.0, 0.0, 0.0, 0.0, 0.0, 0.0, 0.0, 0.0, 0.0]",0
소담여관,24,1,"[0.0, 0.0, 0.0, 0.0, 0.0, 0.0, 0.0, 1.0, 0.0, 0.0, 0.0]",2
끌로드아트홀,3,1,"[0.0, 0.0, 0.0, 0.0, 0.0, 0.0, 0.0, 0.0, 0.0, 1.0, 0.0]",2
옛날국수집,11,1,"[0.0, 0.0, 0.0, 1.0, 0.0, 0.0, 0.0, 0.0, 0.0, 0.0, 0.0]",0
낭 커피,11,1,"[0.0, 1.0, 0.0, 0.0, 0.0, 0.0, 0.0, 0.0, 0.0, 0.0, 0.0]",1
백정,11,1,"[0.0, 0.0, 0.0, 0.0, 0.0, 0.0, 0.0, 0.0, 1.0, 0.0, 0.0]",0
블랑블루,24,1,"[0.0, 0.0, 0.0, 0.0, 0.0, 0.0, 0.0, 1.0, 0.0, 0.0, 0.0]",2
로케디오 월드(폐쇄),3,1,"[1.0, 0.0, 0.0, 0.0, 0.0, 0.0, 0.0, 0.0, 0.0, 0.0, 0.0]",2
롯데리아 제주외도DT점,11,1,"[0.0, 0.0, 0.0, 0.0, 0.0, 0.0, 0.0, 0.0, 1.0, 0.0, 0.0]",0
초가달빛,11,1,"[0.0, 0.0, 0.0, 0.0, 0.0, 0.0, 0.0, 0.0, 1.0, 0.0, 0.0]",0
무비랜드왁스뮤지엄 제주,3,1,"[0.0, 0.0, 0.0, 0.0, 0.0, 0.0, 0.0, 0.0, 1.0, 0.0, 0.0]",2
학교시네마,3,1,"[0.0, 0.0, 0.0, 0.0, 0.0, 0.0, 0.0, 0.0, 1.0, 0.0, 0.0]",2
지금의우리,11,1,"[0.0, 0.0, 0.0, 0.0, 0.0, 0.0, 0.0, 0.0, 1.0, 0.0, 0.0]",1
밤수지맨드라미 북스토어,10,1,"[0.0, 0.0, 0.0, 0.0, 0.0, 0.0, 0.0, 0.0, 1.0, 0.0, 0.0]",2
제주 태향 특산물 할인매장,10,1,"[0.0, 0.0, 0.0, 0.0, 0.0, 0.0, 1.0, 0.0, 0.0, 0.0, 0.0]",2
은성식당,11,1,"[0.0, 0.0, 0.0, 0.0, 0.0, 0.0, 0.0, 0.0, 1.0, 0.0, 0.0]",0
알뜰주유소,10,1,"[0.0, 0.0, 0.0, 0.0, 0.0, 0.0, 0.0, 0.0, 1.0, 0.0, 0.0]",2
뿔난돼지,11,1,"[0.0, 1.0, 0.0, 0.0, 0.0, 0.0, 0.0, 0.0, 0.0, 0.0, 0.0]",0
제주삼성렌트카,10,1,"[0.0, 0.0, 0.0, 1.0, 0.0, 0.0, 0.0, 0.0, 0.0, 0.0, 0.0]",2
일품순두부 교래점,11,1,"[0.0, 0.0, 0.0, 0.0, 1.0, 0.0, 0.0, 0.0, 0.0, 0.0, 0.0]",0
미호지함,11,1,"[0.0, 0.0, 0.0, 0.0, 0.0, 0.0, 0.0, 0.0, 1.0, 0.0, 0.0]",1
방목흑돼지식당,11,1,"[0.0, 0.0, 0.0, 1.0, 0.0, 0.0, 0.0, 0.0, 0.0, 0.0, 0.0]",0
편백숲마을,7,1,"[0.0, 0.0, 0.0, 0.0, 0.0, 0.0, 0.0, 0.0, 1.0, 0.0, 0.0]",2
호텔브릿지 서귀포 조식뷔페,11,1,"[0.0, 0.0, 0.0, 0.0, 0.0, 1.0, 0.0, 0.0, 0.0, 0.0, 0.0]",0
서준공방,4,1,"[0.0, 0.0, 0.0, 0.0, 0.0, 0.0, 0.0, 0.0, 1.0, 0.0, 0.0]",2
멜버른32,11,1,"[0.0, 0.0, 0.0, 0.0, 0.0, 0.0, 0.0, 0.0, 1.0, 0.0, 0.0]",0
올레왕갈치,11,1,"[0.0, 0.0, 0.0, 1.0, 0.0, 0.0, 0.0, 0.0, 0.0, 0.0, 0.0]",0
도리빨 대포연대,1,1,"[1.0, 0.0, 0.0, 0.0, 0.0, 0.0, 0.0, 0.0, 0.0, 0.0, 0.0]",2
제주안에서,24,3,"[0.0, 0.0, 0.0, 0.0, 0.0, 0.0, 0.0, 1.0, 0.0, 0.0, 0.0]",2
제주돗,11,1,"[0.0, 0.0, 0.0, 1.0, 0.0, 0.0, 0.0, 0.0, 0.0, 0.0, 0.0]",0
카페그해여름,11,1,"[0.0, 1.0, 0.0, 0.0, 0.0, 0.0, 0.0, 0.0, 0.0, 0.0, 0.0]",1
섬돈까스,11,1,"[0.0, 0.0, 0.0, 1.0, 0.0, 0.0, 0.0, 0.0, 0.0, 0.0, 0.0]",0
미스사이공 서귀포1호점,11,1,"[0.0, 0.0, 0.0, 0.0, 0.0, 0.0, 0.0, 0.0, 0.0, 0.0, 1.0]",0
중문통나무펜션&리조트,24,1,"[0.0, 0.0, 0.0, 0.0, 0.0, 0.0, 0.0, 1.0, 0.0, 0.0, 0.0]",2
제주로컬푸드 연동점,4,1,"[0.0, 0.0, 0.0, 0.0, 1.0, 0.0, 0.0, 0.0, 0.0, 0.0, 0.0]",2
편백돈나무,11,1,"[0.0, 0.0, 0.0, 0.0, 0.0, 1.0, 0.0, 0.0, 0.0, 0.0, 0.0]",0
섬돼지,11,1,"[0.0, 1.0, 0.0, 0.0, 0.0, 0.0, 0.0, 0.0, 0.0, 0.0, 0.0]",0
1943제주연동점,11,1,"[0.0, 0.0, 0.0, 0.0, 0.0, 0.0, 0.0, 0.0, 1.0, 0.0, 0.0]",0
큰집어멍,11,1,"[0.0, 1.0, 0.0, 0.0, 0.0, 0.0, 0.0, 0.0, 0.0, 0.0, 0.0]",0
돈하루 본점,11,1,"[0.0, 1.0, 0.0, 0.0, 0.0, 0.0, 0.0, 0.0, 0.0, 0.0, 0.0]",0
착한마녀김밥,11,1,"[0.0, 1.0, 0.0, 0.0, 0.0, 0.0, 0.0, 0.0, 0.0, 0.0, 0.0]",0
패밀리아펜션,24,1,"[0.0, 0.0, 0.0, 0.0, 0.0, 0.0, 0.0, 1.0, 0.0, 0.0, 0.0]",2
오짜장,11,1,"[0.0, 0.0, 0.0, 1.0, 0.0, 0.0, 0.0, 0.0, 0.0, 0.0, 0.0]",0
정참치연어,11,1,"[0.0, 0.0, 0.0, 0.0, 0.0, 0.0, 0.0, 0.0, 1.0, 0.0, 0.0]",0
곰돌식당,11,1,"[0.0, 0.0, 0.0, 0.0, 0.0, 0.0, 0.0, 0.0, 1.0, 0.0, 0.0]",0
미니K코인노래연습장,4,1,"[0.0, 0.0, 0.0, 0.0, 0.0, 0.0, 0.0, 0.0, 1.0, 0.0, 0.0]",2
장동민의크라우드pc방,3,1,"[0.0, 0.0, 0.0, 0.0, 0.0, 0.0, 0.0, 0.0, 1.0, 0.0, 0.0]",2
앤유 피시방,3,1,"[0.0, 0.0, 0.0, 1.0, 0.0, 0.0, 0.0, 0.0, 0.0, 0.0, 0.0]",2
전주아줌마두루치기,11,1,"[0.0, 0.0, 0.0, 0.0, 0.0, 0.0, 0.0, 0.0, 1.0, 0.0, 0.0]",0
가시버시정육구이,11,1,"[1.0, 0.0, 0.0, 0.0, 0.0, 0.0, 0.0, 0.0, 0.0, 0.0, 0.0]",0
