VISIT_AREA_NM,X_COORD,Y_COORD,ADDR
산굼부리,126.693832,33.43257409,제주특별자치도 서귀포시 색달중앙로252번길 124
한라산국립공원 관음사탐방로,126.5380065,33.39083768,제주특별자치도 제주시 오라이동 산 107-20
한림리조트,126.2499557,33.38941846,제주특별자치도 제주시 한림읍 일주서로 5083-5
스누피가든,126.7796675,33.44335922,제주특별자치도 제주시 구좌읍 금백조로 916
협재해수욕장,126.2391575,33.39386608,제주특별자치도 제주시 한림읍 한림로 329-10
카페노티드 제주애월,126.3097228,33.46327185,제주특별자치도 제주시 애월읍 애월로1길 24-9
더마파크,126.244325,33.35413025,제주특별자치도 제주시 한림읍 월림7길 155
봄그리고가을리조트,126.9111111,33.4741667,제주특별자치도 서귀포시 성산읍 해맞이해안로 2660
제주레일바이크,126.8369456,33.46462116,제주특별자치도 제주시 구좌읍 용눈이오름로 641
우동카덴,126.6792945,33.43583724,제주특별자치도 제주시 조천읍 교래3길 23
섭지코지,126.931111,33.4242095,제주특별자치도 서귀포시 성산읍 고성리
어멍횟집,126.9159846,33.44788309,제주특별자치도 서귀포시 성산읍 일출로 29
제주도 해녀세자매,126.2606468,33.41399681,제주특별자치도 제주시 한림읍 한림로3길 10-11
성산일출봉,126.9405375,33.45913497,제주특별자치도 서귀포시 성산읍 성산리 78
세계자동차&피아노박물관,126.3498145,33.28375831,제주특별자치도 서귀포시 안덕면 중산간서로 1610
세화소품관,126.8576159,33.52559145,제주특별자치도 제주시 구좌읍 해맞이해안로 1422-3
우굼,126.3991686,33.42950235,제주특별자치도 제주시 애월읍 하소로 611-42
너의하루,126.796217,33.55345154,제주특별자치도 제주시 구좌읍 월정5길 28-4
9.81파크,126.366664,33.39028982,제주특별자치도 제주시 애월읍 천덕로 880-24
월정리해수욕장,126.7958051,33.55646939,제주특별자치도 서귀포시 성산읍 일출로 284-12
오드랑베이커리,126.671581,33.54213375,제주특별자치도 제주시 조천읍 조함해안로 552-3
우진해장국,126.5200013,33.5115169,제주특별자치도 제주시 서사로 11
삼대국수회관 본점,126.5300594,33.50690145,제주특별자치도 제주시 삼성로 41
서프서프,126.7966219,33.55530588,제주특별자치도 제주시 구좌읍 월정7길 52
카페치즈태비,126.8077719,33.55513706,제주특별자치도 제주시 구좌읍 행원로7길 18-9
제주동문재래시장,126.5260174,33.51158514,제주특별자치도 제주시 관덕로14길 20
아르떼뮤지엄 제주,126.3450106,33.39670048,제주특별자치도 제주시 애월읍 어림비로 478
코난해변,126.811202,33.55745493,제주특별자치도 제주시 구좌읍 행원리 575-6
고등어회결사,126.3955273,33.48381453,제주특별자치도 제주시 애월읍 애월해안로 941
도민상회,126.2602064,33.41318997,제주특별자치도 제주시 한림읍 한림로3길 8
월정항아리,126.7951999,33.5536987,제주특별자치도 제주시 구좌읍 월정5길 38
금능제면소,126.2284209,33.38817748,제주특별자치도 제주시 한림읍 금능길 47
금능해수욕장,126.2358899,33.39044882,제주특별자치도 제주시 한림읍 금능길 119-10
더꽃돈 협재점,126.242567,33.3953421,제주특별자치도 제주시 한림읍 한림로 366
비수기애호가,126.8307816,33.54316681,제주특별자치도 제주시 구좌읍 해맞이해안로 997
호텔스테이현,126.5243398,33.5123072,제주특별자치도 제주시 관덕로8길 7-12
레이어스 베이크하우스,126.5207811,33.51492973,제주특별자치도 제주시 무근성7길 25
함덕해수욕장,126.6692389,33.54306157,제주특별자치도 제주시 조천읍 조함해안로 525
아베베베이커리,126.5287906,33.51265509,제주특별자치도 제주시 동문로6길 4
금복식당,126.5283141,33.51279302,제주특별자치도 제주시 동문로 16
제주동문시장,126.5262468,33.5126627,제주시 동문로 16
스타벅스 제주함덕점,126.6685692,33.54251161,제주특별자치도 제주시 조천읍 조함해안로 522
씽씽왕발통,126.7552267,33.5576319,제주특별자치도 제주시 구좌읍 김녕로21길 19
김녕해안도로,126.7694279,33.56395318,제주특별자치도 제주시 구좌읍 김녕리
아침해변펜션,126.6378001,33.54396535,제주특별자치도 제주시 조천읍 조함해안로 76-9
산지해장국,126.5285101,33.51634062,제주특별자치도 제주시 임항로 34
곱들락,126.6702086,33.53950106,제주특별자치도 제주시 조천읍 함덕18길 19
사라봉공원,126.545546,33.51728425,제주특별자치도 제주시 사라봉동길 74
신흥바다낚시공원,126.6469397,33.55124775,제주특별자치도 제주시 조천읍 조함해안로 247-2
이니스프리 제주하우스,126.2904426,33.30632987,제주특별자치도 서귀포시 안덕면 신화역사로 23
쇠소깍관광지,126.6226425,33.25295565,제주특별자치도 서귀포시 하효동
곱은달감귤체험농장,126.6661701,33.27615288,제주특별자치도 서귀포시 남원읍 태위로171번길 11
국수나무집,126.4919771,33.49083987,제주특별자치도 제주시 신대로10길 43
이중섭거리,126.5640039,33.24761378,제주특별자치도 서귀포시 이중섭로 4-1
동문취향 게스트하우스,126.5269706,33.5136399,제주특별자치도 제주시 관덕로15길 4
스타벅스 제주칠성점,126.5252288,33.51328784,제주특별자치도 제주시 관덕로 55
꼬란,126.5676166,33.24963883,제주특별자치도 서귀포시 동문동로 2
섬게스트하우스,126.5629948,33.23994728,제주특별자치도 서귀포시 칠십리로 61-1
망고홀릭 제주본점,126.4919433,33.49072072,제주특별자치도 제주시 삼무로5길 2
우무 제주시점,126.5233793,33.50982593,제주특별자치도 제주시 관덕로8길 40-1
애월카페거리,126.3091689,33.46258716,제주특별자치도 제주시 애월읍 애월리
오설록티뮤지엄,126.2894893,33.30591329,제주특별자치도 서귀포시 안덕면 신화역사로 15
꼬르동게스트하우스,126.6740759,33.54236574,제주특별자치도 제주시 조천읍 함덕29길 25-4
컴포즈커피 서귀포서홍점,126.557032,33.25703281,제주특별자치도 서귀포시 홍중로 47
비지곶식당,126.8420456,33.52802132,제주특별자치도 제주시 구좌읍 일주동로 3002
쪼끌락,126.755193,33.55776256,제주특별자치도 제주시 구좌읍 김녕로21길 21
비케이브,126.7200188,33.50838157,제주특별자치도 제주시 조천읍 동백로 122
당당,126.3708807,33.47445241,제주특별자치도 제주시 애월읍 중엄안1길 25
애월빵공장앤카페,126.3016141,33.44827816,제주특별자치도 제주시 애월읍 금성5길 42-15
과물노천탕,126.3035086,33.44995855,제주특별자치도 제주시 애월읍 곽지리 1566
집의기록상점,126.2970093,33.44648684,제주특별자치도 제주시 한림읍 귀덕11길 58
도르르김밥,126.29664,33.44494123,제주특별자치도 제주시 한림읍 일주서로 5903-6
오전열한시,126.394258,33.26675834,제주특별자치도 서귀포시 상예로 248
한담해안산책로,126.3104683,33.45932345,제주특별자치도 제주시 애월읍 곽지리 1359
커피베이 제주공항국내선2호점,126.4959513,33.50593647,제주특별자치도 제주시 공항로 2 옆 인생네컷
도두동무지개해안도로,126.4713384,33.50911801,제주특별자치도 제주시 구좌읍 구좌로 40
머무르다,126.2996676,33.44691481,제주특별자치도 제주시 애월읍 금성1길 29-1
호텔케니모슬포,126.2523482,33.22623758,제주특별자치도 서귀포시 대정읍 하모중앙로 22
산방산,126.3133696,33.2415643,제주특별자치도 서귀포시 안덕면 사계리 산 16
메리아일랜드,126.2314884,33.38889976,제주특별자치도 제주시 한림읍 금능길 80
CU 서귀대정태화점,126.2521246,33.22338443,제주특별자치도 서귀포시 대정읍 하모중앙로 54
중문색달해수욕장,126.4114987,33.24503815,제주특별자치도 서귀포시 색달동 3039
과물치킨,126.3041988,33.44850457,제주특별자치도 제주시 애월읍 곽지1길 28
오멍가멍흑돼지 제주공항점,126.4746934,33.50924859,제주특별자치도 제주시 서해안로 272
곽지해수욕장,126.3046732,33.45065751,제주특별자치도 제주시 애월읍 곽지리 1565
나비스호텔,126.3915515,33.48645746,제주특별자치도 제주시 애월읍 애월해안로 885
잔물결,126.2297907,33.3881931,제주 제주시 한림읍 금능길 58-1 1층
포토이즘박스 서귀포올레시장점,126.5622585,33.24946681,제주특별자치도 서귀포시 중앙로54번길 14
새별오름,126.3577307,33.36627759,제주특별자치도 서귀포시 태평로 270
파리바게뜨 제주공항렌터카하우스점,126.4919499,33.50469721,제주특별자치도 제주시 용담이동 1999-8
서귀포매일올레시장,126.5632316,33.25015006,제주특별자치도 서귀포시 중앙로62번길 18
허니문하우스,126.5787127,33.24415532,제주특별자치도 서귀포시 칠십리로 228-13
인디안썸머,126.6369313,33.26249778,제주특별자치도 서귀포시 남원읍 하례망장포로26번길 3
물영아리,126.6920637,33.36839465,제주특별자치도 서귀포시 남원읍 수망리 산 188
호텔아나타,126.5286754,33.5136437,제주특별자치도 제주시 만덕로6길 31
올레마당,126.3087792,33.23315113,제주특별자치도 서귀포시 안덕면 사계남로 224
그러므로 파트2,126.4859477,33.46849066,제주특별자치도 제주시 수목원길 16-14
쇠소깍,126.6224051,33.25424607,제주특별자치도 서귀포시 쇠소깍로 104
성이시돌목장,126.3273211,33.34776988,제주특별자치도 제주시 한림읍 금악동길 35
올드패션,126.6882961,33.27527263,제주특별자치도 서귀포시 남원읍 태위로 383
문도지오름,126.2946137,33.32625021,제주특별자치도 제주시 한림읍 금악리 3445
오는정김밥,126.5676211,33.24959557,제주특별자치도 서귀포시 동문동로 2
사계해변,126.3085979,33.22865827,제주특별자치도 서귀포시 안덕면 사계리
곤밥2,126.5276893,33.51488233,제주특별자치도 제주시 서부두남길 8
사려니숲길,126.6264973,33.42203283,제주특별자치도 제주시 동문로 16
풀베개,126.3032247,33.28551286,제주특별자치도 서귀포시 안덕면 화순서서로 492-4
서귀포치유의숲,126.5279042,33.29193935,제주특별자치도 서귀포시 산록남로 2271
함쉐프키친,126.4312175,33.24087603,제주특별자치도 서귀포시 대포중앙로 116
벙커하우스,126.519224,33.24046292,제주특별자치도 서귀포시 막숙포로41번길 66
엘리펀트힙,126.522795,33.51746105,제주특별자치도 제주시 탑동로 20
일도가공,126.5266285,33.51400374,제주특별자치도 제주시 관덕로15길 9
숙성도 중문점,126.4075053,33.25833794,제주특별자치도 서귀포시 일주서로 966
데코보코,126.527798,33.51408213,제주특별자치도 제주시 관덕로17길 15
제주중문관광단지,126.4207342,33.24583526,제주특별자치도 서귀포시 중문관광로 227-20
스타벅스 제주노형점,126.481847,33.48763154,제주특별자치도 제주시 도령로 27
제주판타스틱버거,126.7789894,33.3084793,제주특별자치도 서귀포시 표선면 토산중앙로15번길 6
우럭의숲,126.5189893,33.51389497,제주특별자치도 제주시 무근성3길 9
마마롱,126.4391778,33.45215929,제주특별자치도 제주시 애월읍 평화로 2783
이호테우해수욕장,126.4526908,33.4973768,제주특별자치도 서귀포시 남원읍 태위로 522-12
게스트하우스7,126.5111536,33.50893801,제주특별자치도 제주시 용문로 168
제주곶서귀포해물라면,126.5732101,33.24486959,제주특별자치도 서귀포시 칠십리로214번길 36
서복공원,126.5704989,33.24479444,제주특별자치도 서귀포시 서귀동 93-19
쇠소깍전통나룻배 카약체험지점,126.622966,33.25208385,제주특별자치도 서귀포시 쇠소깍로 128
용연계곡,126.514431,33.51276463,제주특별자치도 제주시 용담일동 2581-4
제주동문재래야시장,126.5260174,33.51158875,제주특별자치도 제주시 관덕로14길 20
호텔화인 제주,126.5650436,33.24048913,제주특별자치도 서귀포시 칠십리로 87
정방폭포,126.5716053,33.24499661,제주특별자치도 서귀포시 동홍동 299-3
제주팜엔피쉬,126.5195967,33.5128578,제주특별자치도 제주시 관덕로 3
케렌시아카페,126.6191509,33.24942142,제주특별자치도 서귀포시 칠십리로658번길 27-18
하와,126.1990745,33.36537975,제주특별자치도 제주시 한경면 일주서로 4533-9
소남머리,126.569759,33.24339616,제주특별자치도 서귀포시 송산동
관덕정,126.5214571,33.51334915,제주특별자치도 제주시 관덕로 19
퐁당라면,126.1998092,33.3649337,제주특별자치도 제주시 한경면 일주서로 4533-3
자구리문화예술공원,126.5673829,33.24174695,제주특별자치도 서귀포시 칠십리로 120-12
하효쇠소깍해변,126.6229886,33.25133376,제주특별자치도 서귀포시 표선면 돈오름로 170
구피풋,126.5644572,33.2470816,제주특별자치도 서귀포시 이중섭로 11
새향원분식,126.5630861,33.24725081,제주특별자치도 서귀포시 중정로62번길 7
쎈얼큰이 본점,126.5628449,33.25107919,제주특별자치도 서귀포시 중정로91번길 44
다랑쉬,126.509462,33.50888084,제주특별자치도 제주시 용문로21길 4
덕성원 본점,126.5633865,33.24488959,제주특별자치도 서귀포시 태평로401번길 4
천지연폭포,126.5545223,33.24721232,제주특별자치도 서귀포시 서홍동 2565
약천사,126.4494585,33.24623622,제주특별자치도 서귀포시 이어도로 293-28
기흥어물,126.5631329,33.24841859,제주특별자치도 서귀포시 중정로61번길 6
흑돼지자투리구이식당,126.5601578,33.25110037,제주특별자치도 서귀포시 천지로 42
수렌트카,126.506516,33.50002634,제주특별자치도 제주시 서광로 94
CU 제주탑동로점,126.5232768,33.51674254,제주특별자치도 제주시 중앙로2길 15
다이소 서귀포중문점,126.4045181,33.25890071,제주특별자치도 서귀포시 일주서로 996
초콜릿랜드,126.4134525,33.24940041,제주특별자치도 서귀포시 중문관광로110번길 15
코너스톤호텔,126.5683775,33.24764436,제주특별자치도 서귀포시 정방로 7-10
남문주유소,126.5389333,33.48878031,제주특별자치도 제주시 중앙로 372
맥도날드 제주중문DT점,126.4137639,33.25482964,제주특별자치도 서귀포시 중문관광로 38
아프리카박물관,126.4293493,33.23974044,제주특별자치도 서귀포시 이어도로 49
제삼굽,126.4895672,33.48855796,제주특별자치도 제주시 제원길 15
앙뚜아네트 용담점,126.5088353,33.51618484,제주특별자치도 제주시 서해안로 671
리보스코화덕피자,126.4878591,33.46944615,제주특별자치도 제주시 수목원길 27
바다타이테라피,126.3320536,33.46780834,제주특별자치도 제주시 애월읍 애월해안로 179
국수마당 본점,126.5321927,33.50807077,제주특별자치도 제주시 삼성로 65
메종글래드제주,126.4885234,33.48527907,제주특별자치도 제주시 노연로 80
어반스테이 제주연동,126.4894474,33.48551008,제주특별자치도 제주시 연동6길 5
스타벅스 제주용담DT점,126.4844801,33.51248673,제주특별자치도 제주시 서해안로 380
용두암,126.5119571,33.51611062,제주특별자치도 제주시 용두암길 15
연동마라도횟집,126.4894611,33.48684449,제주특별자치도 제주시 신광로8길 3
롯데렌터카 제주오토하우스지점,126.5029805,33.50911917,제주특별자치도 제주시 용해로 92
피쉬어바웃,126.8012704,33.55635116,제주특별자치도 제주시 구좌읍 해맞이해안로 518
카페라라라,126.8579788,33.52487059,제주특별자치도 제주시 구좌읍 해맞이해안로 1430
아베끄0426,126.8357758,33.53953919,제주특별자치도 제주시 구좌읍 해맞이해안로 1084
벵디,126.8371702,33.53771981,제주특별자치도 제주시 구좌읍 해맞이해안로 1108
제주한림농협하나로마트,126.2638865,33.40997697,제주특별자치도 제주시 한림읍 한림상로 101
스타벅스 제주중문점,126.4126826,33.25123699,제주특별자치도 서귀포시 중문관광로110번길 32
제주백정,126.2650152,33.41152357,제주특별자치도 제주시 한림읍 한림중앙로 36
별오름 노형점,126.4813535,33.47600524,제주특별자치도 제주시 1100로 3213-27
해녀와바다,126.4654061,33.50649148,제주특별자치도 제주시 도두항서길 26
은혜전복,126.3101642,33.46295695,제주특별자치도 제주시 애월읍 애월로1길 24-3
큐티파이호텔,126.3687624,33.47786406,제주특별자치도 제주시 애월읍 애월해안로 610
노형수퍼마켙,126.4553556,33.46482488,제주 제주시 노형로 89
브라운스위트제주 호텔앤리조트,126.9144834,33.45203037,제주특별자치도 서귀포시 성산읍 고성오조로 94
리치호텔,126.3489409,33.47207433,제주특별자치도 제주시 애월읍 고내로13길 100
마레보비치호텔,126.3040513,33.4482558,제주특별자치도 제주시 애월읍 곽지1길 23
원담,126.5287635,33.50216858,제주특별자치도 제주시 동광로1길 13
스카이워터쇼,126.7430381,33.42410967,제주특별자치도 제주시 구좌읍 번영로 2172-80
그랑블루요트투어,126.4395496,33.23825406,제주특별자치도 서귀포시 대포로 172-7
교래손칼국수,126.6760803,33.43610298,제주특별자치도 제주시 조천읍 비자림로 645
소노벨 제주,126.6716679,33.54137664,제주특별자치도 제주시 조천읍 신북로 577
고향흑돼지,126.2535747,33.40774794,제주특별자치도 제주시 한림읍 한림해안로 29
검멀레해변,126.9669025,33.49717101,제주특별자치도 제주시 우도면 연평리
아쿠아플라넷 제주,126.9278459,33.43306804,제주특별자치도 서귀포시 성산읍 섭지코지로 95
뽀로로앤타요테마파크 제주,126.370822,33.30041823,제주특별자치도 서귀포시 안덕면 병악로 269
블랑로쉐,126.2714098,33.17434892,제주특별자치도 서귀포시 대정읍 가파로 239
소섬전복,126.9650897,33.49882225,제주특별자치도 제주시 우도면 우도해안길 1158
백가네제주한상,126.6711321,33.54239582,제주특별자치도 제주시 조천읍 함덕로 40
우무,126.2564457,33.40588987,제주특별자치도 제주시 한림읍 한림로 542-1
화로위,126.6699986,33.54120541,제주특별자치도 제주시 조천읍 함덕19길 9
제주항공우주박물관,126.2996871,33.3042428,제주특별자치도 서귀포시 안덕면 녹차분재로 218
생이기정,126.1674055,33.31551545,제주특별자치도 제주시 한경면 용수리
샤부돈,126.5215667,33.4959723,제주특별자치도 제주시 오남로 7-13
아루미호텔 협재점,126.2563815,33.40635471,제주특별자치도 제주시 한림읍 한림로 545
항파두리 항몽유적지,126.4079226,33.45274787,제주특별자치도 제주시 애월읍 항파두리로 50
어음리억새군락지,126.368172,33.37764356,제주특별자치도 서귀포시 중앙로62번길 18
르네상스호텔,126.5194316,33.50340488,제주특별자치도 제주시 서사로14길 1
우피후피,126.2563514,33.40636174,제주특별자치도 제주시 한림읍 한림로 545
대우정,126.5068107,33.23304981,제주특별자치도 서귀포시 이어도로 866-37
하라케케,126.5277197,33.24286405,제주특별자치도 서귀포시 속골로 29-10
금능샌드,126.2324636,33.38922135,제주특별자치도 제주시 한림읍 금능길 89
호텔 케니 서귀포,126.6935936,37.3429619,제주 서귀포시 동문로 42
맥도날드 제주서귀포DT점,126.5626838,33.25327138,제주특별자치도 서귀포시 일주동로 8665
숨도,126.536521,33.25045551,제주특별자치도 서귀포시 일주동로 8941
이중섭미술관,126.564888,33.24590378,제주특별자치도 서귀포시 이중섭로 27-3
천일만두,126.5590877,33.2505015,제주특별자치도 서귀포시 서문로 25
휴일로,126.366525,33.23220806,제주특별자치도 서귀포시 안덕면 난드르로 49-65
그시절그짬뽕,126.2636324,33.41588987,제주특별자치도 제주시 한림읍 한림북동길 7
미스틱3도,126.4875563,33.44994698,제주특별자치도 제주시 1100로 2894-49
고은물식당,126.3370279,33.23878674,제주특별자치도 서귀포시 안덕면 화순해안로 110
산양큰엉곶,126.2506311,33.29092307,제주특별자치도 제주시 한경면 청수리 956-6
수월,126.2791497,33.25817943,제주특별자치도 서귀포시 대정읍 추사로38번길 96
백약이오름,126.7897582,33.43680941,제주특별자치도 서귀포시 표선면 성읍리 산 1
마노르블랑,126.2949908,33.25481888,제주특별자치도 서귀포시 안덕면 일주서로2100번길 46
파더스가든,126.3657532,33.27994208,제주특별자치도 서귀포시 안덕면 병악로 44-33
엘파소,126.3259368,33.24539007,제주특별자치도 서귀포시 안덕면 화순로 191-43
덴드리,126.8660544,33.36958969,제주특별자치도 서귀포시 성산읍 삼달로 28-1
송악산,126.2897914,33.19908294,제주특별자치도 서귀포시 대정읍 상모리 산 2
새빌,126.3629702,33.36431115,제주특별자치도 제주시 애월읍 평화로 1529
녹차동굴,126.7868648,33.38162923,제주특별자치도 서귀포시 표선면 성읍리 2192
제주커피박물관 바움,126.8991899,33.43990753,제주특별자치도 서귀포시 성산읍 서성일로1168번길 89-17
표선농협하나로마트,126.8320072,33.32538489,제주특별자치도 서귀포시 표선면 표선동서로 237-2
해뜨는식당,126.9333244,33.46299109,제주특별자치도 서귀포시 성산읍 성산중앙로 38
에코랜드테마파크,126.6702787,33.44833873,제주특별자치도 제주시 조천읍 번영로 1278-169
엉덩물계곡,126.4134132,33.24821369,제주특별자치도 서귀포시 색달동 3384-4
호텔더본 제주,126.4064734,33.25954119,제주특별자치도 서귀포시 색달로 18
호텔더본 탐모라,126.4062336,33.25960496,제주특별자치도 서귀포시 색달로 18
색달생수천 생태문화공원,126.4059476,33.26016981,제주특별자치도 서귀포시 색달동 2137-6
파리바게트,126.4928172,33.5071423,공항로2 제주국제공항
구좌읍세화 월정리그때그집,126.8548339,33.52711193,제주특별자치도 제주시 구좌읍 세평항로 43
로로패들보드클럽,126.7983516,33.55471095,제주특별자치도 제주시 구좌읍 해맞이해안로 480-1
섭지해녀의집,126.9260327,33.43452759,제주특별자치도 서귀포시 성산읍 섭지코지로 93-15
아부오름,126.777215,33.44858418,제주특별자치도 서귀포시 중문관광로 346
에이스렌트카,126.4822886,33.50311189,제주특별자치도 제주시 다호북길 150
한림공원,126.2401849,33.38919042,제주특별자치도 제주시 한림읍 한림로 300
제주스테이인성산,126.9157145,33.43805443,제주특별자치도 서귀포시 성산읍 신고로 11
오르다,126.9354016,33.46885806,제주특별자치도 서귀포시 성산읍 한도로 269-37
털보네장어랜드,126.4863045,33.45468961,제주특별자치도 제주시 1100로 3001
소금바치순이네,126.9126333,33.50365241,제주특별자치도 제주시 구좌읍 해맞이해안로 2196
닭머르,126.6118969,33.53647489,제주특별자치도 제주시 조천읍 신촌리 3403
한림칼국수,126.2615064,33.41556709,제주특별자치도 제주시 한림읍 한림해안로 141
만장굴,126.7693513,33.52793252,제주특별자치도 제주시 구좌읍 만장굴길 182
신창풍차해안도로,126.174206,33.34308103,제주특별자치도 제주시 한경면 신창리 1322-1
어린왕자감귤밭,126.2818296,33.25329829,제주특별자치도 서귀포시 대정읍 추사로36번길 45-1
선인장자생지,126.2145323,33.37750932,제주특별자치도 제주시 한림읍 월령리
아침미소목장,126.5860158,33.45475699,제주특별자치도 제주시 첨단동길 160-20
서귀포잠수함,126.5586161,33.23930338,제주특별자치도 서귀포시 남성중로 40
먹고정,126.5624895,33.2472415,제주특별자치도 서귀포시 명동로 5-1
켄싱턴리조트 제주한림,126.2743683,33.43578804,제주특별자치도 제주시 한림읍 한림해안로 530
제스토리,126.5149177,33.23609313,제주특별자치도 서귀포시 막숙포로 60
BK호텔제주,126.5642037,33.24109028,제주특별자치도 서귀포시 칠십리로91번길 12
비자림,126.8099875,33.49040837,제주특별자치도 제주시 구좌읍 비자숲길 55
삼대국수회관 신제주점,126.4932121,33.48385759,제주특별자치도 제주시 신대로20길 32
해오름식당,126.9335313,33.46109332,제주특별자치도 서귀포시 성산읍 일출로 260
한라산국립공원,126.5422209,33.37666556,제주특별자치도 서귀포시 성산읍 성산등용로 112-7
HY초이호스텔,126.5583324,33.24706361,제주특별자치도 서귀포시 태평로335번길 11-1
늘봄흑돼지,126.4728666,33.47947934,제주특별자치도 제주시 한라대학로 12
도도돈까스,126.4360999,33.448795,제주특별자치도 제주시 애월읍 광령중길 133-1
제주목공방,126.4570627,33.45620501,제주특별자치도 제주시 해안마을7길 35-10
새별오름관광타운,126.3612093,33.36341312,제주특별자치도 제주시 애월읍 평화로 1529
랜디스도넛 제주애월점,126.3114282,33.46117162,제주특별자치도 제주시 애월읍 애월로 27-1
놀맨,126.6280113,33.43915259,제주특별자치도 제주시 애월읍 애월로1길 24
부촌,126.9170125,33.44897824,제주특별자치도 서귀포시 성산읍 동류암로 33
더포그레이스호텔앤리조트,126.9104483,33.47341478,제주특별자치도 서귀포시 성산읍 해맞이해안로 2670
썬셋클리프,126.3107068,33.46180954,제주특별자치도 제주시 애월읍 애월로1길 19-8
털보네 게스트하우스,126.3120093,33.46359831,제주특별자치도 제주시 애월읍 애월북서길 88
동남팔팔회센타,127.1209399,37.33820426,제주특별자치도 서귀포시 성산읍 고성오조로 48-2
스타벅스 제주성산DT점,126.9206949,33.44971096,제주특별자치도 서귀포시 성산읍 일출로 80
신신호텔 서귀포점,126.562581,33.24547733,제주특별자치도 서귀포시 태평로371번길 18
한담해변,126.3101829,33.46222496,제주특별자치도 제주시 애월읍 애월리
장한철 생가,126.309983,33.46246998,제주특별자치도 제주시 애월읍 애월로1길 26
카페테,126.437742,33.2517928,제주특별자치도 서귀포시 천제연로 311
CU 봄그리고가을리조트점,126.9110182,33.47414541,제주특별자치도 서귀포시 성산읍 해맞이해안로 2660
소울빌리지 TRX GYM,128.7747888,37.27084365,제주특별자치도 서귀포시 남원읍 남태해안로 259
만달,126.4342363,33.2562769,제주특별자치도 서귀포시 일주서로 710
이서방흑돼지,126.9002312,33.47459683,제주특별자치도 서귀포시 성산읍 일주동로 3934-1
제주반딧불한담 애월점,126.3101064,33.46333087,제주특별자치도 제주시 애월읍 애월로1길 24-11
"오른(orrrn,오알엔)",127.2857888,36.49807102,제주특별자치도 서귀포시 성산읍 해맞이해안로 2714
페이보릿,126.918291,33.450015,제주특별자치도 서귀포시 성산읍 동류암로 20
조식,126.3331847,33.41052746,제주특별자치도 제주시 애월읍 어림비로 272
샐리스 제주,126.3416986,33.46468275,제주특별자치도 제주시 애월읍 고내로 46
살롱드라방,126.3489697,33.45785826,제주특별자치도 제주시 애월읍 하가로 146-9
신엄해녀의집,126.3668435,33.47838441,제주특별자치도 제주시 애월읍 애월해안로 591
봄날,127.7746131,37.46895919,제주 제주시 애월읍 애월로1길 25
앞뱅디식당,126.4999068,33.48532913,제주특별자치도 제주시 선덕로 32
서복전시관,126.5708889,33.24491119,제주특별자치도 서귀포시 칠십리로 156-8
제주애월항수산,126.3208835,33.46611037,제주특별자치도 제주시 애월읍 애월로11길 22
올래국수 본점,126.4972672,33.49152862,제주특별자치도 제주시 귀아랑길 24
제주도립김창열미술관,126.2686621,33.33906784,제주특별자치도 제주시 한림읍 용금로 883-5
우도,126.9348907,33.47296642,제주특별자치도 서귀포시 성산읍 성산등용로 130-21
중문회어시장,126.403934,33.25925856,제주특별자치도 서귀포시 색달로 1
라토커피,126.5281583,33.4986717,제주특별자치도 제주시 광양10길 20
어진이네횟집,126.6109255,33.24099184,제주특별자치도 서귀포시 보목포로 93
오션스타콘도,126.9265463,33.42734383,제주특별자치도 서귀포시 성산읍 섭지코지로 169
보롬왓,126.7524958,33.41349708,제주특별자치도 서귀포시 표선면 번영로 2350-104
미쁜제과,126.1800596,33.26916012,제주특별자치도 서귀포시 대정읍 도원남로 16
서귀포유람선,126.5586449,33.23933432,제주특별자치도 서귀포시 남성중로 40
네스트펜션,126.3930105,33.42641957,제주특별자치도 제주시 애월읍 유수암서길 67-2
본카페 애월,126.3320753,33.46778321,제주특별자치도 제주시 애월읍 애월해안로 179
민스마켓,126.9439571,33.50244796,제주특별자치도 제주시 우도면 우도해안길 248
드르쿰다in성산,126.9190809,33.4445023,제주특별자치도 서귀포시 성산읍 섭지코지로25번길 64
명진전복,126.850185,33.5324709,제주특별자치도 제주시 구좌읍 해맞이해안로 1282
제주로렌트카,126.4803461,33.49967411,제주특별자치도 제주시 오일장중길 128
카페아이니,126.9577407,33.51640844,제주특별자치도 제주시 우도면 우도해안길 778
제주아트서커스,126.3448107,33.31439218,제주특별자치도 서귀포시 안덕면 동광로 214
국수한상,126.5369661,33.49245959,제주특별자치도 제주시 남광로 7
자매국수 본점,126.5170077,33.51681563,제주특별자치도 제주시 탑동로11길 6
김녕성세기해변 인증센터,126.7599219,33.55685761,제주특별자치도 제주시 구좌읍 김녕리 497-4
전망좋은집흑돼지,126.9325248,33.46067082,제주특별자치도 서귀포시 성산읍 일출로 248
다락쉼터 인증센터,126.3400567,33.46942267,제주특별자치도 제주시 애월읍 고내리 462
성산일출봉 인증센터,126.9242395,33.46864347,제주특별자치도 서귀포시 성산읍 오조리 2-3
법환바당 인증센터,126.5150605,33.2358809,제주특별자치도 서귀포시 막숙포로 61
어촌식당,126.8445003,33.32527312,제주특별자치도 서귀포시 표선면 민속해안로 578-7
쇠소깍 인증센터,126.6233451,33.25227975,제주특별자치도 서귀포시 하효동 995-4
도체비낭게스트하우스,126.2970836,33.22610168,제주특별자치도 서귀포시 안덕면 사계남로 64-11
성산아쿠아비치호텔,126.9119897,33.44835096,제주특별자치도 서귀포시 성산읍 일주동로 4258
dklee,126.5288045,33.51286521,제주특별자치도 제주시 동문로 20
해거름마을공원 인증센터,126.2064609,33.36981161,제주특별자치도 제주시 한경면 판포리 1608-4
가람돌솥밥,126.4312851,33.24964914,제주특별자치도 서귀포시 중문관광로 332
귤하르방,126.4868912,33.45406272,제주특별자치도 제주시 1100로 2997
용두암 인증센터,126.5110794,33.51524163,제주특별자치도 제주시 용담이동 493-6
함덕서우봉해변 인증센터,126.6724563,33.54415564,제주특별자치도 제주시 조천읍 조함해안로 585
송악산 인증센터,126.2894781,33.2066773,제주특별자치도 서귀포시 대정읍 상모리 157-2
돌카롱 중문점,126.4243026,33.2557237,제주특별자치도 서귀포시 중문로41번길 8
제주민속촌,126.8422973,33.32239595,제주특별자치도 서귀포시 표선면 민속해안로 631-34
유니호텔 앤 풀빌라,126.3734269,33.47941682,제주특별자치도 제주시 애월읍 애월해안로 656
상효원수목원,126.584635,33.30595838,제주특별자치도 서귀포시 산록남로 2847-37
선녀와나무꾼 테마공원,126.7037786,33.47879294,제주특별자치도 제주시 조천읍 선교로 267
송악산둘레길,126.2930752,33.19682324,제주특별자치도 서귀포시 대정읍 상모리
제주김만복김밥 서귀포점,126.5058286,33.23941863,제주특별자치도 서귀포시 월드컵로 117
제주순메밀막국수,126.3019163,33.29127942,제주특별자치도 서귀포시 안덕면 녹차분재로 60
카멜리아힐,126.3700095,33.28963443,제주특별자치도 서귀포시 안덕면 병악로 166
관음사,126.5581237,33.42374026,제주특별자치도 제주시 산록북로 660
소희네뚝배기식당,126.9189499,33.4698032,제주특별자치도 서귀포시 성산읍 오조리 369-1
오드씽,126.5268789,33.46201878,제주특별자치도 제주시 고다시길 25
사려니숲길 관광안내소,126.6847513,33.39496677,제주특별자치도 서귀포시 표선면 가시리 산 158
탑동수산시장,126.5245233,33.51576099,제주특별자치도 제주시 중앙로 28
제주사월,126.5144944,33.50660341,제주특별자치도 제주시 남성로 75
현애원&카페이스틀리,126.9084,33.45607516,제주특별자치도 서귀포시 성산읍 산성효자로114번길 131-1
돈하르방,126.565442,33.24756472,제주특별자치도 서귀포시 명동로 33
소로록,126.7716065,33.52838389,제주특별자치도 제주시 구좌읍 만장굴길 182
제주담스파빌,126.225302,33.38563902,제주특별자치도 제주시 한림읍 한림로 162
협재리브와일드바앤키친,126.2418044,33.39403915,제주특별자치도 제주시 한림읍 협재4길 7-8
소사오름,126.2296921,33.38832603,제주특별자치도 제주시 한림읍 금능길 61
노론존,126.4840889,33.4884379,제주특별자치도 제주시 도령로 50
숙성도 노형점,126.485028,33.48503198,제주특별자치도 제주시 원노형로 41
제주기역,126.242537,33.39755982,제주특별자치도 제주시 한림읍 협재1길 19-8
제주벨미협재점,126.2408695,33.39388648,제주특별자치도 제주시 한림읍 한림로 342
제갈양,126.224429,33.38603207,제주특별자치도 제주시 한림읍 한림로 155
금능상회,126.2267041,33.38932083,제주특별자치도 제주시 한림읍 금능5길 21
금능반지하,126.228632,33.39105666,제주특별자치도 제주시 한림읍 금능9길 30
제주멜즈,126.2461963,33.39900121,제주특별자치도 제주시 한림읍 협재1길 63
제주은갈치김밥,126.5017671,33.51521535,제주특별자치도 제주시 용마서길 30
착한스시,126.2415691,33.39242387,제주특별자치도 제주시 한림읍 협재2길 18
마농치킨 본점,126.5632753,33.24912957,제주특별자치도 서귀포시 중앙로48번길 14-1
외돌개 전망대,126.5455233,33.23984049,제주특별자치도 서귀포시 서홍동 794-11
제주월드컵경기장,126.5093811,33.24615163,제주특별자치도 서귀포시 월드컵로 33
하귤당,126.6160444,33.2663364,제주특별자치도 서귀포시 신효중앙로26번길 21
아길라호텔,126.2493954,33.39971933,제주특별자치도 제주시 한림읍 옹포2길 10
화순한가네식당,126.3365783,33.23921892,제주특별자치도 서귀포시 안덕면 화순해안로 109
안녕함덕,126.6737258,33.54097456,제주특별자치도 제주시 조천읍 함덕로 10
다이빙맛,126.6896805,33.27656182,제주특별자치도 서귀포시 남원읍 남원체육관로40번길 3
취향의섬 키친,126.6897913,33.27434769,제주특별자치도 서귀포시 남원읍 태위로398번길 7
떡하니,126.5343765,33.49097037,제주특별자치도 제주시 구남로 43
송당무끈모루,126.7715119,33.45663237,제주특별자치도 제주시 구좌읍 송당리 2793
순풍해장국 함덕본점,126.6739776,33.53986807,제주특별자치도 제주시 조천읍 신북로 604
옥화네포차,126.4904365,33.48490828,제주특별자치도 제주시 신대로18길 56
상상 함덕점,126.6622527,33.54323024,제주특별자치도 제주시 조천읍 신북로 487
술의식물원,126.7837526,33.47177428,제주특별자치도 제주시 구좌읍 중산간동로 2253
신설오름,126.5415615,33.50541905,제주특별자치도 제주시 고마로17길 2
싯디,126.6639821,33.54261104,제주특별자치도 제주시 조천읍 신북로 503-1
라바북스,126.6568211,33.27441974,제주특별자치도 서귀포시 남원읍 태위로 87
도두몰,126.4833912,33.5106123,제주특별자치도 제주시 서해안로 360
낭만화로구이,126.7241553,33.27959504,제주특별자치도 서귀포시 남원읍 태위로724번길 11
돈떵이,126.4907166,33.48410161,제주특별자치도 제주시 연동8길 19
산방식당 함덕점,126.6734775,33.54115603,제주특별자치도 제주시 조천읍 함덕로 14
선물고팡 함덕점,126.6630989,33.54381497,제주특별자치도 제주시 조천읍 신북로 491-9
갖장이의작업실,126.6960732,33.31261934,제주특별자치도 서귀포시 남원읍 한신로 29-2
스나쿠타카,126.4039748,33.48361382,제주특별자치도 제주시 애월읍 일주서로 7063
몰래물밥상,126.463692,33.5041724,제주특별자치도 제주시 도두항서길 65
마피스,126.6527623,33.55061417,제주특별자치도 제주시 조천읍 조함해안로 329-1
몰질식육식당,126.4802629,33.2353653,제주특별자치도 서귀포시 이어도로 598
부티크스테이스놉,126.3695856,33.2332776,제주특별자치도 서귀포시 예래해안로 17
달콤아재,126.9573601,33.51343302,제주특별자치도 제주시 우도면 우도해안길 810
대평흑돼지,126.3641086,33.2364054,제주특별자치도 서귀포시 안덕면 대평로 27-1
제주돔베고기집,126.4783513,33.48778096,제주특별자치도 제주시 월랑로4길 6
하하호호 우도본점,126.9484706,33.52082639,제주특별자치도 제주시 우도면 우도해안길 532
구좌농협하나로마트 우도점,126.9537253,33.50528303,제주특별자치도 제주시 우도면 우도로 143
훈데르트윈즈,126.9552356,33.49208951,제주특별자치도 제주시 우도면 우도해안길 32-2
비양도망대,126.969199,33.51540924,제주특별자치도 제주시 우도면 연평리
우도랑,126.9426853,33.507014,제주특별자치도 제주시 우도면 우도해안길 322
돌채,126.94902,33.50900481,제주특별자치도 제주시 우도면 우목길 60-3
훈데르트바서파크,126.9565072,33.49276256,제주특별자치도 제주시 우도면 우도해안길 32-12
하고수동해변,126.9576482,33.5141508,제주특별자치도 서귀포시 중문관광로 224
서빈백사,126.9444344,33.50170706,제주특별자치도 제주시 우도면 연평리
우도아름다운소풍,126.9494762,33.51487623,제주특별자치도 제주시 우도면 우도해안길 446
이금돈지,126.4953661,33.4860897,제주특별자치도 제주시 노연로 143
테디베어뮤지엄 제주점,126.4121631,33.25029595,제주특별자치도 서귀포시 중문관광로110번길 31
로빙화,126.7092525,33.27510341,제주특별자치도 서귀포시 남원읍 남태해안로 13
제주신라호텔,126.4080414,33.24743088,제주특별자치도 서귀포시 중문관광로72번길 75
제주코코몽에코파크,126.7058484,33.27455623,제주특별자치도 서귀포시 남원읍 태위로 536
제주신라호텔 풀사이드바,126.4080767,33.2471281,제주특별자치도 서귀포시 중문관광로72번길 75
제주신라호텔 수영장,126.40804,33.24747415,제주특별자치도 서귀포시 중문관광로72번길 75
제주오성식당,126.4146681,33.25569405,제주특별자치도 서귀포시 중문관광로 27
방주교회,126.3874393,33.30504898,제주특별자치도 서귀포시 안덕면 산록남로762번길 113
큰엉,126.7047753,33.27320124,제주특별자치도 서귀포시 남원읍 남원리
휴애리자연생활공원,126.6354098,33.30941046,제주특별자치도 서귀포시 남원읍 신례동로 256
스시마타네,126.3911411,33.44760687,제주특별자치도 제주시 애월읍 하소로 391-2
에코그린리조트,126.2914788,33.43528832,제주특별자치도 제주시 한림읍 귀덕6길 94
옥만이네,126.263335,33.41647865,제주특별자치도 제주시 한림읍 한림해안로 160
제주오리엔탈호텔,126.5197977,33.51758741,제주특별자치도 제주시 탑동로 47
골막식당,126.5384001,33.50247172,제주특별자치도 제주시 천수로 12
금성주유소,126.3007199,33.44417992,제주특별자치도 제주시 애월읍 일주서로 5940
채우다,126.5280142,33.51489259,제주특별자치도 제주시 중앙로7길 31
모래비,126.7962899,33.55544238,제주특별자치도 제주시 구좌읍 해맞이해안로 462
월정리카페거리,126.7964965,33.55552927,제주특별자치도 제주시 구좌읍 월정리 652-4
한아름정육마트,126.5182479,33.51134961,제주특별자치도 제주시 서문로6길 4-1
제주알프스렌터카,126.5065966,33.48961417,제주특별자치도 제주시 연미3길 4
제주4.3평화공원,126.6179268,33.45126835,제주특별자치도 제주시 명림로 430
금호제주리조트,126.7018417,33.27324563,제주특별자치도 서귀포시 남원읍 태위로 522-12
다미진횟집,126.844028,33.32510303,제주특별자치도 서귀포시 표선면 민속해안로 578-1
궷물오름,126.4059387,33.39695302,제주특별자치도 제주시 애월읍 유수암리 산 136-6
서머셋 제주신화월드,126.3172065,33.30280216,제주특별자치도 서귀포시 성산읍 성산등용로 112-7
제주시새우리 제주점,126.5207376,33.5146122,제주특별자치도 제주시 무근성7길 24
정물오름,126.3296255,33.33835789,제주특별자치도 제주시 한림읍 금악리 산 52-1
고내횟집,126.3376331,33.46686457,제주특별자치도 제주시 애월읍 고내로7길 46-1
수산봉,126.3845559,33.47301361,제주특별자치도 제주시 애월읍 수산리 산 1-1
도두봉,126.4683501,33.50798635,제주특별자치도 서귀포시 표선면 번영로 2486
카페글렌코,126.7332415,33.43367131,제주특별자치도 제주시 구좌읍 비자림로 1202
제주돈,126.5487171,33.4944603,제주특별자치도 제주시 연신로 83
서귀샌드,126.5586499,33.24666532,제주특별자치도 서귀포시 태평로 347
말고기연구소,126.5203074,33.51553467,제주특별자치도 제주시 북성로 43
용머리해안,126.3147366,33.23165676,제주특별자치도 서귀포시 색달중앙로252번길 124
제주한옥호텔 한라궁,126.5782457,33.24845993,제주특별자치도 서귀포시 정방연로 6
원앤온리,126.3191925,33.23922235,제주특별자치도 서귀포시 안덕면 산방로 141
한라산1100고지,126.4622197,33.35807817,제주특별자치도 서귀포시 색달동 산 1-2
미깡창고,126.4451277,33.46028057,제주특별자치도 제주시 애월읍 중산간서로 6710-1
중문대포주상절리대,126.4260174,33.23799399,제주특별자치도 서귀포시 이어도로 36-30
까망돼지 서귀포점,126.5775117,33.25513672,제주특별자치도 서귀포시 일주동로 8524
협재칼국수,126.2445062,33.39680908,제주특별자치도 제주시 한림읍 협재로 3
닭머르해안길 1코스,126.6161239,33.53716697,제주특별자치도 서귀포시 성산읍 일출로 284-12
그르니에,126.4882433,33.48973268,제주특별자치도 제주시 삼무로 14
바다어멍,126.5666551,33.24788632,제주특별자치도 서귀포시 명동로 45
돌염전,126.3765205,33.48341383,제주특별자치도 제주시 애월읍 구엄리
와토커피,126.2565385,33.22546206,제주특별자치도 서귀포시 대정읍 동일하모로 238
보배책방,126.3305214,33.43747339,제주특별자치도 제주시 애월읍 납읍로2길 15-1
방모루,126.755401,33.55652779,제주특별자치도 제주시 구좌읍 김녕로21길 7
과수원피스,126.2269572,33.38550328,제주특별자치도 제주시 한림읍 한림로 176-2
한라전복(본점),126.2451971,33.23048247,제주특별자치도 서귀포시 대정읍 대한로 33
수월봉지질트레일,126.1633315,33.29480821,제주특별자치도 제주시 한경면 고산리 3760
책방소리소문,126.2594877,33.33260401,제주특별자치도 제주시 한경면 저지동길 8-31
수르르,126.2270896,33.38924209,제주특별자치도 제주시 한림읍 금능5길 26
고래날다,126.7942554,33.55601964,제주특별자치도 제주시 구좌읍 월정3길 53-7
달다락펜션,126.7952205,33.55411346,제주특별자치도 제주시 구좌읍 월정5길 38-1
호정이네,126.2499811,33.21750112,제주특별자치도 서귀포시 대정읍 하모항구로 22-11
김녕해수욕장,126.759314,33.55743886,제주특별자치도 제주시 구좌읍 해맞이해안로 7-6
제파,126.7939164,33.55458283,제주특별자치도 제주시 구좌읍 월정3길 40
산방산탄산온천,126.2987822,33.24902672,제주특별자치도 서귀포시 안덕면 사계북로41번길 192
우정회센타 중문점,126.4238329,33.25190586,제주특별자치도 서귀포시 천제연로 179
글래즈하임호텔,126.4979881,33.23668956,제주특별자치도 서귀포시 이어도로 777
에이바우트커피뷰 강정점,126.4985194,33.23684768,제주특별자치도 서귀포시 선반로65번길 37-31
형아시횟집,126.4984342,33.23598088,제주특별자치도 서귀포시 이어도로 778-1
참맛나김밥,126.4750173,33.47858868,제주특별자치도 제주시 한라대학로 31
남원큰엉해변,126.70371,33.27335018,제주특별자치도 서귀포시 남원읍 태위로 522-17
하우목동항,126.9429312,33.5094818,제주특별자치도 제주시 우도면 우도해안길 352
노블피아,126.5668556,33.24728113,제주특별자치도 서귀포시 명동로 46
꾼짬뽕,126.6902758,33.43561541,제주특별자치도 제주시 조천읍 비자림로 787
랜딩관 제주신화월드호텔앤리조트,126.3175385,33.30566208,제주특별자치도 서귀포시 안덕면 신화역사로304번길 38
브리즈베이호텔,126.9308614,33.4666327,제주특별자치도 서귀포시 성산읍 성산등용로 42
다다익고정육점식당,126.4060644,33.26034348,제주특별자치도 서귀포시 색달로 25
바당칼국수,126.304239,33.22799562,제주특별자치도 서귀포시 안덕면 형제해안로 22
여미지식물원,126.4142595,33.25260678,제주특별자치도 서귀포시 중문관광로 93
가파도,126.2714103,33.17001212,제주특별자치도 서귀포시 대정읍 가파리 276
올레야시장,126.5628483,33.24954102,제주특별자치도 서귀포시 중정로61번길 20
면차롱,126.2436596,33.39626658,제주특별자치도 제주시 한림읍 한림로 380
성산을본갈치조림구이 제주성산일출봉점,126.9357577,33.46438356,제주특별자치도 서귀포시 성산읍 성산중앙로64번길 5-4
플랏포커피,126.4828214,33.48698826,제주특별자치도 제주시 원노형5길 27
바당국수,126.5656601,33.25033529,제주특별자치도 서귀포시 동문동로 21-1
노조미,126.4902528,33.47952321,제주특별자치도 제주시 국기로2길 2-3
제주로와게스트하우스,126.4892234,33.48846638,제주특별자치도 제주시 제원길 16
마코다이브,126.5673316,33.26043215,제주특별자치도 서귀포시 동홍로 133
연과자점,126.5599976,33.25138652,제주특별자치도 서귀포시 서문로 13
시와스튜디오,126.3316896,33.46841495,제주특별자치도 제주시 애월읍 애월해안로 177
명월국민학교,126.2648717,33.38873775,제주특별자치도 제주시 한림읍 명월로 48
비마이게스트,126.2454894,33.39795467,제주특별자치도 제주시 한림읍 한림로 406
고불락,126.3366187,33.46671489,제주특별자치도 제주시 애월읍 고내로7길 45-12
우무솝,126.2564456,33.40590069,제주특별자치도 제주시 한림읍 한림로 542-1
레츠고렌트카,126.5026297,33.51268355,제주특별자치도 제주시 용해로 50
별돈별 정원점,126.1801669,33.30866164,제주특별자치도 제주시 한경면 고산로8길 21-15
3인칭관찰자시점,126.1812,33.34974861,제주특별자치도 제주시 한경면 신창7길 24
어느 틈에 벌써,126.2559978,33.3313758,제주특별자치도 제주시 한경면
만나다공원,126.6723054,33.51336759,제주특별자치도 제주시 조천읍 곱은달길 33
협재온다정,126.243402,33.39697005,제주특별자치도 제주시 한림읍 한림로 381-4
블루보틀 제주 카페,126.7508653,33.433277,제주특별자치도 제주시 구좌읍 번영로 2133-30
ABC베이커리,126.5233962,33.51695217,제주특별자치도 제주시 탑동로 11
종종제주,126.7124676,33.48792319,제주특별자치도 제주시 조천읍 선교로 66
큰물살아있는해물탕,126.4344278,33.48798499,제주특별자치도 제주시 조공포길 49
CU 제주함덕점,126.6681153,33.54239138,제주특별자치도 제주시 조천읍 조함해안로 518
스타빌,126.3954273,33.33841523,제주특별자치도 서귀포시 안덕면 광평로 34-154
서울식당,126.6677317,33.54190349,제주특별자치도 제주시 조천읍 함덕13길 5
연미정,126.8538628,33.5246422,제주특별자치도 제주시 구좌읍 세평항로 14
선흘림,126.7052384,33.50744568,제주특별자치도 제주시 조천읍 선흘남4길 37-2
646미터퍼세크,126.1933416,33.3627677,제주특별자치도 제주시 한경면 일주서로 4469
한경농협하나로마트,126.1900117,33.34644257,제주특별자치도 제주시 한경면 신한로 76
제비상회,126.1874513,33.34845893,제주특별자치도 제주시 한경면 신한로 45
산지해장국 아라점,126.543632,33.47240939,제주특별자치도 제주시 아란9길 15
카페닐스,126.255933,33.39339439,제주특별자치도 제주시 한림읍 일주서로 5153
모앙,126.5473307,33.47590763,제주특별자치도 제주시 인다5길 12-4
배스킨라빈스 제주함덕점,126.6689806,33.54246583,제주특별자치도 제주시 조천읍 조함해안로 526
카페진정성 종점,126.4628742,33.50241076,제주특별자치도 제주시 서해안로 124
김녕농협하나로마트,126.7492265,33.55461849,제주특별자치도 제주시 구좌읍 김녕로 107
수월봉,126.1631086,33.29476974,제주특별자치도 서귀포시 표선면 민속해안로 594
스모프치킨 고산점,126.1810312,33.30349579,제주특별자치도 제주시 한경면 고락로 13-1
부가네얼큰이 본점,126.5208441,33.51326564,제주특별자치도 제주시 관덕로 15
칠성로쇼핑거리,126.5254425,33.51436705,제주특별자치도 제주시 일도1동 1296-5
제주참숯가마찜질방,126.863416,33.36914232,제주특별자치도 서귀포시 성산읍 삼달로 47
고투베드리조트,126.8550647,33.42734312,제주특별자치도 서귀포시 성산읍 서성일로 660
사려니숲길 붉은오름 입구,126.6850676,33.39517133,제주특별자치도 서귀포시 표선면 가시리 산 158-4
제주흑돈만두,126.9151756,33.44807007,제주특별자치도 서귀포시 성산읍 고성오조로 50
토리노카페,126.5238119,33.51338347,제주특별자치도 제주시 관덕로 41
체크인호텔,126.5277998,33.5163289,제주특별자치도 제주시 임항로 28
성산가는길,126.8514003,33.42603775,제주특별자치도 서귀포시 성산읍 서성일로 621
표선농협하나로마트 성읍점,126.8006519,33.39065029,제주특별자치도 서귀포시 표선면 중산간동로 4632
천주교용수성지,126.1677309,33.32286381,제주특별자치도 제주시 한경면 용수1길 108
요이땅삐삐,126.1793981,33.30269882,제주특별자치도 제주시 한경면 고산로 19
서림채2,126.1968427,33.35100842,제주특별자치도 제주시 한경면 금등4길 136
제일성심당,126.9148961,33.44794726,제주특별자치도 서귀포시 성산읍 고성오조로 47
놀멍놀멍,126.1651983,33.3089154,제주특별자치도 제주시 한경면 노을해안로 1164-1
면사무소,126.3568981,33.47840172,제주특별자치도 제주시 애월읍 애월해안로 494
화성식당,126.5859462,33.52138206,제주특별자치도 제주시 일주동로 383
한성식당,126.9350314,33.46320748,제주특별자치도 서귀포시 성산읍 일출로 287
반디파스타,126.6691764,33.54251323,제주특별자치도 제주시 조천읍 조함해안로 528
오조리레저파크,126.9237095,33.45468262,제주특별자치도 서귀포시 성산읍 고성리 275-2
트라이브,126.3110019,33.46026497,제주특별자치도 제주시 애월읍 애월로 11
친구테이블,126.6643713,33.54109742,제주특별자치도 제주시 조천읍 함덕12길 12
델문도,126.668724,33.54370934,제주특별자치도 제주시 조천읍 조함해안로 519-10
사라오름,126.5708756,33.37193619,제주특별자치도 서귀포시 남원읍 신례리 산 2-1
콜린 제주,126.3104349,33.46286649,제주특별자치도 제주시 애월읍 애월로1길 24-8
깡촌흑돼지,126.6671355,33.54127438,제주특별자치도 제주시 조천읍 함덕14길 2
에벤에셀호텔,126.6669896,33.5422405,제주특별자치도 제주시 조천읍 조함해안로 504
제주타요렌터카,126.4648592,33.49393178,제주특별자치도 제주시 일주서로 7662
형제도식당 본점,126.412817,33.25777888,제주특별자치도 서귀포시 일주서로 915
문화예술 공공수장고,126.2649473,33.33706419,제주특별자치도 제주시 한경면 저지리 2114-1
포도뮤지엄,126.3859695,33.31927276,제주특별자치도 서귀포시 안덕면 산록남로 788
루체빌,126.3851526,33.31983493,제주특별자치도 서귀포시 안덕면 산록남로 786
바르다김선생 제주삼화점,126.5809813,33.5161181,제주특별자치도 제주시 건주로 37
제주현대미술관,126.265585,33.33966276,제주특별자치도 제주시 한경면 저지14길 35
디아넥스호텔,126.3926864,33.30306955,제주특별자치도 서귀포시 안덕면 산록남로762번길 71
면뽑는선생만두빚는아내,126.2493758,33.39974716,제주특별자치도 제주시 한림읍 옹포2길 10
태흥1리쉼터,126.7380777,33.27965221,제주특별자치도 서귀포시 남원읍 태흥리
교래자연휴양림,126.658925,33.44076338,제주특별자치도 제주시 조천읍 남조로 2023
한라산 성판악탐방안내소,126.6191286,33.38492809,제주특별자치도 제주시 조천읍 516로 1865
엠스테이호텔 제주,126.5607328,33.24685211,제주특별자치도 서귀포시 태평로353번길 14
제주고산리유적,126.1666521,33.30508437,제주특별자치도 제주시 한경면 고산리 3628
모슬포항,126.2505091,33.21646745,제주특별자치도 서귀포시 대정읍 하모리 770-28
소요0617,126.7352792,33.28216183,제주특별자치도 서귀포시 남원읍 태위로834번길 11-6
예래생태마을,126.3929145,33.24934513,제주특별자치도 서귀포시 상예동 1307
붉은오름자연휴양림,126.6753618,33.40149008,제주특별자치도 서귀포시 표선면 남조로 1487-73
베스트웨스턴 제주호텔,126.4818458,33.48782988,제주특별자치도 제주시 도령로 27
소랑아시,126.4146681,33.25570306,제주특별자치도 서귀포시 중문관광로 27
MJ리조트,126.8793089,33.52888549,제주특별자치도 제주시 구좌읍 해맞이해안로 1651
올리브영 제주하귀점,126.4086555,33.48420604,제주특별자치도 제주시 애월읍 하귀로 121
선물가게바나나,126.4171165,33.25803173,제주특별자치도 서귀포시 일주서로 875
파도국수,126.4970481,33.48660504,제주특별자치도 제주시 신대로15길 2
애월스테이인제주,126.3771441,33.48317083,제주특별자치도 제주시 애월읍 애월해안로 708
금오름,126.3058389,33.35457233,제주특별자치도 서귀포시 칠십리로214번길 30
신세계사이먼 제주프리미엄전문점,126.317576,33.30663512,제주특별자치도 서귀포시 안덕면 신화역사로304번길 38
노루생태관찰원,126.6257974,33.44482063,제주특별자치도 제주시 명림로 520
장인의집,126.3268372,33.46574245,제주특별자치도 제주시 애월읍 애월로19길 31
광평도새기촌 제주본점,126.3808577,33.48143585,제주특별자치도 제주시 애월읍 구엄동3길 64
지붕위제주바다,126.837498,33.53284079,제주특별자치도 제주시 구좌읍 평대2길 17
다정이네김밥 서귀포신시가지점,126.5001368,33.23637633,제주특별자치도 서귀포시 이어도로 796
카페팀블로우,126.3108266,33.46108173,제주특별자치도 제주시 애월읍 애월로 19-3
제스코마트 신제주점,126.4970635,33.48729752,제주특별자치도 제주시 신대로 109
용팔이막창 노형점,126.4790199,33.48860693,제주특별자치도 제주시 월랑로4길 17
연돈,126.4071581,33.25889529,제주특별자치도 서귀포시 일주서로 968-10
제주스런 서귀포공방,126.4751088,33.26263767,제주특별자치도 서귀포시 중산간서로356번길 42
미풍해장국 연동점,126.4895976,33.48923968,제주특별자치도 제주시 제원길 7
대영수산회직영센타,126.8550675,33.52391332,제주특별자치도 제주시 구좌읍 구좌로 33-10
검은노루,126.2617161,33.2238736,제주특별자치도 서귀포시 대정읍 상모로 257
월영사계,126.2995123,33.23915545,제주특별자치도 서귀포시 안덕면 사계로 96
위이,126.359049,33.31276512,제주특별자치도 서귀포시 안덕면 신화역사로682번길 12
카페나모나모,126.4719716,33.50889441,제주특별자치도 제주시 도두봉6길 4
성산진미식당,126.9351818,33.4634528,제주특별자치도 서귀포시 성산읍 일출로 290
성산비치호텔,126.9329089,33.46482204,제주특별자치도 서귀포시 성산읍 성산등용로 13
제주곶,126.5731977,33.24498766,제주특별자치도 서귀포시 칠십리로214번길 36
조아렌트카,126.472327,33.4969975,제주시 오일장준길 39
신세계호텔,126.5623057,33.2447226,제주특별자치도 서귀포시 중앙로 2-2
롯데리아 제주항DT점,126.5341343,33.51771068,제주특별자치도 제주시 임항로 94
클럽클리프,126.5290633,33.4992738,제주특별자치도 제주시 광양10길 10
탐라문화광장,126.5273343,33.51325631,제주특별자치도 제주시 일도1동 1146-22
동진식당,126.5283022,33.5128083,제주특별자치도 제주시 동문로 16
착한제주고등어,126.5293076,33.51219273,제주특별자치도 제주시 신산로2길 25
동서지간,126.538857,33.51454033,제주특별자치도 제주시 사라봉길 1
은희네해장국 본점,126.540725,33.50852103,제주특별자치도 제주시 고마로13길 8
스카이31푸드에비뉴 제주,126.4928767,33.50669983,제주특별자치도 제주시 공항로 2
엔츠노래타운 연동3호점,126.4905608,33.48810764,제주특별자치도 제주시 연동7길 22
천금반점,126.5236709,33.51553592,제주특별자치도 제주시 북성로 7
황금돼지,126.4904857,33.485316,제주특별자치도 제주시 연동8길 6
제주드림타워 포차,126.4814609,33.48526054,제주특별자치도 제주시 노연로 12
CU 제주건입행복점,126.5324394,33.51742661,제주특별자치도 제주시 임항로 77
호텔컬리넌 제주,126.4928514,33.4853762,제주특별자치도 제주시 사장1길 26
제주김만복 함덕점,126.6748353,33.53795895,제주특별자치도 제주시 조천읍 함덕28길 1
뚱보조개,126.5296699,33.49693197,제주특별자치도 제주시 서광로28길 53
ICC제주국제컨벤션센터,126.4244399,33.24131911,제주특별자치도 서귀포시 중문관광로 224
커먼스테이,126.3645651,33.23603175,제주특별자치도 서귀포시 안덕면 대평로 21
루나폴,126.3222855,33.25413393,제주특별자치도 서귀포시 안덕면 일주서로 1836
서쪽가게,126.2438991,33.39566217,제주특별자치도 제주시 한림읍 한림로 372-7
제주렌트카 본사,126.4972152,33.50499457,제주특별자치도 제주시 용문로 8
피규어뮤지엄제주,126.3553565,33.28190641,제주특별자치도 서귀포시 안덕면 한창로 243
윈드1947카트테마파크,126.5888268,33.28951947,제주특별자치도 서귀포시 토평공단로 78-27
펠리시아호텔,126.517925,33.24724175,제주특별자치도 서귀포시 일주동로 9123
군산,126.3699703,33.25323961,제주특별자치도 서귀포시 안덕면 창천리 산 3-1
사브로소인제주,126.3132081,33.42668317,제주특별자치도 제주시 애월읍 곽봉로 247
석경초밥,126.5608758,33.24914637,제주특별자치도 서귀포시 천지로 18
큰돈가 본점,126.2909975,33.20844592,제주특별자치도 서귀포시 대정읍 형제해안로 296
한담몰,126.3116706,33.46235224,제주특별자치도 제주시 애월읍 애월로1길 7
하이엔드제주,126.3091738,33.46359065,제주특별자치도 제주시 애월읍 애월북서길 56
퍼스트70,126.5668407,33.24725583,제주특별자치도 서귀포시 명동로 46
리틀비틀키즈카페 서귀포점,126.5234363,33.24622521,제주특별자치도 서귀포시 이어도로 1059
귤밭사이로수제돈가스,126.5054804,33.23609564,제주특별자치도 서귀포시 이어도로 845
고향순대,126.5605984,33.24967915,제주특별자치도 서귀포시 천지로 23
단산 입구,126.2845262,33.24054609,제주특별자치도 서귀포시 대정읍 인성리 21-6
메리어트관 제주신화월드호텔앤리조트,126.3176638,33.30750204,제주특별자치도 서귀포시 안덕면 신화역사로304번길 38
메리어트관 제주신화월드호텔앤리조트 모실클럽하우스,126.3176852,33.30750216,제주특별자치도 서귀포시 안덕면 신화역사로304번길 38
스카이온파이브다이닝,126.3177211,33.30758531,제주특별자치도 서귀포시 안덕면 신화역사로304번길 38
신화테마파크,126.3152821,33.30475888,제주특별자치도 서귀포시 안덕면 신화역사로304번길 98
고집돌우럭 중문점,126.4167048,33.25798111,제주특별자치도 서귀포시 일주서로 879
보문사,126.3127147,33.23668384,제주특별자치도 서귀포시 안덕면 산방로 218-10
제주샘주,126.3373558,33.44449291,제주특별자치도 제주시 애월읍 애원로 283
성화정,126.3172072,33.302712,제주특별자치도 서귀포시 안덕면 신화역사로304번길 89
표선해변 인증센터,126.8407795,33.32547038,제주특별자치도 서귀포시 표선면 민속해안로 594
범섬,126.5163065,33.21846985,제주특별자치도 서귀포시 법환동
환태평양평화소공원,126.2772209,33.20044685,제주특별자치도 서귀포시 대정읍 상모리 1683-8
굽써,126.4487211,33.49754313,제주특별자치도 제주시 테우해안로 138
최남단 모슬포방어축제,126.2505266,33.21642067,제주특별자치도 서귀포시 대정읍 하모리
던킨 제주송악산점,126.2900694,33.20676362,제주특별자치도 서귀포시 대정읍 형제해안로 322
썬라이즈 호텔 성산점,126.9310218,33.46234067,제주특별자치도 서귀포시 성산읍 성산등용로17번길 35
남원용암해수풀장,126.719655,33.27769696,제주특별자치도 서귀포시 남원읍 남태해안로 140
코코스펜션,126.2424712,33.39250512,제주특별자치도 제주시 한림읍 협재2길 26
누이밥집,126.441334,33.26302878,제주특별자치도 서귀포시 중산간서로 695
탐라스테이호텔제주,126.3911929,33.4869669,제주특별자치도 제주시 애월읍 애월해안로 881
코시롱,126.3732876,33.47933317,제주특별자치도 제주시 애월읍 애월해안로 656
올레길 10코스(화순-모슬포 올레),126.2932099,33.21689044,제주특별자치도 서귀포시 대정읍 상모리
리틀보라카이,126.4139578,33.25857769,제주특별자치도 서귀포시 색달중앙로 38
빠레브호텔,126.5066265,33.25229073,제주특별자치도 서귀포시 김정문화로 15
대유ATV수렵사격랜드,126.3953497,33.27778323,제주특별자치도 서귀포시 상예로 381
황우지선녀탕,126.54889,33.23946324,제주특별자치도 서귀포시 서홍동
춘자네집,126.269439,33.17360887,제주특별자치도 서귀포시 대정읍 가파로67번길 96-1
민박,126.3834151,33.2411926,제주특별자치도 서귀포시 하예동
논짓물해변,126.389299,33.23720964,제주특별자치도 서귀포시 하예동
테왁,126.5152003,33.24961686,제주특별자치도 서귀포시 서호남로32번길 10-4
가파도민박,126.2729866,33.16634271,제주특별자치도 서귀포시 대정읍 가파로67번길 7
퍼시픽리솜 더클리프카페&펍,126.4149199,33.24432939,제주특별자치도 서귀포시 중문관광로 154-17
가파도용궁정식,126.2728867,33.16636197,제주특별자치도 서귀포시 대정읍 가파로67번길 7
가파도AIR 레지던스,126.2774021,33.16871444,제주특별자치도 서귀포시 대정읍 가파로 137-7
친봉산장,126.5960723,33.2911373,제주특별자치도 서귀포시 하신상로 417
올레길 10-1코스(가파도 올레),126.2710869,33.17036186,제주특별자치도 서귀포시 대정읍 가파로91번길 51
동백한입,126.3683633,33.2901436,제주특별자치도 서귀포시 안덕면 병악로 166
자상한하루,126.7688787,33.30674059,제주특별자치도 서귀포시 남원읍 신흥앞동산로35번길 6
돌카롱 사려니숲길점,126.6571368,33.42594503,제주특별자치도 제주시 조천읍 비자림로 422-2
국수의전설,126.6103922,33.26349942,제주특별자치도 서귀포시 효돈로 108
돈향기,126.5270319,33.51581928,제주특별자치도 제주시 관덕로15길 30
호텔더블유 탑동점,126.5272144,33.51629962,제주특별자치도 제주시 임항로 24
달인회센타,126.5639619,33.25001918,제주특별자치도 서귀포시 중정로73번길 22
페이보리오리,126.6172896,33.25693172,제주특별자치도 서귀포시 효돈순환로 252
여행스케치펜션,126.4359484,33.25553453,제주특별자치도 서귀포시 일주서로 694
스타벅스 제주협재점,126.2404138,33.39376017,제주특별자치도 제주시 한림읍 한림로 337
작은밥상,126.5380309,33.49721316,제주특별자치도 제주시 승천로 2
가시아방국수,126.9180648,33.43860508,제주특별자치도 서귀포시 성산읍 섭지코지로 10
중문수원,126.4146663,33.25531716,제주특별자치도 서귀포시 천제연로 83
카페더라이트,126.9359935,33.46563512,제주특별자치도 서귀포시 성산읍 한도로 269
고기에오르다,126.9351759,33.4656365,제주특별자치도 서귀포시 성산읍 한도로 264
로그인렌트카,126.4865441,33.50268962,제주특별자치도 제주시 다호북길 111
페리카나 성산점,126.9333309,33.46299741,제주특별자치도 서귀포시 성산읍 성산중앙로 38
순대이야기,126.5680573,33.26475167,제주특별자치도 서귀포시 동홍로 184
호텔휴안스테이,126.9323935,33.46359557,제주특별자치도 서귀포시 성산읍 성산중앙로37번길 9
오멍가멍쉬멍,126.2724577,33.16690765,제주특별자치도 서귀포시 대정읍 가파로67번길 13
캠파제주,126.6010331,33.29851239,제주특별자치도 서귀포시 516로 574-23
외돌개,126.5448623,33.23903382,제주특별자치도 서귀포시 서홍동 791
랑이식당,126.7018456,33.32257826,제주특별자치도 서귀포시 남원읍 한남리 157-4
타마라 제주,126.5101219,33.25184562,제주특별자치도 서귀포시 김정문화로41번길 10-8
미띠뽀,126.509731,33.24959542,제주특별자치도 서귀포시 신서귀로 3
돗돗,126.9335756,33.46363858,제주특별자치도 서귀포시 성산읍 성산중앙로 43
퍼스트짐 신서귀포점,126.5088532,33.25208857,제주특별자치도 서귀포시 김정문화로41번길 5-2
낯선하루게스트하우스,126.9207791,33.43626265,제주특별자치도 서귀포시 성산읍 신양로122번길 30-8
만나빵집,126.8970577,33.4932702,제주특별자치도 제주시 구좌읍 종달로5길 5-1
달리센트,126.8986408,33.49035481,제주특별자치도 제주시 구좌읍 종달리 1991
활엽수게스트하우스,126.2612242,33.22547555,제주특별자치도 서귀포시 대정읍 상모대서로20번길 44
무드,126.5153297,33.50773908,제주특별자치도 제주시 남성로 89
릴로,126.8950829,33.49259414,제주특별자치도 제주시 구좌읍 종달로 60-12
무로이,126.3365667,33.30773514,제주특별자치도 서귀포시 안덕면 동광본동로 21
쁘띠제주빅터펜션,126.4814372,33.50997754,제주특별자치도 제주시 서해안로 340
두엔데,126.3108634,33.25658486,제주특별자치도 서귀포시 안덕면 덕수동로 27
후룩,126.8070263,33.55633953,제주특별자치도 제주시 구좌읍 해맞이해안로 584-2
초이당,126.7312639,33.28055733,제주특별자치도 서귀포시 남원읍 남태해안로 259
숙성도 함덕점,126.6711257,33.542394,제주특별자치도 제주시 조천읍 함덕로 40
베어파인,126.387597,33.47473448,제주특별자치도 제주시 애월읍 수산곰솔길 37
양식당,126.5036327,33.51157591,제주특별자치도 제주시 성화로5길 5
안도르,126.7709851,33.45531325,제주특별자치도 제주시 구좌읍 송당리 2148-5
절물자연휴양림,126.6280113,33.43915259,제주특별자치도 제주시 명림로 584
위드시티호텔,126.4837967,33.48582026,제주특별자치도 제주시 노연로 34
이호테우등대,126.4519614,33.50179497,제주특별자치도 제주시 이호일동
와흘메밀농촌체험휴양마을,126.6500582,33.48278585,제주특별자치도 제주시 조천읍 남조로 2455
롱플레이제주,126.7109425,33.55306904,제주특별자치도 제주시 구좌읍 동복로 44
휘닉스제주 유민미술관,126.9322309,33.42919718,제주특별자치도 서귀포시 성산읍 섭지코지로 107
디앤디파트먼트 제주,126.5231886,33.51772313,제주특별자치도 제주시 탑동로2길 3
슬로보트 아뜰리에,126.4143678,33.4901007,제주특별자치도 제주시 애월읍 하귀2길 46-16
5L2F(오엘이에프),126.633407,33.49398245,제주특별자치도 제주시 조천읍 와흘상길 30
슌식당,126.8962427,33.47649243,제주특별자치도 서귀포시 성산읍 시흥상동로 87
CU 서귀포동문점,126.5665952,33.24959921,제주특별자치도 서귀포시 중동로48번길 11
미도호스텔,126.5663654,33.25006365,제주특별자치도 서귀포시 동문동로 13-1
디저트39 서귀포명동로점,126.5639898,33.247208,제주특별자치도 서귀포시 명동로 20
애나의숲 브런치카페,126.5666449,33.24996004,제주특별자치도 서귀포시 중동로48번길 8
서귀포해뜨는집,126.5640145,33.25066043,제주특별자치도 서귀포시 중앙로62번길 27
다정이네 올레시장본점,126.5668409,33.24938368,제주특별자치도 서귀포시 동문로 59-1
올레흑돼지김치말이,126.5628487,33.24954003,제주 서귀포시 중정로61번길 20
CU 제주서부중앙점,126.448291,33.46064541,제주특별자치도 제주시 노형로 2
돌멩이감성소품,126.5635768,33.249778,제주특별자치도 서귀포시 중앙로54번길 38
한라통닭,126.56385,33.24921814,제주특별자치도 서귀포시 중정로73번길 13
이디하우스,126.8619331,33.52396264,제주특별자치도 제주시 구좌읍 해녀박물관길 33-2
올레길 20코스(김녕-하도 올레),126.8054717,33.5542454,제주특별자치도 제주시 구좌읍 행원리 3554
다이소 제주동문시장점,126.5265139,33.51289975,제주특별자치도 제주시 관덕로 68
세화해변,126.8602562,33.52514366,제주특별자치도 제주시 구좌읍 해녀박물관길 27
세화민속오일시장,126.8574647,33.52591225,제주특별자치도 제주시 구좌읍 해맞이해안로 1412
카카오패밀리,126.857468,33.52259797,제주특별자치도 제주시 구좌읍 구좌로 60
해녀박물관,126.8634299,33.52357842,제주특별자치도 제주시 구좌읍 해녀박물관길 26
서우봉,126.6775859,33.54584155,제주특별자치도 제주시 조천읍 함덕리 169-3
세화씨문방구,126.8598781,33.52463473,제주특별자치도 제주시 구좌읍 해맞이해안로 1446
바다정류장,126.6692004,33.54074978,제주특별자치도 제주시 조천읍 신북로 558
베지근국수,126.5270257,33.51220929,제주특별자치도 제주시 동문로 6-8
진고복식당 제주공항점,126.4934934,33.50688357,제주특별자치도 제주시 공항로 2
가는곶 세화,126.860677,33.5205027,제주특별자치도 제주시 구좌읍 세화14길 3
모메존흑돼지,126.8543871,33.52524509,제주특별자치도 제주시 구좌읍 세화1길 17
단잠,126.2958657,33.43907833,제주특별자치도 제주시 한림읍 귀덕14길 56
국수데이,126.412964,33.48238098,제주특별자치도 제주시 애월읍 하광로 38
제주와함께라면,126.3401803,33.4687255,제주특별자치도 제주시 애월읍 애월해안로 274
꽃밥,126.3085038,33.451512,제주특별자치도 제주시 애월읍 일주서로 6059
돈해상,126.2958545,33.4463162,제주특별자치도 제주시 한림읍 귀덕11길 39
로봇플래닛,126.3083072,33.29659857,제주특별자치도 서귀포시 안덕면 신화역사로188번길 151
신우성흑돼지,126.4115663,33.24968363,제주특별자치도 서귀포시 중문관광로72번길 29-9
롯데호텔 제주,126.4106002,33.24845645,제주특별자치도 서귀포시 중문관광로72번길 35
제미니국수,126.6226359,33.25224604,제주특별자치도 서귀포시 쇠소깍로 134
제주현대렌트카,126.4960218,33.51777786,제주특별자치도 제주시 어영길 30
신제주유람선,126.4651512,33.50664004,제주특별자치도 제주시 도두항서길 28
제주앞바다횟집,126.5154028,33.51687021,제주특별자치도 제주시 동한두기길 29
성산봄죽칼국수 성산점,126.9171085,33.47168274,제주특별자치도 서귀포시 성산읍 해맞이해안로 2725
장수해장국,126.4209942,33.25262028,제주특별자치도 서귀포시 천제연로 152
세계조가비박물관,126.5515832,33.24744339,제주특별자치도 서귀포시 태평로 284
그리고세화 해변점,126.8613124,33.52437308,제주특별자치도 제주시 구좌읍 해맞이해안로 1460
슬슬슬로우,126.7930351,33.53038704,제주특별자치도 제주시 구좌읍 덕행로 207
루마카,126.5852747,33.24744489,제주특별자치도 서귀포시 칠십리로 306
인손,126.8556811,33.52256885,제주특별자치도 제주시 구좌읍 세화4길 10
풍림다방 송당점,126.7857081,33.47187866,제주특별자치도 제주시 구좌읍 중산간동로 2267-4
빨간맛집 세화점,126.8562895,33.52311593,제주특별자치도 제주시 구좌읍 구좌로 46
성산K마트,126.9323167,33.46276154,제주특별자치도 서귀포시 성산읍 성산중앙로25번길 6
새연교,126.558886,33.23853254,제주특별자치도 서귀포시 서홍동 707-4
산지해장국 서귀포점,126.506904,33.24816599,제주특별자치도 서귀포시 월드컵로 16
백년손님,126.8611348,33.43870948,제주특별자치도 서귀포시 성산읍 금백조로 114
카페콜라,126.2919255,33.44331498,제주특별자치도 제주시 한림읍 일주서로 5857
귀덕궤물동산,126.2894921,33.44261225,제주특별자치도 제주시 한림읍 귀덕리 3025-2
귀덕바다 투명카약,126.291214,33.4433303,제주특별자치도 제주시 한림읍 귀덕9길 4
싱계물공원,126.1738486,33.34351322,제주특별자치도 제주시 한경면 신창리 1322-1
반핸,126.5352491,33.47185081,제주특별자치도 제주시 대원길 58
서부농업기술센터,126.248682,33.35368786,제주특별자치도 제주시 한림읍 월림7길 90
제주할망밥상,126.3356604,33.23999662,제주특별자치도 서귀포시 안덕면 화순해안로 89
삼합소,126.5298079,33.49730034,제주특별자치도 제주시 서광로32길 40-1
이호항,126.4525814,33.50177246,제주특별자치도 제주시 이호일동 375-43
쉬다가게,126.2955314,33.23077409,제주특별자치도 서귀포시 안덕면 사계남로21번길 27
한라산아래첫마을,126.3795496,33.32820916,제주특별자치도 서귀포시 안덕면 산록남로 675
아미고라운드,126.3752216,33.24245027,제주특별자치도 서귀포시 하예로19번길 115-6
표선해수욕장,126.8374248,33.32751092,제주특별자치도 서귀포시 명동로 45
스위트호텔 제주점,126.408221,33.249443,제주특별자치도 서귀포시 중문관광로72번길 67
사우스바운더,126.4025787,33.25640924,제주특별자치도 서귀포시 예래로 31
모헨,126.5169029,33.24109408,제주특별자치도 서귀포시 이어도로 973
카페세화숲,126.8613081,33.52436947,제주특별자치도 제주시 구좌읍 해맞이해안로 1460
세화당구클럽,126.8550134,33.52662347,제주특별자치도 제주시 구좌읍 세평항로 38
모레기동타잔,126.5917326,33.2916641,제주특별자치도 서귀포시 배낭골로21번길 13
오조파스타앤피자,126.8625805,33.52365682,제주특별자치도 제주시 구좌읍 해녀박물관길 30
공백,126.7150937,33.55339241,제주특별자치도 제주시 구좌읍 동복로 83
풍차로가는길,126.1745476,33.3422917,제주특별자치도 제주시 한경면 한경해안로 502-3
모던플레이스,126.3947586,33.26792477,제주특별자치도 서귀포시 상예로 262
망고홀릭 애월해안도로점,126.3416027,33.47053533,제주특별자치도 제주시 애월읍 애월해안로 298
안녕협재씨 제주협재점,126.2249788,33.38656924,제주특별자치도 제주시 한림읍 금능길 12
큰돈가 중문점,126.4151247,33.25513719,제주특별자치도 서귀포시 천제연로 89
더쉼팡풀빌라,126.8037216,33.31215169,제주특별자치도 서귀포시 표선면 세성로 67-2
아스타호텔,126.5202517,33.50085565,제주특별자치도 제주시 서사로 129
해월정 제주공항점,126.5024916,33.51707373,제주특별자치도 제주시 서해안로 612
바다속고등어쌈밥,126.4068108,33.48428558,제주특별자치도 제주시 애월읍 일주서로 7089
버거상점,126.795792,33.55560294,제주특별자치도 제주시 구좌읍 해맞이해안로 460
비밀의숲,126.7549321,33.45360918,제주특별자치도 제주시 구좌읍 송당리 2173
바이제주,126.504123,33.51657358,제주특별자치도 제주시 서해안로 626
광어다,126.809286,33.30390503,제주특별자치도 서귀포시 표선면 민속해안로 73
광치기해변,126.9238966,33.45231691,제주특별자치도 서귀포시 성산읍 고성리 224-33
돔베돈,126.5266308,33.51555448,제주특별자치도 제주시 관덕로15길 25
레몬밤스테이,126.9070805,33.43967657,제주특별자치도 서귀포시 성산읍 난고로34번길 61
하와이안비치로스터리카페,126.9174658,33.43516954,제주특별자치도 서귀포시 성산읍 신양로122번길 57
장승포식당,126.9168771,33.44918111,제주특별자치도 서귀포시 성산읍 동류암로 32
오저여,126.8140826,33.56151015,제주특별자치도 서귀포시 이어도로 36-30
탐라렌트카,126.4968291,33.5047622,제주특별자치도 제주시 공항로 5
가시어멍김밥 제주본점,126.4763918,33.48887444,제주특별자치도 제주시 월랑로 36
풀빌라소랑,126.6716309,33.49247036,제주특별자치도 제주시 조천읍 곱은달남길 218
국제리더스클럽,126.6527451,33.55141203,제주특별자치도 제주시 조천읍 신흥리 1-11
트라인커피,126.6331963,33.49393585,제주특별자치도 제주시 조천읍 와흘상길 32
회심,126.5644565,33.47842133,제주특별자치도 제주시 아봉로 200
에이바우트커피 함덕해수욕장점,126.6689827,33.54249648,제주특별자치도 제주시 조천읍 조함해안로 526
더큐브리조트 제주,126.5636462,33.28589925,제주특별자치도 서귀포시 솔오름로105번길 24
바라크라펜션,126.6041458,33.24162774,제주특별자치도 서귀포시 칠십리로504번길 8-4
백록담,126.5333432,33.3624195,제주특별자치도 서귀포시 토평동 산 15-1
신창풍차해안,126.1775906,33.3452391,제주특별자치도 제주시 한경면
홈플러스 서귀포점,126.5599283,33.26048552,제주특별자치도 서귀포시 중앙로 180
삼원정 본점,126.4139184,33.25932495,제주특별자치도 서귀포시 색달중앙로 44
산도롱맨도롱,126.9103846,33.49681124,제주특별자치도 제주시 구좌읍 해맞이해안로 2284
귤의 정원 바령,126.7060472,33.50538835,제주특별자치도 제주시 조천읍 선흘남3길 87
한라산국립공원 성판악탐방로,126.5750287,33.37813103,제주특별자치도 서귀포시 남원읍 신례리 산 2-1
신천올레해수풀장,126.8555943,33.34117319,제주특별자치도 서귀포시 성산읍 신천로49번길 32
화순항관리사무소,126.3352647,33.23698671,제주특별자치도 서귀포시 안덕면 화순해안로106번길 16
서진향해장국 성산점,126.9292691,33.46818662,제주특별자치도 서귀포시 성산읍 한도로 200
제주등대아구찜(서귀포점),126.5107961,33.2531349,제주특별자치도 서귀포시 신서로48번길 51-4
서귀포 정이가네 중문점,126.4197422,33.25370361,제주특별자치도 서귀포시 천제연로 135
천제연폭포,126.4183754,33.25267658,제주특별자치도 서귀포시 천제연로 132
호텔퍼블리코,126.5071024,33.25296253,제주특별자치도 서귀포시 신서로48번길 20-9
복자씨연탄구이,126.919897,33.46927908,제주특별자치도 서귀포시 성산읍 해맞이해안로 2764
쇠소깍전통나룻배 체험매표소,126.6224291,33.25367631,제주특별자치도 서귀포시 쇠소깍로 110
하버하우스웨스트,126.3368269,33.46593343,제주특별자치도 제주시 애월읍 고내로7길 37-1
교촌치킨 애월해안도로점,126.3373045,33.46651119,제주특별자치도 제주시 애월읍 고내로7길 44
혜원,126.3080518,33.27834858,제주특별자치도 서귀포시 안덕면 화순서서로 397
제주다시,126.2243418,33.38617578,제주특별자치도 제주시 한림읍 금능길 4
한라당몰국수,126.2548706,33.33017724,제주특별자치도 제주시 한경면 중산간서로 3645
싱싱잇,126.2272755,33.38645013,제주특별자치도 제주시 한림읍 한림로 181
베리제주,126.3363097,33.46661767,제주특별자치도 제주시 애월읍 고내로7길 45-14
남제주 비행기 격납고,126.2781833,33.20915125,제주특별자치도 서귀포시 대정읍 상모리 1542
항구식당,126.2510997,33.21915421,제주특별자치도 서귀포시 대정읍 하모항구로 64
도구리알,126.172075,33.27296965,제주특별자치도 서귀포시 대정읍
스타벅스 제주신화월드R점,126.3163884,33.30580903,제주특별자치도 서귀포시 안덕면 신화역사로304번길 38
밤의테이블,126.8550662,33.52338859,제주특별자치도 제주시 구좌읍 구좌로 34
사가냥,126.6588411,33.54395388,제주특별자치도 제주시 조천읍 신북로 453
탱자싸롱 게스트하우스,126.8612215,33.52197472,제주특별자치도 제주시 구좌읍 세화11길 12
책방무사,126.8866403,33.4461088,제주특별자치도 서귀포시 성산읍 수시로10번길 3
오늘은녹차한잔,126.7909911,33.3818346,제주특별자치도 서귀포시 표선면 중산간동로 4772
홍익인간,126.8558716,33.52327773,제주특별자치도 제주시 구좌읍 구좌로 42
선셋봉고,126.837723,33.53688746,제주특별자치도 제주시 구좌읍 대수길 28
회춘,126.6625095,33.54308308,제주특별자치도 제주시 조천읍 신북로 489
하양한,126.2391575,33.39386608,제주 제주시 조천읍 신북로 494-2 하양한
소심한책방,126.9024412,33.49049761,제주특별자치도 제주시 구좌읍 종달동길 36-10
서문식당,126.7990095,33.38604037,제주특별자치도 서귀포시 표선면 성읍민속로 101
일본라멘집 유라유라,126.5633304,33.25055524,제주특별자치도 서귀포시 중정로91번길 35
스타벅스 서귀포올레점,126.5637174,33.24827277,제주특별자치도 서귀포시 중정로 69
하르비카페,126.5667037,33.24240458,제주특별자치도 서귀포시 칠십리로 115
맥키쉬,126.5656189,33.52357724,제주특별자치도 제주시 진남로 51-1
스타벅스 제주시청점,126.5295702,33.5004487,제주특별자치도 제주시 중앙로 215
삼양해수욕장,126.5855373,33.52586702,제주특별자치도 제주시 관덕로14길 20
라바르,126.561783,33.24584058,제주특별자치도 서귀포시 중앙로 13
잇뽕사계,126.3048339,33.24242842,제주특별자치도 서귀포시 안덕면 사계로114번길 54-12
형제해안도로,126.2933526,33.21675421,제주특별자치도 서귀포시 안덕면 사계리
구럼비나무,126.5135457,33.23662154,제주특별자치도 서귀포시 법환로 15
다이나믹메이즈 제주도성읍점,126.785287,33.39915757,제주특별자치도 서귀포시 표선면 번영로 2644
함덕농협 하나로마트,126.6739304,33.53667991,제주특별자치도 제주시 조천읍 함와로 40
창경빌리지,126.6674343,33.53915644,제주특별자치도 제주시 조천읍 함덕서4길 60-9
목장카페 밭디,126.7722168,33.40789977,제주특별자치도 서귀포시 표선면 번영로 2486
제주산방산황토펜션,126.2981359,33.23671784,제주특별자치도 서귀포시 안덕면 사계로 62-1
선흘방주할머니식당,126.7001803,33.48457618,제주특별자치도 제주시 조천읍 선교로 212
국수대표,126.479309,33.48453024,제주특별자치도 제주시 노형14길 12
보리타작,126.3049501,33.24251562,제주특별자치도 서귀포시 안덕면 사계로114번길 54-12
제주광해 애월본점,126.3904213,33.48774929,제주특별자치도 제주시 애월읍 애월해안로 867
SK렌터카 제주지점,126.5021733,33.50404178,제주특별자치도 제주시 용문로 62
스테이 서하온,126.1974067,33.36329533,제주특별자치도 제주시 한경면 판포2길 6-16
아녹,126.2242681,33.323273,제주특별자치도 제주시 한경면 낙조길 22
그랜드조선 제주,126.4080049,33.25236438,제주특별자치도 서귀포시 중문관광로72번길 60
일월선셋비치,126.3092436,33.46292658,제주특별자치도 제주시 애월읍 애월북서길 56-1
칠돈가 중문점,126.4144416,33.25747639,제주특별자치도 서귀포시 중문관광로 8
회가서쪽에서뜨겠네,126.3115731,33.45999676,제주특별자치도 제주시 애월읍 애월로 12
바다위에코끼리,126.2429365,33.39784536,제주특별자치도 제주시 한림읍 협재1길 27-6
산도롱맨도롱 제주공항점,126.5043929,33.51320632,제주특별자치도 제주시 용담로 16
카페블루하우스 올레시장점,126.5610106,33.25116379,제주특별자치도 서귀포시 중앙로 73
바이올레,126.5639944,33.24780489,제주특별자치도 서귀포시 이중섭로 2
나라국밥,126.4511357,33.49518267,제주특별자치도 제주시 일주서로 7531
신신호텔 천지연,126.5575262,33.24948072,제주특별자치도 서귀포시 서문로 42-1
용연구름다리,126.5143922,33.51488321,제주특별자치도 제주시 용담2동
그랜드조선제주 아리아,126.4080876,33.25220248,제주특별자치도 서귀포시 중문관광로72번길 60
무민랜드제주,126.3817793,33.3066159,제주특별자치도 서귀포시 안덕면 병악로 420
고돌집우럭,126.416825,33.25794,제주 서귀포시 일주서로 879
제주김만복 성산점,126.9292636,33.46041294,제주특별자치도 서귀포시 성산읍 성산등용로17번길 55
돈빠,126.671706,33.53953659,제주특별자치도 제주시 조천읍 신북로 584-6
피즈,126.3118232,33.46155248,제주특별자치도 제주시 애월읍 애월로 29
카페록록,126.8789386,33.52884907,제주특별자치도 제주시 구좌읍 하도서문길 41
헤이피피,126.1998178,33.36493014,제주특별자치도 제주시 한경면 일주서로 4533-3
라마다제주시티호텔,126.5342941,33.49350354,제주특별자치도 제주시 중앙로 304
모알보알 제주,126.7279531,33.55956659,제주특별자치도 제주시 구좌읍 구좌해안로 141
로긴리조트,126.4886599,33.51696151,제주특별자치도 제주시 서해안로 442-11
큰노꼬메오름,126.4114582,33.38912818,제주특별자치도 제주시 애월읍 유수암리 산 138
어영공원,126.4864405,33.51731296,제주특별자치도 제주시 용담삼동
폴바셋 제주용담DT점,126.4872783,33.51742913,제주특별자치도 제주시 서해안로 442-1
달그락식탁,126.6535037,33.54371456,제주특별자치도 제주시 조천읍 신흥리 227-7
한라하이킹,126.514022,33.51313808,제주특별자치도 제주시 용두암길 50-1
고기장,126.4874511,33.5175173,제주특별자치도 제주시 서해안로 446-1
수애기베이커리,126.2441952,33.22224286,제주특별자치도 서귀포시 대정읍 동일하모로98번길 48-59
러디스,126.5056311,33.23180809,제주특별자치도 서귀포시 월드컵로 202
스타벅스 성산일출봉점,126.9354899,33.46286872,제주특별자치도 서귀포시 성산읍 일출로 284-5
해월정,126.9096317,33.49226299,제주특별자치도 제주시 구좌읍 해맞이해안로 2340
점보네게스트하우스,126.5059032,33.51620563,제주특별자치도 제주시 용마서1길 36
어쩌다어른게스트하우스,126.8330865,33.32710124,제주특별자치도 서귀포시 표선면 표선중앙로 73-9
흑사돈 표선점,126.8340694,33.32757501,제주특별자치도 서귀포시 표선면 표선동서로 269
징기스 신제주점,126.4849829,33.48282289,제주특별자치도 제주시 원노형로 65
제주엔찜함덕,126.669535,33.54249976,제주특별자치도 제주시 조천읍 조함해안로 530
하멜상선전시관,126.3137024,33.23331003,제주특별자치도 서귀포시 안덕면 사계남로216번길 24-30
굿다이버,126.5060565,33.26108383,제주특별자치도 서귀포시 중산간서로 41
카페용빵,126.3124742,33.23561139,제주특별자치도 서귀포시 안덕면 사계남로216번길 24-73
문치비,126.5060385,33.25285372,제주특별자치도 서귀포시 신서로32번길 14
천지연호텔,126.5624316,33.24186307,제주특별자치도 서귀포시 솔동산로 40
바지선선상낚시,126.5625845,33.23981961,제주특별자치도 서귀포시 서귀동 673-5
호텔에어시티제주,126.4924944,33.48958247,제주특별자치도 제주시 삼무로 56
한옥집,126.5533436,33.25153591,제주특별자치도 서귀포시 서홍로 41
소낭집,126.5164427,33.23815839,제주특별자치도 서귀포시 막숙포로37번길 12
노라바,126.3763054,33.48279245,제주특별자치도 제주시 애월읍 구엄길 100
삼성혈,126.5287631,33.50442796,제주특별자치도 제주시 삼성로 22
무인제주,126.3014517,33.44853871,제주특별자치도 제주시 애월읍 금성5길 44-9
숙성도 애월점,126.3095745,33.46353068,제주특별자치도 제주시 애월읍 애월로1길 24-16
호텔난타,126.5479108,33.44582699,제주특별자치도 제주시 선돌목동길 56-26
건강과성박물관,126.346663,33.25489914,제주특별자치도 서귀포시 안덕면 일주서로 1611
하영올레국수,126.4878686,33.48684694,제주특별자치도 제주시 연동3길 34
솔트,126.3363024,33.4670017,제주특별자치도 제주시 애월읍 애월해안로 226
다운타우너 제주애월,126.3097228,33.46327185,제주특별자치도 제주시 애월읍 애월로1길 24-9
잔디공장,126.8732899,33.37743058,제주특별자치도 서귀포시 성산읍 일주동로5154번길 5
쉬어갓,126.8822494,33.38608414,제주특별자치도 서귀포시 성산읍 일주동로 5023
괸당집 성산점,126.9146609,33.45087553,제주특별자치도 서귀포시 성산읍 고성오조로 80
모구리오름,126.8286449,33.40901928,제주특별자치도 서귀포시 성산읍 난산리 2960-1
스타벅스 제주삼화DT점,126.5804169,33.51174166,제주특별자치도 제주시 연삼로 884
큰사슴이오름,126.729544,33.39914417,제주특별자치도 서귀포시 표선면 가시리 산 68-9
중문보말칼국수,126.4248641,33.25158514,제주특별자치도 서귀포시 천제연로 190
일루아,126.4097362,33.42826562,제주특별자치도 제주시 애월읍 유수암평화길 180
돈사돈 중문점,126.4330493,33.25097717,제주특별자치도 서귀포시 천제연로 264-1
서귀포제트보트,126.5586161,33.23929977,제주특별자치도 서귀포시 남성중로 40
우지커피 서귀포점,126.5623067,33.25313662,제주특별자치도 서귀포시 일주동로 8667
나지금제주,126.471441,33.48179216,제주특별자치도 제주시 수덕5길 85-5
제주공항게스트하우스 웨이브사운드,126.522985,33.51107943,제주특별자치도 제주시 관덕로8길 24
스테이솔티,126.7983809,33.55463076,제주특별자치도 제주시 구좌읍 해맞이해안로 480-1
우드스탁,126.5643908,33.24749973,제주특별자치도 서귀포시 이중섭로 5
월정리유메이우동,126.7947094,33.55530994,제주특별자치도 제주시 구좌읍 월정3길 52
담백,126.8013186,33.55647656,제주특별자치도 제주시 구좌읍 해맞이해안로 518
도톰,126.6760631,33.54013771,제주특별자치도 제주시 조천읍 신북로 624
원조미풍해장국 본점,126.5228807,33.51126656,제주특별자치도 제주시 중앙로14길 13
모퉁이옷장,126.5204183,33.51201078,제주특별자치도 제주시 중앙로12길 40
제주도게스트하우스파티 함비자,126.6528427,33.54961633,제주특별자치도 제주시 조천읍 조함해안로 330-1
티라호텔,126.9184417,33.44268423,제주특별자치도 서귀포시 성산읍 섭지코지로25번길 41
미엘드세화,126.8618418,33.52452153,제주특별자치도 제주시 구좌읍 해맞이해안로 1464
한라전복,126.2451971,33.23048247,제주특별자치도 서귀포시 대정읍 대한로 33
마루해물라면,126.4911238,33.51896597,제주특별자치도 제주시 서해안로 486-1
일돈,126.9150444,33.43264158,제주특별자치도 서귀포시 성산읍 환해장성로 913
떡하니문어떡볶이,126.8078288,33.55376222,제주특별자치도 제주시 구좌읍 행원로9길 9-5
속솜,126.879839,33.52857225,제주특별자치도 제주시 구좌읍 해맞이해안로 1655
흑돼지구이집하영,126.416522,33.25512031,제주특별자치도 서귀포시 천제연로 101
제주엘루이호텔,126.5218405,33.50019281,제주특별자치도 제주시 서광로21길 1
홉히워크룸,126.5087589,33.23653691,제주특별자치도 서귀포시 이어도로 882
옐로우돕,126.54029,33.50530074,제주특별자치도 제주시 고마로16길 9
드림회센터,126.5629098,33.24903362,제주특별자치도 서귀포시 중정로61번길 14
왓츠유어플레이버,126.5289265,33.49909657,제주특별자치도 제주시 광양10길 12
마레보리조트,126.3544509,33.4706534,제주특별자치도 제주시 애월읍 신엄안3길 135
플레이커피랩,126.5588212,33.2505817,제주특별자치도 서귀포시 서문로28번길 2
제주약수터 올레시장점,126.5627608,33.24901957,제주특별자치도 서귀포시 중앙로48번길 10
에이바우트커피 올레시장점,126.5628149,33.24742207,제주특별자치도 서귀포시 중정로62번길 4
와룽발리,126.5142995,33.23534778,제주특별자치도 서귀포시 막숙포로 70
태웃개,126.6911068,33.27038487,제주특별자치도 서귀포시 남원읍 위미리 69
오프너마켓,126.5110617,33.25342356,제주특별자치도 서귀포시 신서귀로 49
속골,126.5263479,33.24056959,제주특별자치도 서귀포시 서홍동
지미스,126.9677762,33.4976545,제주특별자치도 제주시 우도면 우도해안길 1132
연돈볼카츠 제주성산일출봉점,126.9347311,33.46207851,제주특별자치도 서귀포시 성산읍 일출로 274-1
윌라라,126.932919,33.46285473,제주특별자치도 서귀포시 성산읍 성산중앙로 33
백패커스홈,126.5589924,33.24726071,제주특별자치도 서귀포시 중정로 24
제주스테이호텔,126.5205641,33.51445105,제주특별자치도 제주시 무근성7길 22
성산스테이션,126.93351,33.46371519,제주특별자치도 서귀포시 성산읍 성산중앙로 43
성산포항,126.9332938,33.47345966,제주특별자치도 서귀포시 성산읍 성산리
제주올레여행자센터,126.558657,33.24738935,제주특별자치도 서귀포시 중정로 22
천진항,126.9501866,33.49228954,제주특별자치도 제주시 우도면 연평리
성산포자연산회센타,126.9320367,33.4631626,제주특별자치도 서귀포시 성산읍 성산중앙로25번길 12
독고집 성산본점,126.9158085,33.44869532,제주특별자치도 서귀포시 성산읍 동류암로 43-1
해저3만리,126.5597715,33.24768182,제주특별자치도 서귀포시 중정로 31
떡갈비먹젠,126.5250649,33.51256603,제주특별자치도 제주시 중앙로11길 1
부전식당,126.9332589,33.46289639,제주특별자치도 서귀포시 성산읍 성산중앙로 36
성산일출봉손칼국수,126.9342286,33.46217111,제주특별자치도 서귀포시 성산읍 일출로 273
올레길 7-1코스(월드컵경기장-서귀포 올레),126.5232267,33.26209937,제주특별자치도 서귀포시 서호동
투썸플레이스 제주용두암점,126.5039204,33.51661604,제주특별자치도 제주시 서해안로 626
제주사교장,126.521454,33.5111736,제주특별자치도 제주시 중앙로14길 28
올레길 7코스(서귀포-월평 올레),126.5153097,33.23738579,제주특별자치도 서귀포시 중정로 22
도토리키친 본점,126.5186043,33.51538651,제주특별자치도 제주시 북성로 59
커피냅로스터스 제주,126.4137068,33.48919599,제주특별자치도 제주시 애월읍 하귀2길 45
제주여관 선인장,127.7353884,34.7398446,제주특별자치도 서귀포시 서호로 60-1
카페루시아 본점,126.3630723,33.23520815,제주특별자치도 서귀포시 안덕면 난드르로 49-17
녹고뫼휴양펜션 &제주캠핑장,126.4185466,33.41313875,제주특별자치도 제주시 애월읍 유수암평화10길 175-78
방사탑,126.484831,33.51484134,제주특별자치도 제주시 용담삼동 2580-55
수리코,126.2258151,33.34215486,제주특별자치도 제주시 한경면 조수설목1길 8
외도주유소,126.4246487,33.49261561,제주특별자치도 제주시 일주서로 7277
알뜨르비행장,126.2715273,33.20471618,제주특별자치도 서귀포시 대정읍 상모리 1670
서귀피안,126.5289612,33.24784395,제주특별자치도 서귀포시 서호호근로46번길 68
GS25 이호해수욕장점 건너,126.456801,33.500078,제주특별자치도 제주시 서해안로 24
삼다수숲길,126.6665392,33.42158523,제주특별자치도 제주시 조천읍 교래리 산 70-1
카페 사분의이,126.18457,33.35101138,제주특별자치도 제주시 한경면 두신로 92-7
빌리카,126.4497655,33.4940496,제주특별자치도 제주시 덕지2길 6
칠돈가 본점,126.5107108,33.50232039,제주특별자치도 제주시 서천길 1
아서원,126.6171722,33.25433105,제주특별자치도 서귀포시 칠십리로 699
중문해녀의집,126.4191388,33.24239084,제주특별자치도 서귀포시 중문관광로 192
라마다프라자 제주호텔,126.5178794,33.51878088,제주특별자치도 제주시 탑동로 66
태광식당,126.5187897,33.51262115,제주특별자치도 제주시 용담일동 118
곱뜨락아띠,126.2996619,33.23021497,제주특별자치도 서귀포시 안덕면 사계중앙로3번길 22
알동네집 화순점,126.3407591,33.25355522,제주특별자치도 서귀포시 안덕면 화순로 6
화순금모래해수욕장,126.3335893,33.24003243,제주특별자치도 서귀포시 안덕면 화순해안로 69
삼바리회센타,126.5272283,33.49711381,제주특별자치도 제주시 도남로7길 35
대춘해장국 노형점,126.484395,33.48761692,제주특별자치도 제주시 원노형로 11
삼양해수사우나,126.5863103,33.52449557,제주특별자치도 제주시 선사로 34
털보식당,126.6688122,33.54090742,제주특별자치도 제주시 조천읍 신북로 554
세모,126.8081749,33.55311,제주특별자치도 제주시 구좌읍 행원로 121
바바호미,126.6680063,33.53879554,제주특별자치도 제주시 조천읍 함덕서4길 60-21
위미항,126.6614454,33.26992066,제주특별자치도 서귀포시 남원읍
아침의새소리,126.7223532,33.31105972,제주특별자치도 서귀포시 남원읍 태수로358번길 3-1
마켓제주,126.3735155,33.48056048,제주특별자치도 제주시 애월읍 애월해안로 664
베케,126.6049215,33.26191692,제주특별자치도 서귀포시 효돈로 54
카페클로젯,126.8065353,33.55629188,제주특별자치도 제주시 구좌읍 행원로7길 23-12
레이지펌프,126.3095398,33.4662713,제주특별자치도 제주시 애월읍 애월북서길 32
별방진,126.8828987,33.52677198,제주특별자치도 제주시 구좌읍 하도리 3354
포센트애월,126.3781442,33.48385114,제주특별자치도 제주시 애월읍 애월해안로 724
월령작야달의객잔,126.216387,33.37942881,제주특별자치도 제주시 한림읍 월령3길 39-5
타코밤,126.9576601,33.51626055,제주특별자치도 제주시 우도면 우도해안길 780-2
아이스크림연구소카페,126.959664,33.49356245,제주특별자치도 제주시 우도면 우도봉길 47
우도올레보트,126.9446065,33.49676093,제주특별자치도 제주시 우도면 우도해안길 181
우도산호해변,126.9430478,33.50240607,제주특별자치도 제주시 우도면 연평리
쇠머리오름,126.9635913,33.49209675,제주특별자치도 제주시 우도면 연평리 산 23
오크라,126.2960928,33.43879111,제주특별자치도 제주시 한림읍 귀덕14길 57-2
서문공설시장,126.5179076,33.51136992,제주특별자치도 제주시 서문로4길 13-2
목장카페드르쿰다,126.7703379,33.40945971,제주특별자치도 서귀포시 표선면 번영로 2454
그리스신화박물관,126.3571353,33.34861302,제주특별자치도 제주시 한림읍 광산로 942
애월농협하나로마트,126.3223364,33.46049333,제주특별자치도 제주시 애월읍 애원로 41
동문공설시장,126.5282147,33.51206235,제주특별자치도 제주시 동문로4길 9
당케올레국수,126.843336,33.3252933,제주특별자치도 서귀포시 표선면 민속해안로 584
메이즈랜드,126.8008719,33.48825545,제주특별자치도 제주시 구좌읍 비자림로 2134-47
순수한둠비,126.5143951,33.51109294,제주특별자치도 제주시 서문로 37-11
하우투플레이,126.3913214,33.47905791,제주특별자치도 제주시 애월읍 일주서로 6935
타코마씸,126.7972082,33.55507964,제주특별자치도 제주시 구좌읍 해맞이해안로 474
돌집식당,126.8007432,33.39400085,제주특별자치도 서귀포시 표선면 서성일로 23
도렐 제주본점,126.9185488,33.44997473,제주특별자치도 서귀포시 성산읍 동류암로 20
제주해양동물박물관,126.8551365,33.42945929,제주특별자치도 서귀포시 성산읍 서성일로 689-21
온오프,126.961347,33.5129078,제주특별자치도 제주시 우도면 우도해안길 876
모들카페앤펍,126.9293504,33.430273,제주특별자치도 서귀포시 성산읍 섭지코지로 107
오월공방카페,126.9064891,33.40654267,제주특별자치도 서귀포시 성산읍 환해장성로 581
똣똣,126.9049145,33.40523954,제주특별자치도 서귀포시 성산읍 환해장성로 559
오션스퀘어,126.9089783,33.41321288,제주특별자치도 서귀포시 성산읍 환해장성로 667
바이브230,126.9334728,33.4644653,제주특별자치도 서귀포시 성산읍 성산등용로 5
꼬스뗀뇨,126.9052437,33.50986804,제주특별자치도 제주시 구좌읍 해맞이해안로 2080
오란이네 해산물,126.9105359,33.4181523,제주특별자치도 서귀포시 성산읍 온평리
돌담쉼팡,126.9153483,33.46076487,제주특별자치도 서귀포시 성산읍 오조로 75
하도어촌체험마을,126.9040529,33.52003178,제주특별자치도 제주시 구좌읍 해맞이해안로 1897-27
까사디노아,126.3631199,33.23736687,제주특별자치도 서귀포시 안덕면 대평로 42
노랑꼬리,126.2507712,33.22044695,제주특별자치도 서귀포시 대정읍 신영로72번길 3
유동커피,126.5638003,33.24452588,제주특별자치도 서귀포시 태평로 406-1
고씨네천지국수,126.5607512,33.25174533,제주특별자치도 서귀포시 중앙로79번길 4
카페봄봄 제주서귀남원점,126.7180787,33.27953543,제주특별자치도 서귀포시 남원읍 남한로 8
오하효,126.6177684,33.25911694,제주특별자치도 서귀포시 칠십리로 752
벌센트,126.6140228,33.26377672,제주특별자치도 서귀포시 효돈로 142
제주호랭이 사계점,126.297676,33.23170947,제주특별자치도 서귀포시 안덕면 사계로 3
바다를본돼지 제주서귀포점,126.5675632,33.2430315,제주특별자치도 서귀포시 칠십리로 123
호도제과,126.3323016,33.24655143,제주특별자치도 서귀포시 안덕면 화순로 132
제주토끼,126.4588344,33.25915256,제주특별자치도 서귀포시 법화로 70-2
헤이서귀포,126.560088,33.24619345,제주특별자치도 서귀포시 태평로 363
코우,126.5062819,33.25612218,제주특별자치도 서귀포시 신중로13번길 3-5
착한갈치,126.6060936,33.23987574,제주특별자치도 서귀포시 보목포로 35
남원농협하나로마트,126.7214459,33.28432257,제주특별자치도 서귀포시 남원읍 남조로 52
산지물 본점,126.5275039,33.51630433,제주특별자치도 제주시 임항로 26
물고기자리,126.933286,33.46118425,제주특별자치도 서귀포시 성산읍 일출로 257
육성가,126.920236,33.46918373,제주특별자치도 서귀포시 성산읍 해맞이해안로 2768
성미가든,126.6768362,33.4375908,제주특별자치도 제주시 조천읍 교래1길 2
한라산렌트카,126.4708651,33.49582387,제주특별자치도 제주시 오일장중길 27
제주 세계자연유산센터,126.7147213,33.45688437,제주특별자치도 제주시 조천읍 선교로 569-36
몽그레 제주공항점,126.460758,33.50004842,제주특별자치도 제주시 도리로 84
용꽈배기,126.5268668,33.4998677,제주특별자치도 제주시 서광로30길 3
한라산둘레길 천아숲길,126.4425758,33.36678311,제주특별자치도 제주시 애월읍 봉성리 산 1
블루렌트카,126.4910765,33.49965464,제주특별자치도 제주시 다호길 69
모이소,126.4885256,33.48709669,제주특별자치도 제주시 신광로8길 14
제주바솔트,126.5392353,33.50407967,제주특별자치도 제주시 가령골3길 6
스타즈호텔 제주로베로,126.5219463,33.51285697,제주특별자치도 제주시 관덕로 26
제주팔레스호텔,126.5236809,33.5168631,제주특별자치도 제주시 탑동로 9
제주흑돼지마씸,126.5230171,33.51739249,제주특별자치도 제주시 탑동로 18
에오마르,126.586567,33.52573702,제주특별자치도 제주시 선사로8길 13-6
장모식탁,126.5468176,33.49697783,제주특별자치도 제주시 연신로 51
구제주포차,126.5252997,33.51687473,제주특별자치도 제주시 중앙로 13
삼달리참꽃네,126.8621977,33.37101184,제주특별자치도 서귀포시 성산읍 삼달로 66
귤꽃다락,126.5225393,33.24640841,제주특별자치도 서귀포시 이어도로1027번길 34
황우지해안,126.5505278,33.24146718,제주특별자치도 서귀포시 천지동 765-7
바당길 서귀포점,126.6408903,33.26332436,제주특별자치도 서귀포시 남원읍 공천포로 47-4
미영이네식당,126.249829,33.21773282,제주특별자치도 서귀포시 대정읍 하모항구로 42
호텔브릿지 서귀포,126.5666241,33.24548788,제주특별자치도 서귀포시 태평로 436
우도면파전리,126.9446427,33.51250115,제주특별자치도 제주시 우도면 우도해안길 388
삼무뚝배기갈치,126.5672387,33.24269496,제주특별자치도 서귀포시 칠십리로 119
아이진호텔,126.4947978,33.48241971,제주특별자치도 제주시 신대로22길 4
파도소리해녀촌,126.9488705,33.51976627,제주특별자치도 제주시 우도면 우도해안길 510
코업시티호텔 성산,126.9318882,33.46599357,제주특별자치도 서귀포시 성산읍 성산등용로 28
맥도날드 제주노형DT점,126.4807314,33.48633939,제주특별자치도 제주시 노연로 7
GS25 송당사거리점,126.776218,33.47036792,제주특별자치도 제주시 구좌읍 비자림로 1814
빠빠라기 신제주점,126.4902074,33.48801964,제주특별자치도 제주시 신광로 45
서부회센타,126.4409717,33.48937608,제주특별자치도 제주시 논세길 46
한라진칼국수,126.4382235,33.49538085,제주특별자치도 제주시 테우해안로 32
에이원호텔,126.4947594,33.48532268,제주특별자치도 제주시 사장1길 10
크라운마트,126.4311288,33.48437255,제주특별자치도 제주시 우정로 93
위니아에이드 애플공인서비스 신제주센터,126.4810702,33.48654277,제주특별자치도 제주시 도령로 16
오키나와,126.4793527,33.47866106,제주특별자치도 제주시 진군중길 2
제주4.3평화공원 제주4.3평화기념관,126.6206776,33.45086927,제주특별자치도 제주시 명림로 430
스크루지 펍,126.490845,33.478792,제주특별자치도 제주시 국기로3길 3
시트러스,126.2304428,33.38802054,제주특별자치도 제주시 한림읍 금능4길 20
오름나그네,126.7119625,33.45910045,제주특별자치도 제주시 조천읍 선교로 525
제주설심당 본점,126.492895,33.51943484,제주특별자치도 제주시 서해안로 504
색달식당 중문갈치조림구이 본점,126.3862444,33.24181181,제주특별자치도 서귀포시 예래로 255-18
치꼬,126.2966467,33.35872205,제주특별자치도 제주시 한림읍 금악로 18
제주진미마돈가,126.3664923,33.23614707,제주특별자치도 서귀포시 안덕면 대평감산로 17
호텔스카브로,126.3699316,33.23410163,제주특별자치도 서귀포시 예래해안로 15
제주신화월드 더 코브,126.3176206,33.30752886,제주특별자치도 서귀포시 안덕면 신화역사로304번길 38
제주한라국수,126.4244177,33.25027573,제주특별자치도 서귀포시 천제연로188번길 17
라라카페 더블루,126.4846916,33.48550843,제주특별자치도 제주시 원노형로 36
제주이렌터카,126.4648592,33.49393178,제주특별자치도 제주시 일주서로 7662
R고기인제주,126.4654641,33.50353091,제주특별자치도 제주시 서해안로 153
윤재커피,126.5240185,33.51182631,제주특별자치도 제주시 중앙로12길 1
갈치왕 중문점,126.3907608,33.26465491,제주특별자치도 서귀포시 일주서로 1146
제주곶자왈도립공원,126.2736585,33.28318696,제주특별자치도 서귀포시 대정읍 에듀시티로 178
미드나잇제주,126.3161071,33.30471654,제주특별자치도 서귀포시 안덕면 신화역사로304번길 98
제주시민속오일시장,126.4754837,33.49724097,제주특별자치도 제주시 오일장서길 26
더마파크 더마카트,126.2432576,33.35432841,제주특별자치도 제주시 한림읍 월림7길 155
이운소나이국수 노형점,126.4773494,33.48906241,제주특별자치도 제주시 다랑곶2길 27
제주로렌터카,126.480012,33.49976107,제주특별자치도 제주시 오일장중길 128
낮갈치밤돼지,126.3653913,33.47171246,제주특별자치도 제주시 애월읍 신엄7길 9
술술바,126.3045383,33.4490916,제주특별자치도 제주시 애월읍 곽지1길 26-9
물뜰에쉼팡리조트,126.2978059,33.43797858,제주특별자치도 제주시 한림읍 귀덕로 73
제주거울미로 이상한나라의 앨리스,126.3216275,33.2889975,제주특별자치도 서귀포시 안덕면 중산간서로 1881
넥슨컴퓨터박물관,126.4849881,33.47176037,제주특별자치도 제주시 노형동 86
애월삼육공,126.3716394,33.47798417,제주특별자치도 제주시 애월읍 중엄3길 50
제주1번가더테라스오피스텔,126.4894516,33.48569673,제주특별자치도 제주시 연동6길 5
팀버하우스,126.3078752,33.45090082,제주특별자치도 제주시 애월읍 곽지7길 11
키친요디,126.5777051,33.51785606,제주특별자치도 제주시 동화로1길 53-13
아티스트,126.4273271,33.26618114,제주특별자치도 서귀포시 중문상로 207-23
화조원,126.3719794,33.41112841,제주특별자치도 제주시 애월읍 애원로 804
백번가든,126.3199761,33.46438157,제주특별자치도 제주시 애월읍 애월로 120
쉬리의언덕,126.4072325,33.24566345,제주특별자치도 서귀포시 색달동 3039-41
호텔시리우스,126.4910162,33.49340276,제주특별자치도 제주시 도령로 133
제주선채향,126.2989856,33.22636757,제주특별자치도 서귀포시 안덕면 사계남로84번길 6
월령선인장군락지,126.2154316,33.37787925,제주특별자치도 서귀포시 이어도로 293-28
바다를본돼지 제주협재판포본점,126.1979115,33.36566075,제주특별자치도 제주시 한경면 판포1길 16
스타벅스 제주노형DT점,126.4741314,33.49094755,제주특별자치도 제주시 월랑로 68
푸르다오션펜션,126.2163936,33.37942164,제주특별자치도 제주시 한림읍 월령3길 39-5
보배쌤보리김치와게장 함덕점,126.6538713,33.54387067,제주특별자치도 제주시 조천읍 신북로 409
씨앤하우스,126.6368124,33.53684529,제주특별자치도 제주시 조천읍 조천9길 10
밀리우,126.8444352,33.32321372,제주특별자치도 서귀포시 표선면 민속해안로 537
레드캡렌터카 제주지점,126.4937304,33.50314835,제주특별자치도 제주시 다호길 130
엔폴리우드,126.6630989,33.54381678,제주특별자치도 제주시 조천읍 신북로 491-9
해비치호텔앤드리조트 마고,126.8444612,33.32310556,제주특별자치도 서귀포시 표선면 민속해안로 537
청아투명카약,126.310834,33.46014953,제주특별자치도 제주시 애월읍 애월리 2462
고이정 본점,126.3113463,33.45929137,제주특별자치도 제주시 애월읍 애월로 6
해비치호텔앤드리조트 제주,126.8446725,33.32144142,제주특별자치도 서귀포시 표선면 민속해안로 537
우도로93,126.9538321,33.50083095,제주특별자치도 제주시 우도면 우도로 93
바이나흐튼 크리스마스박물관,126.3278579,33.29157208,제주특별자치도 서귀포시 안덕면 평화로 654
서귀포자연휴양림,126.4645574,33.31245946,제주특별자치도 서귀포시 하원동 산 1-1
박수기정,126.3591728,33.23646662,제주특별자치도 서귀포시 안덕면 감산리
서귀다원,126.5969205,33.3121479,제주특별자치도 서귀포시 516로 717
제주약수터 본점,126.5616661,33.24775163,제주특별자치도 서귀포시 중앙로 35
돈내코계곡,126.5819685,33.30041347,제주특별자치도 서귀포시 돈내코로 137
세화탐나는도새기,126.8540835,33.52526277,제주특별자치도 제주시 구좌읍 세평항로 22
다래향 세화점,126.8544237,33.52395765,제주특별자치도 제주시 구좌읍 세화1길 4
세화항,126.8042986,33.30382244,제주특별자치도 서귀포시 표선면 세화리
테네시테이블,126.8606875,33.52202461,제주특별자치도 제주시 구좌읍 세화11길 11
재연식당,126.856025,33.52616033,제주특별자치도 제주시 구좌읍 세화3길 27-2
김녕미로공원,126.7722353,33.53653188,제주특별자치도 제주시 구좌읍 만장굴길 122
CU 제주세화포구점,126.855227,33.52767318,제주특별자치도 제주시 구좌읍 세평항로 49
모다정,126.9323718,33.46377949,제주특별자치도 서귀포시 성산읍 성산중앙로37번길 9
듬뿍토스트,126.8533127,33.52465778,제주특별자치도 제주시 구좌읍 세평항로 13
산방산초가집,126.3387027,33.24548025,제주특별자치도 서귀포시 안덕면 화순해안로 189
은희네해장국,126.4317221,33.25110094,제주특별자치도 서귀포시 중문관광로 348
귤당리,126.1961624,33.3630709,제주특별자치도 제주시 한경면 일주서로 4492
켄싱턴리조트 제주중문,126.412657,33.24751768,제주특별자치도 서귀포시 중문관광로72번길 29-29
하버39,126.5620148,33.24238094,제주특별자치도 서귀포시 천지연로 39
특별한렌트카,126.5002441,33.50303415,제주특별자치도 제주시 공항로1길 40-8
큰솔가흑돼지 중문본점,126.4421145,33.23952155,제주특별자치도 서귀포시 이어도로 193
제주안달루시아,126.3493222,33.44003029,제주특별자치도 제주시 애월읍 상가리 1480
오만정성 제주협재점,126.2503786,33.38911177,제주특별자치도 제주시 한림읍 일주서로 5083
아주좋아,126.4929508,33.48697062,제주특별자치도 제주시 신대로16길 34
가락국수,126.4920873,33.48743952,제주특별자치도 제주시 연동9길 25
수용배낚시,126.1647069,33.30842163,제주특별자치도 제주시 한경면 노을해안로 1150
한촌설렁탕 제주동광육거리점,126.3412776,33.30997636,제주특별자치도 서귀포시 안덕면 신화역사로 502
에버리스골프리조트,126.3656139,33.37179716,제주특별자치도 제주시 애월읍 평화로 1693-75
칠돈가 제주공항직영점,126.4960212,33.48445417,제주특별자치도 제주시 신대로 144
마라도,126.2671657,33.11848091,제주특별자치도 서귀포시 대정읍 마라로101번길 46
은희네해장국 2호점,126.5002909,33.48139613,제주특별자치도 제주시 연북로 178
춘천명동닭갈비 연동점,126.4920873,33.48743591,제주특별자치도 제주시 연동9길 25
우도바당,126.9692897,33.50227471,제주특별자치도 제주시 우도면 우도해안길 1056
캐슬렉스제주,126.3487122,33.34020946,제주특별자치도 서귀포시 안덕면 평화로 1241
빽다방 제주동광육거리점,126.3412419,33.31001404,제주특별자치도 서귀포시 안덕면 신화역사로 502
홍대부부,126.2415297,33.39373995,제주특별자치도 제주시 한림읍 협재4길 9
삼성혈 해물탕 본점,126.4996979,33.48797717,제주특별자치도 제주시 선덕로5길 20
느루온,126.5468715,33.4950919,제주특별자치도 제주시 신설로9길 33
스시애월,126.3191747,33.46672489,제주특별자치도 제주시 애월읍 애월로9길 50-3
윈드밀108,126.1819475,33.3561981,제주특별자치도 제주시 한경면 두모1길 108
벤티모호텔앤레지던스,126.4937439,33.49342926,제주특별자치도 제주시 연삼로 14
너븐숭이4.3기념관,126.6886562,33.54599701,제주특별자치도 제주시 조천읍 북촌3길 3
윈드밀108 실내수영장,126.1819475,33.3561981,제주특별자치도 제주시 한경면 두모1길 108
피노&키오,126.7293674,33.55636002,제주특별자치도 제주시 구좌읍 일주동로 1853
제원칼집 별관,126.4895556,33.48833702,제주특별자치도 제주시 제원길 17
꽃향유,126.3476333,33.45706866,제주특별자치도 제주시 애월읍 고하상로 101
미르빌펜션&리조트,126.3059598,33.24577717,제주특별자치도 서귀포시 안덕면 사계로114번길 87
초이,126.3036783,33.25108466,제주특별자치도 서귀포시 안덕면 덕수서로 7
1158족욕카페,126.3364998,33.46707849,제주특별자치도 제주시 애월읍 애월해안로 230
201,126.5238659,33.2540611,제주특별자치도 서귀포시 서호중로 102
문화통닭,126.9143555,33.45088614,제주특별자치도 서귀포시 성산읍 고성오조로 81
세븐먼스,126.5136953,33.25844242,제주특별자치도 서귀포시 신북로 6
테쉬폰,126.3510011,33.32096133,제주특별자치도 서귀포시 안덕면 동광리 365
영그램,126.4339505,33.2528305,제주특별자치도 서귀포시 천제연로 273-22
제주관광공사 지정면세점,126.424429,33.24134069,제주특별자치도 서귀포시 중문관광로 224
그랜마스 신시가지점,126.5103742,33.25279152,제주특별자치도 서귀포시 신서로48번길 52
번네식당,126.3297049,33.24571338,제주특별자치도 서귀포시 안덕면 산방로 16
카페 오놀,126.4394777,33.23876766,제주특별자치도 서귀포시 대포로 174
서귀피안베이커리,126.9219747,33.4352536,제주특별자치도 서귀포시 성산읍 신양로122번길 17
이마트 서귀포점,126.5092014,33.2483545,제주특별자치도 서귀포시 일주동로 9209
샵제주,126.3904214,33.48774207,제주특별자치도 제주시 애월읍 애월해안로 867
섬소나이,126.9575495,33.51334112,제주특별자치도 제주시 우도면 우도해안길 814
저팔계마라탕,126.5300253,33.49887895,제주특별자치도 제주시 중앙로 232
이도시장통닭,126.5349078,33.49102105,제주특별자치도 제주시 구남로 47
별미콩나물국밥집,126.4772484,33.49010062,제주특별자치도 제주시 월랑로10길 17
다가미,126.5286614,33.49042584,제주특별자치도 제주시 도남로 111
모살물,126.4945494,33.49054745,제주특별자치도 제주시 삼무로3길 14
제주세호해장국 제주본점,126.48192,33.48657878,제주특별자치도 제주시 원노형3길 39
김재훈고사리육개장,126.5339235,33.48796095,제주특별자치도 제주시 구남로2길 19
송악산해물라면오빠네본가,126.2909974,33.20846395,제주특별자치도 서귀포시 대정읍 형제해안로 296
중문수두리보말칼국수,126.4249994,33.25156774,제주특별자치도 서귀포시 천제연로 192
남춘식당,126.5375111,33.49965544,제주특별자치도 제주시 청귤로 12
털보스협재밀,126.2429321,33.39785976,제주특별자치도 제주시 한림읍 협재1길 27-6
라라스테이,126.2452405,33.39915137,제주특별자치도 제주시 한림읍 협재1길 55-3
더파스텔팬션,126.3152642,33.25040805,제주특별자치도 서귀포시 안덕면
수월봉전기자전거,126.1679684,33.29887579,제주특별자치도 서귀포시 솔오름로20번길 12
해심가든,126.4265273,33.25192102,제주특별자치도 서귀포시 천제연로 203-4
애월해안도로,126.3761879,33.48297579,제주특별자치도 제주시 애월읍 구엄리 1254-1
더파스텔펜션,126.3152642,33.25040805,제주특별자치도 서귀포시 안덕면
에이바우트커피 중문점,126.4242782,33.25158153,제주특별자치도 서귀포시 천제연로 184-1
제주김만복 애월점,126.33897,33.46760559,제주특별자치도 제주시 애월읍 애월해안로 255
J1카트클럽,126.526551,33.47979431,제주특별자치도 제주시 연북로 424
파리바게뜨 제주공항점,126.492996,33.50673187,제주특별자치도 제주시 공항로 2
우리두리,126.7561901,33.55623904,제주특별자치도 제주시 구좌읍 김녕로 173
두머니물공원,126.5070449,33.23108158,제주특별자치도 서귀포시 법환동 1534
고살리숲길,126.5979474,33.31699204,제주특별자치도 서귀포시 남원읍 하례리 산 53-4
이승이오름,126.622239,33.34014979,제주특별자치도 서귀포시 남원읍 신례리 산 2-4
소라의성,126.5770297,33.24515583,제주특별자치도 서귀포시 칠십리로214번길 17-17
양혜란식당,126.5146317,33.24979317,제주특별자치도 서귀포시 서호남로32번길 41
도깨동산,126.8513053,33.53207555,제주특별자치도 제주시 구좌읍 평대리 4-34
준하우스,126.8454226,33.52742511,제주특별자치도 제주시 구좌읍 일주동로 3031
밥짓는시간,126.8410023,33.53108181,제주특별자치도 제주시 구좌읍 평대5길 25
제주오름승마랜드,126.7124342,33.44851939,제주특별자치도 제주시 조천읍 번영로 1734-15
제주국제공항 JDC면세점,126.4928945,33.50696767,제주특별자치도 제주시 공항로 2
월정리에서브런치,126.7948411,33.55610356,제주특별자치도 제주시 구좌읍 월정3길 53-4
아살람레스토랑,126.5241605,33.51654578,제주특별자치도 제주시 중앙로2길 7
탑동광장,126.5266709,33.51807909,제주특별자치도 서귀포시 성산읍 일출로 284-12
레몬뮤지엄,126.6178518,33.29885828,제주특별자치도 서귀포시 남원읍 하례로620번길 41
돈내코유원지,126.5841333,33.30036663,제주특별자치도 서귀포시 돈내코로 114
서귀포칠십리축제,126.5670447,33.24199372,제주특별자치도 서귀포시 서귀동 11-3
두찜 서귀포동홍점,126.5617334,33.26436889,제주특별자치도 서귀포시 중산간동로 8003
추억의숲길,126.5306624,33.2905108,제주특별자치도 서귀포시 산록남로 2271
뚱보아저씨,126.255367,33.33065446,제주특별자치도 제주시 한경면 중산간서로 3651
우미노식탁,126.3024746,33.4479945,제주특별자치도 제주시 애월읍 금성5길 42-24
쇠소깍 휴양펜션 엘마르,126.6225578,33.25168589,제주특별자치도 서귀포시 쇠소깍로 138
생각하는정원,126.2549974,33.32549871,제주특별자치도 제주시 한경면 녹차분재로 675
투썸플레이스 제주애월한담점,126.3107678,33.4619893,제주특별자치도 제주시 애월읍 애월로1길 19
하멜,126.4761432,33.47850148,제주특별자치도 제주시 노형2길 51-3
부산아지매집 노형점,126.4716468,33.4822799,제주특별자치도 제주시 정존1길 17
마녀의언덕카페,126.3844631,33.23403013,제주특별자치도 서귀포시 예래해안로 205
둘레길 중문본점,126.4271231,33.2517218,제주특별자치도 서귀포시 천제연로 209-1
야키토리타키비,126.4233771,33.25252316,제주특별자치도 서귀포시 중문로 8
남쪽나라펜션,126.4197343,33.25375496,제주특별자치도 서귀포시 천제연로 135
돌집 달문,126.368794,33.23773481,제주특별자치도 서귀포시 안덕면 소기왓로 31-5
고깃소리더프리미엄,126.5897722,33.53086872,제주특별자치도 제주시 서흘1길 56
짱구분식,126.5670902,33.25018159,제주특별자치도 서귀포시 중동로48번길 3
가시식당,126.771438,33.35306007,제주특별자치도 서귀포시 표선면 가시로565번길 22
애월게스트하우스 제주에 반하다,126.3251455,33.41874798,제주특별자치도 제주시 애월읍 어림비로 119
스파오 제주중앙로점,126.5248962,33.51350304,제주특별자치도 제주시 중앙로 53
스타벅스 서귀포DT,126.5067128,33.24952759,제주특별자치도 서귀포시 일주서로 11
이마트 제주점,126.5213197,33.51796837,제주특별자치도 제주시 탑동로 38
산지천,126.5274026,33.51335755,제주특별자치도 제주시 일도1동
동복 해녀해산물직판장,126.7187719,33.5561056,제주특별자치도 제주시 구좌읍 구좌해안로 35
곽지곤지암해장국,126.3051783,33.44665369,제주특별자치도 제주시 애월읍 곽지1길 4
더비비스제주,126.4962693,33.23556459,제주특별자치도 서귀포시 이어도로 760
해비치불턱,126.8374048,33.3125081,제주특별자치도 서귀포시 표선면
호텔하루,126.4895436,33.49111838,제주특별자치도 제주시 삼무로1길 3
제주실탄사격장,126.3856848,33.26367783,제주특별자치도 서귀포시 소보리당로164번길 62
해뜨는성펜션,126.9359156,33.46616883,제주특별자치도 서귀포시 성산읍 한도로 267
오렌지호텔,126.557366,33.2471864,제주특별자치도 서귀포시 태평로335번길 3
수목원길야시장,126.4878862,33.47014229,제주특별자치도 제주시 구남로8길 10-5
경미네집,126.9334043,33.46122669,제주특별자치도 서귀포시 성산읍 일출로 259
금자매식당,126.1764373,33.30584383,제주특별자치도 제주시 한경면 용고로 154
행복한시저네,126.5251147,33.25670404,제주특별자치도 서귀포시 막동산로 5-4
하나렌트카,126.5043563,33.51037879,제주특별자치도 제주시 성화로1길 5
오달콤제주,126.2407488,33.3938037,제주특별자치도 제주시 한림읍 한림로 340
노을해안로,126.1997011,33.2568116,제주특별자치도 서귀포시 대정읍 신도리
비욘드트러스트호(인천-제주행),126.531518,33.51503211,제주특별자치도 제주시 건입동
너와의첫여행,126.3845398,33.45063789,제주특별자치도 제주시 애월읍 장소로 16
휘닉스제주섭지코지 해안산책로,126.9322631,33.4320463,제주특별자치도 서귀포시 성산읍 고성리 1
하도1558,126.8698881,33.52829533,제주특별자치도 제주시 구좌읍 해맞이해안로 1558
돈사돈 월정점,126.8271503,33.54136671,제주특별자치도 제주시 구좌읍 한동북1길 29-3
앞돈지,126.5275172,33.51604833,제주특별자치도 제주시 중앙로1길 28
던킨도너츠 제주금호리조트점,126.7016883,33.27320829,제주특별자치도 서귀포시 남원읍 태위로 522-12
올래국수 서귀포점,126.5612392,33.24708111,제주특별자치도 서귀포시 태평로353번길 22-5
사우스쇼어,126.4550159,33.24256944,제주특별자치도 서귀포시 이어도로 338-1
야호비치하우스,126.6734869,33.5442019,제주특별자치도 제주시 조천읍 조함해안로 582
강정천,126.4894282,33.23266591,제주특별자치도 서귀포시 강정동 5647
제주소품 함덕점,126.6727803,33.54331891,제주특별자치도 제주시 조천읍 평사길 7
라메르,126.6727803,33.54331891,제주특별자치도 제주시 조천읍 평사길 7
원앙폭포,126.5813297,33.30017689,제주특별자치도 서귀포시 돈내코로 137
BBQ 금호제주리조트점,126.7018394,33.27327808,제주특별자치도 서귀포시 남원읍 태위로 522-12
카페그네,126.6989639,33.27515196,제주특별자치도 서귀포시 남원읍 태위로 483
금호리조트 제주아쿠아나,126.7014326,33.27264506,제주특별자치도 서귀포시 남원읍 태위로 522-12
제주센트럴시티호텔,126.4871089,33.48576369,제주특별자치도 제주시 노연로 66
보래드베이커스,126.5905662,33.24439868,제주특별자치도 서귀포시 보목로64번길 178
조안베어뮤지엄,126.4340627,33.24025246,제주특별자치도 서귀포시 대포로 113
만세국수 본점,126.5188172,33.49404848,제주특별자치도 제주시 오라로 152
메가커피 함덕해수욕장점,126.6692325,33.54249896,제주특별자치도 제주시 조천읍 조함해안로 528
도리빨,126.4286779,33.2357429,제주특별자치도 서귀포시 대포동
돈까스송쉡,126.6703074,33.54240084,제주특별자치도 제주시 조천읍 조함해안로 538
스시도모다찌 제주점,126.5291323,33.50003501,제주특별자치도 제주시 광양8길 1
사계카페,126.6730469,33.54400393,제주특별자치도 제주시 조천읍 조함해안로 576
오카소,126.6641179,33.54202357,제주특별자치도 제주시 조천읍 함덕16길 52-1
서우봉 산책로,126.6759387,33.54607888,제주특별자치도 제주시 조천읍 함덕리 163
크레베떼,126.6722288,33.54194433,제주특별자치도 제주시 조천읍 함덕로 28
솔지식당 시청점,126.5318234,33.49909673,제주특별자치도 제주시 광양13길 14
헬로제주,126.7957695,33.55557315,제주특별자치도 제주시 구좌읍 해맞이해안로 460
다니쉬,126.6636761,33.54212155,제주특별자치도 제주시 조천읍 함덕16길 56
해피데이,126.4895271,33.48951708,제주특별자치도 제주시 제원길 3
일도촌,126.5428523,33.50308328,제주특별자치도 제주시 천수로8길 7
모루쿠다,126.5772079,33.25806328,제주특별자치도 서귀포시 동홍중앙로90번길 48
삼무공원흑돼지,126.4922258,33.49098875,제주특별자치도 제주시 신대로10길 42
청춘괴기 신시가지본점,126.5103927,33.2535165,제주특별자치도 서귀포시 김정문화로41번길 24-5
국수만찬,126.4955063,33.48714874,제주특별자치도 제주시 은남3길 1
쉬멍해장국 중문점,126.4148984,33.25527317,제주특별자치도 서귀포시 천제연로 85
보말보말,126.3134937,33.46359933,제주특별자치도 제주시 애월읍 애월로 57
제주드림렌트카,126.4976959,33.49853392,제주특별자치도 제주시 월성로4길 76-2
천제2교,126.4182821,33.24538383,제주특별자치도 서귀포시 색달동
씨사이드아덴리조트,126.4141338,33.248447,제주특별자치도 서귀포시 중문관광로 124
조림명가,126.5596397,33.24828364,제주특별자치도 서귀포시 중앙로47번길 19
마시오름,126.5600941,33.25524764,제주특별자치도 서귀포시 중앙로117번길 6
돈사돈 별관,126.4707164,33.4817045,제주특별자치도 제주시 광평동로 15
퍼랭,126.4156623,33.25740189,제주특별자치도 서귀포시 중문관광로 5
남원바당,126.542831,33.50304714,제주특별자치도 제주시 천수로8길 7
해녀의부엌 북촌점,126.6934404,33.54989841,제주특별자치도 제주시 조천읍 북촌9길 31
제주머슴네 전복김밥 제주본점,126.2499852,33.40012951,제주특별자치도 제주시 한림읍 옹포2길 8
우도짜장면집,126.9439695,33.50830298,제주특별자치도 제주시 우도면 우도해안길 340
안녕육지사람,126.9572042,33.51512167,제주특별자치도 제주시 우도면 우도해안길 792
돈65흑돼지 중문본점,126.4302115,33.24708722,제주특별자치도 서귀포시 중문관광로 306
다우래펜션,126.358,33.2530756,제주특별자치도 서귀포시 안덕면 대평감산로 276
미스터크랩&미스커피,126.7513395,33.28936297,제주특별자치도 서귀포시 남원읍 남태해안로 533
답다니탑망대,126.951886,33.5247371,제주특별자치도 제주시 우도면 연평리
현대농장,126.5061211,33.24464473,제주특별자치도 서귀포시 월드컵로 55
우도하영,126.9481772,33.52003285,제주특별자치도 제주시 우도면 우도해안길 516
밤수지맨드라미,126.9484825,33.52071279,제주특별자치도 제주시 우도면 우도해안길 530
우도i,126.9575711,33.51331408,제주특별자치도 제주시 우도면 우도해안길 814
우도팔경유람선,126.9346541,33.47289056,제주특별자치도 서귀포시 성산읍 성산리
이어돈가,126.2452914,33.39748464,제주특별자치도 제주시 한림읍 한림로 400-2
라인업서프 하도,126.8921225,33.51084366,제주특별자치도 제주시 구좌읍 하도13길 55
파인더웨이브,126.3086931,33.45341269,제주특별자치도 제주시 애월읍 일주서로 6079
동행in협재,126.2431485,33.39768978,제주특별자치도 제주시 한림읍 협재1길 27
세화갈비,126.8558411,33.52350129,제주특별자치도 제주시 구좌읍 구좌로 39
고집돌우럭 제주공항점,126.5280585,33.51625415,제주특별자치도 제주시 임항로 30
호텔리젠트마린,126.5267519,33.51741943,제주특별자치도 제주시 서부두2길 20
차귀놀,126.1668562,33.32223765,제주특별자치도 제주시 한경면 한경해안로 136
반지만들기 은답하라99.9,126.5859433,33.25812243,제주특별자치도 서귀포시 검은여로 191
서가앤쿡 서귀포토평점,126.5859476,33.25811523,제주특별자치도 서귀포시 검은여로 191
저스트슬립,126.1955455,33.25785961,제주특별자치도 서귀포시 대정읍 무릉중앙로21번길 158-28
그레이그로브,126.2998234,33.22583943,제주특별자치도 서귀포시 안덕면 형제해안로 70
제주고로,126.2024474,33.27114863,제주특별자치도 서귀포시 대정읍 서삼중로 94
떠돌이식객 열우니키친,126.920787,33.43697674,제주특별자치도 서귀포시 성산읍 신고로22번길 37
탐라승마장,126.7171173,33.43318117,제주특별자치도 제주시 조천읍 비자림로 1044
제주라프,126.7068869,33.4867741,제주특별자치도 제주시 조천읍 선교로 115-1
돌하르방미술관,126.6888111,33.53884326,제주특별자치도 제주시 조천읍 북촌서1길 70
호텔위드제주,126.4837967,33.48582026,제주특별자치도 제주시 노연로 34
해녀식당,126.7069472,33.55347257,제주특별자치도 제주시 구좌읍 동복로 5
코업시티호텔 하버뷰,126.6589587,33.27455636,제주특별자치도 서귀포시 남원읍 태위로 108
조이힐펜션,126.3935982,33.43839562,제주특별자치도 제주시 애월읍 하소로 503-1
수우동,126.2424398,33.39662338,제주특별자치도 제주시 한림읍 협재1길 11
천주교황사평성지,126.5598768,33.49047572,제주특별자치도 제주시 기와5길 117-22
오조,126.4160442,33.48401388,제주특별자치도 제주시 애월읍 하귀9길 34
렛츠런파크제주,126.3980766,33.40824823,제주특별자치도 제주시 애월읍 평화로 2144
나즈온,126.7430151,33.55358154,제주특별자치도 제주시 구좌읍 김녕로2길 20-3
카페더씨,126.9094529,33.47899212,제주특별자치도 서귀포시 성산읍 해맞이해안로 2601-11
삼삼막창&육회,126.7515928,33.55519487,제주특별자치도 제주시 구좌읍 김녕로 129
STAY종이와나무,126.6408691,33.54543306,제주특별자치도 제주시 조천읍 조함해안로 142-38
생이소리,126.6114576,33.46567388,제주특별자치도 제주시 명림로 241
제스코마트 본점,126.5290845,33.48023583,제주특별자치도 제주시 연북로 444
차귀도놀빛바다,126.1645103,33.30787394,제주특별자치도 제주시 한경면 노을해안로 1142
파라토도스,126.232306,33.38929791,제주특별자치도 제주시 한림읍 금능길 87
발리렌트카,126.4634869,33.50077793,제주특별자치도 제주시 도리로 110
제주오누이,126.8278472,33.5428463,제주특별자치도 제주시 구좌읍 해맞이해안로 972
보스코,126.2544235,33.22591464,제주특별자치도 서귀포시 대정읍 동일하모로 217
동백동산,126.7060581,33.51615346,제주특별자치도 제주시 조천읍 북흘로 378
노을과어울림,126.1761622,33.27079961,제주특별자치도 서귀포시 대정읍 노을해안로 638-2
제주고산농협 하나로마트,126.1792462,33.30022564,제주특별자치도 제주시 한경면 용고로 81
제주오션팰리스,126.5623329,33.24594711,제주특별자치도 서귀포시 중앙로 14
제주공감,126.9151948,33.45934923,제주특별자치도 서귀포시 성산읍 오조로 59-1
사우스포레스트,126.6007415,33.29840146,제주특별자치도 서귀포시 516로 574-23
네이처캔버스,126.6307616,33.28307645,제주특별자치도 서귀포시 남원읍 중산간동로 7129
헬로키티아일랜드,126.3520703,33.28995334,제주특별자치도 서귀포시 안덕면 한창로 340
고흐의정원,126.8437184,33.37337564,제주특별자치도 서귀포시 성산읍 삼달신풍로 132
도꼭지식당,126.2511936,33.21972459,제주특별자치도 서귀포시 대정읍 신영로72번길 14
난드르바당,126.3710051,33.23461738,제주특별자치도 서귀포시 하예하동로16번길 11-1
코자호텔,126.252126,33.21667012,제주특별자치도 서귀포시 대정읍 최남단해안로 44
이춘옥의원조고등어쌈밥,126.4186986,33.48899591,제주특별자치도 제주시 애월읍 일주서로 7213
에이바우트커피 한라대점,126.4755644,33.47814921,제주특별자치도 제주시 한라대학로 39
블랑게스트하우스,126.8269181,33.33319141,제주특별자치도 서귀포시 표선면 표선관정로43번길 76-31
두산봉,126.8873917,33.47711944,제주특별자치도 서귀포시 성산읍 시흥리 2661
올레스테이,126.5586602,33.24737674,제주특별자치도 서귀포시 중정로 22
시타북빠,126.8540399,33.52623464,제주특별자치도 제주시 구좌읍 평대13길 44
낭쿰낭쿰,126.5607513,33.2517318,제주특별자치도 서귀포시 중앙로79번길 4
오름게스트하우스,126.8465903,33.50993011,제주특별자치도 제주시 구좌읍 충렬로 147-19
온정메밀 흑돼지돈까스,126.8539871,33.52497414,제주특별자치도 제주시 구좌읍 세평항로 18
제주풀무질,126.8588805,33.51320852,제주특별자치도 제주시 구좌읍 세화합전2길 10-2
김영갑갤러리두모악,126.8541359,33.37189523,제주특별자치도 서귀포시 성산읍 삼달로 137
오봉도시락 제주표선점,126.8290592,33.33242979,제주특별자치도 서귀포시 표선면 표선중앙로 2
메밀의고향 구좌세화점,126.8558137,33.5192403,제주특별자치도 제주시 구좌읍 세화남1길 1
우도봉 입구,126.9657011,33.49839687,제주특별자치도 제주시 우도면 연평리 1
인스밀,126.2292343,33.23848105,제주특별자치도 서귀포시 대정읍 일과대수로27번길 22
꽃가람,126.9149664,33.45090459,제주특별자치도 서귀포시 성산읍 고성동서로 73
호텔조이,126.5212104,33.51123848,제주특별자치도 제주시 중앙로14길 30-1
제주로컬 썸제주,126.4815555,33.49392703,제주특별자치도 제주시 일주서로 7815
투데이케이쿠,126.5639063,33.24176366,제주특별자치도 서귀포시 천지연로 21
순천미향,126.3124824,33.23566012,제주특별자치도 서귀포시 안덕면 사계남로216번길 24-73
카페그라나다,126.4640548,33.49943161,제주특별자치도 제주시 도공로 86-1
디자인에이비,126.2014892,33.36309445,제주특별자치도 제주시 한경면 판포4길 22
제주다올,126.4643281,33.50328438,제주특별자치도 제주시 도두항서7길 9
미친부엌,126.5231377,33.51699084,제주특별자치도 제주시 탑동로 15
카페원웨이,126.1931484,33.36251129,제주특별자치도 제주시 한경면 일주서로 4459-4
디바인모먼츠,126.4634273,33.50294148,제주특별자치도 제주시 서해안로 131
로우하이카페,126.3390129,33.46336837,제주특별자치도 제주시 애월읍 고내로 15
정식,126.2265295,33.33351121,제주특별자치도 제주시 한경면 낙수로 21
마루나키친,126.195786,33.36194147,제주특별자치도 제주시 한경면 금등4길 11
용담체육공원,126.498886,33.51833044,제주특별자치도 제주시 용담2동
하나로마트 제주점,126.5528927,33.50358244,제주특별자치도 제주시 남광로 206
메종글래드 삼다정,126.4889411,33.48523391,제주특별자치도 제주시 노연로 80
가르송티미드 제주,126.2563646,33.40582087,제주특별자치도 제주시 한림읍 한림로 542
오소소게스트하우스,126.1839489,33.28534238,제주특별자치도 서귀포시 대정읍 비자낭로 23
서점숙소,126.6993869,33.54911418,제주특별자치도 제주시 조천읍 북촌14길 13-12
꾸꾸제주,126.2567667,33.40568804,제주특별자치도 제주시 한림읍 한림상로 15-5
스모크하우스인구억,126.2783765,33.27078306,제주특별자치도 서귀포시 대정읍 보성구억로 223
올레길 12코스(무릉-용수 올레),126.1906959,33.27915824,제주특별자치도 서귀포시 대정읍 신도리
수마,126.933824,33.46101052,제주특별자치도 서귀포시 성산읍 일출로 264-6
열방대학 제주캠퍼스,126.7024029,33.53750534,제주특별자치도 제주시 조천읍 북흘로 135
곰막식당,126.7205096,33.55686867,제주특별자치도 제주시 구좌읍 구좌해안로 64
돈사촌 본점,126.5197947,33.51188575,제주특별자치도 제주시 서사로 7
틴더타운,126.8018604,33.55688315,제주특별자치도 제주시 구좌읍 해맞이해안로 518-1
베이글림림,126.7906412,33.55436907,제주특별자치도 제주시 구좌읍 월정1길 27
히츠야,126.793449,33.55549717,제주특별자치도 제주시 구좌읍 월정1길 54-11
보물선,126.5155375,33.51699922,제주특별자치도 제주시 동한두기길 27
사는맛먹는맛,126.3888652,33.48870632,제주특별자치도 제주시 애월읍 애월해안로 852
마틸다,126.3342728,33.46569614,제주특별자치도 제주시 애월읍 고내1길 33
영웅식당,126.3354221,33.24681609,제주특별자치도 서귀포시 안덕면 화순로 102-1
제주유레카,126.4954018,33.51814499,제주특별자치도 제주시 어영길 20
미소가펜션,126.6520046,33.27257965,제주특별자치도 서귀포시 남원읍 태위로44번길 2-1
윈드스톤,126.4360909,33.46047781,제주특별자치도 제주시 애월읍 광성로 272
신신호텔 제주공항점,126.4905207,33.49221242,제주특별자치도 제주시 도령로 124
공새미솥뚜껑,126.6422339,33.26755147,제주특별자치도 서귀포시 남원읍 신례로 10
올레시장,126.5632316,33.25015006,제주특별자치도 서귀포시 중앙로62번길 18
한림칼국수 제주동문시장점,126.525809,33.5134885,제주특별자치도 제주시 관덕로13길 3
듀포레,126.4296945,33.24756091,제주특별자치도 서귀포시 중문관광로 305
카페모들,126.3892399,33.48896963,제주특별자치도 제주시 애월읍 애월해안로 849
파크선샤인제주,126.5533118,33.24343916,제주특별자치도 서귀포시 남성중로 135
미풍해장국 제주항점,126.533943,33.51763964,제주특별자치도 제주시 임항로 80
이익새,126.2655404,33.40736495,제주특별자치도 제주시 한림읍 명월성로 16
탐라요정 신제주점,126.4908458,33.48704493,제주특별자치도 제주시 연동7길 31
호텔샌드,126.2404729,33.39388856,제주특별자치도 제주시 한림읍 한림로 339
세종호텔,126.4897102,33.48546067,제주특별자치도 제주시 신광로 74
한라산게스트하우스,126.5585066,33.45937205,제주특별자치도 제주시 제주대학로 77
은희네해장국 노형점,126.4845986,33.48522674,제주특별자치도 제주시 원노형로 40
노랑통닭 제주연동점,126.4918533,33.48697694,제주특별자치도 제주시 신대로16길 44
협재국수가게,126.2402969,33.39312384,제주특별자치도 제주시 한림읍 한림로 332-1
전라도식당,126.490238,33.4852921,제주특별자치도 제주시 신광로 75
레전드야구존 제주연동2호점,126.4896897,33.48896237,제주특별자치도 제주시 신광로 36
제주레포츠랜드,126.6387551,33.4820682,제주특별자치도 제주시 조천읍 와흘상서2길 47
더제이락볼링클럽,126.4877946,33.48972091,제주특별자치도 제주시 삼무로 12
에스호텔,126.4713357,33.49541205,제주특별자치도 제주시 오일장중길 26
옹포83,126.2549854,33.40469282,제주특별자치도 제주시 한림읍 옹포8길 3
마라도가파도 정기여객선대합실,126.2583336,33.21002991,제주특별자치도 서귀포시 대정읍 최남단해안로 120
석예원 본초족욕 성산,126.9197328,33.44204402,제주특별자치도 서귀포시 성산읍 섭지코지로25번길 34
퍼스트렌트카,126.4865269,33.50269316,제주특별자치도 제주시 다호북길 111
흑마가든,126.4893321,33.47727986,제주특별자치도 제주시 연화로2길 20-1
산물관광농원,126.6246915,33.25786673,제주특별자치도 서귀포시 남원읍 하례로 90
가마솥뼈다귀해장국,126.93293,33.46527646,제주특별자치도 서귀포시 성산읍 성산등용로 16
제주모다정,126.4827231,33.48504943,제주특별자치도 제주시 원노형6길 12
SK행복충전 성산LPG충전소 가격저렴,126.9075312,33.42747176,제주특별자치도 서귀포시 성산읍 일주동로 4495
돌과바람리조트,126.6101558,33.27226252,제주특별자치도 서귀포시 하신상로 166
제주중문관광단지 노을지는시간대 이쁜사진 핫플,126.4207342,33.24583526,제주특별자치도 서귀포시 중문관광로 227-20
서울앵무새 제주점,126.4166379,33.26965137,제주특별자치도 서귀포시 색달중앙로 162
이정의댁,126.3919937,33.24967063,제주특별자치도 서귀포시 예래로144번길 22-1
숙성육 본점,126.5423195,33.5022807,제주특별자치도 제주시 천수로6길 13
투썸플레이스 제주연북로점,126.5029502,33.48185131,제주특별자치도 제주시 연북로 201
누웨마루거리,126.490657,33.48601183,제주특별자치도 제주시 연동 273
그계절,126.8185309,33.53185876,제주특별자치도 제주시 구좌읍 한동로 119
그꽃,126.8184653,33.53184694,제주특별자치도 제주시 구좌읍 한동로 119
다과상점,126.4032846,33.43832359,제주특별자치도 제주시 애월읍 유수암로 51
카페두가시,126.3666429,33.23549507,제주특별자치도 서귀포시 안덕면 대평감산로 9
글라스월평,126.4602428,33.24582005,제주특별자치도 서귀포시 월평로 31-2
고산의낮고산의밤,126.1797329,33.30339887,제주특별자치도 제주시 한경면 고산로 26-1
예스렌트카,126.4783559,33.4999245,제주특별자치도 제주시 오일장중길 117
다람쥐식탁,126.2657648,33.4077774,제주특별자치도 제주시 한림읍 명월성로 10
오오디,126.2188423,33.33171671,제주특별자치도 제주시 한경면 용금로 360-10
아라리오뮤지엄 탑동시네마,126.5233917,33.51739573,제주특별자치도 제주시 탑동로 14
섬반지,126.2979105,33.23162784,제주특별자치도 서귀포시 안덕면 산방로 366
제주탑동골목,126.526083,33.51533601,제주특별자치도 제주시 중앙로5길 13
협재 서쪽게스트하우스,126.2410915,33.39246784,제주특별자치도 제주시 한림읍 협재2길 12
고산수월봉가마솥순대국,126.1777953,33.30072455,제주특별자치도 제주시 한경면 고산서2길 18
그랜드하얏트제주,126.4814115,33.4852423,제주특별자치도 제주시 노연로 12
가든업,126.4775142,33.48669012,제주특별자치도 제주시 수덕3길 2
솔지식당,126.4725779,33.49232759,제주특별자치도 제주시 월랑로 88
인그리드,126.4566831,33.50255326,제주특별자치도 제주시 서해안로 64
유리네,126.4970111,33.48146941,제주특별자치도 제주시 연북로 146
가파도해물짜장짬뽕,126.2733198,33.16584516,제주특별자치도 서귀포시 대정읍 가파로67번길 1
기찬밥상,126.4386131,33.4610194,제주특별자치도 제주시 애월읍 광성로 293
첨밀밀양꼬치 함덕점,126.6678382,33.54108513,제주특별자치도 제주시 조천읍 신북로 544
오후다섯시 두가지착각 조차도,126.6485621,33.5521233,제주특별자치도 제주시 조천읍 조함해안로 273-37
가리본가 광양점,126.5242587,33.50097298,제주특별자치도 제주시 서사로19길 42
사하라호텔,126.5247447,33.50026349,제주특별자치도 제주시 서광로 265
디아넥스 온천,126.3926927,33.30308761,제주특별자치도 서귀포시 안덕면 산록남로762번길 71
서귀포 테니스장,126.5644061,33.25825082,제주특별자치도 서귀포시 동홍로99번길 36
이삭토스트 서귀포광장점,126.5615468,33.25284199,제주특별자치도 서귀포시 중앙로 92
세븐일레븐 서귀포이든호텔점,126.5576248,33.24929083,제주특별자치도 서귀포시 서문로 42-1
신화관 제주신화월드호텔앤리조트,126.3158873,33.30673493,제주특별자치도 서귀포시 안덕면 신화역사로304번길 38
오기목할망네,126.9343734,33.46271666,제주특별자치도 서귀포시 성산읍 일출로 277-16
제주김만복 본점,126.5089219,33.4970354,제주특별자치도 제주시 오라로 41
금돈가,126.3911876,33.48433604,제주특별자치도 제주시 애월읍 가문동남길 63
제주맥주 양조장,126.2412102,33.35850382,제주특별자치도 제주시 한림읍 금능농공길 62-11
숨어있는집,126.6761665,33.53899025,제주특별자치도 제주시 조천읍 함덕30길 14-5
하모해변,126.2607532,33.21106494,제주특별자치도 서귀포시 대정읍 하모리
뽈살집 제주본점,126.5628473,33.25082854,제주특별자치도 서귀포시 중정로91번길 41
몬스터살롱,126.3072389,33.44827726,제주특별자치도 제주시 애월읍 일주서로 6017
글라글라하와이,126.2513895,33.21964643,제주특별자치도 서귀포시 대정읍 하모항구로 70
책약방,126.8976908,33.49295336,제주특별자치도 제주시 구좌읍 종달로5길 11
플레이스캠프제주,126.918209,33.44994385,제주특별자치도 서귀포시 성산읍 동류암로 20
성산일출봉농협하나로마트,126.9115453,33.44637972,제주특별자치도 서귀포시 성산읍 일주동로 4282
별방촌,126.8635224,33.52505263,제주특별자치도 제주시 구좌읍 해맞이해안로 1480
혼인지,126.8937741,33.41519517,제주특별자치도 서귀포시 성산읍 온평리 1693
뽀르뽀라,126.9078275,33.41056038,제주특별자치도 서귀포시 성산읍 온평관전로 94
쇼룸오구팔,126.8989559,33.49330061,제주특별자치도 제주시 구좌읍 종달로5길 28
삼무국수 성산점,126.9148023,33.45037433,제주특별자치도 서귀포시 성산읍 고성오조로 74-1
성산월드식자재마트,126.9101474,33.44718295,제주특별자치도 서귀포시 성산읍 서성일로 1231
카페 개인주의자,126.8858096,33.5267747,제주특별자치도 제주시 구좌읍 해맞이해안로 1720
공회당,126.8999781,33.4933916,제주특별자치도 제주시 구좌읍 종달로5길 33-1
숙성도 애월직영점,126.3095745,33.46353068,제주특별자치도 제주시 애월읍 애월로1길 24-16
동백낭,126.6769818,33.2760426,제주특별자치도 서귀포시 남원읍 태위로 275-2
동굴리조트,126.9676598,33.49796102,제주특별자치도 제주시 우도면 우도해안길 1132
FK알레그리아호텔,126.5589384,33.24818378,제주특별자치도 서귀포시 중앙로47번길 25
우도등대공원,126.965204,33.49290776,제주특별자치도 제주시 우도면 우도봉길 105
우도물들이 해녀의집,126.9504015,33.52291528,제주특별자치도 제주시 우도면 우도해안길 572
앳코너,126.458855,33.50288553,제주특별자치도 제주시 백포북길 25
별돈별 협재해변점,126.2423556,33.39591963,제주특별자치도 제주시 한림읍 협재1길 4
서프로와,126.4479708,33.49774895,제주특별자치도 제주시 테우해안로 132
블랙씨걸,126.2587466,33.40950729,제주특별자치도 제주시 한림읍 한림서길 22
협재신국수,126.2487509,33.39516692,제주특별자치도 제주시 한림읍 명재로 17
동명본가,126.2610473,33.40682256,제주특별자치도 제주시 한림읍 한림상로 61
영빈횟집,126.5678755,33.24325619,제주특별자치도 서귀포시 칠십리로 129
돈사돈본관,126.4640201,33.4788752,제주특별자치도 제주시 우평로 19
스테이하얀달,126.7238222,33.27969348,제주특별자치도 서귀포시 남원읍 남원회관로 104
램앤블랙 (구.램하우스),126.6731393,33.43692114,제주특별자치도 제주시 조천읍 교래1길 45
협재수우동 쇠소깍직영점,126.618675,33.2507616,제주특별자치도 서귀포시 쇠소깍로 186
스타벅스 제주도남DT점,126.5234515,33.48035855,제주특별자치도 제주시 연북로 394
포도호텔,126.3874568,33.31789883,제주특별자치도 서귀포시 안덕면 산록남로 863
폐동밭,126.4550533,33.4981734,제주특별자치도 제주시 이호일동
식산봉,126.9199391,33.46568079,제주특별자치도 서귀포시 성산읍 오조리 313
한라산국립공원 영실탐방로,126.5128719,33.35948456,제주특별자치도 서귀포시 영남동
제주901,126.4863256,33.4529388,제주특별자치도 제주시 1100로 2977-10
김희선제주몸국,126.4980796,33.51855798,제주특별자치도 제주시 어영길 45-6
국립산림과학원 난대아열대산림연구소 한남연구시험림,126.6470256,33.33620238,제주특별자치도 서귀포시 남원읍 서성로651번길 235
덕인당보리빵,126.6186003,33.53222308,제주특별자치도 제주시 조천읍 신북로 36
이마트 신제주점,126.4803425,33.48515488,제주특별자치도 제주시 1100로 3348
나홀로나무,126.3491996,33.35093028,제주특별자치도 제주시 한림읍 금악리 산 30-8
거린사슴 전망대,126.4545632,33.3074571,제주특별자치도 서귀포시 1100로 823
일레인호텔,126.439031,33.25461078,제주특별자치도 서귀포시 일주서로 660
오리프,126.6744446,33.27537689,제주특별자치도 서귀포시 남원읍 태위로 255
대정농협 하나로마트,126.2641991,33.23404408,제주특별자치도 서귀포시 대정읍 일주서로 2460
팜파스 갈대정원,126.5146301,33.25434818,제주특별자치도 서귀포시 서호중로 19
베터플랫,126.5234331,33.51828035,제주특별자치도 제주시 탑동해안로 74
제주해변공연장,126.5242823,33.51790224,제주특별자치도 제주시 중앙로 2
용소담,126.5137317,33.51540084,제주특별자치도 제주시 흥운길 103
늘소담,126.5214218,33.51741879,제주특별자치도 제주시 탑동로 31-3
함덕그때그집,126.6646963,33.5427933,제주특별자치도 제주시 조천읍 조함해안로 486
싱싱촘맛집(배낚시,126.6608541,33.54524012,제주특별자치도 제주시 조천읍 조함해안로 430-1
호텔스위트캐슬,126.6569041,33.54420729,제주특별자치도 제주시 조천읍 신북로 443
함덕리486,126.6646681,33.54284822,제주특별자치도 제주시 조천읍 조함해안로 486
호텔스위트캐슬(스파 체험),126.6569037,33.54420774,제주특별자치도 제주시 조천읍 신북로 443
싱싱촘맛집(귤따기 체험,126.6608541,33.54524012,제주특별자치도 제주시 조천읍 조함해안로 430-1
어덜트밤비노,126.5315229,33.48697096,제주특별자치도 제주시 도남로 168-15
큰맘할매순대국 제주조천점,126.6212749,33.53409938,제주특별자치도 제주시 조천읍 신북로 68
산방식당 제주점,126.5360098,33.490184,제주특별자치도 제주시 구남로8길 10-5
천짓골식당,126.561256,33.24821903,제주특별자치도 서귀포시 중앙로41번길 4
TJ게스트하우스,126.809477,33.55448244,제주특별자치도 제주시 구좌읍 행원동길 2-1
하도댁흑돼지두루치기,126.8560037,33.5227766,제주특별자치도 제주시 구좌읍 세화2길 9
제주스카이힐펜션,126.7120726,33.27990305,제주특별자치도 서귀포시 남원읍 남원체육관로 251
월정퀵서프,126.7984786,33.5547373,제주특별자치도 제주시 구좌읍 해맞이해안로 486
스타벅스 제주애월DT점,126.3487637,33.47275247,제주특별자치도 제주시 애월읍 애월해안로 376
에스프레소라운지,126.4727693,33.48063296,제주특별자치도 제주시 한라대학로 1
금성487펜션,126.3015733,33.4478641,제주특별자치도 제주시 애월읍 금성5길 42-12
곽지국시,126.3078756,33.44882177,제주특별자치도 제주시 애월읍 일주서로 6027
슈닛츠,126.3423632,33.31599313,제주특별자치도 서귀포시 안덕면 동광로 265-50
곽지식당,126.3044206,33.44942272,제주특별자치도 제주시 애월읍 곽지3길 27
파티장설레임,126.3080523,33.4529272,제주특별자치도 제주시 애월읍 곽지리
제주도고기국수만세국수,126.5370751,33.4976667,제주특별자치도 제주시 연삼로 437
백마가든,126.6242133,33.50536732,제주특별자치도 제주시 조천읍 중산간동로 347
삼일식당,126.2635565,33.40858295,제주특별자치도 제주시 한림읍 한림상로 92
천돈가,126.4174127,33.25803853,제주특별자치도 서귀포시 일주서로 873
금능향토음식점,126.2287031,33.3903069,제주특별자치도 제주시 한림읍 금능리
머큐어앰배서더 제주,126.3487373,33.29365237,제주특별자치도 서귀포시 안덕면 한창로 365
돈보리,126.7992993,33.38246863,제주특별자치도 서귀포시 표선면 성읍민속로 63
중문농협하나로마트 본점,126.4304183,33.25093539,제주특별자치도 서귀포시 천제연로 242
카페아오오,126.879959,33.37909439,제주특별자치도 서귀포시 성산읍 환해장성로 75
칠돈가 표선직영점,126.8440696,33.32586405,제주특별자치도 서귀포시 표선면 표선당포로 13-1
제주웨스턴그레이스 강정점,126.5069325,33.25264448,제주특별자치도 서귀포시 김정문화로27번길 9-7
빛의 벙커,126.8998139,33.43964657,제주특별자치도 서귀포시 성산읍 고성리 2039-22
숲을걷다,126.3045437,33.44909163,제주특별자치도 제주시 애월읍 곽지1길 26-9
뜰에,126.3202188,33.4663736,제주특별자치도 제주시 애월읍 애월로11길 23-1
제주설심당 협재점,126.2428664,33.39588488,제주특별자치도 제주시 한림읍 한림로 371
소앵븟,126.4301681,33.48944408,제주특별자치도 제주시 우정로8길 6
도두해녀의집,126.4666285,33.50617758,제주특별자치도 제주시 도두항길 16
넉둥베기,126.5126165,33.50984537,제주특별자치도 제주시 서문로 9-1
또시오라,126.4876781,33.51735595,제주특별자치도 제주시 서해안로 446-2
야해,126.4781773,33.48450024,제주특별자치도 제주시 노형11길 6
요술식탁,126.5219281,33.51205899,제주특별자치도 제주시 관덕로6길 12
사려니숲길 입구,126.6260806,33.42292147,제주특별자치도 제주시 봉개동
바움하우스,126.4874942,33.51769058,제주특별자치도 제주시 서해안로 448
마로호스텔,126.5422198,33.50976175,제주특별자치도 제주시 동광로21길 5
제주파인비치펜션,126.7481544,33.28744871,제주특별자치도 서귀포시 남원읍 태위로 976-10
미소가김밥,126.5397883,33.50920277,제주특별자치도 제주시 고마로 57
엘로망,126.3909556,33.48520944,제주특별자치도 제주시 애월읍 가문동상2길 29-1
바다풍경,126.9358435,33.46472622,제주특별자치도 서귀포시 성산읍 일출로288번길 17
제주호텔더엠,126.5609459,33.2469286,제주특별자치도 서귀포시 태평로353번길 14
쌍둥이횟집,126.5629275,33.24656772,제주특별자치도 서귀포시 중정로62번길 14
거멍국수,126.3044096,33.24437894,제주특별자치도 서귀포시 안덕면 사계로114번길 53-14
은희네해장국 이도점,126.5375987,33.49228073,제주특별자치도 제주시 남광로 10
모뉴에트,126.9022249,33.49148199,제주특별자치도 제주시 구좌읍 종달동길 23
해녀잠수촌,126.4921457,33.51927039,제주특별자치도 제주시 서해안로 498
미향해장국 서귀포점,126.5603343,33.25442801,제주특별자치도 서귀포시 솜반천로 4
휘슬락호텔,126.5275035,33.51737903,제주특별자치도 제주시 서부두2길 26
돈사촌,126.572547,33.25522074,제주특별자치도 서귀포시 동홍중앙로52번길 4
얌얌돈까스,126.8561969,33.52315549,제주특별자치도 제주시 구좌읍 구좌로 44
붉은오름,126.6795385,33.39985819,제주특별자치도 서귀포시 표선면 가시리 산 158
슈가바당,126.839859,33.53454248,제주특별자치도 제주시 구좌읍 해맞이해안로 1166
김영미해장국,126.5347559,33.49004135,제주특별자치도 제주시 구남로8길 4-17
국제통닭 신제주점,126.4784209,33.49105583,제주특별자치도 제주시 월랑로10길 33
호텔통 연동점,126.4926674,33.48538987,제주특별자치도 제주시 사장1길 28
올레길 16코스(고내-광령 올레),126.3897956,33.46649759,제주특별자치도 제주시 애월읍 고내리 1111-2
더나인스테이,126.4894387,33.48551365,제주특별자치도 제주시 연동6길 5
대굴대굴굴구이,126.4872572,33.4919925,제주특별자치도 제주시 성신로2길 19
정희네두루치기,126.5693567,33.4741757,제주특별자치도 제주시 아봉로 248-56
부림온천,126.4912216,33.47575853,제주특별자치도 제주시 과원로 70
소쿠리,126.9341591,33.46169953,제주특별자치도 서귀포시 성산읍 일출로 270-2
보내다제주,126.7605466,33.33016173,제주특별자치도 서귀포시 표선면 토산중앙로 487-134
성산포JC공원,126.9261834,33.45468051,제주특별자치도 서귀포시 성산읍 고성리
맛나식당,126.9160786,33.44860083,제주특별자치도 서귀포시 성산읍 동류암로 41
장인더카페 제주점,126.7279759,33.55915732,제주특별자치도 제주시 구좌읍 구좌해안로 140
시시소소,126.7828029,33.47210802,제주특별자치도 제주시 구좌읍 중산간동로 2247
베드라디오 도두봉,126.4698882,33.50655762,제주특별자치도 제주시 서해안로 204
아끈다랑쉬오름,126.830647,33.4741391,제주특별자치도 제주시 구좌읍 세화리 2593-2
더블유,126.5058542,33.2524175,제주특별자치도 서귀포시 김정문화로 9
더애월 흑돼지김치찌개두루치기전문점 저지직영점,126.2667735,33.3378143,제주특별자치도 제주시 한경면 저지12길 99
더클리프,126.4149199,33.24432939,제주특별자치도 서귀포시 중문관광로 154-17
메가MGC커피 제주동광육거리점,126.3403047,33.31055724,제주특별자치도 서귀포시 안덕면 한창로 599
불특정식당,126.8446305,33.3753315,제주특별자치도 서귀포시 성산읍 삼달로 239
골든튤립제주성산호텔,126.9162598,33.44800589,제주특별자치도 서귀포시 성산읍 일출로 31
팔미돈가 흑돼지 성산점,126.8422341,33.41930039,제주특별자치도 서귀포시 성산읍 서성일로 511
용두암해촌,126.5026307,33.51702019,제주특별자치도 제주시 서해안로 614
장안해물보말칼국수,126.7562029,33.55628234,제주특별자치도 제주시 구좌읍 김녕로 173
삼위일체대성당,126.323808,33.34863076,제주특별자치도 제주시 한림읍 새미소길 15
곽지로온,126.3172749,33.44258621,제주특별자치도 제주시 애월읍 곽납로 62-19
금악성당,126.3193264,33.34860628,제주특별자치도 제주시 한림읍 금악북로 320
교래퐁낭,126.6741267,33.42594935,제주특별자치도 제주시 조천읍 남조로 1773
성이시돌센터,126.3225944,33.34665505,제주특별자치도 제주시 한림읍 금악북로 353
라갈레트,126.3214098,33.34537101,제주특별자치도 제주시 한림읍 산록남로 55
마크사이공 제주,126.231381,33.38924801,제주특별자치도 제주시 한림읍 금능길 79
이레 용담점,126.5024268,33.49998474,제주특별자치도 제주시 명신1길 4
오션스위츠 제주호텔,126.5230927,33.51813749,제주특별자치도 제주시 탑동해안로 74
수목원테마파크,126.4882266,33.47060712,제주특별자치도 제주시 은수길 69
점보빌리지,126.3051056,33.27627648,제주특별자치도 서귀포시 안덕면 평화로319번길 31-11
하갈비,126.3089829,33.46433159,제주특별자치도 제주시 애월읍 애월북서길 52
까사그란데&덕평본가,129.0368508,35.09825752,제주특별자치도 제주시 구좌읍 덕평로 121-149
제주김만복 동문시장점,126.5178386,33.51527714,제주특별자치도 제주시 북성로 65
소인국테마파크,126.3225515,33.29056052,제주특별자치도 서귀포시 안덕면 중산간서로 1878
그린마일커피 애월점,126.3220223,33.46407902,제주특별자치도 제주시 애월읍 애월로 137-1
사계여행,126.3077586,33.23495771,제주특별자치도 서귀포시 안덕면 산방로 262
꿈in게스트하우스,126.4793503,33.23655885,제주특별자치도 서귀포시 말질로170번길 4-1
콤포스텔라 별들의들판,126.2931139,33.42819314,제주특별자치도 제주시 한림읍 귀덕14길 187-1
올레길 8코스(월평-대평 올레),126.4139222,33.24462042,제주특별자치도 서귀포시 하예동 532-1
지금,126.3910134,33.48585797,제주특별자치도 제주시 애월읍 애월해안로 890
종이시계,126.3917852,33.48535416,제주특별자치도 제주시 애월읍 애월해안로 899
스타벅스 제주외도DT점,126.4270716,33.49234914,제주특별자치도 제주시 일주서로 7300
달빛에구운고등어 제주이도점,126.5401426,33.48839531,제주특별자치도 제주시 중앙로 381
신산공원,126.5331605,33.50701956,제주특별자치도 서귀포시 중앙로62번길 18
먼치번즈,126.3668549,33.4780067,제주특별자치도 제주시 애월읍 애월해안로 592
순옥이네 명가 본점,126.4649816,33.50551593,제주특별자치도 제주시 도공로 8
스완지리조트,126.4582212,33.50304505,제주특별자치도 제주시 서해안로 84
돈짱,126.4634262,33.50294148,제주특별자치도 제주시 서해안로 131
새벽해장국,126.4655339,33.50321385,제주특별자치도 제주시 서해안로 152
제주신라호텔 바당,126.4080312,33.24751017,제주특별자치도 서귀포시 중문관광로72번길 75
짐보리,126.4080148,33.24739469,제주특별자치도 서귀포시 중문관광로72번길 75
제주신라호텔 더 파크뷰,126.4079618,33.24714559,제주특별자치도 서귀포시 중문관광로72번길 75
장위동유성집 중문점,126.427279,33.26037448,제주특별자치도 서귀포시 중문로 104
제주신라호텔 패스트리 부티크,126.4079563,33.24716359,제주특별자치도 서귀포시 중문관광로72번길 75
괸당집 함덕점,126.6644482,33.54237338,제주특별자치도 제주시 조천읍 신북로 509
굿우드무드,126.6648321,33.54221304,제주특별자치도 제주시 조천읍 조함해안로 488-5
한라축산정육식당,126.4853803,33.46584663,제주특별자치도 제주시 1100로 3128
메가MGC커피 제주동문시장점,126.5262397,33.51324852,제주특별자치도 제주시 관덕로 65
코코메아,126.2025388,33.3597004,제주특별자치도 제주시 한경면 판포중길 31
CU 제주함덕길점,126.665109,33.537981,제주특별자치도 제주시 조천읍 함덕12길 46-1
유코식당,126.7996683,33.55483841,제주특별자치도 제주시 구좌읍 행원로1길 33
오가닉제주,126.8571981,33.52307731,제주특별자치도 제주시 구좌읍 구좌로 53
젠틀리하우스,126.7979104,33.55320908,제주특별자치도 제주시 구좌읍 월정7길 24
월정몰리네,126.7950843,33.55524925,제주특별자치도 제주시 구좌읍 월정7길 63
아코제주,126.858811,33.52150677,제주특별자치도 제주시 구좌읍 구좌로 75-1
월정리갈비밥,126.7967866,33.55485535,제주특별자치도 제주시 구좌읍 월정7길 46
워너비제주,126.8084231,33.55381724,제주특별자치도 제주시 구좌읍 행원로9길 8-1
삐끄니끄,126.4972963,33.48500482,제주특별자치도 제주시 비월길 7
카페리,126.8396535,33.53393634,제주특별자치도 제주시 구좌읍 평대2길 39
만월당,126.7057468,33.27925529,제주특별자치도 서귀포시 남원읍 남원체육관로 191
열두가지곁호미,126.8607933,33.52317878,제주특별자치도 제주시 구좌읍 세화7길 32
여름문구사,126.8588714,33.52142389,제주특별자치도 제주시 구좌읍 구좌로 77
평대리해수욕장,126.84086,33.53352676,제주특별자치도 제주시 구좌읍 평대리
제주시관광안내센터,126.5114218,33.51482825,제주특별자치도 제주시 용두암길 15
제이앤클로이,126.1887784,33.25714395,제주특별자치도 서귀포시 대정읍 무릉중앙로 203
해거름전망대카페,126.2062559,33.37013938,제주특별자치도 제주시 한경면 판포리 1608
바다바라,126.412978,33.24589627,제주특별자치도 서귀포시 중문관광로72번길 29-51
골목집,126.8379446,33.32522868,제주특별자치도 서귀포시 표선면 표선백사로110번길 5-10
GS25 성산삼달점,126.8692408,33.36937219,제주특별자치도 서귀포시 성산읍 일주동로 5251
연돈볼카츠 제주사수점,126.479213,33.50955347,제주특별자치도 제주시 서해안로 317
어멍이해녀,126.9112036,33.49984122,제주특별자치도 제주시 구좌읍 해맞이해안로 2244
두발로하이킹,126.5061344,33.5162345,제주특별자치도 제주시 서해안로 648
메모리아리조트,126.872379,33.37415496,제주특별자치도 서귀포시 성산읍 일주동로 5199-3
일과리해안도로,126.220444,33.24318676,제주특별자치도 서귀포시 대정읍 일과리
하타나카,126.4080438,33.48538871,제주특별자치도 제주시 애월읍 하귀14길 11-1
고기왕,126.4104538,33.4855706,제주특별자치도 제주시 애월읍 하귀12길 4
더스테이센추리호텔,126.4089331,33.48484028,제주특별자치도 제주시 애월읍 일주서로 7113
에이바우트커피뷰 하귀포구점,126.4083776,33.48645688,제주특별자치도 제주시 애월읍 하귀12길 21-2
하귀농협하나로마트,126.4121357,33.48506288,제주특별자치도 제주시 애월읍 일주서로 7136
얼라이브카트,126.4078012,33.25488434,제주특별자치도 서귀포시 중문관광로 42
우영담,126.3166218,33.46429099,제주특별자치도 제주시 애월읍 애월로 86
온다정,126.243402,33.39697005,제주특별자치도 제주시 한림읍 한림로 381-4
제주애월몽,126.3635709,33.47806652,제주특별자치도 제주시 애월읍 애월해안로 560
황해식당,126.4306871,33.49235408,제주특별자치도 제주시 우정로 6
좋은마트,126.3654472,33.47113483,제주특별자치도 제주시 애월읍 일주서로 6679-1
낭쿰낭쿰 산방산점,126.279319,33.27886063,제주특별자치도 서귀포시 대정읍 영어도시로 74
호랑호랑,126.9215281,33.45003977,제주특별자치도 서귀포시 성산읍 일출로 86
몽그레 월정리점,126.7926963,33.5595621,제주특별자치도 제주시 구좌읍 해맞이해안로 400
종로3가감자탕 연동점,126.4864457,33.48911306,제주특별자치도 제주시 신광로4길 34
마요피갤러리,126.8884349,33.5244149,제주특별자치도 제주시 구좌읍 하도동길 27-38
청파식당횟집,126.8536606,33.52452656,제주특별자치도 제주시 구좌읍 세평항로 12
평대리멍석,126.8503797,33.53068417,제주특별자치도 제주시 구좌읍 해맞이해안로 1308
자리돔횟집,126.5746144,33.25555242,제주특별자치도 서귀포시 동홍동로 7
이디야커피 서귀포동홍점,126.5747253,33.25569345,제주특별자치도 서귀포시 동홍동로 9
제주안덕농협하나로마트&로컬푸드직매장 제주1호점,126.3332987,33.24665596,제주특별자치도 서귀포시 안덕면 화순로 122
산방산에펜션,126.2970978,33.24631327,제주특별자치도 서귀포시 안덕면 사계북로41번길 151
카페블루하우스 서귀포시청점,126.5592179,33.25192834,제주특별자치도 서귀포시 천지로 51
크래커스커피 대정점,126.2796938,33.2632821,제주특별자치도 서귀포시 대정읍 보성구억로126번길 34
페를로,126.3061361,33.25673168,제주특별자치도 서귀포시 안덕면 덕수회관로74번길 33
세리월드,126.5118743,33.24701618,제주특별자치도 서귀포시 법환상로2번길 97-17
초콜릿박물관,126.2299707,33.2570371,제주특별자치도 서귀포시 대정읍 일주서로3000번길 144
갈치공장,126.8509611,33.53190564,제주특별자치도 제주시 구좌읍 해맞이해안로 1296
유유자적,126.9576342,33.51627136,제주특별자치도 제주시 우도면 우도해안길 780-2
우도등대,126.9660906,33.49309193,제주특별자치도 제주시 우도면 연평리 337
제주또시랑,126.5530155,33.49540002,제주특별자치도 제주시 연북로 724
안녕성산,126.9345365,33.46189538,제주특별자치도 서귀포시 성산읍 일출로 270-1
크럼스쿠키,126.8351545,33.53898839,제주특별자치도 제주시 구좌읍 계룡길 36-1
본태박물관,126.3924797,33.3037709,제주 서귀포시 안덕면 산록남로762번길 69
숨게스트하우스 제주공항점,126.5146454,33.50038663,제주특별자치도 제주시 서광로5길 2-2
미미국수,126.529854,33.50667707,제주특별자치도 제주시 삼성로 39
제주특별자치도 민속자연사박물관,126.5315261,33.50634441,제주특별자치도 제주시 삼성로 40
망고레이 본점,126.439149,33.49470885,제주특별자치도 제주시 내도3길 11
SK행복충전 천마한림충전소,126.2760389,33.41538227,제주특별자치도 제주시 한림읍 일주서로 5467
어영소공원 화장실,126.4875582,33.5183454,제주특별자치도 제주시 서해안로 451
화고,126.5061794,33.25335919,제주특별자치도 서귀포시 신서로32번길 20
미르반점,126.5346982,33.24411927,제주특별자치도 서귀포시 태평로 107
충민정,126.5131419,33.5025193,제주특별자치도 제주시 남성로 26-1
까망돼지 중문점,126.4134118,33.25740662,제주특별자치도 서귀포시 색달중앙로 21
롯데마트 제주점,126.4818478,33.48243476,제주특별자치도 제주시 연북로 1
웰컴비앤비 제주키즈펜션,126.6949728,33.54893749,제주특별자치도 제주시 조천읍 북촌9길 7
제주그리미,126.7076483,33.50482053,제주특별자치도 제주시 조천읍 중산간동로 1364
양떼목장,126.3654582,33.41097982,제주특별자치도 제주시 애월읍 도치돌길 289-13
타이거탱크 힐링파크,126.3753545,33.38611889,제주특별자치도 제주시 애월읍 산록서로 18
구이사이식당,126.3685409,33.47220819,제주특별자치도 제주시 애월읍 신엄9길 2
피자굽는돌하르방 본점,126.2558058,33.3048028,제주특별자치도 제주시 한경면 청수로 218
제주빵집,126.3831792,33.39317788,제주특별자치도 제주시 애월읍 상가목장길 84
외계인방앗간 제주본점,126.4702375,33.48966693,제주특별자치도 제주시 월광로 107-2
사진놀이터,126.4417351,33.45675002,제주특별자치도 제주시 애월읍 평화로 2835
낭낭카페,126.3037644,33.26525399,제주특별자치도 서귀포시 안덕면 덕수서로163번길 6
도두 주유소,126.4689379,33.4942126,제주특별자치도 제주시 일주서로 7697
신신호텔 제주월드컵,126.5192582,33.25440583,제주특별자치도 서귀포시 서호중로 55
대평,126.3645024,33.23714313,제주특별자치도 서귀포시 안덕면 창천리
화순곶자왈,126.330401,33.26361239,제주특별자치도 서귀포시 안덕면 화순리
정이가네,126.9322509,33.4726792,제주특별자치도 서귀포시 성산읍 성산등용로 112-7
카페곁에,126.7131074,33.55358978,제주특별자치도 제주시 구좌읍 동복로3길 9
블랙샌즈호텔,126.5873387,33.52192045,제주특별자치도 제주시 선사로 8
훈남횟집,126.667858,33.54208595,제주특별자치도 제주시 조천읍 함덕13길 7
그초록,126.8064005,33.55637462,제주특별자치도 제주시 구좌읍 행원로7길 23-16
선물고팡 제주공항점,126.5049323,33.50297002,제주특별자치도 제주시 월성로 15
공육이육,126.6337701,33.49438744,제주특별자치도 제주시 조천읍 와흘상서1길 4
연화차,126.7147714,33.48757689,제주특별자치도 제주시 조천읍 선교로 46
조천농협로컬푸드직매장,126.62254,33.53134077,제주특별자치도 제주시 조천읍 일주동로 757
미쿠니,126.5896258,33.52905784,제주특별자치도 제주시 서흘길 41
스콘가게끌림,126.5827929,33.52440804,제주특별자치도 제주시 지석9길 35-1
이에르바,126.6188664,33.52750677,제주특별자치도 제주시 조천읍 신촌남1길 33-8
꼬뜨도르호텔,126.7166801,33.55197244,제주특별자치도 제주시 구좌읍 일주동로 1724
맥파이브루잉컴퍼니 양조장,126.6171736,33.50319997,제주특별자치도 제주시 동회천1길 23
올리브영 제주함덕점,126.6687215,33.54252392,제주특별자치도 제주시 조천읍 조함해안로 522
빽다방 호텔더본제주점,126.4064196,33.25955536,제주특별자치도 서귀포시 색달로 18
팔도식당,126.9291674,33.46888621,제주특별자치도 서귀포시 성산읍 성산등용로 78
지영상회,126.6231188,33.2522055,제주특별자치도 서귀포시 하효동
비자향,126.8114174,33.4959464,제주특별자치도 제주시 구좌읍 비자림로 2270
밥먹자,126.4220017,33.43555418,제주특별자치도 제주시 애월읍 평화로 2535-2
협재섬바다,126.2353151,33.38318748,제주특별자치도 제주시 한림읍 금능남로 53
비단가52,126.2971571,33.4392514,제주특별자치도 제주시 한림읍 귀덕리
한림 칼국수 제주본점,126.261565,33.4155739,제주특별자치도 제주시 한림읍
점점,126.6152502,33.53703443,제주특별자치도 제주시 조천읍 신촌북3길 39-3
문개항아리 조천본점,126.6440146,33.55347531,제주특별자치도 제주시 조천읍 조함해안로 217-1
저스트인2,126.8963155,33.473189,제주특별자치도 서귀포시 성산읍 시흥상동로53번길 31
제주할망밥상 표선점,126.8292364,33.32033379,제주특별자치도 서귀포시 표선면 표선동서로 177-1
수산저수지,126.3878389,33.47124112,제주특별자치도 제주시 애월읍 수산리
상가리야자숲,126.35828,33.43920784,제주특별자치도 제주시 애월읍 고하상로 326
동복분식,126.7133693,33.55284928,제주특별자치도 제주시 구좌읍 동복로 68-1
북촌9길스낵,126.6950922,33.54866731,제주특별자치도 제주시 조천읍 북촌9길 3
종달스토리,126.9001844,33.49176888,제주특별자치도 제주시 구좌읍 종달논길 61-7
별미해장국,126.5193381,33.51115189,제주특별자치도 제주시 서사로 14
달식당,126.9002276,33.49164269,제주특별자치도 제주시 구좌읍 종달논길 61-7
자상한시간,126.6950988,33.54867328,제주특별자치도 제주시 조천읍 북촌9길 3
왓새우,126.2456907,33.3958029,제주특별자치도 제주시 한림읍 협재로 20
돈이랑 본점,126.4091086,33.25771083,제주특별자치도 서귀포시 일주서로 953
색달로망스,126.4110734,33.26076222,제주특별자치도 서귀포시 색달로72번길 1
젤코바,126.3998803,33.47979838,제주특별자치도 제주시 애월읍 하소로 1
달리책방,126.2547263,33.40330462,제주특별자치도 제주시 한림읍 월계로 18
와인창고 본점,126.526567,33.47981421,제주특별자치도 제주시 연북로 424
팔도수산식당,126.5278798,33.51665198,제주특별자치도 제주시 임항로 27
봉덕뜨락,126.22055,33.38475366,제주특별자치도 제주시 한림읍 한림로 121-3
선물고팡 협재점,126.2563397,33.40634815,제주특별자치도 제주시 한림읍 한림로 545
스테이낭,126.2498835,33.38444305,제주특별자치도 제주시 한림읍 협재로 158
토이파크,126.345365,33.31895724,제주특별자치도 서귀포시 안덕면 동광로 267-7
크래커스커피 한경점,126.2273208,33.33512999,제주특별자치도 제주시 한경면 낙수로 1
맥파이 탑동점,126.5234284,33.51795396,제주특별자치도 제주시 탑동로2길 7
제주칠성로상점가,126.5265448,33.51433881,제주특별자치도 제주시 칠성로길 36
컴플리트커피 노형점,126.4781812,33.4806189,제주특별자치도 제주시 노형6길 21
빨간풍차펜션,126.7423256,33.54861594,제주특별자치도 제주시 구좌읍 김녕남2길 36
김녕킹마트,126.7513272,33.55466059,제주특별자치도 제주시 구좌읍 김녕로 124
제주밭담테마공원,126.7785366,33.56319444,제주특별자치도 제주시 구좌읍 월정리 1400-14
제주삼양동유적,126.5876808,33.52332447,제주특별자치도 제주시 선사로2길 13
김녕항,126.7373129,33.55977073,제주특별자치도 제주시 구좌읍 김녕리 4211
신흥리방사탑2호,126.6494095,33.5529191,제주특별자치도 제주시 조천읍 신흥리 731-1
연북정,126.6361195,33.54008358,제주특별자치도 제주시 조천읍 조천리 2690
김녕해녀촌,126.7550431,33.55819503,제주특별자치도 제주시 구좌읍 김녕로21길 25
제주남원농협하나로마트,126.7214459,33.28432257,제주특별자치도 서귀포시 남원읍 남조로 52
위미다온국밥,126.6626674,33.27424099,제주특별자치도 서귀포시 남원읍 위미중앙로 178
희신이네,126.5508493,33.2633599,제주특별자치도 서귀포시 서홍로 175
솜반천,126.5536907,33.25249289,제주특별자치도 서귀포시 서홍동 1212-4
고성오일시장,126.9133003,33.45199259,제주특별자치도 서귀포시 성산읍 고성오조로 93
해신짬뽕,126.9576034,33.51326902,제주특별자치도 제주시 우도면 우도해안길 814
해뜨는초록마을,126.9204276,33.43957676,제주특별자치도 서귀포시 성산읍 섭지코지로25번길 8
비자림리조트,126.8482823,33.5111196,제주특별자치도 제주시 구좌읍 충렬로 141-1
성산포수협 수산물유통센터,126.9295769,33.4707086,제주특별자치도 서귀포시 성산읍 성산등용로 107-17
등머울펜션,126.9678172,33.5147994,제주특별자치도 제주시 우도면 안비양길 35
예원이네귤농장,126.4559255,33.46399972,제주특별자치도 제주시 노형로 82
켄싱턴리조트 서귀포,126.4890656,33.23377523,제주특별자치도 서귀포시 이어도로 684
도깨비게스트하우스,126.7028247,33.45693937,제주특별자치도 제주시 조천읍 번영로 1616-6
카페촐,126.7737687,33.41223216,제주특별자치도 서귀포시 표선면 성읍이리로 74
뷰제주하늘,126.8328619,33.41316254,제주특별자치도 서귀포시 성산읍 서성일로 397
돈이랑 성산점,126.9160022,33.44748278,제주특별자치도 서귀포시 성산읍 일출로 30
가시버시,126.7879449,33.3439523,제주특별자치도 서귀포시 표선면 가시로 365-14
서귀포매일올레시장 입구,126.5641213,33.2481696,제주특별자치도 서귀포시 서귀동 371-3
회뜰날,126.8381639,33.32510274,제주특별자치도 서귀포시 표선면 민속해안로 631-4
토니토니,126.7721904,33.35457978,제주특별자치도 서귀포시 표선면 가시로613번길 47
라라코스트 서귀포광장점,126.5618319,33.25365789,제주특별자치도 서귀포시 일주동로 8670
제주촌집,126.8315904,33.32763659,제주특별자치도 서귀포시 표선면 표선중앙로59번길 2
모구리야영장,126.8219702,33.40626626,제주특별자치도 서귀포시 성산읍 서성일로 260
모들한상,126.3469793,33.4553504,제주특별자치도 제주시 애월읍 하가로 180
형돈,126.5329283,33.48934205,제주특별자치도 제주시 구남로 22
싸이공레시피,126.4001839,33.4797764,제주특별자치도 제주시 애월읍 하귀로25길 2
카페세탁쏘,126.5213944,33.50127029,제주특별자치도 제주시 서사로19길 15
수눌음,126.2500312,33.21816321,제주특별자치도 서귀포시 대정읍 하모항구로 50
환상숲곶자왈공원,126.2630279,33.32290672,제주특별자치도 제주시 한경면 녹차분재로 594-1
킹스통나무펜션,126.3645598,33.41033509,제주특별자치도 제주시 애월읍 도치돌길 283
올레벗 게스트하우스,126.3681125,33.23583434,제주특별자치도 서귀포시 안덕면 소기왓로 11
앙데팡당,126.3536521,33.47362447,제주특별자치도 제주시 애월읍 신엄안3길 136-5
뚜띠콜로리,126.3897903,33.45189541,제주특별자치도 제주시 애월읍 장전로 109-12
한라수목원,126.4932661,33.46978393,제주특별자치도 제주시 수목원길 72
돈오름숯불갈비,126.4929712,33.48865127,제주특별자치도 제주시 신대로12길 33
머쉬,126.5150377,33.50433533,제주특별자치도 제주시 전농로 18
제주개생활연구소,126.2703723,33.3168841,제주특별자치도 제주시 한경면 녹차분재로 502
브라운타임,126.2550624,33.3303497,제주특별자치도 제주시 한경면 중산간서로 3647
길동무,126.2561869,33.33389521,제주특별자치도 제주시 한경면 중산간서로 3689
카페 귤한가,126.2630686,33.38844215,제주특별자치도 제주시 한림읍 명월성로 234-1
몰돗,126.6577776,33.54360654,제주특별자치도 제주시 조천읍 함대로 2
동한두기,126.5156376,33.51468613,제주특별자치도 제주시 용담1동
온더스톤게스트하우스,126.930621,33.470146,제주 서귀포시 성산읍 성산등용로 100-4
온더스톤 게스트하우스,126.930621,33.470146,제주 서귀포시 성산읍 성산등용로 100-4
바이러닉 에스프레소바 제주도점,126.4445686,33.49767605,제주특별자치도 제주시 테우해안로 96
제주국제공항 렌터카하우스,126.4922739,33.50487705,제주특별자치도 제주시 공항로 2
비양도,126.2273484,33.41027771,제주특별자치도 제주시 한림읍 협재리
리치망고 함덕점,126.6695038,33.54249247,제주특별자치도 제주시 조천읍 조함해안로 530
제주나기,126.377768,33.47567367,제주특별자치도 제주시 애월읍 구엄동1길 7
키아오라리조트,126.9048957,33.43430761,제주특별자치도 서귀포시 성산읍 난고로42번길 3
씨사이드뷰2,126.1638804,33.32481784,제주특별자치도 제주시 한경면 한경해안로 190-1
KD렌트카,126.4654735,33.49482521,제주특별자치도 제주시 일주서로 7667
그대와함께라면,126.9156237,33.43397628,제주특별자치도 서귀포시 성산읍 환해장성로 929
백리향,126.6384171,33.53698342,제주특별자치도 제주시 조천읍 신북로 244
제주푸른호텔,126.5182933,33.25463201,제주 서귀포시 서호중로 47
제주옹심이메밀칼국수,126.5920398,33.26232975,제주특별자치도 서귀포시 토평남로48번길 18
비브레이브 혁신도시점,126.5181748,33.25489934,제주특별자치도 서귀포시 서호중앙로 85-13
우정횟집,126.5282836,33.51762363,제주특별자치도 제주시 서부두길 16
맥도날드 탑동점,126.5266612,33.51669691,제주특별자치도 제주시 임항로 17
서귀포기적의도서관,126.5699928,33.25435719,제주특별자치도 서귀포시 일주동로 8593
GS25 서귀동홍점,126.5722344,33.25506098,제주특별자치도 서귀포시 동홍중앙로 50
명자,126.3104694,33.46231762,제주특별자치도 제주시 애월읍 애월로1길 22
인디고인디드,126.3340845,33.46640738,제주특별자치도 제주시 애월읍 애월해안로 204
귤귤스토어,126.3120263,33.46253453,제주특별자치도 제주시 애월읍 애월로1길 6
궁중오메기떡,126.4934343,33.49485251,제주특별자치도 제주시 도령로 162
과수원집소원재,126.6975877,33.31064126,제주특별자치도 서귀포시 남원읍 남한로 418-11
비오제주,126.3010605,33.44757181,제주특별자치도 제주시 애월읍 금성5길 39
참전복죽,126.596837,33.24340753,제주특별자치도 서귀포시 칠십리로 426-1
아니따파스타,126.2963008,33.35884902,제주특별자치도 제주시 한림읍 금악로1길 1
소천지,126.5912648,33.23907593,제주특별자치도 서귀포시 보목동
돈어길,126.2854004,33.2807774,제주특별자치도 서귀포시 대정읍 중산간서로 2274
바람에스치운다,126.8941632,33.52230387,제주특별자치도 제주시 구좌읍 문주란로 121-1
와인점방 제주점,126.5007226,33.49317988,제주특별자치도 제주시 연삼로 78
이스턴파트,126.6745364,33.53498651,제주특별자치도 제주시 조천읍 함덕남8길 9
코코리파이프,126.4144889,33.48887557,제주 제주시 애월읍 하귀6길 22
하도락펜션,126.8865027,33.52691599,제주특별자치도 제주시 구좌읍 해맞이해안로 1726
수망다원,126.7182177,33.33680805,제주특별자치도 서귀포시 남원읍 수망리 535-5
카페미와,126.8570989,33.5231926,제주특별자치도 제주시 구좌읍 구좌로 51-1
귤한가,126.2630686,33.38844215,제주특별자치도 제주시 한림읍 명월성로 234-1
제스코마트,126.5957762,33.26292621,제주특별자치도 서귀포시 상효로 39
오션블루호텔,126.4304108,33.23886532,제주특별자치도 서귀포시 이어도로 67
협재고기부엌,126.2421562,33.39561007,제주특별자치도 제주시 한림읍 협재1길 1
하모니리조트,126.252085,33.37936054,제주특별자치도 제주시 한림읍 협재로 213
팜파스호텔 제주,126.4849893,33.51155661,제주특별자치도 제주시 서해안로 368-3
푸르곤,126.3365467,33.43775551,제주특별자치도 제주시 애월읍 납읍로 84
국립제주박물관,126.5488761,33.51359629,제주특별자치도 제주시 일주동로 17
파스테이스,126.2668486,33.40762603,제주특별자치도 제주시 한림읍 한림중앙로 82
카페지니,126.640665,33.26487812,제주특별자치도 서귀포시 남원읍 공천포로11번길 19
제주호랭이 제주점,126.5029179,33.49879571,제주특별자치도 제주시 월구길 4
공천포,126.6405913,33.26608609,제주특별자치도 서귀포시 남원읍 신례리
이스트포레스트,126.8987592,33.49587904,제주특별자치도 제주시 구좌읍 종달로1길 26-1
마라탕에취한날 본점,126.5233607,33.50988356,제주특별자치도 제주시 관덕로8길 40
레인보우제주,126.5636123,33.24868715,제주특별자치도 서귀포시 중앙로42번길 19
달치즈,126.8620447,33.52416563,제주특별자치도 제주시 구좌읍 해녀박물관길 35
상향평준화,126.5218938,33.50910254,제주특별자치도 제주시 남성로 156
송당의 아침,126.7836789,33.47156408,제주특별자치도 제주시 구좌읍 중산간동로 2254
소로소로,126.78662,33.47117698,제주특별자치도 제주시 구좌읍 송당7길 3
당오름,126.7786029,33.46659989,제주특별자치도 제주시 구좌읍 송당리 산 199-1
으뜨미식당,126.7870988,33.47070175,제주특별자치도 제주시 구좌읍 중산간동로 2287
해맞이쉼터,126.8377354,33.53719041,제주특별자치도 제주시 구좌읍 해맞이해안로 1116
제주드림타워,126.4814332,33.48521534,제주특별자치도 제주시 노연로 12
후하,126.477586,33.47723813,제주특별자치도 제주시 정원로 53
도두어부의밥상,126.4676398,33.50534977,제주특별자치도 제주시 서해안로 181
산방산호텔,126.2932594,33.24967708,제주특별자치도 서귀포시 대정읍 일주서로 2093
심야식당 코나카,126.5483584,33.47068211,제주특별자치도 제주시 인다14길 28-12
비양놀,126.263509,33.42898017,제주특별자치도 제주시 한림읍 한림해안로 311
키치니토키친 제주점,126.7850918,33.47314885,제주특별자치도 제주시 구좌읍 송당5길 18
바미아일랜드,126.7973376,33.55502215,제주특별자치도 제주시 구좌읍 해맞이해안로 474-1
가로수길마루,126.3113594,33.4603535,제주특별자치도 제주시 애월읍 애월로 11
빌롱스테이,126.7709265,33.55110285,제주특별자치도 제주시 구좌읍 일주동로 2251
강식당,126.2434157,33.39787172,제주특별자치도 제주시 한림읍 협재1길 30
어라운드폴리,126.8356741,33.41555378,제주특별자치도 서귀포시 성산읍 서성일로 433
쉼게스트하우스,126.249749,33.39858997,제주특별자치도 제주시 한림읍 옹포2길 30
돼지굽는정원,126.2410838,33.39186913,제주특별자치도 제주시 한림읍 협재2길 8-7
남양수산,126.9141325,33.45012503,제주특별자치도 서귀포시 성산읍 고성동서로56번길 11
나인브로스커피,126.2599664,33.2662786,제주특별자치도 서귀포시 대정읍 중산간서로 2595
홍마트 모슬포점,126.2524309,33.21953729,제주특별자치도 서귀포시 대정읍 최남단해안로 13
산방굴사,126.3130909,33.2379626,제주특별자치도 서귀포시 안덕면 사계리 3693
호텔연,126.5621251,33.24394295,제주특별자치도 서귀포시 솔동산로22번길 17-2
따라비오름,126.7528584,33.38870699,제주특별자치도 서귀포시 표선면 가시리 산 63
미풍해장국 서귀포직영점,126.567675,33.26130612,제주특별자치도 서귀포시 동홍로 146
제주어촌,126.6680975,33.54253919,제주특별자치도 제주시 조천읍 조함해안로 518
새벽해장국 플랑,127.365089,37.76864873,제주특별자치도 제주시 서해안로 152
석다원,126.8891635,33.52715281,제주특별자치도 제주시 구좌읍 해맞이해안로 1752
제주와요펜션,126.638578,33.53297902,제주특별자치도 제주시 조천읍 조천남4길 4
해동분식,126.5850702,33.52088506,제주특별자치도 제주시 일주동로 376
서귀포백돼지,126.5641627,33.24092153,제주특별자치도 서귀포시 칠십리로91번길 14
제주할망밥상 모슬포점,126.2519451,33.21889332,제주특별자치도 서귀포시 대정읍 최남단해안로 18
Flow,126.8365937,33.32683181,제주특별자치도 서귀포시 표선면 표선백사로 127
메가MGC커피 제주송악산점,126.290885,33.20776907,제주특별자치도 서귀포시 대정읍 송악관광로 421-1
마블링,126.5515641,33.2620966,제주특별자치도 서귀포시 서홍로 160
졸띠체험승마,126.9190115,33.44981275,제주특별자치도 서귀포시 성산읍 고성리 296-7
어반아일랜드호텔,126.4947348,33.48957088,제주특별자치도 제주시 삼무로 76
버블탱크,126.5648762,33.24136042,제주특별자치도 서귀포시 부두로 41
보룡제과,126.9152166,33.44800699,제주특별자치도 서귀포시 성산읍 고성오조로 48-1
성산스쿠버리조트,126.9335659,33.46094908,제주특별자치도 서귀포시 성산읍 일출로 258-5
카페돗돗헌,126.8417462,33.32425802,제주특별자치도 서귀포시 표선면 민속해안로 631-34
낭구지횟집,126.843229,33.32505874,제주특별자치도 서귀포시 표선면 민속해안로 585
내도음악상가,126.4456326,33.49787556,제주특별자치도 제주시 테우해안로 106
카페살레,126.9577477,33.51314464,제주특별자치도 제주시 우도면 우도해안길 816
비스타리조트,126.4575841,33.50304587,제주특별자치도 제주시 서해안로 74
금박돈,126.9336839,33.46133503,제주특별자치도 서귀포시 성산읍 일출로 261
어니스트밀크 본점,126.8718846,33.45041315,제주특별자치도 서귀포시 성산읍 중산간동로 3147-7
리치망고 신제주점,126.4896339,33.48085142,제주특별자치도 제주시 국기로 14
비스비제주 앤 팜빌리지,126.5285857,33.24264463,제주특별자치도 서귀포시 속골로 29-10
하영횟집,126.5222709,33.24525329,제주특별자치도 서귀포시 이어도로 1043
머문공간 게스트하우스,126.8995126,33.39692867,제주특별자치도 서귀포시 성산읍 온평포구로54번길 61
제주드림타워 그랜드키친,126.4814981,33.48514349,제주특별자치도 제주시 노연로 12
파르나스호텔 제주,126.4057632,33.24459343,제주특별자치도 서귀포시 중문관광로72번길 100
라운지38,126.4814544,33.48526051,제주특별자치도 제주시 노연로 12
더캔버스,126.4105917,33.24843658,제주특별자치도 서귀포시 중문관광로72번길 35
엉덩물횟집,126.4115554,33.24970161,제주특별자치도 서귀포시 중문관광로72번길 29-9
글라 레스토랑,126.3771261,33.48312927,제주특별자치도 제주시 애월읍 애월해안로 708
장원삼계탕,126.6393931,33.53786081,제주특별자치도 제주시 조천읍 신북로 258
명리동식당 본점,126.2704177,33.31659225,제주특별자치도 제주시 한경면 녹차분재로 498
레인보우모빌리티 렌트카,126.4724361,33.4977742,제주특별자치도 제주시 오일장서길 68
도두봉공원,126.4685558,33.50780151,제주특별자치도 제주시 도두일동 산 2
충청북도해양교육원 제주분원,126.3068259,33.45044236,제주특별자치도 제주시 애월읍 곽지9길 29
신스버거,126.2165782,33.37465159,제주특별자치도 제주시 한림읍 월령2길 2
황가네뚝배기,126.4957863,33.49156228,제주특별자치도 제주시 삼무로11길 24
원조마라도짜장면집,126.2668833,33.11868482,제주특별자치도 서귀포시 대정읍 마라로101번길 48
롯데리아 제주공항국내선탑승점,126.4929232,33.50684518,제주특별자치도 제주시 공항로 2
제주도게스트하우스파티 한담누리,126.3123917,33.45930168,제주특별자치도 제주시 애월읍 일주서로 6158
일리있는,126.3103707,33.23378028,제주특별자치도 서귀포시 안덕면 사계남로216번길 29
드림오션요트투어,126.4795337,33.50954851,제주특별자치도 제주시 서해안로 319
엔제리너스 제주공항1층점,126.4930152,33.50674818,제주특별자치도 제주시 공항로 2
길게스트하우스 산과바다사이,126.3076805,33.2296197,제주특별자치도 서귀포시 안덕면 사계남로 181
가파도 별미식당,126.2600346,33.22150859,제주특별자치도 서귀포시 대정읍 영서중로 59
무수천주유소,126.4519846,33.46324666,제주특별자치도 제주시 노형로 45
제주드림타워 차이나하우스,126.4814609,33.48526054,제주특별자치도 제주시 노연로 12
노릇,126.4321267,33.25624384,제주특별자치도 서귀포시 1100로49번길 28-19
바당길,126.2585241,33.40975029,제주특별자치도 제주시 한림읍 한림서길 18
롯데시티호텔 제주,126.4864772,33.49069458,제주특별자치도 제주시 도령로 83
한라산,126.5294193,33.36142464,제주특별자치도 서귀포시 서홍동 산 1-1
돈블럭,126.4371172,33.25148883,제주특별자치도 서귀포시 천제연로 303
중문회포장센터 새벽야시장,126.4292831,33.24662854,제주특별자치도 서귀포시 중문관광로 293
제주플래티늄카라반,126.4014045,33.48344636,제주특별자치도 제주시 애월읍 하귀미수포길 5-8
소노캄 제주,126.7920828,33.30553102,제주특별자치도 서귀포시 표선면 일주동로 6347-17
그리운바다 성산포,126.9300434,33.46985504,제주특별자치도 서귀포시 성산읍 성산등용로 94
정직한돈 본점,126.3388815,33.46735809,제주특별자치도 제주시 애월읍 애월해안로 253
다인오세아노호텔,126.3504708,33.47248717,제주특별자치도 제주시 애월읍 애월해안로 394
에버그린돈까스,126.3128437,33.46200172,제주특별자치도 제주시 애월읍 애월로 40
마실펜션,126.8911199,33.49159896,제주특별자치도 제주시 구좌읍 용눈이오름로 26
송도옥,126.5135655,33.51528749,제주특별자치도 제주시 흥운길 101
명단,126.9346312,33.46468231,제주특별자치도 서귀포시 성산읍 성산중앙로 59
순희밥상,126.8999033,33.49287943,제주특별자치도 제주시 구좌읍 종달로5길 38
서문레지던스,126.5175294,33.5104876,제주특별자치도 제주시 서문로4길 16-8
방글방글,126.9198306,33.43631614,제주특별자치도 서귀포시 성산읍 신양로 96
나드리마트,126.5718444,33.25756977,제주특별자치도 서귀포시 동홍중앙로 77
뽀요요펜션카페,126.9467161,33.49426441,제주특별자치도 제주시 우도면 우도해안길 128
난산리다방,126.8678927,33.39894481,제주특별자치도 서귀포시 성산읍 난산로41번길 39-2
꺼멍목장,126.4553468,33.24284679,제주특별자치도 서귀포시 이어도로 338
카페갤러리앤샵,126.5726812,33.25563595,제주특별자치도 서귀포시 동홍중앙로 58-8
포레스트사파리,126.7094967,33.4630825,제주특별자치도 제주시 조천읍 선교로 474-1
모든날이행복하기를,126.7448487,33.28827778,제주특별자치도 서귀포시 남원읍 태신로 22
카페뷰,126.9579078,33.52034309,제주특별자치도 제주시 우도면 우도해안길 684
로뎀가든,126.9426983,33.50366095,제주특별자치도 제주시 우도면 우도해안길 264
각지불,126.6753235,33.42448107,제주특별자치도 제주시 조천읍 남조로 1751
우도해녀식당,126.9489812,33.51456587,제주특별자치도 제주시 우도면 우도해안길 440
아녜스의앞치마,126.8054451,33.55553464,제주특별자치도 제주시 구좌읍 행원로5길 25
솔루나x퍼머넌트베케이션,126.5354941,33.24213686,제주특별자치도 서귀포시 태평로120번길 26
아줄레주,126.8392945,33.36683143,제주특별자치도 서귀포시 성산읍 신풍하동로19번길 59
토템오어,126.2268761,33.33512993,제주특별자치도 제주시 한경면 용금로 440
고집돌우럭 함덕점,126.6630989,33.54381497,제주특별자치도 제주시 조천읍 신북로 491-9
돈걱정,126.3699641,33.47786116,제주특별자치도 제주시 애월읍 중엄3길 65
비양도등대,126.9723466,33.51441822,제주특별자치도 제주시 우도면 안비양길 51
데미안,126.2217407,33.32911216,제주특별자치도 제주시 한경면 고조로 492-15
애월970스테이,126.3683718,33.47712277,제주특별자치도 제주시 애월읍 신엄안2길 35-22
제주카약올레,126.3104746,33.46233117,제주특별자치도 제주시 애월읍 애월로1길 22
중문고등어쌈밥 제주점,126.3806926,33.26498025,제주특별자치도 서귀포시 일주서로 1240
해변산책,126.3080135,33.4520466,제주특별자치도 제주시 애월읍 곽지9길 7
해오반,126.7693513,33.52793252,제주특별자치도 제주시 구좌읍 만장굴길 182
걸리버여행기,126.9512406,33.49324205,제주특별자치도 제주시 우도면 우도로 1
코코분식,126.5299935,33.49679615,제주특별자치도 제주시 신성로 104
세광양대창 제주연동점,126.4923369,33.48670484,제주특별자치도 제주시 신대로16길 39
마트로 탑동점,126.525682,33.51703307,제주특별자치도 제주시 중앙로 13
거문오름,126.7147427,33.45692229,제주특별자치도 제주시 조천읍 선교로 569-36
산방산에머물다,126.3041042,33.24338365,제주특별자치도 서귀포시 안덕면 사계로114번길 53-5
남쪽마녀의레시피,126.9586971,33.51971133,제주특별자치도 제주시 우도면 우도해안길 694
우도자연식당,126.9525881,33.52439476,제주특별자치도 제주시 우도면 우도해안길 602
팔미돈가,126.3025458,33.24667483,제주특별자치도 서귀포시 안덕면 사계로 187-3
하도리 어느 해변가,126.8830215,33.51875146,제주특별자치도 제주시 구좌읍 하도리
이야기별방펜션 앞 산책길,126.8552962,33.46800153,제주특별자치도 제주시 구좌읍 종달리
황우치해변,126.3169946,33.23708248,제주특별자치도 서귀포시 안덕면 사계리 79-4
스타벅스 제주공항DT점,126.5053546,33.50062487,제주특별자치도 제주시 월성로 42
gs25 산방산사계로점,126.3042545,33.2437465,제주특별자치도 서귀포시 안덕면
하나로미니 성산포지점,126.9337657,33.46405072,제주특별자치도 서귀포시 성산읍 성산중앙로 49
몽마르카부덴,126.3127562,33.23521984,제주특별자치도 서귀포시 안덕면 사계남로216번길 24-68
이야기별방펜션,126.9013347,33.50981991,제주특별자치도 제주시 구좌읍 해맞이해안로 2040
서프보이,126.9325349,33.46566304,제주특별자치도 서귀포시 성산읍 한도로242번길 14
미르담,126.5037256,33.51094788,제주특별자치도 제주시 용화로 1-10
천향휘훠궈 제주본점,126.4911944,33.48704276,제주특별자치도 제주시 신대로16길 50
오쉐어,126.4967574,33.50524877,제주특별자치도 제주시 용문로 4
뷰스트,126.3034811,33.2277786,제주특별자치도 서귀포시 안덕면 형제해안로 30
돈나무흑돼지,126.4890448,33.48369802,제주특별자치도 제주시 신광로10길 3
삼거리농원,126.3081059,33.23418425,제주특별자치도 서귀포시 안덕면 사계남로 235
사람풍경,126.677875,33.4684176,제주특별자치도 제주시 조천읍 번영로 1338
우림일식,126.4825846,33.48735693,제주특별자치도 제주시 도령로 28-2
임성반점,126.5097492,33.50947883,제주특별자치도 제주시 용화로 57-1
소길별하,126.3757759,33.42983943,제주특별자치도 제주시 애월읍 소길남길 34-37
제주수학체험관,126.5226917,33.50392327,제주특별자치도 제주시 전농로 88
송키 샤브샤브,126.5294296,33.49201917,제주특별자치도 제주시 연삼로 344
삼무국수,126.4909672,33.49056164,제주특별자치도 제주시 삼무로3길 46-1
한라회센타,126.5467366,33.50198319,제주특별자치도 제주시 연삼로 540
포도호텔 레스토랑,126.387461,33.31790246,제주특별자치도 서귀포시 안덕면 산록남로 863
M1971 요트투어,126.257123,33.21012367,제주특별자치도 서귀포시 대정읍 최남단해안로 128
카페일분 제주일도점,126.5488707,33.50052679,제주특별자치도 제주시 태성로 28-1
베어포레스트,126.2965517,33.22607703,제주특별자치도 서귀포시 안덕면 사계남로56번길 11-1
제주카페거리,126.4911703,33.51911402,제주특별자치도 제주시 용담삼동
퍼시픽렌터카 제주지점,126.4984445,33.49934839,제주특별자치도 제주시 월성로4길 74-12
CU 서귀사계중앙로점,126.2979256,33.23135384,제주특별자치도 서귀포시 안덕면 산방로 363-1
새물국수,126.3335697,33.24120353,제주특별자치도 서귀포시 안덕면 화순해안로 63
꼼비노,126.2512374,33.22049934,제주특별자치도 서귀포시 대정읍 신영로 78
에이바우트커피 칠성점,126.525691,33.51617118,제주특별자치도 제주시 관덕로11길 36
흑생,126.4148707,33.48252072,제주특별자치도 제주시 애월읍 하귀9길 54-5
화순별곡,126.3331802,33.24106529,제주특별자치도 서귀포시 안덕면 화순해안로 62
양이주택,126.3225226,33.24955322,제주특별자치도 서귀포시 안덕면 사계신항로39번길 17-13
디사이드온,126.9083856,33.49633733,제주특별자치도 제주시 구좌읍 종달로1길 123
다이소 서귀포남원점,126.7138694,33.28225685,제주특별자치도 서귀포시 남원읍 일주동로 7173
올레길 5코스(남원-쇠소깍 올레),126.6674399,33.27078076,제주특별자치도 서귀포시 남원읍 남원리 91-6
가시코너국수,126.7661252,33.36115125,제주특별자치도 서귀포시 표선면 원님로 737
식당마요네즈,126.478678,33.48891834,제주특별자치도 제주시 다랑곶3길 18
천아오름,126.4499279,33.39625511,제주특별자치도 제주시 애월읍 광령리 산 182-1
우와국수,126.3626991,33.27524257,제주특별자치도 서귀포시 안덕면 한창로 146
서가장인곱창 제주신화월드점,126.3152683,33.30500945,제주특별자치도 서귀포시 안덕면 신화역사로304번길 98
신화워터파크,126.3153985,33.30607406,제주특별자치도 서귀포시 안덕면 신화역사로304번길 38
신화관 제주신화월드 스카이풀,126.3160763,33.30617607,제주특별자치도 서귀포시 안덕면 신화역사로304번길 38
금악무짠지냉면,126.2942724,33.36004294,제주특별자치도 제주시 한림읍 금악로1길 15
신화테라스,126.3167421,33.30589212,제주특별자치도 서귀포시 안덕면 신화역사로304번길 38
이호정원,126.456959,33.4999,제주특별자치도 제주시 서해안로 24
카페 숑,127.01563,37.28179897,제주 서귀포시 남원읍 공천포로 91
제주허브동산,127.0190255,37.28271753,제주 서귀포시 표선면 돈오름로 170
동선제면가,127.0140412,37.2819145,제주 서귀포시 남원읍 태위로 3 1층
미친게스트하우스,126.5586184,33.24800863,제주 서귀포시 중정로 19-6
양주고을부대찌개,126.5617369,33.25205987,제주특별자치도 서귀포시 동문동로53번길 14
돈내코손두부,126.5908156,33.29124994,제주특별자치도 서귀포시 배낭골로21번길 19
로즈마린,126.5599995,33.24242792,제주특별자치도 서귀포시 남성중로 13
순두부엔짬뽕 서귀포직영점,126.520505,33.25580276,제주특별자치도 서귀포시 새왓로 20
삼보식당,126.5590718,33.24768025,제주특별자치도 서귀포시 중정로 25
오르바,126.6095677,33.24040062,제주특별자치도 서귀포시 보목포로 78
제주에인감귤밭,126.5390139,33.25656069,제주특별자치도 서귀포시 호근서호로 20-14
서귀포항,126.5664008,33.23679898,제주특별자치도 서귀포시 서귀동
마틴스키친,126.5139703,33.23531493,제주특별자치도 서귀포시 막숙포로 74
반디왓,126.2623763,33.30590586,제주특별자치도 제주시 한경면 청수동7길 51
루프탑정원,126.7454082,33.2838596,제주 서귀포시 남원읍 태위로912번길 37
호텔홀라인 제주협재점,126.2288927,33.38647371,제주특별자치도 제주시 한림읍 한림로 197
해녀고기,126.4915946,33.47710704,제주특별자치도 제주시 과원로 80
바당어부펜션,126.2308766,33.38368118,제주특별자치도 제주시 한림읍 금능남1길 10-21
성아시,126.2303809,33.38846013,제주특별자치도 제주시 한림읍 금능길 68
금능해장국,126.2321173,33.38923904,제주특별자치도 제주시 한림읍 금능길 85
제주부영호텔앤리조트,126.4231393,33.24249691,제주특별자치도 서귀포시 중문관광로 222
카페이면,126.2265558,33.38859142,제주특별자치도 제주시 한림읍 금능5길 13
키아나요가,126.2956459,33.22718991,제주특별자치도 서귀포시 안덕면 사계남로50번길 1
GS25 제주함덕점,126.667725,33.54141301,제주특별자치도 제주시 조천읍 함덕13길 2
동백돼지불백,126.6639525,33.27501086,제주특별자치도 서귀포시 남원읍 태위로 154
하미,126.667338,33.54179785,제주특별자치도 제주시 조천읍 신북로 537-1
카페주디,126.6672052,33.48933361,제주특별자치도 제주시 조천읍 중산간동로 804-60
아일랜드프로젝트,126.5163665,33.50458035,제주특별자치도 제주시 전농로 29
웨딩카페나비인,126.4262815,33.43752871,제주특별자치도 제주시 애월읍 고성남동길 3
카페141,126.7662464,33.29929812,제주특별자치도 서귀포시 남원읍 태신해안로 227-3
휘닉스제주 민트레스토랑,126.933818,33.42918361,제주특별자치도 서귀포시 성산읍 고성리 46
도치돌목장,126.3658096,33.4099556,제주특별자치도 제주시 애월읍 도치돌길 293
보일식당,126.6066963,33.23945388,제주특별자치도 서귀포시 보목포로 45
차귀도달래배낚시,126.1648975,33.30893141,제주특별자치도 제주시 한경면 노을해안로 1160
퐁낭댁,126.3070236,33.23402315,제주특별자치도 서귀포시 안덕면 산방로 273
캠핑스토리,126.3949471,33.41756184,제주특별자치도 제주시 애월읍 하소로 746
인생밥집 한림협재본점,126.2646275,33.41135177,제주특별자치도 제주시 한림읍 문교길 6
서귀포JS호텔,126.510311,33.25142801,제주특별자치도 서귀포시 김정문화로 51
뜨랑국수,126.5105883,33.25826704,제주특별자치도 서귀포시 신동로67번길 53
BBQ 서귀포월드컵점,126.5097267,33.24959,제주특별자치도 서귀포시 신서귀로 3
한림보말칼국수,126.2721638,33.4167264,제주특별자치도 제주시 한림읍 명랑남동길 42
초밥충전,126.3389138,33.2482331,제주특별자치도 서귀포시 안덕면 화순로 65
감따남,126.494588,33.26205117,제주특별자치도 서귀포시 월산로 16
돈내코주유소,126.5945484,33.29008646,제주특별자치도 서귀포시 516로 438
한라산영실휴게소,126.4967372,33.34849629,제주특별자치도 서귀포시 영실로 226
솟솟리버스,126.5233058,33.51696264,제주특별자치도 제주시 탑동로 13
한라산둘레길 안내센터,126.4744626,33.3098899,제주특별자치도 서귀포시 도순동
교촌치킨 제주탑동점,126.5224306,33.51717925,제주특별자치도 제주시 탑동로 21
한라산둘레길 돌오름길 입구,126.456514,33.3107836,제주특별자치도 서귀포시 대포동 산 1-6
제주센트럴파크레지던스,126.4950876,33.48885105,제주특별자치도 제주시 신대로12길 14
소못,126.4873974,33.48500394,제주특별자치도 제주시 연동4길 12-2
오지힐 제주점,126.1935424,33.36266352,제주특별자치도 제주시 한경면 일주서로 4469
더세븐렌트카,126.4720167,33.49756885,제주특별자치도 제주시 오일장서길 68
제주어멍국수 본점,126.4987928,33.4881926,제주특별자치도 제주시 선덕로3길 28
달이머물다 게스트하우스,126.5923061,33.24127212,제주특별자치도 제주시 구좌읍 해맞이해안로 518-38
월정리곳간,126.8068422,33.55627884,제주특별자치도 제주시 구좌읍 해맞이해안로 584-2
노을리카페,126.3727352,33.47985059,제주특별자치도 제주시 애월읍 애월해안로 654
고근산 산책로,126.5122234,33.26529893,제주특별자치도 서귀포시 서호동 1286-1
장수애섬식당,126.5631886,33.24239949,제주특별자치도 서귀포시 솔동산로 30
송당백년해장국,126.7865603,33.47093164,제주특별자치도 제주시 구좌읍 중산간동로 2283
세리바,126.5243573,33.51599657,제주특별자치도 제주시 중앙로4길 1
용연교,126.5139099,33.51241006,제주특별자치도 제주시 용담이동 367-17
예그리나,126.5131228,33.51553819,제주특별자치도 제주시 흥운길 93
잉가이,126.5197616,33.51301712,제주특별자치도 제주시 무근성7길 1
용이식당,126.5604798,33.25108167,제주특별자치도 서귀포시 중앙로79번길 9
카멜리아힐 베이커리,126.36979,33.289832,제주 서귀포시 안덕면 병악로 166
유군짬뽕,126.5420879,33.49270492,제주특별자치도 제주시 승천로 66
피노호텔,126.5633095,33.2413937,제주특별자치도 서귀포시 천지연로29번길 5
네거리식당,126.559291,33.24849159,제주특별자치도 서귀포시 서문로29번길 20
오직흑돼지 공항본점,126.5062963,33.51521185,제주특별자치도 제주시 용마로 24
카페톨칸이,126.9573712,33.49283859,제주특별자치도 제주시 우도면 우도해안길 32-24
블루메베이글,126.5330975,33.49671412,제주특별자치도 제주시 가령로4길 3
설빙 서귀점,126.5640039,33.24761378,제주특별자치도 서귀포시 이중섭로 4-1
삼다수목장,126.665186,33.43240991,제주특별자치도 제주시 조천읍 교래리 산 93
피즈버거 노형점,126.4776015,33.48362147,제주특별자치도 제주시 노형10길 6
산방식당,126.2542126,33.22346098,제주특별자치도 서귀포시 대정읍 하모이삼로 62
채집,126.2573227,33.30369388,제주특별자치도 제주시 한경면 청수서5길 1-11
쉴쿠다,126.236871,33.30957463,제주특별자치도 제주시 한경면 중산간서로 3357-15
라온쥬,126.2424762,33.35573104,제주특별자치도 제주시 한림읍 월림리 2365
김선장회센타,126.252511,33.21717914,제주특별자치도 서귀포시 대정읍 최남단해안로 37
꺼멍연탄구이,126.2701006,33.31791935,제주특별자치도 제주시 한경면 명이5길 4
제주돔베막국수,126.1793629,33.30416278,제주특별자치도 제주시 한경면 고산로 35
투썸플레이스 제주오라우정점,126.5056988,33.47338281,제주특별자치도 제주시 아연로 131-3
올레길 6코스(쇠소깍-서귀포 올레),126.5923061,33.24127212,제주특별자치도 서귀포시 보목동
호텔서귀피안,126.5905403,33.24441482,제주특별자치도 서귀포시 보목로64번길 178
기당미술관,126.5511971,33.24488858,제주특별자치도 서귀포시 남성중로153번길 15
테라로사 서귀포점,126.6187643,33.24947073,제주특별자치도 서귀포시 칠십리로658번길 27-16
제주공항렌트카 본사,126.4558066,33.49335141,제주특별자치도 제주시 오광로 24
귤품은흑돼지 제주공항점,126.4638959,33.50635873,제주특별자치도 제주시 도두항서길 42
무거버거,126.6550634,33.54898421,제주특별자치도 제주시 조천읍 조함해안로 356
솔브레,126.5277761,33.51276392,제주특별자치도 제주시 동문로 10
삼다셀프주유소,126.4877938,33.49405936,제주특별자치도 제주시 일주서로 7873
선녀상회,126.5260671,33.5117395,제주특별자치도 제주시 관덕로14길 16
귤밭에댕댕이 체험농장&공방,126.4098521,33.46101205,제주특별자치도 제주시 애월읍 고성서5길 15
빨간집 성산점,126.9152355,33.44841633,제주특별자치도 서귀포시 성산읍 고성오조로 54
코지펜션,126.3781271,33.48383302,제주특별자치도 제주시 애월읍 애월해안로 724
날씬흑돼지,126.3065296,33.23816062,제주특별자치도 서귀포시 안덕면 사계로114번길 54-62
빌라노이제주,126.3039708,33.23693095,제주특별자치도 서귀포시 안덕면 산방로288번길 48
지구상회,126.3775377,33.48410505,제주특별자치도 제주시 애월읍 애월해안로 715
알동네국수,126.6205052,33.25089342,제주특별자치도 서귀포시 쇠소깍로 162
새미동산,126.62336,33.49513522,제주특별자치도 제주시 조천읍 종인내길 133
제주마실게스트하우스,126.5135604,33.49888212,제주특별자치도 제주시 서광로2길 11-16
종달수다뜰,126.8930822,33.49188918,제주특별자치도 제주시 구좌읍 용눈이오름로 8
동막골 서사라점,126.5201841,33.50178944,제주특별자치도 제주시 서사로 119
고래의바다,126.9096404,33.4922089,제주특별자치도 제주시 구좌읍 해맞이해안로 2340
포시즌호텔,126.4839588,33.48642861,제주특별자치도 제주시 원노형3길 19
탐라해동밥상,126.4057872,33.42534993,제주특별자치도 제주시 애월읍 유수암평화5길 24-7
농업회사법인마미포유,126.452962,33.45080897,제주특별자치도 제주시 해안마을서4길 131
황금손가락,126.5135927,33.23491133,제주특별자치도 서귀포시 막숙포로 78
크라운돼지 제주점,126.3828673,33.39365779,제주특별자치도 제주시 애월읍 상가목장길 84
카페갤러리,126.6754958,33.42210848,제주특별자치도 제주시 조천읍 남조로 1717-24
마니주횟집,126.428859,33.45117272,제주특별자치도 제주시 애월읍 광령2길 102
인섬스토리,126.2285275,33.40494947,제주특별자치도 제주시 한림읍 비양도길 29
쉼그대머물다,126.2311269,33.40675796,제주특별자치도 제주시 한림읍 비양도길 274-2
호돌이식당,126.2303652,33.40642073,제주 제주시 한림읍 비양도길 284
비양봉,126.226973,33.40945313,제주특별자치도 제주시 한림읍 협재리 산 100-1
한라산과자점,126.5055767,33.24033729,제주특별자치도 서귀포시 월드컵로 105
감귤박물관,126.607467,33.27156161,제주특별자치도 서귀포시 효돈순환로 441
제주락,126.5061655,33.23159112,제주특별자치도 서귀포시 월드컵로 203
국수앤,126.8442343,33.32626458,제주특별자치도 서귀포시 표선면 표선당포로 19-3
지금사계,126.3078874,33.2333265,제주특별자치도 서귀포시 안덕면 사계남로 227-12
바다보는날,126.3780147,33.48390819,제주특별자치도 제주시 애월읍 애월해안로 722
이너프,126.4192621,33.45631231,제주특별자치도 제주시 애월읍 고성8길 31
퓨어스테이오션,126.4819658,33.50959116,제주특별자치도 제주시 서해안로 346-9
터낭하우스,126.795235,33.5552531,제주특별자치도 제주시 구좌읍 월정7길 61
비자림국수집,126.810443,33.49274963,제주특별자치도 제주시 구좌읍 비자숲길 46
오쿠다 공항점,126.5100088,33.50277022,제주특별자치도 제주시 용문로18길 60-5
하도야비어 하도야베드 민박,126.8836547,33.50083362,제주특별자치도 제주시 구좌읍 세종로 285
우니담,126.3484558,33.47249733,제주특별자치도 제주시 애월읍 고내로13길 107
메가리조트,126.19928,33.3649952,제주특별자치도 제주시 한경면 판포1길 6
대문집,126.2518551,33.40268148,제주특별자치도 제주시 한림읍 한림로 484
제주환상전기자전거,126.1793351,33.34608306,제주특별자치도 제주시 한경면 한경해안로 565
안녕하샌,126.79419,33.55638738,제주특별자치도 제주시 구좌읍 월정3길 53-15
지금이순간,126.3110143,33.46046609,제주특별자치도 제주시 애월읍 애월로 15-1
김녕농협 하나로미니 월정점,126.7943832,33.55663474,제주특별자치도 제주시 구좌읍 해맞이해안로 444
24시뼈다귀탕 제주점,126.531025,33.50187783,제주특별자치도 제주시 동광로 19-1
세화점방,126.8597284,33.52466071,제주특별자치도 제주시 구좌읍 세화리 1477-3
올레파머스 월정점,126.7942105,33.55680215,제주특별자치도 제주시 구좌읍 월정1길 70-4
낙지로,126.494396,33.48862103,제주특별자치도 제주시 신대로12길 19
미유 애월점,126.3690155,33.47796813,제주특별자치도 제주시 애월읍 애월해안로 612
그라벨호텔제주,126.4287003,33.49240715,제주특별자치도 제주시 일주서로 7316
쓩쓩렌탈샵 월정점,126.7910468,33.55227085,제주특별자치도 제주시 구좌읍 월정1길 3
미녀국수 월정본점,126.7975219,33.55450313,제주특별자치도 제주시 구좌읍 월정7길 28-15
토끼가 아이스크림 먹고가래,126.7942279,33.55854586,제주특별자치도 제주시 구좌읍 해맞이해안로 420
누누상점,126.3122701,33.46217525,제주특별자치도 제주시 애월읍 애월로 37
물고기자리게스트하우스,126.3377416,33.46673532,제주특별자치도 제주시 애월읍 고내로9길 41
런던다락,126.2402599,33.39366006,제주특별자치도 제주시 한림읍 한림로 335
제주화연이네,126.3362388,33.46688596,제주특별자치도 제주시 애월읍 애월해안로 224
다락쉼터,126.3408713,33.47051702,제주특별자치도 제주시 애월읍 고내리 462
비주비주 한림점,126.2549062,33.40590588,제주특별자치도 제주시 한림읍 한림해안로 9
솔동산고기국수,126.5652246,33.242944,제주특별자치도 서귀포시 부두로 23
오돈가,126.5673833,33.24602248,제주특별자치도 서귀포시 태평로 444
회춘 애월점,126.3908642,33.48904073,제주특별자치도 제주시 애월읍 가문동길 80
멕시카나치킨 송산천지점,126.5645535,33.24065872,제주특별자치도 서귀포시 부두로 49
바다해호텔,126.5656903,33.24142097,제주특별자치도 서귀포시 천지연로 3-1
언더워터스쿠버,126.565979,33.24140124,제주특별자치도 서귀포시 서귀동 756-1
맘스터치 서귀중앙점,126.5611424,33.25076664,제주특별자치도 서귀포시 중앙로 69
앤티앤스프레즐 제주서귀포점,126.5672934,33.2488028,제주특별자치도 서귀포시 동문로 70
메이비,126.5642488,33.24497827,제주특별자치도 서귀포시 이중섭로 34
언더더씨,126.5671024,33.24423628,제주특별자치도 서귀포시 소암로12번길 9
서귀포고기국수,126.5670865,33.24309115,제주특별자치도 서귀포시 소암로12번길 21
썬렌트카,126.4783202,33.49942758,제주특별자치도 제주시 오일장중길 115
864펜션,126.3109191,33.25549332,제주특별자치도 서귀포시 안덕면 덕수동로 18-4
신해바라기분식 한라대점,126.4778001,33.47777998,제주특별자치도 제주시 정원로 47
국밥생각 노형점,126.483926,33.48125333,제주특별자치도 제주시 과원북4길 17
비아판포,126.2150271,33.37338228,제주특별자치도 제주시 한경면 일주서로 4716-14
소소한담,126.3669583,33.47147614,제주특별자치도 제주시 애월읍 일주서로 6691
하도리오길잘했어,126.8845077,33.51813616,제주특별자치도 제주시 구좌읍 문주란로 22-10
바다상점,126.2416479,33.39485053,제주특별자치도 제주시 한림읍 한림로 354
구르메스시,126.5114619,33.25286612,제주특별자치도 서귀포시 신서로48번길 59
고도,126.4949555,33.51899968,제주특별자치도 제주시 어영길 15
커피템플,126.5702354,33.47814398,제주특별자치도 제주시 영평길 269
상춘재,126.7047441,33.45868406,제주특별자치도 제주시 조천읍 선진길 26
청굴물,126.7511575,33.55829187,제주특별자치도 제주시 구좌읍 김녕리 1296
큰엉식당,126.703421,33.27503013,제주특별자치도 서귀포시 남원읍 태위로 526
달이뜨는식탁,126.7907949,33.55315759,제주특별자치도 제주시 구좌읍 월정1길 14
에코티엘,126.4875832,33.48926743,제주특별자치도 제주시 신광로4길 24
마라도해녀촌 연동점,126.4865939,33.48951849,제주특별자치도 제주시 연동1길 4
줄리브 신제주점,126.4874974,33.46948072,제주특별자치도 제주시 수목원길 25
스트라이크존 신제주구장,126.4896157,33.4874519,제주특별자치도 제주시 신광로 52
제원칼집 본점,126.4894641,33.48816083,제주특별자치도 제주시 제원길 19
88돼지,126.4895241,33.48931151,제주특별자치도 제주시 제원길 7
참베지근,126.4825922,33.48897261,제주특별자치도 제주시 남녕로 7
원조제원깡통숯불구이,126.4894832,33.48819878,제주특별자치도 제주시 제원길 19
훈데스힐즈,126.9568183,33.4941213,제주특별자치도 제주시 우도면
항해진미,126.4163249,33.24327929,제주특별자치도 서귀포시 중문관광로 154-17
제주신화월드 한라원,126.3163198,33.30497917,제주특별자치도 서귀포시 안덕면 신화역사로304번길 38
제주향토음식점,129.1598547,35.15852322,공항로 2  제주국제공항 4층
창꼼,126.7000025,33.55294203,제주특별자치도 제주시 조천읍 북촌리 403-9
풍원,126.943991,33.5083066,제주특별자치도 제주시 우도면 우도해안길 340
제주신화월드 랜딩다이닝,126.3172516,33.30596705,제주특별자치도 서귀포시 안덕면 신화역사로304번길 38
저지예술정보화마을,126.2559684,33.33369104,제주특별자치도 제주시 한경면 중산간서로 3687
북스토어 아베끄,126.2296418,33.38867193,제주특별자치도 제주시 한림읍 금능9길 1-1
해안도로입구 금릉서쪽방면,126.2239734,33.38602561,제주특별자치도 제주시 한림읍 한림로 154-2
제주으뜸원펜션,126.2291415,33.38837039,제주특별자치도 제주시 한림읍 금능길 55
여운쉐어하우스,126.4039943,33.42574975,제주특별자치도 제주시 애월읍 유수암평화5길 38-17
진성배낚시,126.1649522,33.3088308,제주특별자치도 제주시 한경면 노을해안로 1164-4
아델카페,126.4055216,33.42410356,제주특별자치도 제주시 애월읍 유수암평화5길 29
언플러그,126.4541421,33.45953079,제주특별자치도 제주시 해안마을길 43
제주 올레길 14코스,126.25638,33.332602,제주특별자치도 제주시 한경면 저지리
탑볼링장,126.5250266,33.51465487,제주특별자치도 제주시 관덕로11길 17
카이로스,126.4001552,33.44926285,제주특별자치도 제주시 애월읍 장유길 49-39
울트라마린,126.2060644,33.36946377,제주특별자치도 제주시 한경면 일주서로 4611
레이지피크닉,126.5265702,33.51423072,제주특별자치도 제주시 관덕로15길 11-1
카페태희,126.3044681,33.44940496,제주특별자치도 제주시 애월읍 곽지3길 27
신해바라기분식 본점,126.5259428,33.51421389,제주특별자치도 제주시 관덕로13길 13
비스마일,126.3907656,33.45085797,제주특별자치도 제주시 애월읍 하소로 358
제주항공우주호텔,126.2947102,33.30253135,제주특별자치도 서귀포시 안덕면 녹차분재로 216
오설록티뮤지엄 서광차밭,126.2879708,33.30687021,제주특별자치도 서귀포시 안덕면 신화역사로 15
맥도날드 제주월드컵스타디움DT점,126.5073328,33.24938939,제주특별자치도 서귀포시 일주서로 7
보말이네,126.4041492,33.42353257,제주특별자치도 제주시 애월읍 유수암평화5길 51
제주성읍마을,126.8014989,33.38495973,제주특별자치도 서귀포시 표선면 성읍정의현로 30
우연히그곳,126.7829609,33.47170978,제주특별자치도 제주시 구좌읍 중산간동로 2250
서실리책방,126.7842894,33.47134425,제주특별자치도 제주시 구좌읍 중산간동로 2262
안친오름,126.7859587,33.47846622,제주특별자치도 제주시 구좌읍 송당리 808
제주기사정식뷔페,126.5167872,33.49800127,제주특별자치도 제주시 공설로 23
513텐동 제주점,126.4399836,33.4957729,제주특별자치도 제주시 테우해안로 46
제주미래교육연구원 과학탐구체험관,126.5309103,33.4256996,제주특별자치도 제주시 오라이동 산 100
한라생태숲,126.5976996,33.43129334,제주특별자치도 제주시 516로 2596
나인스파빌,126.4302304,33.4453944,제주특별자치도 제주시 애월읍 하광로 518
펜션연리,126.3862897,33.2404046,제주특별자치도 서귀포시 논짓물로48번길 3
목포고을,126.4070844,33.2583738,제주특별자치도 서귀포시 일주서로 968-5
제주순풍 신제주본점,126.4802186,33.47490776,제주특별자치도 제주시 진군남4길 7-8
론푸드차이나,126.4270039,33.2512488,제주특별자치도 서귀포시 천제연로208번길 3
은희네해장국 서귀포점,126.5821867,33.26047394,제주특별자치도 서귀포시 516로 84
유채꽃길에머문시간펜션,126.7658042,33.36104155,제주특별자치도 서귀포시 표선면 녹산로5번길 3
낙타트래킹,126.7786436,33.40269826,제주특별자치도 서귀포시 표선면 번영로 2564-21
유채꽃프라자,126.731674,33.39370483,제주특별자치도 서귀포시 표선면 녹산로 464-65
저지오름,126.2508601,33.33268661,제주특별자치도 제주시 한경면 저지리 산 51
제주목 관아,126.5220035,33.51420236,제주특별자치도 제주시 관덕로 25
올레길 14코스(저지-한림 올레),126.2296083,33.36565954,제주특별자치도 제주시 구좌읍 하도서문길 41
낙천의자공원,126.2258609,33.32774404,제주특별자치도 제주시 한경면 낙수로 97
올레길 14-1코스(저지-서광 올레),126.2859696,33.32211025,제주특별자치도 제주시 한경면 저지리 1792-3
바언제주게스트하우스,126.2431246,33.32897562,제주특별자치도 제주시 한경면 녹차분재로 827-53
올레길 13코스(용수-저지 올레),126.2123034,33.32862532,제주특별자치도 제주시 한경면 조수리
아지호스텔,126.5210089,33.51422016,제주특별자치도 제주시 무근성7길 16-13
파미유스파리조트,126.5028988,33.23499258,제주특별자치도 서귀포시 이어도로 826-6
도주제김밥,126.5211762,33.51393951,제주특별자치도 제주시 관덕로3길 9-1
퐁당제주,126.3773715,33.48417904,제주특별자치도 제주시 애월읍 애월해안로 715-1
호텔골든데이지 서귀포오션,126.5674527,33.24934704,제주특별자치도 서귀포시 동홍로 7
스톤아일랜드 탭하우스,126.4932547,33.49244272,제주특별자치도 제주시 삼무로7길 16
뜨레비호텔,126.4905663,33.48919318,제주특별자치도 제주시 연동7길 8
영주말가든,126.5020135,33.48120471,제주특별자치도 제주시 연북로 196
호텔가온제이스테이,126.560321,33.24937162,제주특별자치도 서귀포시 서문로41번길 23
송악산해물라면,126.2909974,33.20846395,제주특별자치도 서귀포시 대정읍 형제해안로 296
노마드인제주,126.5058703,33.51574208,제주특별자치도 제주시 용마로4길 5
유원식당,126.5605585,33.2499504,제주특별자치도 서귀포시 천지로 25
CU 제주용해로점,126.5029552,33.51298779,제주특별자치도 제주시 용해로 47
CU 서귀천지점,126.5628113,33.24577027,제주특별자치도 서귀포시 태평로371번길 21
산방산랜드,126.3117031,33.23378586,제주특별자치도 서귀포시 안덕면 사계남로216번길 24-9
하이하이볼,126.7926786,33.55615405,제주특별자치도 제주시 구좌읍 월정1길 55
소낭게스트하우스 1호점,126.7909602,33.55202547,제주특별자치도 제주시 구좌읍 월정1길 1
제주문화예술진흥원 제주문예회관,126.5352076,33.50458394,제주특별자치도 제주시 동광로 69
단백,126.9319087,33.46174881,제주특별자치도 서귀포시 성산읍 성산중앙로 17
오조리비앤비펜션,126.9160265,33.45797394,제주특별자치도 서귀포시 성산읍 오조로 42
서양차관,126.6159336,33.24211191,제주특별자치도 서귀포시 보목포로 145
아트스테이함덕비치,126.6668132,33.54249788,제주특별자치도 제주시 조천읍 조함해안로 504
게리가,126.640804,33.2634323,제주특별자치도 서귀포시 남원읍 공천포로 51
행원연대봉,126.8050568,33.55102786,제주특별자치도 제주시 구좌읍 행원리 1261-14
제주신라호텔 히노데,126.4080022,33.24735856,제주특별자치도 서귀포시 중문관광로72번길 75
제주신라호텔 와이너리,126.4080414,33.24743088,제주특별자치도 서귀포시 중문관광로72번길 75
신라스테이 제주,126.4909019,33.4855377,제주특별자치도 제주시 노연로 100
쉴만한물가,126.2140251,33.37607439,제주특별자치도 제주시 한림읍 월령안길 30
마농 제주본점,126.4612109,33.47905055,제주특별자치도 제주시 우평로 45-1
외도339,126.4317003,33.49373366,제주특별자치도 제주시 일주서로 7345
제주신화월드 셀렉더테이블,126.3159775,33.30591496,제주특별자치도 서귀포시 안덕면 신화역사로304번길 38
신화돌담집,126.3158939,33.30450799,제주특별자치도 서귀포시 안덕면 신화역사로304번길 98
불란지호스텔,126.2517707,33.22451383,제주특별자치도 서귀포시 대정읍 하모중앙로 46-6
광명식당,126.528046,33.51222039,제주특별자치도 제주시 동문로4길 9
제주만석이펜션,126.2302265,33.3867137,제주특별자치도 제주시 한림읍 한림로 209
제주자전거여행,126.4128752,33.25019652,제주특별자치도 서귀포시 중문관광로110번길 15
해성도뚜리가든,126.3750895,33.48192081,제주특별자치도 제주시 애월읍 애월해안로 682
만선식당,126.2498107,33.21786254,제주특별자치도 서귀포시 대정읍 하모항구로 44
제주에코스위츠,126.4277837,33.26545653,제주특별자치도 서귀포시 중문상로 207-13
한라산국립공원 영실매표소,126.4806683,33.34013529,제주특별자치도 서귀포시 영실로 246
JB풀빌라 남원점,126.7018363,33.29029636,제주특별자치도 서귀포시 남원읍 남위남성로94번길 30-1
털보네고양이,126.6878298,33.27537786,제주특별자치도 서귀포시 남원읍 태위로 381
맥도날드 제주시청DT점,126.5331043,33.49564666,제주특별자치도 제주시 중앙로 277
하늘꽃카페,126.2819924,33.21317287,제주특별자치도 서귀포시 대정읍 송악관광로 317
유탑유블레스호텔 제주,126.6662784,33.54241169,제주특별자치도 제주시 조천읍 조함해안로 502
라 플라주,126.6707256,33.54283472,제주특별자치도 제주시 조천읍 조함해안로 525
순전이해녀김밥,126.6651818,33.54255118,제주특별자치도 제주시 조천읍 조함해안로 490
프로젝트064다방,126.4885415,33.48879535,제주특별자치도 제주시 신광로4길 13
바다다,126.436715,33.23690685,제주특별자치도 서귀포시 대포로 148-15
오조항,126.9256478,33.47229403,제주특별자치도 서귀포시 성산읍 오조리 4-2
금빛감귤체험농원,126.8812201,33.44111421,제주특별자치도 서귀포시 성산읍 서성일로 954
무명화가의집게스트하우스,126.905109,33.47154421,제주특별자치도 서귀포시 성산읍 시흥하동로55번길 23-5
백기해녀의집,126.9224789,33.44997906,제주특별자치도 서귀포시 성산읍 일출로 88-19
우뭇개동산,126.9369122,33.46256651,제주특별자치도 서귀포시 성산읍 일출로 284-12
표선우동가게,126.8312911,33.32408738,제주특별자치도 서귀포시 표선면 표선관정로 105-1
교래흑돼지 본점,126.6750575,33.42372662,제주특별자치도 제주시 조천읍 교래4길 73
에코랜드호텔,126.6723937,33.45104915,제주특별자치도 제주시 조천읍 남조로 1982
카페 동백,126.7144105,33.5090071,제주특별자치도 제주시 조천읍 동백로 68
밀림원,126.6538872,33.48204286,제주특별자치도 제주시 조천읍 남조로 2446
서귀포농협하나로마트 천지간이점,126.5593574,33.24807707,제주특별자치도 서귀포시 서문로29번길 26
닥그네할망,126.5299802,33.49528142,제주특별자치도 제주시 신성로10길 18
효퇴국수,126.5196054,33.50154016,제주특별자치도 제주시 서사로 122-1
홍회장보말칼국수,126.3332142,33.31001179,제주특별자치도 서귀포시 안덕면 신화역사로 423
꽁순이네,126.3387054,33.44691276,제주특별자치도 제주시 애월읍 중산간서로 5642
금갈치타운,126.5419751,33.50453702,제주특별자치도 제주시 고마로19길 2
그린데이 게스트하우스,126.5225902,33.50889335,제주특별자치도 제주시 남성로 158-3
물항식당 본점,126.529084,33.51690901,제주특별자치도 제주시 임항로 37-4
골목식당,126.5250346,33.51180136,제주특별자치도 제주시 중앙로 63-9
빵귿,126.5351505,33.4870856,제주특별자치도 제주시 구남동6길 45-1
스시우다,126.5064189,33.51570208,제주특별자치도 제주시 용마로 30
사계의시간,126.3088352,33.23230934,제주특별자치도 서귀포시 안덕면 사계남로 214
더앨리 제주애월점,126.3786274,33.48368767,제주특별자치도 제주시 애월읍 애월해안로 728
이스탄불케밥,126.3356363,33.3102123,제주특별자치도 서귀포시 안덕면 신화역사로 447
추사유배지,126.2781963,33.25040562,제주특별자치도 서귀포시 대정읍 추사로 44
오또도넛 서귀점,126.5650743,33.24381986,제주특별자치도 서귀포시 부두로 16
제주사랑렌트카,126.501906,33.48570503,제주특별자치도 제주시 연미길 103
골드원호텔&스위트,126.521955,33.2441957,제주특별자치도 서귀포시 이어도로 1032
흑돈향,126.5292494,33.24472269,제주특별자치도 서귀포시 태평로 58
24시국수회관,126.5184236,33.50876092,제주특별자치도 제주시 남성로 122-1
나니물휴게소,126.6799298,33.33236045,제주특별자치도 서귀포시 남원읍 서성로810번길 7
제주만복이네호떡,126.5245441,33.51666987,제주특별자치도 제주시 중앙로 20
옷귀마테마타운 승마장,126.6833911,33.34051097,제주특별자치도 서귀포시 남원읍 서성로 955-117
산도위치 제주본점,126.5179803,33.51553194,제주특별자치도 제주시 북성로 64
코코마마 성산점,126.9343102,33.46099546,제주특별자치도 서귀포시 성산읍 일출로 258-11
중문해장북어국,126.4222454,33.25228709,제주특별자치도 서귀포시 천제연로 163
조유암펜션,126.367548,33.23335156,제주특별자치도 서귀포시 안덕면 난드르로21번길 25
솔펜션,126.9017963,33.48598547,제주특별자치도 제주시 구좌읍 해맞이해안로 2478
제주감성소품,126.5641535,33.24601662,제주특별자치도 서귀포시 이중섭로 23
버거요 제주본점,126.2963647,33.44640564,제주특별자치도 제주시 한림읍 귀덕11길 43
남매네흑돼지,126.562934,33.25000476,제주특별자치도 서귀포시 중정로61번길 24-1
윤스타피자앤파스타,126.8849752,33.52519703,제주특별자치도 제주시 구좌읍 문주란로1길 74-20
보야지,126.5882337,33.52522235,제주특별자치도 제주시 선사로6길 24-4
제주돌문화공원,126.6590636,33.44821824,제주특별자치도 제주시 조천읍 남조로 2023
대록산,126.729544,33.39914417,제주특별자치도 서귀포시 표선면 가시리 산 68-9
동화로 연탄구이,126.5781021,33.51766087,제주특별자치도 제주시 동화로1길 53-20
제주베스트힐,126.6577143,33.45383873,제주특별자치도 제주시 조천읍 남조로 2109-36
교래향,126.6763487,33.43506322,제주특별자치도 제주시 조천읍 비자림로 638
루시드엠,126.3004219,33.23690022,제주특별자치도 서귀포시 안덕면 사계북로 120
제주오케이렌터카,126.5030258,33.50365121,제주특별자치도 제주시 용문로 64
창고망난돌,126.6995804,33.55230268,제주특별자치도 제주시 조천읍 북촌15길 15
제주하늘을날다,126.531423,33.49112153,제주특별자치도 제주시 도남로17길 32
돈고팡 산방산점,126.3080621,33.2345699,제주특별자치도 서귀포시 안덕면 산방로 261
산방댁,126.3208128,33.24974044,제주특별자치도 서귀포시 안덕면 사계신항로 6
꿈펜션,126.2885864,33.42286953,제주특별자치도 제주시 한림읍 귀덕남5길 26-43
폴카페,126.4163781,33.46904095,제주특별자치도 제주시 애월읍 하광로 208-22
애월온기,126.3112322,33.46011568,제주특별자치도 제주시 애월읍 애월로 11
한림수협위판장,126.2615019,33.41610441,제주특별자치도 제주시 한림읍 한림해안로 141-4
호탕,126.3189538,33.46416318,제주특별자치도 제주시 애월읍 애월로8길 8
한담공원,126.310861,33.45972233,제주특별자치도 제주시 애월읍 애월리 2459-1
제주에가면,126.5180032,33.51470978,제주특별자치도 제주시 탑동로 119
제주소품관,126.9549071,33.52371763,제주특별자치도 제주시 우도면 우도해안길 1128
히든스테이,126.9344464,33.46296735,제주특별자치도 서귀포시 성산읍 성산중앙로40번길 12
자드부팡,126.7105033,33.51233394,제주특별자치도 제주시 조천읍 북흘로 385-216
제주고집,126.4848465,33.51094834,제주특별자치도 제주시 서해안로 368-10
하루필름 애월점,126.3741243,33.48117754,제주특별자치도 제주시 애월읍 애월해안로 672
머룬스테이,126.8562891,33.51295669,제주특별자치도 제주시 구좌읍 세송로 74
대한불교조계종천왕사,126.4950368,33.40777553,제주특별자치도 제주시 1100로 2528-111
논짓물식당,126.3880556,33.23641732,제주특별자치도 서귀포시 예래해안로 249
천아계곡,126.4592561,33.39669733,제주특별자치도 제주시 애월읍 광령리 산 183-2
서해안로24,126.456948,33.499915,제주특별자치도 제주시 서해안로 24
한라흑돼지식당,126.9330268,33.46259332,제주특별자치도 서귀포시 성산읍 성산중앙로 32
성산고궁보말손칼국수,126.9345358,33.46424227,제주특별자치도 서귀포시 성산읍 성산중앙로 54
현대식당,126.9300734,33.46994882,제주특별자치도 서귀포시 성산읍 성산등용로 96
예소담,126.6677227,33.54114523,제주특별자치도 제주시 조천읍 신북로 544
성산포사랑펜션,126.9329151,33.46228311,제주특별자치도 서귀포시 성산읍 성산중앙로 30-4
용마마을,126.5076553,33.51471236,제주특별자치도 제주시 용담삼동
에이팩토리 베이커리카페,126.5233855,33.51694942,제주특별자치도 제주시 탑동로 11
제주i,126.9356377,33.46371901,제주특별자치도 서귀포시 성산읍 일출로288번길 8
올리브영 제주탑동점,126.5230566,33.51705184,제주특별자치도 제주시 탑동로 15-1
러블리제주,126.3752271,33.48192961,제주특별자치도 제주시 애월읍 애월해안로 686
플라이오조,126.9108904,33.46101059,제주특별자치도 서귀포시 성산읍 오조로85번길 44
도두후레쉬,126.4658823,33.50326224,제주특별자치도 제주시 도공로 34
에너벨리,126.2417984,33.39485325,제주특별자치도 제주시 한림읍 한림로 356
협재곶,126.2447815,33.39877983,제주특별자치도 제주시 한림읍 협재1길 46
카페인우도,126.9677893,33.5029352,제주특별자치도 제주시 우도면 우도해안길 1040
애월찜,126.3541573,33.4765843,제주특별자치도 제주시 애월읍 애월해안로 454-5
국수나무 제주공항점,126.4959516,33.50593611,제주특별자치도 제주시 공항로 2
설렘펜션,126.3078063,33.45199135,제주특별자치도 제주시 애월읍 곽지9길 9
우도팔경동굴보트,126.9675814,33.49775363,제주특별자치도 제주시 우도면 우도해안길 1132
몽상드애월,126.3092436,33.46292658,제주특별자치도 제주시 애월읍 애월북서길 56-1
홍조단괴해빈,126.9431044,33.50138909,제주특별자치도 제주시 우도면
중문국수나라,126.4254173,33.2562545,제주특별자치도 서귀포시 중문로51번길 2
씨에스호텔앤리조트,126.4196617,33.24298655,제주특별자치도 서귀포시 중문관광로 196
은하감귤체험농장,126.3045516,33.27250104,제주특별자치도 서귀포시 안덕면 덕수서로 250
만미식당,126.3066679,33.22879359,제주특별자치도 서귀포시 안덕면 사계남로 155
대화해장국 화순점,126.3206029,33.2499665,제주특별자치도 서귀포시 안덕면 사계신항로 2
스타벅스 제주송악산점,126.2898768,33.20671203,제주특별자치도 서귀포시 대정읍 형제해안로 322
제주보말칼국수,126.5233571,33.50996109,제주특별자치도 제주시 관덕로8길 40
고도500,126.5549082,33.43649818,제주특별자치도 제주시 산록북로 817
동해미락,126.5682296,33.24367217,제주특별자치도 서귀포시 칠십리로 133
빽다방베이커리 제주사수점,126.4766511,33.50924966,제주특별자치도 제주시 서해안로 291-5
블루하와이리조트,126.2180996,33.38139425,제주특별자치도 제주시 한림읍 한림로 77
예래팜 창천점,126.3695276,33.26258714,제주특별자치도 서귀포시 안덕면 일주서로 1359
용두암엄마해장국,126.5063049,33.51520827,제주특별자치도 제주시 용마로 24
보라네,126.2964444,33.95961614,제주특별자치도 제주시 추자면 추자로 96
후포갤러리,126.2896265,33.9624194,제주시 추자면 대서5길87
추자도등대,126.2966988,33.95525158,제주특별자치도 제주시 추자면 영흥리 77-3
추자도남자해녀집,126.2975477,33.9597721,제주특별자치도 제주시 추자면 추자로 106
후포해변,126.2894462,33.96254101,제주특별자치도 제주시 추자면 대서5길 87
해진마트,126.3322995,33.95570316,제주특별자치도 제주시 추자면 추자로 753
제주최영장군사당,126.2954294,33.96514742,제주특별자치도 제주시 추자면 대서리 368
눈물의십자가,126.3421341,33.95463463,제주특별자치도 제주시 추자면
나바론절벽,126.2936248,33.95622654,제주특별자치도 제주시 추자면 영흥리
용둠벙전망대,126.284177,33.96102389,제주특별자치도 제주시 추자면 대서리 산 185
모리노아루요,126.4019861,33.41942892,제주특별자치도 제주시 애월읍 하소로 769-58
한화리조트 제주,126.6373564,33.44900416,제주특별자치도 제주시 명림로 575-107
느영나영,126.462934,33.4942913,제주특별자치도 제주시 오도1길 27
오름,126.6374639,33.44901529,제주특별자치도 제주시 명림로 575-107
시흥해녀의집,126.9083038,33.47798058,제주특별자치도 서귀포시 성산읍 시흥하동로 114
제주노블레스관광호텔,126.5034576,33.50115012,제주특별자치도 제주시 월성로4길 19
대명홈마트,126.6707369,33.53985228,제주특별자치도 제주시 조천읍 신북로 576
평대스낵,126.8379774,33.53671558,제주특별자치도 제주시 구좌읍 대수길 26
을왕리해수욕장,126.372737,37.446292,제주특별자치도 서귀포시 표선면 민속해안로 537
후프바베큐,126.3106175,33.46439569,제주특별자치도 제주시 애월읍 애월북서길 69
온평바다한그릇,126.9050635,33.39872636,제주특별자치도 서귀포시 성산읍 환해장성로 467
고수목마,126.8314924,33.32723974,제주특별자치도 서귀포시 표선면 표선중앙로 64
와일드루센트,126.1989296,33.36360269,제주특별자치도 제주시 한경면 판포2길 6
더송,126.2431561,33.39768351,제주특별자치도 제주시 한림읍 협재1길 27
호랑이다락,126.2565919,33.40564191,제주특별자치도 제주시 한림읍 한림상로 15-5
뚜비뚜밥,126.3176161,33.46657387,제주특별자치도 제주시 애월읍 애월해안로 29
언니네시골집,126.1658025,33.3246252,제주특별자치도 제주시 한경면 용수3길 38
호랑이주택,126.2711429,33.41513001,제주특별자치도 제주시 한림읍 명랑남길 17
롯데리아 제주한림점,126.265315,33.410649,제주특별자치도 제주시 한림읍 한림중앙로 46
제주세호해장국 연동직영점,126.4899647,33.49124273,제주특별자치도 제주시 신광로 12
일빈관,126.269424,33.41498646,제주특별자치도 제주시 한림읍 한림상로 186
협재화덕 도나토스 DONATO'S,126.240334,33.39256057,제주특별자치도 제주시 한림읍 협재2길 6
제주협재서프,126.2408349,33.3945282,제주특별자치도 제주시 한림읍 한림로 349-1
채훈이네해장국,126.1825654,33.34940058,제주특별자치도 제주시 한경면 두신로 69
태리타운,126.3900379,33.45371514,제주특별자치도 제주시 애월읍 수산10길 4
협재비선루,126.2445336,33.39910469,제주특별자치도 제주시 한림읍 협재1길 47-1
신주양꼬치 제주점,126.491536,33.48677368,제주특별자치도 제주시 신대로16길 45
한림항,126.255829,33.41467846,제주특별자치도 제주시 한림읍 한림리
제주홍돈 본점,126.2609695,33.41396988,제주특별자치도 제주시 한림읍 한림로3길 10-12
알앤알,126.243222,33.39789759,제주특별자치도 제주시 한림읍 협재1길 29
파크사이드호텔,126.4907918,33.49240558,제주특별자치도 제주시 도령로 126
옹다방,126.1667934,33.34102277,제주특별자치도 제주시 한경면 한경해안로 420
장수물식당,126.4985854,33.49188198,제주특별자치도 제주시 연문2길 18
베드라디오 동문점,126.5293018,33.51624446,제주특별자치도 제주시 중앙로1길 41-1
패밀리렌트카,126.4800771,33.49787702,제주특별자치도 제주시 제성1길 67
산지등대,126.5456105,33.52142459,제주특별자치도 제주시 사라봉동길 108-1
수월봉전망대,126.1634654,33.29495788,제주특별자치도 제주시 한경면 고산리 3760
군산오름 등산로 입구,126.3763526,33.2551201,제주특별자치도 서귀포시 상예동 4853-4
안덕계곡,126.3525826,33.25720217,제주특별자치도 서귀포시 안덕면 감산리 1946
빌레왓,126.3349624,33.2525398,제주특별자치도 서귀포시 안덕면 화순서동로 14
물의도시 베니스랜드,126.8407062,33.41527182,제주특별자치도 서귀포시 성산읍 서성일로 474
마우돈,126.9110448,33.44678689,제주특별자치도 서귀포시 성산읍 서성일로 1240
오렌지렌트카,126.5019145,33.48571949,제주특별자치도 제주시 연미길 103
돈파스타정원,126.3474466,33.47279135,제주특별자치도 제주시 애월읍 애월해안로 364
벨룸리조트,126.5814313,33.27934969,제주특별자치도 서귀포시 516로277번길 45
군산오름 전망대,126.3697348,33.25315727,제주특별자치도 서귀포시 안덕면 창천리 산 3-1
금악 똣똣라면,126.2966215,33.35865609,제주특별자치도 제주시 한림읍 금악로 18
중문신라원,126.5119811,33.23436675,제주특별자치도 서귀포시 법환하로28번길 6
퍼시픽 마리나요트계류장,126.4173623,33.24298842,제주특별자치도 서귀포시 색달동
본가 호텔더본제주점,126.4064777,33.25954121,제주특별자치도 서귀포시 색달로 18
미스칠,126.4833591,33.49391653,제주특별자치도 제주시 일주서로 7831
우수미회센타 호텔더본점,126.4064991,33.25954131,제주특별자치도 서귀포시 색달로 18
중문색달통갈치,126.404554,33.25835991,제주특별자치도 서귀포시 일주서로 993
카페애월로11,126.3112044,33.45995775,제주특별자치도 제주시 애월읍 애월로 11
봄봄카페 오일장점,126.4848173,33.4933528,제주특별자치도 제주시 성신북길 36
기똥차네,126.9329303,33.46498434,제주특별자치도 서귀포시 성산읍 성산등용로 13-1
한라봉스시,126.3091457,33.46388532,제주특별자치도 제주시 애월읍 애월북서길 54
투아일랜드,126.5135741,33.51528481,제주특별자치도 제주시 흥운길 101
제주제트 중문점,126.4394519,33.23843034,제주특별자치도 서귀포시 대포로 172-5
일번렌트카,126.4869885,33.50325406,제주특별자치도 제주시 다호북길 105
오션뷰제주 게스트하우스,126.3670313,33.23221875,제주특별자치도 서귀포시 안덕면 난드르로 49-71
걸어가는늑대들 전이수갤러리,126.6724492,33.54260488,제주특별자치도 제주시 조천읍 조함해안로 556
안돌오름,126.7558689,33.45783055,제주특별자치도 제주시 구좌읍 송당리 산 66-2
강정해오름노을길,126.4780348,33.22754787,제주특별자치도 서귀포시 말질로 279
탐라는파스타 호텔더본점,126.4073844,33.25876293,제주특별자치도 서귀포시 일주서로 968-8
요유나카페,126.3798415,33.43407027,제주특별자치도 제주시 애월읍 장소로 211
어나더페이지,126.2548341,33.22392273,제주특별자치도 서귀포시 대정읍 동일하모로220번길 19
제주양조장,126.6646141,33.45051985,제주특별자치도 제주시 조천읍 남조로 2064
엄마손횟집,126.4881094,33.48669466,제주특별자치도 제주시 연동3길 35
서귀포호,126.5591743,33.249501,제주특별자치도 서귀포시 서문로29번길 9
굿모닝하우스,126.4133109,33.25837989,제주특별자치도 서귀포시 일주서로 912
그림포레스트,126.4128964,33.25104144,제주특별자치도 서귀포시 중문관광로110번길 32
브릭캠퍼스 제주,126.48529,33.45854604,제주특별자치도 제주시 1100로 3047
메밀애,126.4973981,33.23630849,제주특별자치도 서귀포시 이어도로 769
나무이야기 남원점,126.7165105,33.28082029,제주특별자치도 서귀포시 남원읍 남한로21번길 9
카페 뵤뵤,126.2631051,33.39252297,제주특별자치도 제주시 한림읍 명재로 155
천하육회 시청점,126.5285049,33.49983427,제주특별자치도 제주시 광양8길 9
두맹이골목,126.5338161,33.51240813,제주특별자치도 제주시 일도이동 1006-11
프리페어,126.5289492,33.49887667,제주특별자치도 제주시 서광로32길 21
무시로,126.5291295,33.4981669,제주특별자치도 제주시 서광로32길 28-1
제주중앙지하상가,126.5248475,33.51295108,제주특별자치도 제주시 중앙로 지하 60
CGV 제주,126.5272961,33.50008572,제주특별자치도 제주시 서광로 288
김주학짬뽕,126.5331071,33.51255693,제주특별자치도 제주시 동문로14길 10
카카듀,126.5417692,33.49131168,제주특별자치도 제주시 박성내서길 18
대빵오락실,126.5300033,33.49837848,제주특별자치도 제주시 신성로13길 21
제주예찬,126.4868868,33.45407353,제주특별자치도 제주시 1100로 2997
뱅듸승마클럽,126.6535053,33.46662621,제주특별자치도 제주시 조천읍 번영로 1118-33
올레렌트카,126.4566509,33.49479675,제주특별자치도 제주시 일주서로 7582
꽃과그늘민박,126.2255912,33.34074337,제주특별자치도 제주시 한경면 판조로 367
만배회센타,126.4904061,33.47907305,제주특별자치도 제주시 국기로2길 2-9
담돌국수,126.5324175,33.50809506,제주특별자치도 제주시 삼성로 67
올리브영 제주연동점,126.4903137,33.49006669,제주특별자치도 제주시 신광로 21
더 리틀 코너 The little corner,126.2782442,33.28072974,제주특별자치도 서귀포시 대정읍 글로벌에듀로 370
2046호,126.2800329,33.27989891,제주특별자치도 서귀포시 대정읍 중산간서로 2302-34
세븐일레븐 제주수동마을점,126.2368436,33.33674502,제주특별자치도 제주시 한경면 용금로 532
새별,126.3629661,33.36429039,제주특별자치도 제주시 애월읍 평화로 1529
오름지기,126.7132569,33.45865896,제주특별자치도 제주시 조천읍 선화길 38
서귀포월드컵리조트,126.5120122,33.24460036,제주특별자치도 서귀포시 월드컵로45번길 40
낭뜰에쉼팡,126.6571313,33.47353715,제주특별자치도 제주시 조천읍 남조로 2343
효섬마을초가집,126.6116339,33.46545444,제주특별자치도 제주시 명림로 243
코데인커피로스터스,126.2961753,33.23516229,제주특별자치도 서귀포시 안덕면 사계북로 76
영공방 제주점,126.4746354,33.4851768,제주특별자치도 제주시 수덕5길 40
유공주유소,126.4752867,33.48281468,제주특별자치도 제주시 노형로 364
카페브릭,126.3246407,33.24174412,제주특별자치도 서귀포시 안덕면 산방로 75-5
나르샤리조트,126.2937735,33.23391256,제주특별자치도 서귀포시 안덕면 사계북로 52
오라디오라,126.3082088,33.23501611,제주특별자치도 서귀포시 안덕면 사계로114번길 54-102
럼피 (LUMTP),126.2941754,33.2345063,제주특별자치도 서귀포시 안덕면 사계북로 57
사계항,126.3067617,33.22751562,제주특별자치도 서귀포시 안덕면 사계리 2147-33
GS25 제주산방산점,126.3080642,33.234844,제주특별자치도 서귀포시 안덕면 산방로 260
빅트리,126.3364137,33.23827315,제주특별자치도 서귀포시 안덕면 화순해안로106번길 8
사계월,126.2979639,33.23085997,제주특별자치도 서귀포시 안덕면 사계중앙로 5
화순항,126.3318319,33.234671,제주특별자치도 서귀포시 안덕면 화순리
해상,126.5433848,33.50086733,제주특별자치도 제주시 연삼로 507
24시얼큰시원생고기김치찌개 아라점,126.5446176,33.47669109,제주특별자치도 제주시 중앙로 521
걸쇠오름,126.5036447,33.41396642,제주특별자치도 제주시 연동 2488-254
영성반점,126.4811506,33.48099291,제주특별자치도 제주시 진군길 1-1
서민당,126.5449282,33.49876688,제주특별자치도 제주시 연신로 24
준코뮤직타운 제주일도이동1호점,126.5409467,33.50525088,제주특별자치도 제주시 고마로 102
느지리오름,126.2615941,33.36656797,제주특별자치도 제주시 한림읍 상명리 산 5
왕왕순대국밥몸국,126.5203842,33.51429528,제주특별자치도 제주시 무근성7길 20
심바카레,126.3020627,33.4483997,제주특별자치도 제주시 애월읍 금성5길 44-16
미술카페 쌤,126.2600372,33.33265146,제주특별자치도 제주시 한경면 저지동길 8-27
협재 마당게스트하우스,126.2444918,33.39647721,제주특별자치도 제주시 한림읍 협재로 8
제주미작,126.2447115,33.39469701,제주특별자치도 제주시 한림읍 협재8길 22
바다를본돼지 제주노형점,126.4760588,33.48824553,제주특별자치도 제주시 정존15길 42
벨아벨카페,126.4929166,33.50686318,제주특별자치도 제주시 공항로 2
숯불덮밥화리,126.4058019,33.42430866,제주특별자치도 제주시 애월읍 유수암평화5길 30
말로나카페,126.2950542,33.44581037,제주특별자치도 제주시 한림읍 귀덕11길 28
제주 유,126.9349023,33.46461844,제주특별자치도 서귀포시 성산읍 성산중앙로 60
행복 날개주유소 삼화석유직영,126.497555,33.50504283,제주특별자치도 제주시 용문로 12
염돈주유소,126.4934729,33.25016321,제주특별자치도 서귀포시 일주서로 136
제주향토음싣점,126.493129,33.5078,제주특별자치도 제주시 공항로 2
짚불도,126.1992931,33.36497545,제주특별자치도 제주시 한경면 판포1길 6
스토브온 제주,126.2715121,33.35799018,제주특별자치도 제주시 한림읍 중산간서로 4062
빽다방 서귀포성읍마을점,126.8022003,33.38468766,제주특별자치도 서귀포시 표선면 성읍정의현로22번길 9-1
제주커피,126.8774418,33.43979688,제주특별자치도 서귀포시 성산읍 서성일로 913
성산짬뽕,126.9315893,33.46295679,제주특별자치도 서귀포시 성산읍 성산중앙로25번길 13
김녕오라이,126.7551984,33.55775807,제주특별자치도 제주시 구좌읍 김녕로21길 21
엠제이호텔,126.4884023,33.4890364,제주특별자치도 제주시 신광로4길 16
더오크라호텔,126.4860587,33.48905285,제주특별자치도 제주시 신광로4길 38
애월바다향기펜션,126.3827448,33.47656398,제주특별자치도 제주시 애월읍 일주서로 6847
교래옹달샘,126.6781027,33.43940452,제주특별자치도 제주시 조천읍 미래로 582
제주한잔세화,126.855198,33.52698883,제주특별자치도 제주시 구좌읍 세평항로 44
마방목지,126.603596,33.42763738,제주특별자치도 제주시 516로 2480
구좌농협하나로마트 중부점,126.85338,33.52494818,제주특별자치도 제주시 구좌읍 세평항로 13
도두항식당,126.4660837,33.50551708,제주특별자치도 제주시 도두항서길 11-2
비자림길,126.8372172,33.52470079,제주특별자치도 제주시 구좌읍 비자림로 2682
표선수산마트,126.8359853,33.32539201,제주특별자치도 서귀포시 표선면 표선중앙로110번길 3-4
카페청굴물,126.7512962,33.55799282,제주특별자치도 제주시 구좌읍 김녕로1길 75-1
토스카나호텔,126.484409,33.26562309,제주특별자치도 서귀포시 용흥로66번길 158-7
토스카나호텔내 키즈카페,126.4846963,33.2659339,제주특별자치도 서귀포시 용흥로66번길 158-7
야자수영농조합법인,126.4855401,33.26710644,제주특별자치도 서귀포시 용흥로66번길 192
태백산 제주본점,126.4672476,33.49470302,제주특별자치도 제주시 도공로 154-12
스타렌트카,126.4983865,33.50491277,제주특별자치도 제주시 용문로 20
포토이즘스튜디오 제주점,126.5290559,33.49824956,제주특별자치도 제주시 서광로32길 28
해나게스트하우스,126.4164817,33.48584075,제주특별자치도 제주시 애월읍 하귀동남1길 50-4
아날로그감귤밭,126.4508791,33.4556846,제주특별자치도 제주시 해안마을8길 46
올레길 17코스(광령-제주원도심 올레),126.4726048,33.50563877,제주특별자치도 서귀포시 안덕면 사계북로41번길 192
신화역사공원,126.3173221,33.29897998,제주특별자치도 서귀포시 안덕면 서광리 산 24-8
올리브영 제주중문점,126.4132429,33.25089071,제주특별자치도 서귀포시 중문관광로 82
다이소 서귀포동광점,126.3356305,33.31026276,제주특별자치도 서귀포시 안덕면 신화역사로 447
제주흑돼지 노형그때그집,126.4779551,33.49068422,제주특별자치도 제주시 월랑로10길 27
인생네컷 제주인생트레일러점,126.471763,33.50885836,제주특별자치도 제주시 도두일동 1732
스트롱베리,126.5231527,33.51445292,제주특별자치도 제주시 관덕로7길 14
우리회수산,126.5266417,33.5123665,제주특별자치도 제주시 동문로2길 10
힛잇업,126.5237041,33.51144103,제주특별자치도 제주시 중앙로14길 6-1
세화카페텐더럽,126.857707,33.52521829,제주특별자치도 제주시 구좌읍 해맞이해안로 1426
리유니온,126.5304181,33.49748027,제주특별자치도 제주시 신성로13길 32
포토그레이 제주점,126.5298239,33.49831018,제주특별자치도 제주시 신성로13길 22
세리월드 카트레이싱,126.5115155,33.24688674,제주특별자치도 서귀포시 법환동 881-2
탐나는팜,126.3587502,33.4475049,제주특별자치도 제주시 애월읍 오당빌레길 102
바이킹배낚시,126.1649213,33.30890993,제주특별자치도 제주시 한경면 노을해안로 1160
앙끄레국수,126.5118622,33.24764727,제주특별자치도 서귀포시 법환상로2번길 97-18
탐나는농장,126.358529,33.44803389,제주특별자치도 제주시 애월읍 오당빌레길 88
매일렌트카,126.5021611,33.51181614,제주특별자치도 제주시 용해로 58-15
호텔버지니아,126.5623655,33.25060505,제주특별자치도 서귀포시 중정로61번길 31
매일올레돈,126.5630046,33.25046754,제주특별자치도 서귀포시 중앙로62번길 17
산굼부리매표소,126.6887521,33.43501022,제주특별자치도 제주시 조천읍 비자림로 768
카페갤럭시아,126.3103554,33.23381446,제주특별자치도 서귀포시 안덕면 사계남로216번길 29
마하나임카페,126.8932971,33.52552004,제주특별자치도 제주시 구좌읍 해맞이해안로 1796
하얀산호카페,126.9450503,33.49428533,제주특별자치도 제주시 우도면 우도해안길 144
이어돈성산그 두번째이야기,126.9307128,33.46681789,제주특별자치도 서귀포시 성산읍 성산등용로 44
Pickus 피커스,126.5287703,33.47388199,제주특별자치도 제주시 아연로 444-1
우도해광식당,126.9568778,33.5135122,제주특별자치도 제주시 우도면 하고수길 69
하례감귤체험농장,126.6811094,33.29927202,제주특별자치도 서귀포시 남원읍 중산간동로 6596-3
서귀포KAL호텔,126.5817618,33.24648461,제주특별자치도 서귀포시 칠십리로 242
양혜정의 만능장,126.4657671,33.5044879,제주특별자치도 제주시 도공로 25-1
로스트&헤븐,126.4511237,33.49674236,제주특별자치도 제주시 테우해안로 162
노리터서핑스쿨,126.4499555,33.49632966,제주특별자치도 제주시 현사길 18
작가의산책길,126.5650556,33.245428,제주특별자치도 서귀포시 서귀동
조천수산,126.6344551,33.54159696,제주특별자치도 제주시 조천읍 조천북1길 35-8
카페느슨,126.4751013,33.26262953,제주특별자치도 서귀포시 중산간서로356번길 42
함덕해장국,126.6787726,33.54027099,제주특별자치도 제주시 조천읍 신북로 650
호루의한끼,126.5831078,33.27870525,제주특별자치도 서귀포시 516로277번길 29
위호텔,126.4440806,33.2861974,제주특별자치도 서귀포시 1100로 453-95
CGV 제주노형,126.4783113,33.48583516,제주특별자치도 제주시 노형로 407
부커피,126.4921299,33.51883215,제주특별자치도 제주시 서해안로 498-6
아랑회초밥,126.5605422,33.25084206,제주특별자치도 서귀포시 중앙로71번길 8
마모루,126.5314415,33.4988789,제주특별자치도 제주시 광양13길 10-1
동백정원,126.4463769,33.24961986,제주특별자치도 서귀포시 이어도로343번길 117
CU 제주금능해변점,126.2332358,33.38781063,제주특별자치도 제주시 한림읍 한림로 242
카페월령,126.2167697,33.37870094,제주특별자치도 제주시 한림읍 월령3길 36
노리터서핑,126.306004,33.44993288,제주특별자치도 제주시 애월읍 곽지9길 39
설빙 제주협재점,126.2510055,33.40198032,제주특별자치도 제주시 한림읍 한림로 475
슬레이트룸커피,126.3045258,33.26546833,제주특별자치도 서귀포시 안덕면 덕수서로 169
도리관광농원,126.6726698,33.4339482,제주특별자치도 제주시 조천읍 비자림로 607
샤브마니아 제주스카이워터쇼점,126.7442043,33.42387947,제주특별자치도 제주시 구좌읍 번영로 2172-80
삼공오공식당,126.5605656,33.25195114,제주특별자치도 서귀포시 서문로 5
모록밭,126.3824791,33.30725502,제주특별자치도 서귀포시 안덕면 병악로 428
제주자연생태공원,126.8237765,33.4401587,제주특별자치도 서귀포시 성산읍 금백조로 446
취다선 티앤메디테이션,126.9127039,33.47184922,제주특별자치도 서귀포시 성산읍 해맞이해안로 2688
서귀포예술의전당,126.5507905,33.24633333,제주특별자치도 서귀포시 태평로 270
수킹(SOOKING),126.9132944,33.47198127,제주특별자치도 서귀포시 성산읍 해맞이해안로 2692
돌카롱 제주공항점,126.5136475,33.49851101,제주특별자치도 제주시 서광로2길 27-2
장모님밥상,126.4932832,33.48476939,제주특별자치도 제주시 신대로18길 30
쿠야,126.4933385,33.48616798,제주특별자치도 제주시 연동11길 39
마보기,126.392997,33.32038021,제주특별자치도 서귀포시 안덕면 상천리 산 83
법환항,126.5162621,33.23666459,제주특별자치도 서귀포시 법환동 286-4
또와리 중문점,126.4745592,33.23827343,제주특별자치도 서귀포시 이어도로 533
만덕이네,126.8010843,33.39334141,제주특별자치도 서귀포시 표선면 서성일로 16
선스토리,126.8373729,33.31613951,제주특별자치도 서귀포시 표선면 표선백사로60번길 72
수스테이,126.7892824,33.38628571,제주특별자치도 서귀포시 표선면 번영로 2800
제주 쇠소깍 제트보트,126.6209111,33.2505248,제주특별자치도 서귀포시 하효동
남원수제돈까스,126.7179411,33.27991741,제주특별자치도 서귀포시 남원읍 남한로 10-1
무지개렌트카,126.4827095,33.49603436,제주특별자치도 제주시 제성1길 28
채우네소머리국밥,126.564848,33.24964721,제주특별자치도 서귀포시 중앙로48번길 29
롯데리아 제주표선해변점,126.8366014,33.3267669,제주특별자치도 서귀포시 표선면 표선백사로 127
버들집,126.564147,33.24904968,제주특별자치도 서귀포시 중정로73번길 10-1
꽃이피다앤블라썸,126.5546621,33.24292106,제주특별자치도 서귀포시 남성로 136
한라막창,126.5636417,33.24450008,제주특별자치도 서귀포시 태평로 406
아이미제주비치호텔,126.6634196,33.54329472,제주특별자치도 제주시 조천읍 조함해안로 474
베니키아호텔 제주,126.3621988,33.47767359,제주특별자치도 제주시 애월읍 애월해안로 554-6
아리랑렌트카,126.5020614,33.51494245,제주특별자치도 제주시 용마서길 34
카페공작소,126.8598996,33.52464557,제주특별자치도 제주시 구좌읍 해맞이해안로 1446
델문도 김녕점,126.768403,33.56341122,제주특별자치도 제주시 구좌읍 해맞이해안로 140
한라전복 성산본점,126.9170123,33.47095778,제주특별자치도 서귀포시 성산읍 해맞이해안로 2732
뉴대한렌트카,126.5066656,33.49034744,제주특별자치도 제주시 연미길 35
흑돼지박스,126.9204112,33.43640668,제주특별자치도 서귀포시 성산읍 신양로 100
용용선생 제주연동점,126.4908433,33.48654815,제주특별자치도 제주시 은남4길 46
1158흑돼지,126.3365167,33.46711465,제주특별자치도 제주시 애월읍 애월해안로 230
쌍둥이네,126.5669125,33.24792328,제주특별자치도 서귀포시 명동로 47
제주김귤,126.2334579,33.38490888,제주특별자치도 제주시 한림읍 금능남로 28
하올람커피,126.5654172,33.2473843,제주특별자치도 서귀포시 명동로 32
우정회센타,126.5632212,33.24965233,제주특별자치도 서귀포시 중앙로54번길 32
호텔스카이파크 제주1호점,126.491735,33.48953968,제주특별자치도 제주시 삼무로 48
VT 하가 이스케이프,126.346591,33.454921,제주특별자치도 제주시 애월읍 하가로 184
제주동마트,126.9115986,33.45004751,제주특별자치도 서귀포시 성산읍 고성중앙로 89
우도예쁘다,126.9655109,33.51134384,제주특별자치도 제주시 우도면 우도해안길 940
더베스트제주성산,126.9170024,33.44977355,제주특별자치도 서귀포시 성산읍 동류암로 26
어조횟집,126.9308125,33.46044087,제주특별자치도 서귀포시 성산읍 일출로 233
족풍,126.5501277,33.47387118,제주특별자치도 제주시 인다11길 24
제주영롱가,126.5487498,33.46989734,제주특별자치도 제주시 인다15길 16
제주본참숯불갈비,126.4837576,33.48406921,제주특별자치도 제주시 원노형남1길 31
갈치관,126.3752312,33.48195758,제주특별자치도 제주시 애월읍 애월해안로 686
서귀포장수해장국,126.5100851,33.25381824,제주특별자치도 서귀포시 신서귀로51번길 11
신태백관,126.2519403,33.22576268,제주특별자치도 서귀포시 대정읍 동일하모로 196
더하노이,126.2767661,33.27967799,제주특별자치도 서귀포시 대정읍 글로벌에듀로 390
남호식당,126.5054609,33.2525052,제주특별자치도 서귀포시 김정문화로 7
투썸플레이스 제주영어도시점,126.2782605,33.28070729,제주특별자치도 서귀포시 대정읍 글로벌에듀로 370
시스터필드베이커리,126.5073524,33.24894587,제주특별자치도 서귀포시 월드컵로 8
상상나무키즈펜션,126.7861248,33.4045946,제주특별자치도 서귀포시 표선면
수망손칼국수,126.7110501,33.3311943,제주특별자치도 서귀포시 남원읍 남조로 610
위미항활어회센터,126.6641055,33.27037508,제주특별자치도 서귀포시 남원읍 위미중앙로196번길 6-37
텐저린카페,126.5087067,33.23626711,제주특별자치도 서귀포시 이어도로 880
신토불이식당,126.7940614,33.38325347,제주특별자치도 서귀포시 표선면 성읍서문로 81
타무라,126.6568805,33.49892912,제주특별자치도 제주시 조천읍 중산간동로 670
서귀포칠십리시공원,126.5541939,33.24638164,제주특별자치도 서귀포시 서홍동 576-9
산방산우리동네,126.3052833,33.2337682,제주특별자치도 서귀포시 안덕면 산방로 289
코코티에,126.8446356,33.32645984,제주특별자치도 서귀포시 표선면 표선당포로 21-3
자담하우스,126.3019388,33.22787094,제주특별자치도 서귀포시 안덕면 사계남로 111
이레 메밀막국수,126.55903,33.25259128,제주특별자치도 서귀포시 천지로 59
피어22,126.2277694,33.38990899,제주특별자치도 제주시 한림읍 금능7길 22
골목깡통구이,126.4246111,33.25220068,제주특별자치도 서귀포시 천제연로185번길 6
덕승식당,126.2511803,33.21926649,제주특별자치도 서귀포시 대정읍 하모항구로 66
길리추팡,126.4298777,33.24628144,제주특별자치도 서귀포시 중문관광로 294
엔크린주유소,126.4638495,33.49433494,제주특별자치도 제주시 일주서로 7650
메르블루호텔,126.4841728,33.51130257,제주특별자치도 제주시 서해안로 368
김녕미항,126.7352528,33.5579884,제주특별자치도 제주시 구좌읍 구좌해안로 222
도련감귤나무숲,126.5871304,33.5002743,제주특별자치도 제주시 도련남3길 81
돈뜨레 용담점,126.5055456,33.51644222,제주특별자치도 제주시 서해안로 644
간또,126.4908735,33.48818105,제주특별자치도 제주시 연동7길 19
커큐민흑돼지,126.9211368,33.44978707,제주특별자치도 서귀포시 성산읍 일출로 84
제주항일기념관,126.6429649,33.5415939,제주특별자치도 제주시 조천읍 신북로 303
원조부안집 연동점,126.4920767,33.48666771,제주특별자치도 제주시 신대로16길 41
테이블앤데스크,126.6745414,33.2695517,제주특별자치도 서귀포시 남원읍 태위로360번길 192
돌담통닭,126.8622025,33.52374836,제주특별자치도 제주시 구좌읍 해녀박물관길 33-1
곽지해녀의집,126.3066017,33.45375534,제주특별자치도 제주시 애월읍 곽지11길 27
은희네해장국 함덕점,126.6641614,33.54301544,제주특별자치도 제주시 조천읍 조함해안로 480
올레길 3-A코스(온평-표선 올레),126.8607518,33.37140153,제주특별자치도 서귀포시 성산읍 온평리 1001-4
월정투명카약,126.7786642,33.56381857,제주특별자치도 제주시 구좌읍 월정리 1400-33
역전할머니맥주,126.6656191,33.54165167,제주특별자치도 제주시 조천읍 신북로 524
홀라인 제주평대점,126.8395942,33.53339891,제주특별자치도 제주시 구좌읍 평대2길 34-3
돌빌레,126.3774125,33.48385107,제주특별자치도 제주시 애월읍 구엄4길 48
브릿지레지던스호텔,126.5100004,33.25150974,제주특별자치도 서귀포시 김정문화로 49
홀라인 협재점,126.2288873,33.38648179,제주특별자치도 제주시 한림읍 한림로 197
역전할머니맥주 서귀포신시가지점,126.5080649,33.25278601,제주특별자치도 서귀포시 김정문화로27번길 10-1
버거307 제주함덕점,126.6670361,33.54248946,제주특별자치도 제주시 조천읍 조함해안로 504
올레길 19코스(조천-김녕 올레),126.6890042,33.54625033,제주특별자치도 제주시 조천읍 조천리 1142
푸른달이레,126.2648048,33.41237883,제주특별자치도 제주시 한림읍 한림중앙로 26
GS25 제주에코그린점,126.2914767,33.43529191,제주특별자치도 제주시 한림읍 귀덕6길 94
청춘당꽈배기 서귀점,126.548584,33.25412443,제주특별자치도 서귀포시 일주동로 8800
아놔고,126.9316139,33.46038,제주특별자치도 서귀포시 성산읍 일출로 240
다래향,126.6606879,33.54581533,제주특별자치도 제주시 조천읍 조함해안로 428-4
서프라이즈테마파크,126.6595954,33.46516535,제주특별자치도 제주시 조천읍 남조로 2243
투썸플레이스 제주루마인점,126.9013819,33.48427118,제주특별자치도 제주시 구좌읍 해맞이해안로 2498
에그인선셋,126.26214,33.42201179,제주특별자치도 제주시 한림읍 한수1길 33
하늘래기교래국수촌,126.6756271,33.43537329,제주특별자치도 제주시 조천읍 비자림로 637
예원,126.8306123,33.51349676,제주특별자치도 제주시 구좌읍 비자림로 2542
돌담위에흑돼지,126.3683387,33.47782945,제주특별자치도 제주시 애월읍 애월해안로 608
런던1972,126.3932262,33.26443606,제주특별자치도 서귀포시 일주서로 1124
호텔제이힐,126.4246968,33.25074316,제주특별자치도 서귀포시 천제연로188번길 11
늘조은명품흑돼지 2호점,126.474926,33.49016473,제주특별자치도 제주시 월랑로 56
수희식당,126.5612891,33.24547278,제주특별자치도 서귀포시 태평로 377
스카이호텔,126.2761928,33.43284961,제주특별자치도 제주시 한림읍 한림로 917
단소바,126.2704184,33.43684226,제주특별자치도 제주시 한림읍 한림해안로 460
난산리 식당,126.8679245,33.39920632,제주특별자치도 서귀포시 성산읍 난산로41번길 38
진주식당,126.5590901,33.24661548,제주특별자치도 서귀포시 태평로 353
봄사무소,126.6631987,33.54029362,제주특별자치도 제주시 조천읍 함덕8길 36-1
카페브리프,126.415642,33.45834552,제주특별자치도 제주시 애월읍 광성로 76
하버호텔,126.5382676,33.51769009,제주특별자치도 제주시 임항로 260
컴컴제주,126.2510493,33.40138915,제주특별자치도 제주시 한림읍 한림로 470
뉴맨하탄관광호텔,126.4855947,33.48927362,제주특별자치도 제주시 도령로 66
제주이야기 용두암점,126.5031558,33.51686002,제주특별자치도 제주시 서해안로 620
카페도두,126.481631,33.51015596,제주특별자치도 제주시 서해안로 342
어영소공원,126.4875583,33.51834522,제주특별자치도 제주시 서해안로 451
성화주유소,126.5030278,33.51102171,제주특별자치도 제주시 용해로 70
숙성도실버,126.5296618,33.498443,제주특별자치도 제주시 신성로13길 20
CU 제주메르블루점,126.4840713,33.51118224,제주특별자치도 제주시 서해안로 368
한라산조랑말,126.5368735,33.50378957,제주특별자치도 제주시 가령로 5
무릉외갓집,126.2369171,33.27467928,제주특별자치도 서귀포시 대정읍 중산간서로 2852
에이바우트 한라수목원점,126.4886268,33.46951243,제주특별자치도 제주시 수목원길 35
곶자왈화덕피자,126.2699232,33.22572886,제주특별자치도 서귀포시 대정읍 상모로 175
소랑벨101,126.7170271,33.2764179,제주특별자치도 서귀포시 남원읍 남태해안로 101
서귀포층 패류화석산지,126.5580527,33.23952138,제주특별자치도 서귀포시 남성중로 43
제주로움,126.7922519,33.55268039,제주특별자치도 제주시 구좌읍 월정3길 14
바다야펜션,126.6640235,33.54304933,제주특별자치도 제주시 조천읍 조함해안로 478
김녕사굴,126.7754763,33.543884,제주특별자치도 제주시 구좌읍 김녕리 201-4
골목,126.6617333,33.54388879,제주특별자치도 제주시 조천읍 함덕7길 6-14
BBQ 제주함덕점,126.6644437,33.54240312,제주특별자치도 제주시 조천읍 신북로 509
벵뒤굴,126.7179055,33.47537456,제주특별자치도 제주시 조천읍 선흘리 365
무무,126.7112151,33.45807359,제주특별자치도 제주시 조천읍 선진길 88
모멘터리커피,126.7537235,33.55645324,제주특별자치도 제주시 구좌읍 김녕로17길 14
은희네해장국 성산점,126.9135426,33.42354776,제주특별자치도 서귀포시 성산읍 환해장성로 803
제주도감,126.5089214,33.48187421,제주특별자치도 제주시 연북로 257
라헌,126.5094238,33.48246674,제주특별자치도 제주시 연사6길 61
또랑게스트하우스,126.5494716,33.4551426,제주특별자치도 제주시 한북로 338
올레수제초밥,126.5625094,33.24950556,제주특별자치도 서귀포시 중앙로54번길 18
새섬,126.5618959,33.23654516,제주특별자치도 서귀포시 서귀동 산 3-2
국수사랑,126.5631971,33.24241034,제주특별자치도 서귀포시 솔동산로 30
제주탑해장국앤돈가스 본점,126.4975769,33.49192658,제주특별자치도 제주시 신대로7길 7
태흥교회,126.7446837,33.29071275,제주특별자치도 서귀포시 남원읍 태신로 50
한림수협 다목적어업인종합지원센터,126.2601374,33.41473308,제주특별자치도 제주시 한림읍 한림해안로 127
컴포즈커피 제주한림점,126.2653708,33.40988659,제주특별자치도 제주시 한림읍 한림상로 116
카페하리,126.267051,33.31999338,제주특별자치도 제주시 한경면 녹차분재로 546
한림 작은영화관,126.2680786,33.40875758,제주특별자치도 제주시 한림읍 한림중앙로 71-9
맛있는폴부엌,126.2652276,33.32082804,제주특별자치도 제주시 한경면 녹차분재로 568
글로스터호텔제주,126.4928772,33.4900205,제주특별자치도 제주시 삼무로 57
김명자굴국밥 제주본점,126.4994101,33.48190107,제주특별자치도 제주시 연북로 168
정모시쉼터,126.5718537,33.24686204,제주특별자치도 서귀포시 서귀동 962
취향의섬 북앤띵즈,126.5313967,33.24570186,제주특별자치도 서귀포시 속골로 66-7
남도고기국수,126.5646726,33.24735645,제주특별자치도 서귀포시 명동로 26
솔빛바다,126.5482026,33.24044172,제주특별자치도 서귀포시 서홍동 795-1
손두부집,126.5581171,33.24890217,제주특별자치도 서귀포시 중정로5번길 19
신효귤향과즐판매점,126.6135666,33.26111099,제주특별자치도 서귀포시 신효로 5
제주가좋아서,126.7676316,33.45076291,제주특별자치도 제주시 구좌읍 비자림로 1569
은희네흑돼지,126.241636,33.39485857,제주특별자치도 제주시 한림읍 한림로 354
전망대횟집,126.2609568,33.42308305,제주특별자치도 제주시 한림읍 한림해안로 229-14
캐니언파크 제주점,126.4923679,33.4902374,제주특별자치도 제주시 삼무로 51
제주스쿠터투어,126.5038299,33.50983213,제주특별자치도 제주시 용화로 4
윈스카이호텔,126.5084784,33.25309691,제주특별자치도 서귀포시 신중남로 17
주상절리대,126.4263224,33.23795573,제주특별자치도 서귀포시 이어도로 36-30
옹포리 한림협재본점,126.2522548,33.40370448,제주특별자치도 제주시 한림읍 한림로 497
탐라밸리,126.518149,33.25491366,제주특별자치도 서귀포시 서호중앙로 85-13
백록집,126.6726417,33.54181199,제주특별자치도 제주시 조천읍 함덕로 24
돈키쥬쥬,126.4877431,33.4716113,제주특별자치도 제주시 은수길 65
손맛촌,126.677362,33.43730636,제주특별자치도 제주시 조천읍 비자림로 661
히든클리프호텔&네이쳐,126.4025951,33.25477649,제주특별자치도 서귀포시 예래해안로 542
에이바우트커피 삼무공원점,126.4898965,33.49038053,제주특별자치도 제주시 신광로 20
중식당 화월랑,126.4903167,33.48368343,제주특별자치도 제주시 연동8길 28
카페깅코,126.4885397,33.49092941,제주특별자치도 제주시 도령로 100
아싸살아있네,126.4930971,33.48697122,제주특별자치도 제주시 신대로16길 32-1
남문 숯불바베큐&치킨 신제주점,126.4903948,33.48394521,제주특별자치도 제주시 신대로20길 56
화리,126.5436497,33.52604704,제주시 감수북길 36 1층
수마포해안,126.9353411,33.46040003,제주특별자치도 서귀포시 성산읍 성산리
우뭇개일번지,126.9352208,33.46311382,제주특별자치도 서귀포시 성산읍 일출로 288
선녀바위,126.934181,33.42699829,제주특별자치도 서귀포시 성산읍 고성리
통발,126.9341037,33.46096018,제주특별자치도 서귀포시 성산읍 일출로 258-15
제주올래국수,126.5059384,33.50091841,제주특별자치도 제주시 월성로 39
하효살롱협동조합,126.6217493,33.25653512,제주특별자치도 서귀포시 효돈순환로 217-8
성읍랜드,126.7870339,33.39863403,제주특별자치도 서귀포시 표선면 번영로 2650
제주참더덕과흑돼지,126.8084897,33.388084,제주특별자치도 서귀포시 성산읍 중산간동로 4538
수산한못,126.8431502,33.42883882,제주특별자치도 서귀포시 성산읍 수산리 3990
한림일품,126.2626592,33.41553428,제주특별자치도 제주시 한림읍 한림해안로 154
제주바다해찬,126.2398859,33.39267684,제주특별자치도 제주시 한림읍 한림로 326
맛집칼국수,126.679267,33.43687402,제주특별자치도 제주시 조천읍 비자림로 685
브루클린 제주,126.3579902,33.47678453,제주특별자치도 제주시 애월읍 신엄연대길 30
카페유주,126.2572599,33.40545658,제주특별자치도 제주시 한림읍 한림상로 17
탑스텐빌라드애월 제주,126.3592315,33.47709749,제주특별자치도 제주시 애월읍 애월해안로 516-7
예그,126.5312429,33.49858604,제주특별자치도 제주시 광양13길 6-2
서문떡볶이 시청점,126.5290757,33.5001502,제주특별자치도 제주시 광양8길 2
진진,126.4999779,33.48794224,제주특별자치도 제주시 선덕로5길 19
뽈살집 한림점,126.2692463,33.41566161,제주특별자치도 제주시 한림읍 한림상로 194
오복떡집,126.5266548,33.51232328,제주특별자치도 제주시 동문로2길 10
카페띠아모 서귀포서홍점,126.5586089,33.26207131,제주특별자치도 서귀포시 중앙로195번길 2
플로티에가든,126.7988674,33.55472171,제주특별자치도 제주시 구좌읍 해맞이해안로 486
그랜드밀리언스호텔 서귀포,126.5200182,33.25455663,제주특별자치도 서귀포시 서호중앙로 84
카페이피엘,126.6569898,33.27518118,제주특별자치도 서귀포시 남원읍 위미항구로 8
하마다게스트하우스,126.7460547,33.28886901,제주특별자치도 서귀포시 남원읍 일주동로 6863
공새미59,126.6404249,33.26426972,제주특별자치도 서귀포시 남원읍 공천포로 59-1
사진말전문갤러리 마음빛그리미,126.6538361,33.26922528,제주특별자치도 서귀포시 남원읍 위미해안로 106
한남리머체왓숲길,126.6663211,33.33234808,제주특별자치도 서귀포시 남원읍 한남리 1622-3
섬소나이 위미점,126.6577345,33.27305539,제주특별자치도 서귀포시 남원읍 위미해안로 18
루씨쏜아뜰리에,126.5930356,33.24128894,제주특별자치도 서귀포시 보목로64번길 138
호텔휴식 서귀포,126.5595004,33.25038215,제주특별자치도 서귀포시 중앙로71번길 17
용연보말칼국수,126.5139951,33.51544244,제주특별자치도 제주시 흥운길 77
제주엔젤렌트카,126.492952,33.49636881,제주특별자치도 제주시 도령로 171-1
위드펫민박,126.7775609,33.50686454,제주특별자치도 제주시 구좌읍 덕행로 519-10
텐저린맨션,126.521942,33.51284974,제주특별자치도 제주시 관덕로 26
서귀포시축협 축산물플라자 성산점,126.9210342,33.44904768,제주특별자치도 서귀포시 성산읍 섭지코지로25번길 120
동뜬식당,126.9343482,33.4619052,제주특별자치도 서귀포시 성산읍 일출로 272-1
훈데르트힐즈,126.9551807,33.49419924,제주특별자치도 제주시 우도면 우도해안길 32-24
소머리오름,126.9649333,33.49163642,제주특별자치도 제주시 우도면 연평리 산 21-2
태흥연가,126.7471129,33.28303761,제주특별자치도 서귀포시 남원읍 태위로940번길 12-50
레스토랑점심,126.6339443,33.28543821,제주특별자치도 서귀포시 남원읍 중산간동로 7090
흑돼지스토리,126.6590067,33.27436625,제주특별자치도 서귀포시 남원읍 태위로 94-37
하례정원,126.63827,33.26162169,제주특별자치도 서귀포시 남원읍 하례망장포로 39
신양섭지해수욕장,126.9234728,33.43510307,제주특별자치도 서귀포시 성산읍 섭지코지로 88
휘닉스제주,126.9282125,33.43058701,제주특별자치도 서귀포시 성산읍 섭지코지로 107
국수바다 본점,126.4059692,33.25855602,제주특별자치도 서귀포시 일주서로 982
금돗,126.9325084,33.46520951,제주특별자치도 서귀포시 성산읍 성산등용로 17
연이네,126.956964,33.52201433,제주특별자치도 제주시 우도면 우도해안길 662-1
어리목매표소,126.494353,33.39221465,제주특별자치도 제주시 1100로 2070-61
우도정원,126.9471377,33.50184168,제주특별자치도 제주시 우도면 연평리 1964
재주시올레시장,126.563858,33.247845,제주특별자치도 서귀포시 중정로 70
우도이모네식당,126.9528122,33.50805422,제주특별자치도 제주시 우도면 우목길 6
마돈가제트,126.1825635,33.35695949,제주특별자치도 제주시 한경면 두모11길 51
국시트멍,126.4813281,33.47937258,제주특별자치도 제주시 진군길 31-3
제주등대아구찜,126.2619119,33.41593374,제주특별자치도 제주시 한림읍 한림해안로 145-2
금데기횟집,126.8440602,33.32633289,제주특별자치도 서귀포시 표선면 표선당포로 19-5
페이지672,126.8356811,33.35124665,제주특별자치도 서귀포시 표선면 하천달산로 145-23
일품순두부 애월점,126.3314209,33.46726758,제주특별자치도 제주시 애월읍 애월해안로 176
모해통갈치화덕구이,126.933733,33.46176783,제주특별자치도 서귀포시 성산읍 일출로 267
고요새,126.5867403,33.52551581,제주특별자치도 제주시 선사로8길 11
돌카롱 사려니숲길본점,126.6570916,33.42568344,제주특별자치도 제주시 조천읍 비자림로 422-2
베큠,126.5613869,33.24500969,제주특별자치도 서귀포시 태평로 381
모이세해장국 본점,126.5050699,33.48163259,제주특별자치도 제주시 연북로 221
해든빌레펜션,126.6616823,33.29197517,제주특별자치도 서귀포시 남원읍 자배오름로139번길 149
제지기오름,126.6094753,33.24162746,제주특별자치도 서귀포시 보목동 275-1
가회식당,126.7187598,33.27970017,제주특별자치도 서귀포시 남원읍 태위로679번길 7
도어스,126.5307537,33.49869959,제주특별자치도 제주시 중앙로 237
올레서울식당,126.5630116,33.24863545,제주특별자치도 서귀포시 중정로61번길 8-1
순옥이네 명가 함덕점,126.6739856,33.54061641,제주특별자치도 제주시 조천읍 함덕로 6
서귀포흑돈,126.5822037,33.24787641,제주특별자치도 서귀포시 칠십리로 278
리하우스,126.8626758,33.43260908,제주특별자치도 서귀포시 성산읍 서성일로747번길 8
오투힐 제주점,126.8737681,33.52807935,제주특별자치도 제주시 구좌읍 해맞이해안로 1590-6
이모션오르골카페,126.4154798,33.24983462,제주특별자치도 서귀포시 중문관광로 107
센잇,126.5235487,33.51191918,제주특별자치도 제주시 관덕로8길 13
삼화수산,126.57956,33.51444714,제주특별자치도 제주시 건주로6길 52
딤섬9898,126.4789392,33.48393183,제주특별자치도 제주시 노형8길 17
오가다 제주공항점,126.4929436,33.50685878,제주특별자치도 제주시 공항로 2
이스방한상,126.5136385,33.51569529,제주특별자치도 제주시 흥운길 87
제주의추억,126.8658589,33.51349126,제주특별자치도 제주시 구좌읍 상도로 9-1
한림칼국수 제주세화점,126.8621918,33.52372491,제주특별자치도 제주시 구좌읍 해녀박물관길 33-1
탐앤탐스 외도점,126.435569,33.49452671,제주특별자치도 제주시 월대5길 6
88버거,126.5671249,33.24924401,제주특별자치도 서귀포시 동문로 63
할리스 제주도두해안DT점,126.4729479,33.50904283,제주특별자치도 제주시 서해안로 254
카페파노,126.5517259,33.50029192,제주특별자치도 제주시 남광로 170
제주그때그집 오션뷰 판포점,126.1960919,33.36373311,제주특별자치도 제주시 한경면 판포1길 44-1
그라나다,126.4818165,33.48136715,제주특별자치도 제주시 1100로 3308
어반트리펜션,126.3118277,33.46153087,제주특별자치도 제주시 애월읍 애월로 29
오로라호텔,126.4423185,33.48944255,제주특별자치도 제주시 논세길 51
유재덕의 산양산삼해물라면 제주도본점,126.4496713,33.49702804,제주특별자치도 제주시 테우해안로 150
스물셋,126.837315,33.5351234,제주특별자치도 제주시 구좌읍 평대서길 26
제주 유리의성,126.2736598,33.31464215,제주특별자치도 제주시 한경면 녹차분재로 462
인정김밥,126.3021876,33.29051277,제주특별자치도 서귀포시 안덕면 녹차분재로 56
제주혼디펜션,126.3646314,33.47427989,제주특별자치도 제주시 애월읍 신엄안3길 20
해물삼합,126.5703198,33.24565848,제주특별자치도 서귀포시 태평로482번길 50
캔디원,126.7077502,33.47129381,제주특별자치도 제주시 조천읍 선교로 384
라봉상회,126.6223881,33.2544579,제주특별자치도 서귀포시 쇠소깍로 100
샤르망,126.6589942,33.274626,제주특별자치도 서귀포시 남원읍
옥돔식당,126.2490075,33.21997108,제주특별자치도 서귀포시 대정읍 신영로36번길 62
제주할망뚝배기,126.5655757,33.24051082,제주특별자치도 서귀포시 칠십리로 92
참솔식당,126.4061586,33.4237081,제주특별자치도 제주시 애월읍 유수암평화5길 21
엄장해암길,126.3553468,33.47809073,제주특별자치도 제주시 애월읍 신엄리 2793-3
제주돈아 고내점,126.3349395,33.46629837,제주특별자치도 제주시 애월읍 애월해안로 212-1
섶섬,126.5990143,33.22999104,제주특별자치도 서귀포시 보목동
씨리얼,126.2673978,33.41429832,제주특별자치도 제주시 한림읍 명랑로 26
플레이스우도,126.9571615,33.51452209,제주특별자치도 제주시 우도면 우도해안길 796-1
성산연화,126.9324432,33.46185729,제주특별자치도 서귀포시 성산읍 성산중앙로 22
야자수카페,126.2377768,33.39000241,제주특별자치도 제주시 한림읍 한림로 300
노블아로마애월,126.3050678,33.44891966,제주특별자치도 제주시 애월읍 곽지3길 19
제주동행아이맥스 제주점,126.3054704,33.44886782,제주특별자치도 제주시 애월읍 곽지3길 18
여누카페,126.673671,33.43221614,제주특별자치도 제주시 조천읍 남조로 1842
위미장가네닭곰탕,126.6573912,33.27465574,제주특별자치도 서귀포시 남원읍 태위로 93
해양소공원,126.6588473,33.27120108,제주특별자치도 서귀포시 남원읍 위미해안로 43
쇠소깍빵명장,126.622326,33.25269502,제주특별자치도 서귀포시 쇠소깍로 122
제주보리빵마을,126.4937965,33.49547789,제주특별자치도 제주시 도령로 170
보롬창고,126.9108387,33.49781325,제주특별자치도 제주시 구좌읍 종달항길 3
산호반점 본점,126.9437429,33.50261827,제주특별자치도 제주시 우도면 우도해안길 252
조약돌가든,126.5390638,33.51774716,제주특별자치도 제주시 임항로 255
카페한라산,126.8630255,33.52478251,제주특별자치도 제주시 구좌읍 면수1길 48
미향해장국 성산점,126.9137221,33.44751728,제주특별자치도 서귀포시 성산읍 일출로 9
조랑말체험공원,126.7362849,33.38309728,제주특별자치도 서귀포시 표선면 녹산로 381-15
우도다올펜션,126.9425511,33.50478969,제주특별자치도 제주시 우도면 우도해안길 288
현대렌트,126.9438682,33.50853555,제주특별자치도 제주시 우도면 우도해안길 340
해녀의태왁,126.7545738,33.54290758,제주특별자치도 제주시 구좌읍 김송로 94
계절식탁향토,126.6673674,33.54255527,제주특별자치도 제주시 조천읍 조함해안로 510
안녕전복,126.5196043,33.5128461,제주특별자치도 제주시 관덕로 3
갈치옥 함덕,126.6694995,33.54248885,제주특별자치도 제주시 조천읍 조함해안로 530
이춘옥원조고등어쌈밥 월정점,126.7915929,33.55805639,제주특별자치도 제주시 구좌읍 월정중길 19-11
제주백화점,126.554738,33.496515,제주특별자치도 제주시 연북로 740
호텔펄리플러스,126.4699704,33.50542197,제주특별자치도 제주시 도두봉2길 2
비스타케이호텔 월드컵,126.5097879,33.2518975,제주특별자치도 서귀포시 김정문화로41번길 10-6
제주미당,126.8028655,37.55894903,제주특별자치도 제주시 서천길 24
석부작박물관 마음의정원,126.5370065,33.24996864,제주특별자치도 서귀포시 일주동로 8941
신옛촌 제주점,126.4609089,33.49028306,제주특별자치도 제주시 오도11길 19-14
올레길 9코스(대평-화순 올레),126.3483592,33.24267489,제주특별자치도 서귀포시 안덕면 감산리
호텔징크,126.5575566,33.24770281,제주특별자치도 서귀포시 중정로 11
초원주유소,126.5048845,33.24968261,제주특별자치도 서귀포시 일주서로 27
뽕꼬랑김밥,126.5087366,33.512698,제주특별자치도 제주시 용담로 56
다소니,126.517691,33.49065771,제주특별자치도 제주시 오남로6길 24
시인의집,126.6345459,33.53588113,제주특별자치도 제주시 조천읍 조천3길 27
온더스톤펜션,126.9178467,33.47025418,제주특별자치도 서귀포시 성산읍 해맞이해안로 2746
카페데스틸,126.1679325,33.32085731,제주특별자치도 제주시 한경면 한경해안로 110
르토아베이스먼트,126.8442963,33.53298476,제주특별자치도 제주시 구좌읍 해맞이해안로 1226
씨에스호텔 카노푸스 다이닝,126.4197143,33.24298859,제주특별자치도 서귀포시 중문관광로 196
서촌제 스시100,126.4877379,33.47157792,제주특별자치도 제주시 은수길 65
영광식당,126.9349561,33.46611423,제주특별자치도 서귀포시 성산읍 한도로 257
윤활,126.9126002,33.4508182,제주특별자치도 서귀포시 성산읍 고성동서로45번길 4
안녕세화씨,126.8562667,33.52651313,제주특별자치도 제주시 구좌읍 세화3길 35
백수당,126.7935069,33.55652328,제주특별자치도 제주시 구좌읍 월정1길 63
송당동백낭,126.7761803,33.47038318,제주특별자치도 제주시 구좌읍 비자림로 1814
다랑쉬오름,126.8215359,33.47768586,제주특별자치도 제주시 구좌읍 세화리 산 6
하도해변,126.89923,33.51305677,제주특별자치도 제주시 구좌읍 하도리
카페숲숲,126.5961659,33.23722736,제주특별자치도 서귀포시 보목로64번길 80
법환동해녀물질체험장,126.5128341,33.23339092,제주특별자치도 서귀포시 법환동 169-5
유러하우스펜션,126.492769,33.50707896,제주특별자치도 서귀포시 막숙포로 136
돌담흑돼지 중문,126.4132779,33.25770262,제주특별자치도 서귀포시 일주서로 909
공천포식당,126.6425864,33.26638758,제주특별자치도 서귀포시 남원읍 공천포로 89
스피닝울프,126.9185932,33.44974575,제주특별자치도 서귀포시 성산읍 동류암로 20
그랑빌펜션,126.4154115,33.25622589,제주특별자치도 서귀포시 중문관광로 17
비치스토리호텔,126.665401,33.54210639,제주특별자치도 제주시 조천읍 조함해안로 492-5
그림리조트,126.5035895,33.5163181,제주특별자치도 제주시 서해안로 620-1
블루마운틴호텔,126.9343523,33.4636958,제주특별자치도 서귀포시 성산읍 일출로 297
빽다방 제주삼도일동점,126.5195757,33.50711729,제주특별자치도 제주시 서사로8길 1
조간대,126.7531194,33.55758534,제주특별자치도 제주시 구좌읍 김녕로1길 89-8
세기알해변,126.7555038,33.55789932,제주특별자치도 제주시 구좌읍 김녕리 1200-5
김녕리도대불,126.7534685,33.55902137,제주특별자치도 제주시 구좌읍 김녕로17길 37-7
미각,126.5762435,33.47055698,제주특별자치도 제주시 월평7길 3
한라산아래첫마을 제주민속촌점,126.8410644,33.32416518,제주특별자치도 서귀포시 표선면 민속해안로 631-34
중문레져UTV,126.4548453,33.29110661,제주특별자치도 서귀포시 대포동 산 39-5
올드캡,126.3019131,33.29087367,제주특별자치도 서귀포시 안덕면 녹차분재로 58
엉또폭포,126.4999655,33.26853216,제주특별자치도 서귀포시 강정동 5628
충남식당,126.9299316,33.46976481,제주특별자치도 서귀포시 성산읍 성산등용로 94-1
차한모금,126.8371734,33.53772702,제주특별자치도 제주시 구좌읍 해맞이해안로 1108
기린빌라리조트,126.6430229,33.32473132,제주특별자치도 서귀포시 남원읍 서성로 427-1
이그제큐티브홈인제주,126.6368341,33.51310008,제주특별자치도 제주시 조천읍 조와로5길 26-4
CU 서귀스프링데일CC점,126.6396932,33.33002235,제주특별자치도 서귀포시 남원읍 서성로 459-1
다올,126.484188,33.48624564,제주특별자치도 제주시 노연로 37-1
섬마을운정이네 본점,126.4377461,33.26354547,제주특별자치도 서귀포시 중산간서로 726
초가시월,126.80205,33.3846189,제주특별자치도 서귀포시 표선면 성읍정의현로22번길 9-2
김녕요트투어,126.7372442,33.55825951,제주특별자치도 제주시 구좌읍 구좌해안로 229-16
피크엔드,126.4639471,33.50294734,제주특별자치도 제주시 서해안로 135
앤트러사이트 제주한림점,126.2581496,33.40777177,제주특별자치도 제주시 한림읍 한림로 564
부뚜막식당,126.9135395,33.44509452,제주특별자치도 서귀포시 성산읍 고성오조로 11
너랑나랑게스트하우스,126.3320773,33.24303211,제주특별자치도 서귀포시 안덕면 화순해안로 40
일도전복,126.5459233,33.49821696,제주특별자치도 제주시 연신로 33
다미회,126.5312092,33.5004468,제주특별자치도 제주시 동광로2길 9-4
윤옥,126.5357376,33.48917229,제주특별자치도 제주시 구남동2길 19-4
브라보비치,126.9091306,33.47752137,제주특별자치도 서귀포시 성산읍 해맞이해안로 2614
고기다,126.9176633,33.44695736,제주특별자치도 서귀포시 성산읍 일출로 32-16
마마뜰마켓,126.3356823,33.31023238,제주특별자치도 서귀포시 안덕면 신화역사로 447
요기국수,126.9131126,33.446918,제주특별자치도 서귀포시 성산읍 고성리
달인수산,126.5636786,33.2501708,제주특별자치도 서귀포시 중앙로62번길 18
에스제이렌트카,126.4769732,33.49793878,제주특별자치도 제주시 오일장중길 100
ODE Music Bar 오드,126.2458922,33.39824293,제주특별자치도 제주시 한림읍 한림로 410
옹포바다횟집,126.2516773,33.40385968,제주특별자치도 제주시 한림읍 옹포1길 24
하이월드,126.3091457,33.46388532,제주특별자치도 제주시 애월읍 애월북서길 54
벨진밧,126.2789294,33.27050226,제주특별자치도 서귀포시 대정읍 보성구억로 220-1
보름숲,126.4465674,33.26927518,제주특별자치도 서귀포시 1100로 255
존자암지,126.4822506,33.34793904,제주특별자치도 서귀포시 영실로 243
황우지해안열두굴,126.5506843,33.24191856,제주특별자치도 서귀포시 서홍동 764-1
애플망고1947,126.2574961,33.26624223,제주특별자치도 서귀포시 대정읍 신평로 32
칠십리음식특화거리,126.5693168,33.24429626,제주특별자치도 서귀포시 서귀동 93-9
제주명가두루치기,126.5710335,33.24957493,제주특별자치도 서귀포시 태평로 495
다비치안경 보청기 신서귀포이마트옆점,126.5073199,33.24899984,제주특별자치도 서귀포시 월드컵로 8
어나더 우드 스토어,126.6719419,33.5420716,제주특별자치도 제주시 조천읍 함덕로 32
낮잠나무,126.2472619,33.39832247,제주특별자치도 제주시 한림읍 협재10길 9
스테이도노,126.6338591,33.49472039,제주특별자치도 제주시 조천읍 와흘상서1길 4-4
성산마씸,126.9349561,33.46611423,제주특별자치도 서귀포시 성산읍 한도로 257
하이제주호텔,126.253419,33.39176724,제주특별자치도 제주시 한림읍 일주서로 5125
호텔윈스토리,126.5575481,33.24768836,제주특별자치도 서귀포시 중정로 11
올레시장에갓더라면,126.5607915,33.2471156,제주특별자치도 서귀포시 태평로353번길 18
산지브루잉,126.5267386,33.51156987,제주특별자치도 제주시 중앙로13길 21
땅땅치킨 제주연동점,126.4908432,33.48674559,제주특별자치도 제주시 연동7길 35
서프앤조이,126.5870831,33.52542589,제주특별자치도 제주시 선사로8길 12
김만덕객주,126.5321179,33.51637234,제주특별자치도 제주시 임항로 68
서부두명품횟집거리,126.5275615,33.51660388,제주특별자치도 제주시 건입동
파스쿠찌 제주용담해안도로점,126.4931018,33.51940684,제주특별자치도 제주시 서해안로 506
모살물 2호점,126.4945336,33.49160766,제주특별자치도 제주시 삼무로9길 24
스타루프탑라운지,126.4904956,33.48656745,제주특별자치도 제주시 연동7길 38
장산다방,126.5273412,33.51753168,제주특별자치도 제주시 서부두2길 26
삼다공원,126.497059,33.49031243,제주특별자치도 제주시 연동 301-15
이차돌 제주서귀포점,126.5595154,33.24738879,제주특별자치도 서귀포시 중정로 30
제주디아일랜드블루호텔,126.5657669,33.24582264,제주특별자치도 서귀포시 태평로431번길 3
안거리밖거리,126.5641022,33.24423481,제주특별자치도 서귀포시 솔동산로 6-1
마라도가는여객선,126.2905126,33.20739728,제주특별자치도 서귀포시 대정읍 송악관광로 424
마라도기원정사,126.2663441,33.11626528,제주특별자치도 서귀포시 대정읍 마라로 87
해녀3대할망네,126.2659792,33.11711247,제주특별자치도 서귀포시 대정읍 마라로77번길 3
동광분교인디이스트,126.3370214,33.30668179,제주특별자치도 서귀포시 안덕면 동광로 107
해동이네,126.5401844,33.51855824,제주특별자치도 제주시 임항로 242
금악국수,126.2977576,33.35672679,제주특별자치도 제주시 한림읍 한창로 1288
콩이네두부,126.3625388,33.27469447,제주특별자치도 서귀포시 안덕면 한창로 137
용담공원,126.5131652,33.51488561,제주특별자치도 제주시 용담2동 455-1
올레길 4코스(표선-남원 올레),126.787928,33.30481622,제주특별자치도 서귀포시 표선면 표선리
한남시험림탐방,126.6470256,33.33620238,제주특별자치도 서귀포시 남원읍 서성로651번길 235
웨이브,126.8437742,33.32526861,제주특별자치도 서귀포시 표선면 표선당포로 10-4
코미세,126.5209817,33.25203489,제주특별자치도 서귀포시 서호동 1615-3
초롱민박,126.9314182,33.46719065,제주특별자치도 서귀포시 성산읍 한도로242번길 10-19
아쿠아플라넷제주 오션아레나,126.928544,33.43283222,제주특별자치도 서귀포시 성산읍 섭지코지로 95
이스틀리,126.9084,33.45607516,제주특별자치도 서귀포시 성산읍 산성효자로114번길 131-1
호호청과,126.5108463,33.51458255,제주특별자치도 제주시 용두암길 2
로맨틱새우,126.3053038,33.44818349,제주특별자치도 제주시 애월읍 곽지1길 12-12
현명한감귤체험농장,126.8096478,33.30837947,제주특별자치도 서귀포시 표선면 일주동로 6194
에그드랍 제주공항점,126.4933522,33.50710839,제주특별자치도 제주시 공항로 2
경양카츠 제주점,126.5382053,33.49072324,제주특별자치도 제주시 남광로2길 22
아덴힐리조트&골프클럽,126.3669673,33.34739046,제주특별자치도 제주시 한림읍 화전길 82
새별하노이,126.274229,33.2458925,제주특별자치도 서귀포시 대정읍 일주서로 2290
굽네치킨 제주노형점,126.4768033,33.48610649,제주특별자치도 제주시 정존13길 14
독개물항,126.2516125,33.40189022,제주특별자치도 제주시 한림읍 한림로 478
화목원,126.4890912,33.47287188,제주특별자치도 제주시 연화남길 41
데비스잼,126.8000435,33.55465149,제주특별자치도 제주시 구좌읍 행원로1길 32-2
제주올레돔펜션,126.8989279,33.39873594,제주특별자치도 서귀포시 성산읍 온평포구로54번길 54
도민상회 월정점,126.8002537,33.55502328,제주특별자치도 제주시 구좌읍 행원로1길 32-3
배고프면,126.8028503,33.55725258,제주특별자치도 제주시 구좌읍 해맞이해안로 518-38
삼다장,126.8124062,33.49503638,제주특별자치도 제주시 구좌읍 비자숲길 15-3
커피스케치,126.313349,33.23335677,제주특별자치도 서귀포시 안덕면 사계남로216번길 24-32
제이라움,126.190432,33.25704563,제주특별자치도 서귀포시 대정읍 노을해안로 420
제라진밥상,126.6740754,33.53963391,제주특별자치도 제주시 조천읍 함와로 4
피그농원 제주점,126.2478042,33.22921617,제주특별자치도 서귀포시 대정읍 일주서로 2641
다이소 제주애월점,126.3204726,33.46085729,제주특별자치도 제주시 애월읍 애원로 38
협재가게,126.2402969,33.39312384,제주특별자치도 제주시 한림읍 한림로 332-1
돈하루방,126.5303151,33.50419764,제주특별자치도 제주시 동광로5길 32
로비나발리플러스,126.2850622,33.4443521,제주특별자치도 제주시 한림읍 한림해안로 712
다이소 제주한림점,126.2652791,33.41082189,제주특별자치도 제주시 한림읍 한림중앙로 44
형제섬보말칼국수,126.2902225,33.20693039,제주특별자치도 서귀포시 대정읍 형제해안로 318
벵디1967,126.838056,33.53500265,제주특별자치도 제주시 구좌읍 평대2길 39-11
만춘서점,126.6734326,33.5407113,제주특별자치도 제주시 조천읍 함덕로 9
호자,126.8575776,33.52140798,제주특별자치도 제주시 구좌읍 세화8길 7
화수목,126.8305708,33.5408413,제주특별자치도 제주시 구좌읍 해맞이해안로 1028
소규모식탁,126.2989586,33.28337009,제주특별자치도 서귀포시 안덕면 서광남로115번길 12
해피데이호텔,126.489452,33.48618088,제주특별자치도 제주시 제원길 43
애월당,126.3092893,33.46395734,제주특별자치도 제주시 애월읍 애월북서길 56
쇠소깍크루즈,126.621189,33.25058535,제주특별자치도 서귀포시 쇠소깍로 151-8
세븐일레븐 제주한림로점,126.2422549,33.39513643,제주특별자치도 제주시 한림읍 한림로 362
리틀넥 제주애월,126.3092415,33.46292656,제주특별자치도 제주시 애월읍 애월북서길 56-1
문쏘,126.2567097,33.4056877,제주특별자치도 제주시 한림읍 한림상로 15-5
터진목,126.9324303,33.46046881,제주특별자치도 서귀포시 성산읍 성산리
송정농원,126.5646594,33.48002869,제주특별자치도 제주시 연신로 293-13
흑본오겹 함덕점,126.6587024,33.5436136,제주특별자치도 제주시 조천읍 신북로 454
세화복우동,126.8575726,33.52245474,제주특별자치도 제주시 구좌읍 구좌로 62
맨도롱또똣김밥,126.6657894,33.54245635,제주특별자치도 제주시 조천읍 조함해안로 496
오리지날로맨스,126.2504523,33.40080853,제주특별자치도 제주시 한림읍 옹포2길 1
큐티파이카페,126.3687236,33.47786387,제주특별자치도 제주시 애월읍 애월해안로 610
인카페온더비치,126.8280385,33.54520154,제주특별자치도 제주시 구좌읍 해맞이해안로 943
미풍해장국 서귀포점,126.5681312,33.24973078,제주특별자치도 서귀포시 동홍로12번길 3
수앤수리조트,126.3585963,33.47454092,제주특별자치도 제주시 애월읍 부룡수길 60
비어수다,126.5294997,33.4988063,제주 서귀포시 중정로61번길 20 비어수다
우도지석묘,126.9557352,33.49144053,제주특별자치도 제주시 우도면 연평리 1732-1
망루등대,126.9526136,33.52496819,제주특별자치도 제주시 우도면 연평리
고을식당,126.8000797,33.39273842,제주특별자치도 서귀포시 표선면 성읍정의현로112번길 8-2
양가형제노형,126.4752776,33.48181748,제주특별자치도 제주시 노형4길 10
플래닛제주,126.4905738,33.49012365,제주특별자치도 제주시 삼무로 35
73st,126.4551088,33.45698894,제주특별자치도 제주시 해안마을길 73
삼일해장국,126.4151069,33.48564133,제주특별자치도 제주시 애월읍 하귀9길 14
지구별가게,126.47484,33.49032935,제주특별자치도 제주시 월랑로 58
푸른밤의해안속초식당,126.4515034,33.46245113,제주특별자치도 제주시 노형로 40
스타벅스 신제주이마트점,126.4803447,33.48478704,제주특별자치도 제주시 1100로 3348
고씨주택,126.5283134,33.51491176,제주특별자치도 제주시 관덕로17길 27-1
김서방재첩해장국,126.4829511,33.48362947,제주특별자치도 제주시 원노형6길 27
할라라운지,126.530117,33.49784247,제주특별자치도 제주시 신성로13길 28
투썸플레이스 제주노형오거리점,126.4798873,33.4842658,제주특별자치도 제주시 1100로 3339
포케올데이 제주노형점,126.4793188,33.48360705,제주특별자치도 제주시 노형8길 22
혹시,126.4818002,33.48682171,제주특별자치도 제주시 원노형3길 40
제주섬신룽푸마라탕 한라대점,126.4751747,33.47854426,제주특별자치도 제주시 한라대학로 33
덕스테이펜션,126.2791597,33.44064036,제주특별자치도 제주시 한림읍 귀덕3길 32
단소,126.322622,33.4644249,제주특별자치도 제주시 애월읍 애월로 139-4
부가네감귤농장,126.3468744,33.44494552,제주특별자치도 제주시 애월읍 상가로4길 52
푸주옥 서귀포점,126.5097311,33.24956837,제주특별자치도 서귀포시 신서귀로 3
자연인,126.5399432,33.46871814,제주특별자치도 제주시 아란서길 110
푸더매 제주,126.7504429,33.43320943,제주특별자치도 제주시 구좌읍 번영로 2133-28
우진제비오름,126.6994496,33.46778927,제주특별자치도 제주시 조천읍 선흘리 산 112
이드레국수,126.4156411,33.25526404,제주특별자치도 서귀포시 천제연로 93
스타벅스 제주중문DT점,126.4158657,33.25505231,제주특별자치도 서귀포시 천제연로 95
아루미호텔,126.4139705,33.2586066,제주특별자치도 서귀포시 색달중앙로 38
토토아뜰리에,126.4134166,33.46999438,제주특별자치도 제주시 애월읍 고성북길 112-4
서귀포천문과학문화관,126.4604181,33.28887327,제주특별자치도 서귀포시 1100로 506-1
시골길,126.4947694,33.48878844,제주특별자치도 제주시 연동13길 9
올레바당체험마을,126.2643778,33.42541144,제주특별자치도 제주시 한림읍 수원리 724-3
애월국민체육센터,126.4137647,33.48475684,제주특별자치도 제주시 애월읍 하귀동남1길 22
에이바우트커피 외도점,126.4307225,33.49071516,제주특별자치도 제주시 우정로 24
용출횟집,126.5077286,33.51622011,제주특별자치도 제주시 서해안로 660
중앙식당,126.334938,33.24669719,제주특별자치도 서귀포시 안덕면 화순로 108
롯데면세점 제주점,126.4864734,33.49061613,제주특별자치도 제주시 도령로 83
말차이트,126.954959,33.49419015,제주특별자치도 제주시 우도면 우도해안길 32-24
서부두수산시장,126.5299314,33.51704566,제주특별자치도 제주시 임항로 49
노을해안1014,126.1685584,33.29768602,제주특별자치도 제주시 한경면 노을해안로 1014
애월감성,126.3080076,33.45224492,제주특별자치도 제주시 애월읍 곽지9길 8
캠핑트렁크 제주점,126.5147126,33.4775333,제주특별자치도 제주시 오남로 208
김녕해수욕장 야영장,126.7618481,33.5581434,제주특별자치도 서귀포시 성산읍 일출로 284-12
이비가짬뽕 제주연동점,126.5007903,33.48138011,제주특별자치도 제주시 연오로 134
한라사이클,126.501296,33.48136592,제주특별자치도 제주시 연북로 188
제주신라호텔 야외수영장,130.8046943,37.5041642,제주특별자치도 서귀포시 중문관광로72번길 75
제주신라호텔 글램핑빌리지,126.4070888,33.24596211,제주특별자치도 서귀포시 색달동 3039-3
성수미술관 제주특별점,126.8865048,33.52689255,제주특별자치도 제주시 구좌읍 해맞이해안로 1726
빌레리조트,126.3470447,33.4710113,제주특별자치도 제주시 애월읍 고내로13길 79
정우말가든,126.4975129,33.48027774,제주특별자치도 제주시 아연로 17
순수한둠비 연동점,126.4904921,33.47797706,제주특별자치도 제주시 연화로2길 34
새들러하우스 제주애월점,126.3097741,33.46358769,제주특별자치도 제주시 애월읍 애월로1길 24-15
아라팰리스호텔,126.5237337,33.50721989,제주특별자치도 제주시 남성로26길 26
보롬왓카페,126.7525324,33.41348454,제주특별자치도 서귀포시 표선면 번영로 2350-104
윤스쿡,126.8312917,33.32270338,제주특별자치도 서귀포시 표선면 표선동서로 210
CU 제주공항국제선점,126.4927575,33.50665516,제주특별자치도 제주시 공항로 2
말로,126.6721081,33.42747677,제주특별자치도 제주시 조천읍 남조로 1785-12
먹돌 제주본점,126.5048045,33.50198227,제주특별자치도 제주시 월성로 26
탐나는식당몸국 고사리해장국,126.6116462,33.2711681,제주특별자치도 서귀포시 하신상로 148
퍼시픽리솜 마린스테이지,126.4155733,33.2438537,제주특별자치도 서귀포시 중문관광로 154-17
제주감귤농협 하나로마트,126.5763192,33.25274154,제주특별자치도 서귀포시 태평로 554
에어그라운드,126.7465596,33.28207174,제주특별자치도 서귀포시 남원읍 남태해안로 439
너븐,126.5741038,33.24533339,제주특별자치도 서귀포시 칠십리로214번길 26
온루아 제주,126.4058378,33.24467944,제주특별자치도 서귀포시 중문관광로72번길 100
부두식당,126.2509987,33.2189318,제주특별자치도 서귀포시 대정읍 하모항구로 62
오션트리,126.5053183,33.23287798,제주특별자치도 서귀포시 월드컵로 188
삼강식당 본점,126.5117663,33.25949067,제주특별자치도 서귀포시 신서로102번길 53
옛날순대,126.5597779,33.25838239,제주특별자치도 서귀포시 중앙로 155
휴애리핑크뮬리축제,126.6353494,33.30946889,제주특별자치도 서귀포시 남원읍 신례리 2015-7
서귀진지,126.5646221,33.24303927,제주특별자치도 서귀포시 서귀동 717-1
쇠소깍다리,126.6238812,33.25839805,제주특별자치도 서귀포시 하효동
BHC치킨 제주협재점,126.2404201,33.39377824,제주특별자치도 제주시 한림읍 한림로 337
만복흑돼지,126.3266979,33.24324835,제주특별자치도 서귀포시 안덕면 산방로 55
고돔,126.4495288,33.49709773,제주특별자치도 제주시 테우해안로 148
제주광어천국,126.2403288,33.39315559,제주특별자치도 제주시 한림읍 한림로 332-1
맥도날드 제주공항DT점,126.4926152,33.49506464,제주특별자치도 제주시 도령로 159
The barn,126.1779386,33.3343922,제주도 제주시 한경면 용당1길 29번지
용스테이,126.4930897,33.49453554,제주특별자치도 제주시 명주길 3
부원뚝배기,126.2776236,33.42757737,제주특별자치도 제주시 한림읍 일주서로 5608
정희네해물탕,126.557859,33.24731439,제주특별자치도 서귀포시 중정로 14
관곶,126.6431481,33.55364592,제주특별자치도 제주시 조천읍 신흥리
천도두루치기 일도점,126.5450373,33.50343393,제주특별자치도 제주시 연수중길 19
사라봉,126.5447664,33.51795577,제주특별자치도 제주시 건입동 387-1
카페빠네띠에,126.5463094,33.49476527,제주특별자치도 제주시 신설로9길 25
올랜드앤올소,126.5215801,33.48121958,제주특별자치도 제주시 연북로 377
우성약국,126.5422485,33.50410887,제주특별자치도 제주시 천수로 53
19호어린이공원,126.5415469,33.50390071,제주특별자치도 제주시 일도이동 414
제주담을센터,126.4638739,33.48269371,제주특별자치도 제주시 월광로 12
안덕산방도서관,126.5107108,33.50232039,제주특별자치도 서귀포시 안덕면 화순서서로 44
다담,126.5135962,33.49864695,제주특별자치도 제주시 서광로2길 11-18
신의한모,126.408004,33.48538492,제주특별자치도 제주시 애월읍 하귀14길 11-1
한라도서관,126.5162735,33.47620144,제주특별자치도 제주시 오남로 221
할리스 제주연북로점,126.515337,33.48133146,제주특별자치도 제주시 오남로 166
신화월드 테마파크 C-4구역 전기차충전소 전기차충전소,126.3158002,33.30289991,제주특별자치도 서귀포시 안덕면 신화역사로304번길 98
토투가,126.289959,33.44286016,제주특별자치도 제주시 한림읍 귀덕9길 19
뱅인타코,126.2823896,33.2887519,제주특별자치도 서귀포시 대정읍 에듀시티로 74
유난히아름다운오늘,126.5523305,33.48945063,제주특별자치도 제주시 연신로 148
제주미담,126.5372838,33.50233593,제주특별자치도 제주시 가령로 19
육고깃집 노형점,126.4800988,33.47677175,제주특별자치도 제주시 진군4길 8
부소오름,126.7177527,33.4421915,제주특별자치도 제주시 조천읍 교래리 산 2
평대전복,126.8469485,33.53143912,제주특별자치도 제주시 구좌읍 해맞이해안로 1254-2
이호해양레저,126.4525171,33.49693245,제주특별자치도 제주시 테우해안로 172-5
제주바다마루펜션,126.8375046,33.31666038,제주특별자치도 서귀포시 표선면 표선백사로60번길 70
여가한옥펜션,126.3440612,33.42291923,제주특별자치도 제주시 애월읍 천덕로 399-86
놀라운트릭아이미술관,126.3574002,33.34720789,제주특별자치도 제주시 한림읍 광산로 942
마담조,126.5052926,33.25647529,제주특별자치도 서귀포시 신서로 69
홍칼,126.3375873,33.3069607,제주특별자치도 서귀포시 안덕면 동광본동로 9
1100고지습지 람사르습지,126.4636297,33.35801935,제주특별자치도 서귀포시 색달동 산 1-1
이돈갓 노형점,126.4748111,33.4892338,제주특별자치도 제주시 달마루길 10-1
서귀포향토오일시장,126.5738072,33.26707968,제주특별자치도 서귀포시 중산간동로7894번길 18-5
신옛촌 본점,126.3022904,33.2469511,제주특별자치도 서귀포시 안덕면 사계로 187-6
산방산 유람선,126.3352602,33.23701554,제주특별자치도 서귀포시 안덕면 화순해안로106번길 16
아이브리조트,126.4966487,33.28840136,제주특별자치도 서귀포시 산록남로 1966-34
키위티24제주남원점,126.7448573,33.28605392,제주 서귀포시 남원읍 태위로 932
부부키친,126.8880928,33.44310235,제주특별자치도 서귀포시 성산읍 서성일로 1024
싱싱식당 서귀포1호점,126.564285,33.25064424,제주특별자치도 서귀포시 동문로 34
아트박스 서귀포점,126.5631738,33.24795709,제주특별자치도 서귀포시 중정로61번길 4
봉카페,126.9333368,33.46509906,제주특별자치도 서귀포시 성산읍 성산등용로 12
밥통,126.7424188,33.28548943,제주특별자치도 서귀포시 남원읍 태위로 907
썬시티게스트하우스 성산점,126.920711,33.46850422,제주특별자치도 서귀포시 성산읍 한도로 120
일출랜드,126.8415811,33.38340256,제주특별자치도 서귀포시 성산읍 중산간동로 4150-30
삼달548,126.8709279,33.36715326,제주특별자치도 서귀포시 성산읍 삼달하동로32번길 2-1
커피먹는고냉이,126.9207873,33.43669543,제주특별자치도 서귀포시 성산읍 신양로 103
별방1974,126.8823169,33.52631189,제주특별자치도 제주시 구좌읍 하도3길 108-8
김녕떠오르길,126.7470817,33.55783462,제주특별자치도 제주시 구좌읍 김녕항3길 12-20
벧디스테이&스튜디오민박,126.7494115,33.55728578,제주특별자치도 제주시 구좌읍 김녕로1길 56-4
김녕에사는김영훈,126.7463577,33.55426824,제주특별자치도 제주시 구좌읍 김녕로6길 2
담또와,126.7934588,33.55636362,제주특별자치도 제주시 구좌읍 월정1길 62
이런날엔,126.830658,33.54253281,제주특별자치도 제주시 구좌읍 해맞이해안로 1000
클래식문구사,126.5213513,33.51262386,제주특별자치도 제주시 관덕로4길 1-2
사계생활,126.296464,33.23166656,제주특별자치도 서귀포시 안덕면 산방로 380
이후북스 제주,126.5212418,33.51258377,제주특별자치도 제주시 관덕로4길 3
카페멜록,126.3387007,33.46736794,제주특별자치도 제주시 애월읍 애월해안로 251
김군아미고게스트하우스,126.3739681,33.48106405,제주특별자치도 제주시 애월읍 애월해안로 670
오랑우탄면사무소,126.2975459,33.23120383,제주특별자치도 서귀포시 안덕면 산방로 367-1
후르츨리,126.2402874,33.393589,제주특별자치도 제주시 한림읍 한림로 335
애브리바디빈티지 우먼,126.5232073,33.50979822,제주특별자치도 제주시 관덕로8길 42
올레길 15-B코스(한림-고내 올레),126.2967484,33.4469668,제주특별자치도 제주시 한림읍 귀덕리
환이네이태리식당,126.2968791,33.23074024,제주특별자치도 서귀포시 안덕면 사계중앙로18번길 5
카페루핀,126.2913251,33.21038627,제주특별자치도 서귀포시 대정읍 형제해안로 272
제레미,126.3185544,33.46460907,제주특별자치도 제주시 애월읍 애월로 106-1
이순신김밥,126.3558459,33.47810775,제주특별자치도 제주시 애월읍 애월해안로 482-1
은식당 제주본점,126.2897555,33.20738936,제주특별자치도 서귀포시 대정읍 최남단해안로 578
멜팟,126.3067283,33.45338279,제주특별자치도 제주시 애월읍 곽지11길 21
워시엔조이 셀프빨래방 제주곽지리점,126.3089209,33.45018989,제주특별자치도 제주시 애월읍 일주서로 6044
카카오프렌즈 제주프리미엄전문점,126.3174452,33.30633507,제주특별자치도 서귀포시 안덕면 신화역사로304번길 38
올리다버거,126.521663,33.5087915,제주특별자치도 제주시 남성로 154-6
제주소나이,126.56386,33.24893146,제주특별자치도 서귀포시 중정로73번길 9
달인해산물,126.5639447,33.25002273,제주특별자치도 서귀포시 중정로73번길 22
남원흑돼지 연탄골목,126.7000695,33.27577946,제주특별자치도 서귀포시 남원읍 태위로495번길 7
오브젝트 제주선흘점,126.6962589,33.50754301,제주특별자치도 제주시 조천읍 중산간동로 1175-1
메리밀,126.7183551,33.27738205,제주특별자치도 서귀포시 남원읍 남태해안로 118
정가네밥상,126.5399239,33.46870274,제주특별자치도 제주시 아란서길 110
시봉카페,126.5636889,33.24449303,제주특별자치도 서귀포시 태평로 406
GS25 제주노형점,126.4821554,33.48787806,제주특별자치도 제주시 도령로 31
우연국수 1호점,126.4895745,33.48804949,제주특별자치도 제주시 신광로6길 2
오늘쉐프 제주노형점,126.4771916,33.48954725,제주특별자치도 제주시 월랑로10길 12
제주국담,126.4947017,33.48858982,제주특별자치도 제주시 신대로12길 17
연동회관,126.4946589,33.48670351,제주특별자치도 제주시 연동13길 33
GS25 제주연중점,126.4946651,33.48878621,제주특별자치도 제주시 연동13길 9
빽다방 앤 긱스타 제주연동점,126.4947274,33.48935177,제주특별자치도 제주시 연동13길 3
스위트메이서귀포호텔,126.5075472,33.25248102,제주특별자치도 서귀포시 김정문화로27번길 9-1
동백포레스트,126.6361981,33.30030815,제주특별자치도 서귀포시 남원읍 생기악로 53-38
젠틀리조트,126.1805609,33.32392282,제주특별자치도 제주시 한경면 일주서로 4010-2
돌담길괴기집,126.3071076,33.44977857,제주특별자치도 제주시 애월읍 곽지5길 8-11
전복마을,126.4702056,33.50745425,제주특별자치도 제주시 서해안로 216
용담해안도로,126.5095606,33.51582707,제주특별자치도 서귀포시 남원읍 태위로 522-12
더포힐스호텔,126.4733415,33.50908958,제주특별자치도 제주시 서해안로 258
고길,126.4738924,33.50930199,제주특별자치도 제주시 서해안로 264
동남식당,126.9146304,33.45127943,제주특별자치도 서귀포시 성산읍 고성오조로 86
명가솥뚜껑,126.5648996,33.25135327,제주특별자치도 서귀포시 중앙로62번길 36
고등어쌈밥,126.9207413,33.44946945,제주특별자치도 서귀포시 성산읍 섭지코지로25번길 122-5
표선칼국수,126.8442127,33.3251285,제주특별자치도 서귀포시 표선면 민속해안로 578-3
돌담너머바다,126.4397968,33.49571435,제주특별자치도 제주시 테우해안로 44-1
보미다,126.5143075,33.23855761,제주특별자치도 서귀포시 이어도로 936-1
귀덕해안도로,126.2874591,33.44398903,제주특별자치도 제주시 한림읍 한림해안로 738
흑돼지가있는풍경 본점,126.4806462,33.47537567,제주특별자치도 제주시 진군남4길 7-8
한림그때그집,126.2590877,33.40971759,제주특별자치도 제주시 한림읍 한림로 591
트로피컬하이드어웨이,126.2912722,33.2092337,제주특별자치도 서귀포시 대정읍 형제해안로 284
버터모닝,126.4229536,33.46425634,제주특별자치도 제주시 애월읍 하광로 279
오후새우시,126.4241902,33.25158924,제주특별자치도 서귀포시 천제연로 184
묵전 제주점,126.2918533,33.21139458,제주특별자치도 서귀포시 대정읍 형제해안로 260
제주소담,126.5074292,33.23143654,제주특별자치도 서귀포시 막숙포로 150
수목원집밥,126.4953899,33.48960511,제주특별자치도 제주시 삼무로 82
촌따이함덕게스트하우스,126.6753591,33.53838948,제주특별자치도 제주시 조천읍 함덕30길 20-13
요요무문,126.8366785,33.53810504,제주특별자치도 제주시 구좌읍 해맞이해안로 1102
괜찮아,126.8622441,33.52333547,제주특별자치도 제주시 구좌읍 해녀박물관길 27
일품순두부 세화점,126.857707,33.5252201,제주특별자치도 제주시 구좌읍 해맞이해안로 1426
빽다방 제주함덕점,126.6621794,33.5451883,제주특별자치도 제주시 조천읍 조함해안로 450
함덕마당,126.6741968,33.54399253,제주특별자치도 제주시 조천읍 조함해안로 586
귤꽃카페,126.6553164,33.53842187,제주특별자치도 제주시 조천읍 함덕2길 90
젠하이드어웨이,126.3085027,33.22929609,제주특별자치도 서귀포시 안덕면 사계남로 186-8
메가MGC커피 함덕해수욕장점,126.6692325,33.54249896,제주특별자치도 제주시 조천읍 조함해안로 528
휘닉스제주 글라스하우스,126.9338137,33.42916918,제주특별자치도 서귀포시 성산읍 고성리 46
휘닉스제주섭지코지 올레길미로,126.9292686,33.42768442,제주특별자치도 서귀포시 성산읍 섭지코지로 107
블루스프링부띠끄호텔,126.2402536,33.3929117,제주특별자치도 제주시 한림읍 한림로 330
라마다바이윈덤 제주더함덕호텔,126.6597291,33.54319087,제주특별자치도 제주시 조천읍 신북로 470
고죽면 제주함덕점,126.6716856,33.53953744,제주특별자치도 제주시 조천읍 신북로 584-6
휘닉스제주섭지코지 수영장,126.926806,33.43057537,제주특별자치도 서귀포시 성산읍 섭지코지로 107
모메든식당 중문점,126.4545296,33.253495,제주특별자치도 서귀포시 일주서로 508
해비치호텔앤리조트 제주 이디,126.8446319,33.32128809,제주특별자치도 서귀포시 표선면 민속해안로 537
사계전복,126.3031436,33.2484201,제주특별자치도 서귀포시 안덕면 사계로 207
카페도구리3083,126.1725736,33.27495649,제주특별자치도 서귀포시 대정읍 노을해안로 702
담모라리조트펜션,126.3060327,33.24972016,제주특별자치도 서귀포시 안덕면 일주서로 1975-11
동성수산횟집,126.2520924,33.21645534,제주특별자치도 서귀포시 대정읍 최남단해안로 46
웃드르식당,126.772725,33.33240802,제주특별자치도 서귀포시 표선면 토산세화로 37
오션패밀리호텔,126.4508746,33.49529782,제주특별자치도 제주시 일주서로 7531
별빛두방울펜션,126.2479682,33.39556969,제주특별자치도 제주시 한림읍 협재10길 33-6
동성식당,126.5892384,33.26766178,제주특별자치도 서귀포시 토평남로 109
돈내코로타리김밥,126.5767125,33.30223589,제주특별자치도 서귀포시 산록남로 2754
지진옥외대피장소 강정체육공원,126.4862203,33.23450646,제주특별자치도 서귀포시 강정동 2667
카페봄봄 안덕화순점,126.3310385,33.24628948,제주특별자치도 서귀포시 안덕면 화순로 143
블룸호텔,126.408113,33.2498692,제주특별자치도 서귀포시 중문관광로72번길 53
액트몬 제주중문점,126.4215166,33.24368583,제주특별자치도 서귀포시 중문관광로 205
화순 곶자왈생태탐방숲길,126.3319518,33.26404269,제주특별자치도 서귀포시 안덕면 화순리
돼지물고기,126.2636367,33.4158899,제주특별자치도 제주시 한림읍 한림북동길 7
소정방폭포,126.5776345,33.24522641,제주특별자치도 서귀포시 토평동
새로나분식,126.5641753,33.24853765,제주특별자치도 서귀포시 중앙로42번길 24
옥이네빵집,126.7174671,33.27843856,제주특별자치도 서귀포시 남원읍 태위로 662
액티브파크,126.2360832,33.38113118,제주특별자치도 제주시 한림읍 금능남로 76
효명사,126.5941584,33.32329739,제주특별자치도 서귀포시 남원읍 516로 815-41
협재1번가,126.2421605,33.39560468,제주특별자치도 제주시 한림읍 협재1길 1
제주국제평화센터,126.4217033,33.24530962,제주특별자치도 서귀포시 중문관광로 227-24
태신해안로,126.763215,33.2969817,제주특별자치도 서귀포시 남원읍
국수몽,126.4267991,33.25188711,제주특별자치도 서귀포시 천제연로207번길 1
우도성산유람선,126.9346369,33.47287252,제주특별자치도 서귀포시 성산읍 성산등용로 130-21
에이스서프,126.7956486,33.55567483,제주특별자치도 제주시 구좌읍 월정7길 62-1
맹기리수산,126.6224366,33.53778323,제주특별자치도 제주시 조천읍 신촌5길 58-2
문돈가,126.3083181,33.25110875,제주특별자치도 서귀포시 안덕면 덕수회관로61번길 40
깊커피,126.7931795,33.55924194,제주특별자치도 제주시 구좌읍 해맞이해안로 406
제주차귀도요트투어,126.1660192,33.32397481,제주특별자치도 제주시 한경면 한경해안로 156
돈고팡 본점,126.4722361,33.50893341,제주특별자치도 제주시 서해안로 248
보건식당,126.5327329,33.50047419,제주특별자치도 제주시 동광로6길 19
성산흑돼지두루치기,126.9347968,33.46618538,제주특별자치도 서귀포시 성산읍 한도로 255
카페쿠이,126.3048285,33.44911396,제주특별자치도 제주시 애월읍 곽지3길 21
돈본가,126.5419347,33.50158325,제주특별자치도 제주시 청귤로3길 48
동홍힐링사우나,126.5735757,33.25110923,제주특별자치도 서귀포시 태평로 524
신비의도로,126.4878893,33.45040276,제주특별자치도 제주시 노형동 291-16
성게돌펜션,126.6186687,33.25074715,제주특별자치도 서귀포시 쇠소깍로 186
처가집연탄구이,126.6177918,33.26187059,제주특별자치도 서귀포시 하신상로 12
금백조로가든,126.8629019,33.43926324,제주특별자치도 서귀포시 성산읍 금백조로 96
제주해녀축제,126.8634277,33.52361087,제주특별자치도 제주시 구좌읍 해녀박물관길 26
버거나라 남원점,126.7179001,33.27865593,제주특별자치도 서귀포시 남원읍 태위로 668
남원 사우나,126.7175803,33.27930077,제주특별자치도 서귀포시 남원읍 남한로 5
노형집밥,126.4782342,33.48756409,제주특별자치도 제주시 다랑곶1길 9
사이카레 제주애월본점,126.3811067,33.48424464,제주특별자치도 제주시 애월읍 애월해안로 752
블리스풀,126.4072521,33.40519091,제주특별자치도 제주시 애월읍 산록서로 383
물고기나무 게스트하우스,126.8407508,33.37903766,제주특별자치도 서귀포시 성산읍 중산간동로 4204-14
제이홍키삼스,126.3669986,33.23318512,제주특별자치도 서귀포시 안덕면 난드르로21번길 22
배스킨라빈스 신제주점,126.4842987,33.48861909,제주특별자치도 제주시 도령로 52
강명선 샤브샤브,126.4972975,33.4922392,제주특별자치도 제주시 귀아랑길 14
10호어린이공원,126.4840599,33.48678967,제주특별자치도 제주시 노형동 910-7
월드컵흑돼지,126.5051197,33.24298987,제주특별자치도 서귀포시 월드컵로 74
세븐일레븐 서귀포밸류호텔점,126.510327,33.25125136,제주특별자치도 서귀포시 김정문화로 51
모모언니바다간식,126.3012788,33.29044996,제주특별자치도 서귀포시 안덕면 녹차분재로59번길 3
신시가지안성식당,126.5120979,33.25080029,제주특별자치도 서귀포시 김정문화로 69-1
고향 제주본점,126.5268682,33.24496431,제주특별자치도 서귀포시 태평로 36
일미도,126.8655053,33.52500521,제주특별자치도 제주시 구좌읍 면수길 52-1
김여사네,126.667616,33.54119092,제주특별자치도 제주시 조천읍 신북로 544
선이네밥집,126.6399647,33.53814738,제주특별자치도 제주시 조천읍 신북로 262
기쁨이네촌칼국수&보리밥 3호점,126.6662885,33.54201862,제주특별자치도 제주시 조천읍 신북로 527-1
이디야커피 제주함덕해수욕장점,126.6699986,33.54120541,제주특별자치도 제주시 조천읍 함덕19길 9
다가미 삼양점,126.5879288,33.52595884,제주특별자치도 제주시 선사로8길 22
돈드림가든,126.6701615,33.54112831,제주특별자치도 제주시 조천읍 함덕19길 7
르마빈펜션,126.6972132,33.54871579,제주특별자치도 제주시 조천읍 일주동로 1528
까망도그,126.7549602,33.55781259,제주특별자치도 제주시 구좌읍 김녕로21길 23
신풍신천 바다목장길,126.8679779,33.35673821,제주특별자치도 서귀포시 성산읍 신풍리 29
우도해녀의집,126.9450848,33.49427903,제주특별자치도 제주시 우도면 우도해안길 144
봉자게스트하우스,126.9674277,33.49998235,제주특별자치도 제주시 우도면 영일길 156-32
노형수산시장,126.473086,33.48038006,제주특별자치도 제주시 한라대학로 7
섭섭이네,126.7843802,33.47160858,제주특별자치도 제주시 구좌읍 중산간동로 2261
히포파운드,126.4264026,33.4942502,제주특별자치도 제주시 연대마을길 28
그랜드메르호텔제주,126.386162,33.2396394,제주특별자치도 서귀포시 논짓물로 45
레브호텔,126.494148,33.48907802,제주특별자치도 제주시 은남1길 15
나나이로,126.8588067,33.52151758,제주특별자치도 제주시 구좌읍 구좌로 75-1
찰스앤바비,126.4294787,33.24591716,제주특별자치도 서귀포시 중문관광로 288
프라임약국,126.280679,33.28644652,제주특별자치도 서귀포시 대정읍 에듀시티로 102
GS25 예래자스름점,126.4017856,33.25640633,제주특별자치도 서귀포시 예래로 38
리치망고 협재점,126.2517843,33.40241418,제주특별자치도 제주시 한림읍 한림로 482
모닥식탁,126.8173572,33.53096084,제주특별자치도 제주시 구좌읍 한동로 136
춘심이네 본점,126.3705335,33.26448563,제주특별자치도 서귀포시 안덕면 창천중앙로24번길 16
농협하나로마트 서귀포농협천지지점,126.5592676,33.24802356,제주특별자치도 서귀포시 서문로29번길 26
제주다온가,126.3674199,33.23486067,제주특별자치도 서귀포시 안덕면 난드르로 6-1
초원게스트하우스,126.9519793,33.51181899,제주특별자치도 제주시 우도면 우도로 225
봉추반점,126.9542168,33.50792311,제주특별자치도 제주시 우도면 우도로 174
낭만해녀,126.3650522,33.23232046,제주특별자치도 서귀포시 안덕면 난드르로 49-50
지금여기에,126.2313876,33.38923903,제주특별자치도 제주시 한림읍 금능길 79
유드림마트 함덕점,126.6684922,33.54125278,제주특별자치도 제주시 조천읍 신북로 551
원더버거,126.6364633,33.5356163,제주특별자치도 제주시 조천읍 신북로 220
용수산,126.7171596,33.5538768,제주특별자치도 제주시 구좌읍 동복로 105
소근소근,126.8054711,33.55257925,제주특별자치도 제주시 구좌읍 행원로4길 10-1
다올국수,126.5189125,33.50016164,제주특별자치도 제주시 서광로 209-1
함덕흑돼지연탄구이,126.6669659,33.54169587,제주특별자치도 제주시 조천읍 신북로 535
무주애,126.7978123,33.55465147,제주특별자치도 제주시 구좌읍 월정7길 28-26
바당지기,126.7978807,33.55484903,제주특별자치도 제주시 구좌읍 해맞이해안로 480
미소게스트하우스,126.5238132,33.51333839,제주특별자치도 제주시 관덕로 41
제제댁게스트하우스,126.6448625,33.52992457,제주특별자치도 제주시 조천읍 남조로 3028
도르멍쉼팡,126.8361336,33.5393341,제주특별자치도 제주시 구좌읍 해맞이해안로 1088
백록오름,126.7490073,33.5540807,제주특별자치도 제주시 구좌읍 김녕로 102-1
대수길다방,126.8381025,33.53662108,제주특별자치도 제주시 구좌읍 대수길 24
세븐일레븐 제주조천점,126.6392878,33.53807058,제주특별자치도 제주시 조천읍 신북로 255
GS25 제주탑동점,126.5250097,33.51637053,제주특별자치도 제주시 중앙로 21
두가시앤오가니끄,126.8967524,33.49303102,제주특별자치도 제주시 구좌읍 종달로5길 3
뉴월드마트로 동홍점,126.5743841,33.25523425,제주특별자치도 서귀포시 일주동로 8552
새미은총의동산,126.3237484,33.34800292,제주특별자치도 제주시 한림읍 새미소길 15
들렁모루,126.5447735,33.28056698,제주특별자치도 서귀포시 서홍로358번길 27-18
나무식탁,126.1915003,33.27806533,제주특별자치도 서귀포시 대정읍 도원로 214
그건그렇고,126.393735,33.26478125,제주특별자치도 서귀포시 상예로 224
마린뷰티,126.424042,33.25192396,제주특별자치도 서귀포시 천제연로 181
갓돈,126.4389676,33.2537801,제주특별자치도 서귀포시 천제연로 315-30
흑돼지해물삼합 서귀포점,126.5703789,33.24564516,제주특별자치도 서귀포시 태평로482번길 50
시키,126.4138258,33.48557668,제주특별자치도 제주시 애월읍 하귀동남1길 25
술고래,126.4240098,33.25029728,제주특별자치도 서귀포시 중문상로17번길 4
면맛에입맛이좋아,126.8879033,33.44416247,제주특별자치도 서귀포시 성산읍 수시로10번길 30
오멍가멍흑돼지 본점,126.4746934,33.50924859,제주특별자치도 제주시 서해안로 272
도두해수파크 사우나,126.4713348,33.50847156,제주특별자치도 제주시 서해안로 236
신천목장,126.863733,33.35601232,제주특별자치도 서귀포시 성산읍 일주동로 5417
함덕쉼팡,126.6740245,33.54400831,제주특별자치도 제주시 조천읍 조함해안로 584
NH농협은행제주수련원,126.7947842,33.30562297,제주특별자치도 서귀포시 표선면 일주동로 6337
농협은행제주수련원 해오름,126.7947853,33.30562478,제주특별자치도 서귀포시 표선면 일주동로 6337
앨리스의그림호텔,126.3647679,33.47473679,제주특별자치도 제주시 애월읍 신엄안3길 18-2
애월돌고래전망대,126.3635371,33.47856582,제주특별자치도 제주시 애월읍 신엄리 2731
애월댕댕,126.3536202,33.47647331,제주특별자치도 제주시 애월읍 애월해안로 454-2
하루필름,126.5298544,33.49863487,제주특별자치도 제주시 신성로13길 17-1
본초족욕,126.4883254,33.47136847,제주특별자치도 제주시 은수길 65
골든파크호텔,126.5129773,33.49923686,제주특별자치도 제주시 서광로2길 9
간세다리족욕카페,126.5583638,33.24765519,제주특별자치도 서귀포시 중정로 17-1
콜라비,126.6746216,33.4281614,제주특별자치도 제주시 조천읍 남조로 1794-3
해동식당,126.5148772,33.49972036,제주특별자치도 제주시 서광로 174
순희뽀글이정식,126.5172604,33.49767404,제주특별자치도 제주시 공설로 27-1
돌오름길 천아숲길 입출구,126.455322,33.33669076,제주특별자치도 서귀포시 중문동 산 1-2
우도짜장맨,126.9676944,33.497668,제주특별자치도 제주시 우도면 우도해안길 1132
건축학개론펜션,126.8603943,33.35841235,제주특별자치도 서귀포시 성산읍 신풍하동로 224-33
쌍둥이회포장,126.513101,33.50096841,제주특별자치도 제주시 남성로 8
치저스 제주,126.7740197,33.46845794,제주특별자치도 제주시 구좌읍 비자림로 1785
달1037,126.8410045,33.37896585,제주특별자치도 서귀포시 성산읍 중산간동로 4204-12
하도리보통날,126.8787004,33.52057215,제주특별자치도 제주시 구좌읍 하도1길 33
코코나라,126.944055,33.50929839,제주특별자치도 제주시 우도면 우목길 105
복자씨연탄구이 별관,126.9212424,33.46853161,제주특별자치도 서귀포시 성산읍 한도로 124
서건도카라반,126.5002167,33.23251678,제주특별자치도 서귀포시 이어도로 826-51
하르방십원빵,126.6226744,33.2527655,제주특별자치도 서귀포시 쇠소깍로 118
달빛제주,126.3944517,33.48377682,제주특별자치도 제주시 애월읍 애월해안로 929
봉기네깡통구이,126.9150348,33.44687985,제주특별자치도 서귀포시 성산읍 고성오조로 38
마리조아 본점,126.5894479,33.51246705,제주특별자치도 제주시 삼봉로 99
88국밥,126.5099366,33.51252153,제주특별자치도 제주시 용담로 68
만배식당,126.4673291,33.50600208,제주특별자치도 제주시 도두항길 4-4
클랭블루,126.1773011,33.34487229,제주특별자치도 제주시 한경면 한경해안로 552-22
호텔메이저2,126.4915244,33.48654643,제주특별자치도 제주시 은남4길 40
로치아 커피로스터스,126.4666012,33.50185886,제주특별자치도 제주시 도공로 53
모던하우스 탑동점,126.5256755,33.51703394,제주특별자치도 제주시 중앙로 13
HAN컬렉션,126.4814544,33.48526051,제주특별자치도 제주시 노연로 12
써브웨이 제주대점,126.5620685,33.46036292,제주특별자치도 제주시 제주대학로 113
그랜드 하얏트 제주 포차,126.48194,33.486003,제주 젲 시 노연로 12  38층 포차
짚불도 애월점,126.3392229,33.46688207,제주특별자치도 제주시 애월읍 고내로11길 30
버거킹 제주노형점,126.4815843,33.4869272,제주특별자치도 제주시 도령로 20
바라나시책골목,126.5151765,33.51629276,제주특별자치도 제주시 동한두기길 35-2
하루앤하루,126.6354544,33.53745619,제주특별자치도 제주시 조천읍 조천7길 12
삼구회포장센타,126.6687356,33.54065117,제주특별자치도 제주시 조천읍 함덕16길 1-1
함덕해물라면오빠집,126.6726507,33.54285425,제주특별자치도 제주시 조천읍 평사길 2
동고량,126.5365713,33.51041694,제주특별자치도 제주시 삼성로 114
뚜레쥬르 제주연동점,126.4898388,33.48720398,제주특별자치도 제주시 신광로 56
함덕푸른밤,126.6601523,33.53738758,제주특별자치도 제주시 조천읍 함대로 75-16
함덕주막,126.6730299,33.54164351,제주특별자치도 제주시 조천읍 함덕로 20
제주신화월드 르쉬느아,126.3176833,33.30748051,제주특별자치도 서귀포시 안덕면 신화역사로304번길 38
제주바다체험장,126.7217053,33.55474541,제주특별자치도 제주시 구좌읍 동복리 608-3
제주푸줏간,126.3330692,33.31002003,제주특별자치도 서귀포시 안덕면 신화역사로 423
베롱베롱in행원,126.8224872,33.55346314,제주특별자치도 제주시 구좌읍 해맞이해안로 820-38
더 시그니처 이자카야,126.490295,33.48775312,제주특별자치도 제주시 신광로 47
삼해인관광호텔,126.4893995,33.49128278,제주특별자치도 제주시 도령로 108
셀렉토커피 제주노형점,126.4851418,33.48578799,제주특별자치도 제주시 노연로 48
카페 제주동네,126.8985943,33.49332917,제주특별자치도 제주시 구좌읍 종달로5길 23
스시도모다찌 칠성점,126.5257918,33.51348663,제주특별자치도 제주시 관덕로13길 3
원노형로 일대,126.4859615,33.4863885,제주특별자치도 제주시 원노형9길 3
함덕별장,126.6689141,33.54382525,제주특별자치도 제주시 조천읍 조함해안로 519-10
현인갤러리,126.4840492,33.48842241,제주특별자치도 제주시 도령로 50
호텔 스테이인터뷰 제주,126.4294832,33.24589103,제주특별자치도 서귀포시 중문관광로 288
봄뜨랑,126.9145908,33.44996305,제주특별자치도 서귀포시 성산읍 고성동서로56번길 15
매장명 하진이네(진고개가든),126.5531071,33.24561316,제주특별자치도 서귀포시 남성중로 155(서홍동 진고개가든)
청춘게스트하우스,126.5643934,33.24524566,제주특별자치도 서귀포시 이중섭로 31
아뮤제,126.521942,33.51284974,제주특별자치도 제주시 관덕로 26
순아,126.5227244,33.51307274,제주특별자치도 제주시 관덕로 32-1
왕성참숯구이,126.9143153,33.45240443,제주특별자치도 서귀포시 성산읍 고성오조로 98-3
김녕장터국수,126.7557366,33.55668353,제주특별자치도 제주시 구좌읍 김녕로21길 8
스테이헤이븐 펜션,126.3112322,33.46011568,제주특별자치도 제주시 애월읍 애월로 11
올레길 15-A코스(한림-고내 올레),126.3115602,33.43275796,제주특별자치도 제주시 애월읍 금성리
코델리아S호텔,126.9102749,33.45492788,제주특별자치도 서귀포시 성산읍 일주동로 4186
고성장터국밥,126.9123838,33.4520803,제주특별자치도 서귀포시 성산읍 고성동서로45번길 19
범식당,126.9155869,33.46759562,제주특별자치도 서귀포시 성산읍 한도로 66
노스필드,126.6278758,33.53526261,제주특별자치도 제주시 조천읍 신북로 138
섭지방파제,126.9280541,33.43483533,제주특별자치도 서귀포시 성산읍 고성리
경성수산,126.2647357,33.40999102,제주특별자치도 제주시 한림읍 한림상로 111
제주기와,126.4254218,33.4511316,제주특별자치도 제주시 애월읍 광령남4길 45-1
시루애월,126.3918247,33.4427272,제주특별자치도 제주시 애월읍 하소로 449
불닭공장 제주본점,126.5131618,33.50242562,제주특별자치도 제주시 남성로 26
루스트플레이스 칠성로점,126.52531,33.51498323,제주특별자치도 제주시 중앙로7길 3
봄날제주,126.9194048,33.43858523,제주특별자치도 서귀포시 성산읍 섭지코지로26번길 6
참다랑어막주는집 제주삼화점,126.588911,33.51629974,제주특별자치도 제주시 삼봉로 57
예술공간 이아,126.5217292,33.51084739,제주특별자치도 제주시 중앙로14길 21
바타타식탁,126.8359133,33.32711312,제주특별자치도 서귀포시 표선면 표선동서로264번길 22
중문그때그집,126.3900898,33.26423147,제주특별자치도 서귀포시 상예로 181-28
엘리네잡화점,126.7803319,33.30836086,제주특별자치도 서귀포시 표선면 토산중앙로 10-1
포레스타,126.580758,33.24816187,제주특별자치도 서귀포시 칠십리로 264
메콩스카이,126.502027,33.49011972,제주특별자치도 제주시 연오로 35
커피빈 제주애월DT점,126.3635817,33.47806026,제주특별자치도 제주시 애월읍 애월해안로 560
제주고기국수만세국수,126.5188172,33.49404848,제주특별자치도 제주시 오라로 152
제주퍼블랙,126.4242192,33.49410213,제주특별자치도 제주시 연대마을길 55
금호정육점,126.5318306,33.51455725,제주특별자치도 제주시 만덕로 24
흰수염고래리조트,126.3806343,33.47502806,제주특별자치도 제주시 애월읍 일주서로 6818
간장을품은소라게,126.4025236,33.48342651,제주특별자치도 제주시 애월읍 하귀미수포길 4
기억나는집,126.5621881,33.24507923,제주특별자치도 서귀포시 중앙로 6
수복강녕,126.499364,33.488414,제주특별자치도 제주시 선덕로3길 40
아라연,126.6736496,33.43218002,제주특별자치도 제주시 조천읍 남조로 1842
제주애퐁당 본점,126.526254,33.51556206,제주특별자치도 제주시 중앙로3길 16
흑돼지제주정,126.8438523,33.32484674,제주특별자치도 서귀포시 표선면 민속해안로 577
성산포성당,126.9139262,33.45431918,제주특별자치도 서귀포시 성산읍 고성오조로 120
금능낙원,126.2261964,33.38742433,제주특별자치도 제주시 한림읍 금능길 27
우유부단,126.3280829,33.34760089,제주특별자치도 제주시 한림읍 금악동길 38
오또도넛,126.4273253,33.2559279,제주특별자치도 서귀포시 중문상로 87
몰츠,126.406118,33.42414248,제주특별자치도 제주시 애월읍 유수암평화5길 26
제주신화월드 스카이온파이브다이닝,126.3176861,33.30739397,제주특별자치도 서귀포시 안덕면 신화역사로304번길 38
알동네집,126.2674822,33.31653531,제주특별자치도 제주시 한경면 연명로 543
산방굴선원,126.3087938,33.23429627,제주특별자치도 서귀포시 안덕면 사계남로 236-1
노바운더리 제주,126.783196,33.40186419,제주특별자치도 서귀포시 표선면 번영로 2610
신화워터파크 실내워터파크동,126.3160491,33.30622821,제주특별자치도 서귀포시 안덕면 신화역사로304번길 38
역전할머니맥주 제주동홍점,126.5731953,33.25674402,제주특별자치도 서귀포시 동홍남로 46
제주달리펜션,126.800103,33.55497976,제주특별자치도 제주시 구좌읍 행원로1길 32-1
초밥공장,126.7915416,33.55248806,제주특별자치도 제주시 구좌읍 월정3길 7
애월리에,126.3781367,33.47374973,제주특별자치도 제주시 애월읍 엄수로 8-11
테라도스,126.3423965,33.45274583,제주특별자치도 제주시 애월읍 애상로 207-2
홍스랜드,126.3472732,33.40287751,제주특별자치도 제주시 애월읍 어음13길 25-45
BHC치킨 제주무수천점,126.452163,33.46275581,제주특별자치도 제주시 노형로 44
풍로,126.333081,33.3100264,제주특별자치도 서귀포시 안덕면 신화역사로 423
제주코기네,126.6391504,33.54362533,제주특별자치도 제주시 조천읍 조함해안로 76-34
애월전분공장카페,126.3703123,33.4783588,제주특별자치도 제주시 애월읍 중엄3길 60
인터포레스트,126.7723633,33.45723982,제주특별자치도 제주시 구좌읍 비자림로 1655
제주N스테이,126.8306796,33.5425076,제주특별자치도 제주시 구좌읍 해맞이해안로 1000
면주막,126.657087,33.47085206,제주특별자치도 제주시 조천읍 번영로 1143
제주왕감귤체험농장,126.7072173,33.28379217,제주특별자치도 서귀포시 남원읍 남위남성로 10-14
코이노니아펜션,126.2312803,33.38860275,제주특별자치도 제주시 한림읍 금능6길 19
골든비치펜션,126.4911775,33.51862719,제주특별자치도 제주시 서해안로 486-3
위즈피자,126.4892641,33.51854358,제주특별자치도 제주시 서해안로 468-2
제주도자전거대여 보물섬하이킹,126.5103254,33.5057936,제주특별자치도 제주시 용문로14길 14
스테이더몽,126.2985118,33.23184041,제주특별자치도 서귀포시 안덕면 산방로 358
바랑쉬게스트하우스,126.903655,33.40102621,제주특별자치도 서귀포시 성산읍 환해장성로 496
제주김밥이야기,126.2981019,33.23143688,제주특별자치도 서귀포시 안덕면 산방로 363
로당 연동점,126.4913984,33.48674427,제주특별자치도 제주시 신대로16길 47
서유기마라탕&훠궈,126.3163542,33.30497395,제주특별자치도 서귀포시 안덕면 신화역사로304번길 38
소노라,126.3165584,33.30507966,제주특별자치도 서귀포시 안덕면 신화역사로304번길 38
월정플레이스,126.793938,33.55548897,제주특별자치도 제주시 구좌읍 월정1길 54-34
르바게트,126.7912869,33.55451081,제주특별자치도 제주시 구좌읍 월정1길 30
커피순,126.4972622,33.49163679,제주특별자치도 제주시 귀아랑길 22
오래된구름,126.6995588,33.51187512,제주특별자치도 제주시 조천읍 북선로 372
신제주연동트리플시티오피스텔,126.4929278,33.48131573,제주특별자치도 제주시 연북로 106
엉내공원,126.4900144,33.48202505,제주특별자치도 제주시 연동 1373-5
사랑담은해물,126.4937157,33.49235084,제주특별자치도 제주시 신대로6길 29
쨍하고회뜰날,126.4875798,33.4839913,제주특별자치도 제주시 신광로10길 18
제주감귤치킨 사계본점,126.3097494,33.23379216,제주특별자치도 서귀포시 안덕면 사계남로216번길 31
제주팜카페,126.3103565,33.23381446,제주특별자치도 서귀포시 안덕면 사계남로216번길 29
써브웨이 제주공항점,126.4979035,33.49835445,제주특별자치도 제주시 월성로4길 80
연동주유소,126.4978161,33.48143662,제주특별자치도 제주시 연북로 154
갈치요리전문점 만족한상회,126.4267252,33.25350518,제주특별자치도 서귀포시 중문상로 58-5
가치,126.5157784,33.51645019,제주특별자치도 제주시 동한두기길 17
제주신화월드 S BAR,126.316352,33.30497935,제주특별자치도 서귀포시 안덕면 신화역사로304번길 38
베카신,126.7102123,33.4649523,제주특별자치도 제주시 조천읍 우진오름길 144
올티스,126.7174465,33.46298186,제주특별자치도 제주시 조천읍 거문오름길 23-58
한라산국립공원 어승생악탐방로,126.4940197,33.39518859,제주특별자치도 제주시 해안동 산 220-12
머문,126.7957813,33.55556415,제주특별자치도 제주시 구좌읍 해맞이해안로 460
리치망고 도두해안로점,126.4687379,33.50581699,제주특별자치도 제주시 서해안로 191
장수물,126.4021741,33.45536015,제주특별자치도 제주시 애월읍 상귀리 1104-3
GS25 제주신화월드점,126.3165989,33.30498972,제주특별자치도 서귀포시 안덕면 신화역사로304번길 38
오션트래블러,126.5130175,33.25835592,제주특별자치도 서귀포시 신북로 12
서귀포항여객선터미널,126.5648814,33.23879079,제주특별자치도 서귀포시 칠십리로72번길 14
소소식당,126.4329619,33.24322822,제주특별자치도 서귀포시 대포로 69-12
문섬,126.5660521,33.2266057,제주특별자치도 서귀포시 서귀동 산 4
샨티,126.4242752,33.25367418,제주특별자치도 서귀포시 중문로 22-1
장인더,126.3472732,33.40287751,제주 제주시 구좌읍 구좌해안로 140
숲섬이라면,126.5961757,33.23720756,제주특별자치도 서귀포시 보목로64번길 80
땡큐제주렌트카,126.5034013,33.51553566,제주특별자치도 제주시 서해안로 620-13
우도꽃길,126.9507548,33.52263502,제주특별자치도 제주시 우도면 우도해안길 576
엘리스테이,126.4682051,33.4817134,제주특별자치도 제주시 광평안길 40-1
그마니네,126.4191361,33.48923238,제주특별자치도 제주시 애월읍 일주서로 7219
제주시농협 하나로마트 노형점,126.4673729,33.48760173,제주특별자치도 제주시 월광로 77
봉순이네흑돼지,126.2795685,33.27776482,제주특별자치도 서귀포시 대정읍 영어도시로 64
만지식당,126.3390672,33.46329292,제주특별자치도 제주시 애월읍 고내로 13-1
정대,126.5296624,33.4983276,제주특별자치도 제주시 서광로32길 29-1
멜톤,126.255092,33.40504688,제주특별자치도 제주시 한림읍 한림로 528
또오크라,126.3905365,33.47007513,제주특별자치도 제주시 애월읍 수산북길 31
호커센터,126.3202895,33.4669546,제주특별자치도 제주시 애월읍 애월로11길 25-2
카페숨도,126.5368267,33.25048821,제주특별자치도 서귀포시 일주동로 8941
탑부평 흑돼지거리본점,126.5269906,33.51549816,제주특별자치도 제주시 관덕로15길 26
체면,126.2843663,33.24831347,제주특별자치도 서귀포시 대정읍 단산로 95
로피하우스,126.5258838,33.51615479,제주특별자치도 제주시 중앙로1길 12
스타벅스 제주일도DT점,126.5408154,33.5072916,제주특별자치도 제주시 동광로 130
파인힐호텔,126.5643517,33.24132342,제주특별자치도 서귀포시 부두로 44
마메르,126.8884307,33.51433861,제주특별자치도 제주시 구좌읍 하도9길 33
우도고고씽,126.9516736,33.49253897,제주특별자치도 제주시 우도면 우도해안길 67
저팔계깡통숯불구이,126.6659697,33.5420394,제주특별자치도 제주시 조천읍 신북로 523
우도해적식당,126.9567092,33.51485012,제주특별자치도 제주시 우도면 우도해안길 794-4
보고타렌터카,126.4866863,33.49392856,제주특별자치도 제주시 일주서로 7863
빛나는 산호섬,126.941812,33.50402415,제주 제주시 우도면 우도해안길 276 1층
대비공원,126.748169,33.43178599,제주특별자치도 제주시 구좌읍 송당리
유쥬얼커피,126.5294749,33.49319863,제주특별자치도 제주시 도남로13길 11
다나한한복앤러블리베베,126.5302916,33.49280683,제주특별자치도 제주시 연삼로 355
중섭의집,126.5647246,33.24727098,제주특별자치도 서귀포시 명동로 26-1
몬스테라 자구리점,126.5671233,33.24433553,제주특별자치도 서귀포시 소암로12번길 7
파밀리아호텔,126.438011,33.24094478,제주특별자치도 서귀포시 대포동서로 63-20
제주해조네보말성게전문점,126.3668469,33.2357738,제주특별자치도 서귀포시 안덕면 대평감산로 12
코코넛서프 서핑스쿨,126.421659,33.24388846,제주특별자치도 서귀포시 중문관광로 205
유생식당,126.5374545,33.49411584,제주특별자치도 제주시 남광북5길 25
속골할망라면,126.525123,33.2408823,제주특별자치도 서귀포시 서호동 88
소곤닥하우스,126.6633266,33.54284728,제주특별자치도 제주시 조천읍 신북로 497
가는길에공방,126.527675,33.51235963,제주특별자치도 제주시 동문로4길 14
오가네 전복설렁탕 함덕점,126.6657312,33.5424616,제주특별자치도 제주시 조천읍 조함해안로 496
제주관덕정분식,126.5243201,33.51257038,제주특별자치도 제주시 관덕로8길 7-9
스시우도포차,126.957752,33.51314645,제주특별자치도 제주시 우도면 우도해안길 816
우리들의별포차,126.6657398,33.54246343,제주특별자치도 제주시 조천읍 조함해안로 496
청춘이오란다 서귀포점,126.5629059,33.24961515,제주특별자치도 서귀포시 중정로61번길 20
헤르멘하우스,126.2865129,33.25696055,제주특별자치도 서귀포시 대정읍 평화로 85
몽땅 신화월드점,126.2582427,33.3056216,제주특별자치도 제주시 한경면 연명로 385
귤메달 하우스,126.6331038,33.30823877,제주특별자치도 서귀포시 남원읍 신례천로 330
쇠소깍모꼬지,126.6207004,33.26234474,제주특별자치도 서귀포시 일주동로 8104
아일랜드 프로젝트 성산,126.9346454,33.46154111,제주특별자치도 서귀포시 성산읍 일출로 270-8
법환맛씸,126.5117204,33.23725094,제주특별자치도 서귀포시 이어도로 907
한촌설렁탕 제주삼화점,126.5755171,33.52154151,제주특별자치도 제주시 일주동로 285
차귀도,126.1476252,33.31155496,제주특별자치도 제주시 한경면 고산리 125
무아르카페,126.283959,33.34890867,제주특별자치도 제주시 한림읍 용금로 1068
돌담흑돼지 연동,126.490839,33.48673295,제주특별자치도 제주시 연동7길 35
스테리나잇제주펜션,126.3122701,33.46217615,제주특별자치도 제주시 애월읍 애월로 37
본보이즈,126.311953,33.46091849,제주특별자치도 제주시 애월읍 애월로 24
메르시하도,126.8881316,33.51584581,제주특별자치도 제주시 구좌읍 하도7길 44
제주 애월회관 애월곽지점,126.312695,33.46189631,제주특별자치도 제주시 애월읍 애월로 38
해녀김밥 함덕 본점,126.6651601,33.54258538,제주특별자치도 제주시 조천읍 조함해안로 490
흑돈사,126.665312,33.54171666,제주특별자치도 제주시 조천읍 신북로 520
구좌상회작업실,126.6988724,33.48568829,제주특별자치도 제주시 조천읍 선교로 198-5
작가의산책길 종합안내소,126.5633761,33.24526283,제주특별자치도 서귀포시 중앙로4번길 13
쇠소깍복순이네식당,126.6210836,33.25088887,제주특별자치도 서귀포시 쇠소깍로 156
산방산삼춘네,126.2981711,33.24896917,제주특별자치도 서귀포시 안덕면 사계북로41번길 178-3
다다익고 신서귀점,126.5077494,33.25469982,제주특별자치도 서귀포시 신중로 26-8
쇠소깍수상레저 전통테우,126.6223245,33.25402582,제주특별자치도 서귀포시 쇠소깍로 104
오가네전복설렁탕 서귀포본점,126.5895128,33.26818924,제주특별자치도 서귀포시 중산간동로 7738
GS25 곽지해변점,126.3041951,33.44857397,제주특별자치도 제주시 애월읍 곽지1길 28
정석주유소,126.2748873,33.4214847,제주특별자치도 제주시 한림읍 한수풀로 121
이정현돼지갈비강정 곽지본점,126.3050907,33.44927411,제주특별자치도 제주시 애월읍 곽지3길 26
서광춘희,126.3317264,33.28347664,제주특별자치도 서귀포시 안덕면 화순서동로 369
레몬하우스,126.2854586,33.43928206,제주특별자치도 제주시 한림읍 귀덕6길 24
제주도립미술관,126.4896447,33.45258465,제주특별자치도 제주시 1100로 2894-78
손지오름,126.8194166,33.45528596,제주특별자치도 제주시 구좌읍 종달리 산 52
갤러리호텔비앤비,126.4907433,33.49057875,제주특별자치도 제주시 삼무로3길 48
느영나영혼듸모영 대정본점,126.2517984,33.21822795,제주특별자치도 서귀포시 대정읍 하모항구로6번길 24
월령15,126.2176405,33.37626312,제주특별자치도 제주시 한림읍 한림로 15
왕서방,126.3736815,33.47394368,제주특별자치도 제주시 애월읍 중엄3길 2-1
맨도롱국수집,126.5595377,33.24851049,제주특별자치도 서귀포시 서문로29번길 21
모슬봉숲길,126.2594686,33.23623037,제주특별자치도 서귀포시 대정읍 상모리
삼다도횟집 본점,126.499275,33.51901541,제주특별자치도 제주시 서해안로 572
어영마을,126.4926295,33.51918131,제주특별자치도 제주시 용담삼동
밀라네사,126.590496,33.50979188,제주특별자치도 제주시 매촌2길 78
아임파인,126.5821902,33.51989445,제주특별자치도 제주시 지석8길 13-20
하노이식당,126.522249,33.25400982,제주특별자치도 서귀포시 서호중로 84
더그랜드섬오름 본관,126.5104294,33.2330614,제주특별자치도 서귀포시 막숙포로 114
감귤박물관 감귤체험학습장,126.6083674,33.2718169,제주특별자치도 서귀포시 효돈순환로 441-2
제주칼국수 장수상회,126.8030968,33.3845863,제주특별자치도 서귀포시 표선면 성읍정의현로22번길 20-1
다이소 서귀포표선점,126.8294438,33.32687269,제주특별자치도 서귀포시 표선면 표선중앙로58번길 22
어울림감귤체험농장,126.8673397,33.43601144,제주특별자치도 서귀포시 성산읍 서성일로 809
다린,126.5138488,33.23652895,제주특별자치도 서귀포시 법환로 11
아트살롱 제주,126.2796849,33.26305484,제주특별자치도 서귀포시 대정읍 추사로38번길 150
핸드메이드라이프,126.2616175,33.22411284,제주특별자치도 서귀포시 대정읍 상모로 256
제주해조대,126.2405306,33.39393399,제주특별자치도 제주시 한림읍 한림로 339
칠돈가 서광직영점,126.3035227,33.28636925,제주특별자치도 서귀포시 안덕면 서광사수동로20번길 27
고객식당,126.5258488,33.51170711,제주특별자치도 제주시 오현길 78-6
제주도담,126.2544135,33.38001287,제주특별자치도 제주시 한림읍 협재로 181-104
뱃도새기 흑돼지 제주서귀포점,126.5798779,33.25538277,제주특별자치도 서귀포시 일주동로 8503
애월7일,126.3312253,33.43810019,제주특별자치도 제주시 애월읍 납읍로4길 7
유수암돌집,126.4044762,33.44271648,제주특별자치도 제주시 애월읍 유수암동5길 6-1
애월바당국수,126.3182256,33.46649248,제주특별자치도 제주시 애월읍 애월해안로 34
신동아문구 제주본점,126.5149957,33.49158846,제주특별자치도 제주시 사평8길 9
KFC 제주서귀포DI점,126.5621406,33.25373021,제주특별자치도 서귀포시 일주동로 8668
예술공간 오이,126.488188,33.48157034,제주특별자치도 제주시 연북로 66
제주성지,126.525501,33.51015955,제주특별자치도 제주시 오현길 61
무진장회식당 오라동점,126.5138248,33.49933396,제주특별자치도 제주시 서광로2길 5-12
보성시장,126.5277238,33.50337005,제주특별자치도 제주시 동광로1길 32
일품순두부 연동점,126.4853198,33.48917511,제주특별자치도 제주시 도령로 64
이돈갓 시청본점,126.5297377,33.49793119,제주특별자치도 제주시 광양14길 9
소완도식당,126.5331233,33.51715691,제주특별자치도 제주시 임항로 80
간세게스트하우스,126.5262054,33.49998779,제주특별자치도 제주시 서광로 278
주정공장 옛터,126.5350619,33.51834348,제주특별자치도 제주시 건입동 940-4
오션클라우드,126.423276,33.24945176,제주특별자치도 서귀포시 천제연로178번길 26
CASA블루,126.2782899,33.42294348,제주특별자치도 제주시 한림읍 일주서로 5556
동도원,126.4417404,33.23963438,제주특별자치도 서귀포시 이어도로 189
한림수협마트,126.2601374,33.41473308,제주특별자치도 제주시 한림읍 한림해안로 127
하늬달,126.2822939,33.44227328,제주특별자치도 제주시 한림읍 한림해안로 662
제주안전체험관,126.3734055,33.39412338,제주특별자치도 제주시 애월읍 평화로 1885
피그농원,126.273021,33.41733369,제주특별자치도 제주시 한림읍 한수풀로2길 31
황금손가락 한림점,126.2639375,33.42585511,제주특별자치도 제주시 한림읍 한림해안로 275
구움몽,126.2419529,33.3952536,제주특별자치도 제주시 한림읍 한림로 359
연우네,126.487621,33.46675841,제주특별자치도 제주시 은수길 110
대림리새마을회관,126.2812472,33.42235478,제주특별자치도 제주시 한림읍 한수풀로 180
모던하우스 제주아라점,126.5346647,33.48436728,제주특별자치도 제주시 연북로 511
부지깽이,126.5315944,33.49926356,제주특별자치도 제주시 광양13길 11-2
KFC 서귀포중문DT점,126.4135564,33.25055227,제주특별자치도 서귀포시 중문관광로 90
본에스티스 파르나스 호텔 제주점,126.4059808,33.24478471,제주특별자치도 서귀포시 중문관광로72번길 100
세계술박물관,126.8176074,33.35397317,제주특별자치도 서귀포시 표선면 한마음초등로 431
위드스테이호텔,126.4837648,33.48575702,제주특별자치도 제주시 노연로 34
돌담땅콩국수,126.313012,33.46357862,제주특별자치도 제주시 애월읍 애월로 53-1
다이노스 어라이브 제주,126.2998654,33.30422938,제주특별자치도 서귀포시 안덕면 녹차분재로 218
미도식당,126.3094135,33.23243877,제주특별자치도 서귀포시 안덕면 사계남로216번길 11
성산포흑돈애,126.9152678,33.46829505,제주특별자치도 서귀포시 성산읍 한도로 67
성산 장인의집,126.9015305,33.47182642,제주특별자치도 서귀포시 성산읍 일주동로 3968
칠돈가 성산직영점,126.9169462,33.46811947,제주특별자치도 서귀포시 성산읍 한도로 80
소랑드르,126.6774311,33.43665468,제주특별자치도 제주시 조천읍 비자림로 666
달그리안,126.9679139,33.4977483,제주특별자치도 제주시 우도면 우도해안길 1128
중문오프로드체험장,126.396829,33.27558145,제주특별자치도 서귀포시 상예로 349
백부장집,126.2658275,33.40901836,제주특별자치도 제주시 한림읍 한림중앙로 64
제주바다펜션,126.9090019,33.49362215,제주특별자치도 제주시 구좌읍 해맞이해안로 2324
틈새식당,126.4270149,33.25219736,제주특별자치도 서귀포시 천제연로207번길 6
호미가,126.3356639,33.30727501,제주특별자치도 서귀포시 안덕면 동광본동로33번길 13
멍우주,126.3672355,33.2326147,제주특별자치도 서귀포시 안덕면 난드르로 49-75
기억해제주,126.319438,33.28989165,제주특별자치도 서귀포시 안덕면 중산간서로 1907
댄싱포크,126.2951387,33.23211707,제주특별자치도 서귀포시 안덕면 산방로388번길 6
우림호텔,126.3934367,33.48428486,제주특별자치도 제주시 애월읍 애월해안로 917
무용담,126.513273,33.51561992,제주특별자치도 제주시 흥운길 91
화산2020,126.5138187,33.5158078,제주특별자치도 제주시 흥운길 85
에디토리얼제주,126.5897582,33.29145924,제주특별자치도 서귀포시 배낭골로21번길 33
CU 서귀포올레중앙점,126.5628596,33.24986023,제주특별자치도 서귀포시 중정로61번길 22
올레강민,126.5628198,33.24835978,제주특별자치도 서귀포시 중정로61번길 5
맛존디 본점,126.5268499,33.24498228,제주특별자치도 서귀포시 태평로 36
개오름,126.771856,33.42256836,제주특별자치도 서귀포시 표선면 성읍리 2974
흑본오겹 제주공항점,126.4845434,33.51268895,제주특별자치도 제주시 서해안로 382
팔도식당갈치조림 섭지코지점,126.9199123,33.43751804,제주특별자치도 서귀포시 성산읍 섭지코지로26번길 15
로즈마리펜션,126.3672484,33.23483996,제주특별자치도 서귀포시 안덕면 난드르로 8
오만정성 본점,126.250355,33.38910441,제주특별자치도 제주시 한림읍 일주서로 5083
힐링스테이,126.8281482,33.52678025,제주특별자치도 제주시 구좌읍 한동로5길 106
애월환해장성,126.3129313,33.46835297,제주특별자치도 제주시 애월읍 애월로3길 60
정글게스트하우스,126.3079977,33.45295171,제주특별자치도 제주시 애월읍 곽지11길 7
아망딘테이블,126.3199654,33.46438331,제주특별자치도 제주시 애월읍 애월로 120
흰백,126.2560754,33.40594896,제주특별자치도 제주시 한림읍 한림로 541
협재해물라면 쪼꼴락상회,126.2415169,33.39373086,제주특별자치도 제주시 한림읍 협재4길 9
바다는김녕,126.7549399,33.55814795,제주특별자치도 제주시 구좌읍 김녕로21길 25
한림수협,126.2615061,33.41611525,제주특별자치도 제주시 한림읍 한림해안로 141-4
세화마구간,126.865259,33.52488684,제주특별자치도 제주시 구좌읍 면수길 49
살찐고등어,126.8847162,33.52652485,제주특별자치도 제주시 구좌읍 해맞이해안로 1708
다코네,126.836775,33.52918296,제주특별자치도 제주시 구좌읍 평대4길 20-1
면수동흑돼지,126.8646389,33.5249096,제주특별자치도 제주시 구좌읍 면수길 49-4
삼다초콜릿체험장,126.8197036,33.3119349,제주특별자치도 서귀포시 표선면 표선동서로 31
한담풍경하우스,126.3113463,33.45929046,제주특별자치도 제주시 애월읍 애월로 6
원쭈꾸미,126.7145147,33.27695674,제주특별자치도 서귀포시 남원읍 남원회관로 14
김정문알로에 알로에숲,126.8058718,33.38457805,제주특별자치도 서귀포시 성산읍 성읍정의현로32번길 43
제주담한식뷔폐,126.7679745,33.45124591,제주특별자치도 제주시 구좌읍 비자림로 1575
제니빌펜션,126.7124713,33.27648679,제주특별자치도 서귀포시 남원읍 태위로 604-15
하귀청마루,126.4085916,33.4771445,제주특별자치도 제주시 애월읍 항몽로 81
더애월 본점,126.3486512,33.45614718,제주특별자치도 제주시 애월읍 하가로 159
라온골프클럽,126.2796233,33.34055282,제주특별자치도 제주시 한경면 용금로 998
블로비노형,126.4807897,33.46682015,제주특별자치도 제주시 수목원서길 73
더시에나컨트리클럽 제주,126.582092,33.43009129,제주특별자치도 제주시 516로 2695
동수식당,126.229845,33.23894014,제주특별자치도 서귀포시 대정읍 일과대수로27번길 16-2
이가도담해장국,126.4133287,33.48223124,제주특별자치도 제주시 애월읍 하귀동남4길 9-6
UTS골프빌리지,126.4346647,33.43062672,제주특별자치도 제주시 애월읍 광령평화2길 170-2
기쁨이네해물탕&돌솥밥,126.6662928,33.54201142,제주특별자치도 제주시 조천읍 신북로 527-1
광명샤인빌아파트,126.6776731,33.53801686,제주특별자치도 제주시 조천읍 함덕30길 27
파리바게뜨 함덕해수욕장점,126.6674661,33.54153673,제주특별자치도 제주시 조천읍 함덕13길 1
제주맛집칼국수,126.6792735,33.43687223,제주특별자치도 제주시 조천읍 비자림로 685
괴기,126.6726862,33.53970238,제주특별자치도 제주시 조천읍 신북로 592
다인리조트,126.3511438,33.47154132,제주특별자치도 제주시 애월읍 애월해안로 400-9
다인오세아노호텔 루프탑ARA,126.3504653,33.47250427,제주특별자치도 제주시 애월읍 애월해안로 394
다인리조트 라이브가든,126.3512725,33.47101908,제주특별자치도 제주시 애월읍 애월해안로 400-9
왈종미술관,126.934213,33.47292189,제주특별자치도 서귀포시 성산읍 성산등용로 112-7
옥돔마을,126.7495067,33.28756324,제주특별자치도 서귀포시 남원읍 남태해안로 509
모살개렌트하우스,126.290858,33.44286891,제주특별자치도 제주시 한림읍 일주서로 5849-3
임순이네,126.3042112,33.44897797,제주특별자치도 제주시 애월읍 곽지1길 26-7
귀덕1리항,126.2937448,33.4461374,제주특별자치도 제주시 한림읍 귀덕리 976-11
청춘당꽈배기 서부점,126.3412775,33.30999619,제주특별자치도 서귀포시 안덕면 신화역사로 502
전원일기 동광점,126.3404194,33.31115562,제주특별자치도 서귀포시 안덕면 한창로 602
CU 제주위미점,126.6687294,33.27493892,제주특별자치도 서귀포시 남원읍 태위로 200
위미농협 하나로마트,126.6616224,33.27522994,제주특별자치도 서귀포시 남원읍 태위로 133
마블링 남원점,126.6981609,33.27517616,제주특별자치도 서귀포시 남원읍 태위로 477
애월흑돼지 애월그때그집 본점,126.3242423,33.46632707,제주특별자치도 제주시 애월읍 애월해안로 97
카페바르941,126.9163208,33.43485772,제주특별자치도 서귀포시 성산읍 환해장성로 941
찰리호텔,126.5196087,33.50095053,제주특별자치도 제주시 서사로 128
자키커피,126.5254229,33.51205169,제주특별자치도 제주시 오현길 82
오현단,126.5254433,33.51028465,제주특별자치도 제주시 오현길 61
송이축산정육식당,126.4734185,33.49034135,제주특별자치도 제주시 달마루길 20-9
114화교반점,126.4736382,33.48141202,제주특별자치도 제주시 노형로 342-1
그레이1766,126.3942622,33.2680044,제주특별자치도 서귀포시 상예로 259
호텔더원,126.4913101,33.48271379,제주특별자치도 제주시 사장3길 33
마이피기팬트리,126.8881322,33.50869972,제주특별자치도 제주시 구좌읍 하도13길 6
하효항,126.6207428,33.2485463,제주특별자치도 서귀포시 신효동
신흥해수욕장,126.6487379,33.551783,제주특별자치도 제주시 조천읍 신흥리
배롱정원,126.2415211,33.3930006,제주특별자치도 제주시 한림읍 협재4길 19
중문레지나김밥,126.4277903,33.25143635,제주특별자치도 서귀포시 천제연로 218
명월팽나무군락,126.2661717,33.38879413,제주특별자치도 제주시 한림읍 명월리 2223
썬라이즈호텔 중문점,126.4305262,33.24754218,제주특별자치도 서귀포시 중문관광로 310
식물집카페,126.5229381,33.25596359,제주특별자치도 서귀포시 서호로 21-3
회나루,126.2511876,33.40305431,제주특별자치도 제주시 한림읍 옹포1길 14
돈꿀꺽 애월본점,126.3958884,33.41314229,제주특별자치도 제주시 애월읍 평화로 2187
제주추사관,126.2782213,33.24997299,제주특별자치도 서귀포시 대정읍 추사로 44
대정오일시장,126.2483554,33.22045762,제주특별자치도 서귀포시 대정읍 신영로36번길 65
에이바우트커피 아이파크점,126.4780842,33.48423658,제주특별자치도 제주시 노형8길 9
제주시청,126.5311711,33.49953424,제주특별자치도 제주시 광양9길 10
"용연구름다리, 용두암",126.5143684,33.5148865,제주특별자치도 제주시 용두암길 15
준클라시코,126.4807714,33.48972053,제주특별자치도 제주시 월랑로4길 40
도두해수파크,126.4713348,33.50847156,제주특별자치도 제주시 서해안로 236
미화식탁,126.5213036,33.50448051,제주특별자치도 제주시 전농로 75-1
비밀의화원스튜디오,126.6611343,33.52853212,제주특별자치도 제주시 조천읍 함덕리 2471
볼레낭펜션,126.9600959,33.51847569,제주특별자치도 제주시 우도면 우도해안길 744
제주스럽닭 서귀포올레점,126.5626084,33.24427285,제주특별자치도 서귀포시 태평로 396
제주더사계,126.3067653,33.22868684,제주특별자치도 서귀포시 안덕면 사계남로 155-1
11시11분,126.5592606,33.25710745,제주특별자치도 서귀포시 홍중동로 9
화순가옥,126.3373904,33.24491787,제주특별자치도 서귀포시 안덕면 화순로87번길 31-4
표선해수욕장 야영장,126.8400705,33.32558848,제주특별자치도 서귀포시 표선면 민속해안로 594
표선닭해장국,126.8313262,33.32874343,제주특별자치도 서귀포시 표선면 표선중앙로 49
제주게토게스트하우스파티,126.7132803,33.29958907,제주특별자치도 서귀포시 남원읍 서의로154번길 69
쇼넨 제주시청점,126.5289569,33.49943388,제주특별자치도 제주시 신성로13길 6
관심사,126.5245534,33.51123602,제주특별자치도 제주시 중앙로 77
질랜디아,126.4553494,33.5010706,제주특별자치도 제주시 서해안로 45
제주대학교 아라캠퍼스,126.5619017,33.4558976,제주특별자치도 제주시 제주대학로 102
라멘야누,126.5413248,33.49316372,제주특별자치도 제주시 구남동1길 46
동남막걸리,126.9145885,33.45013977,제주특별자치도 서귀포시 성산읍 고성오조로 71-1
썸의시작,126.3648857,33.47775771,제주특별자치도 제주시 애월읍 애월해안로 570-1
롯데호텔앤리조트제주 해온,126.4103467,33.24849492,제주특별자치도 서귀포시 중문관광로72번길 35
플라워 웨이브,126.4044141,33.25841333,제주특별자치도 서귀포시 일주서로 993
민경이네어등포해녀촌,126.8257732,33.55373468,제주특별자치도 제주시 구좌읍 해맞이해안로 830
짬뽕에취한날,126.4978244,33.49118828,제주특별자치도 제주시 귀아랑2길 4
라온프라이빗타운,126.2411177,33.37855827,제주특별자치도 제주시 한림읍 금능남로 127
기원은갈치 본점,126.4138325,33.25740139,제주특별자치도 서귀포시 색달중앙로 22
협재이길,126.2412369,33.39255708,제주특별자치도 제주시 한림읍 협재2길 14
더시즈닝 제주협재점,126.2399771,33.39281985,제주특별자치도 제주시 한림읍 한림로 328
니모메,126.4309214,33.49370123,제주특별자치도 제주시 일주서로 7335-8
제주만선갈치,126.3060426,33.44994031,제주특별자치도 제주시 애월읍 곽지9길 39
마트리모니오,126.5100918,33.46891391,제주특별자치도 제주시 아연로 195
JDC제주첨단리슈빌아파트,126.5740372,33.45754203,제주특별자치도 제주시 첨단로동길 24
골목카페옥수,126.3799774,33.43975098,제주특별자치도 제주시 애월읍 소길1길 19
핫쿵푸마라탕 연동점,126.4907284,33.48393756,제주특별자치도 제주시 연동8길 21
하도36,126.8894489,33.52614328,제주특별자치도 제주시 구좌읍 해맞이해안로 1766-14
산토,126.7845047,33.47129052,제주특별자치도 제주시 구좌읍 중산간동로 2266
카페책자국,126.9076776,33.49623943,제주특별자치도 제주시 구좌읍 종달로1길 117
다빈이네잡화점,126.7842455,33.47167776,제주특별자치도 제주시 구좌읍 중산간동로 2257
근자C가게,126.9010275,33.49602513,제주특별자치도 제주시 구좌읍 종달로1길 48-6
다품종소량생산,126.7852388,33.47111328,제주특별자치도 제주시 구좌읍 중산간동로 2272
돌담너머당근,126.8382696,33.53647975,제주특별자치도 제주시 구좌읍 대수길 22
평대앓이,126.8393421,33.52767884,제주특별자치도 제주시 구좌읍 비자림로 2718-3
064바당,126.8028156,33.38443078,제주특별자치도 서귀포시 표선면 성읍정의현로22번길 18
카페옜다,126.8408122,33.37894577,제주특별자치도 서귀포시 성산읍 중산간동로 4204-14
샤카서핑패들보드팀,126.8600135,33.52413089,제주특별자치도 제주시 구좌읍 세화7길 23-5
명리동식당 구좌직영점,126.8432954,33.52746031,제주특별자치도 제주시 구좌읍 일주동로 3010-17
더플래닛,126.4128497,33.25512647,제주특별자치도 서귀포시 색달동 2558
제주촘오메기,126.5184927,33.49668347,제주특별자치도 제주시 공설로 43
호텔샬롬제주,126.5325806,33.50199009,제주특별자치도 제주시 동광로 34
성산일출봉 청운식당,126.9348723,33.46304872,제주특별자치도 서귀포시 성산읍 일출로 285
어머니와장독대 서귀포점,126.5579451,33.25322578,제주특별자치도 서귀포시 중앙로101번길 27
한라산국립공원 관음사지구야영장,126.5497576,33.42161341,제주특별자치도 제주시 산록북로 588
한살림 이도매장,126.5410426,33.49117556,제주특별자치도 제주시 박성내서길 16-8
제주칠성로,126.5253755,33.51324522,제주특별자치도 제주시 일도1동
해성마트,126.4197343,33.25425175,제주특별자치도 서귀포시 천제연로 131-8
중문성당,126.4210916,33.25346105,제주특별자치도 서귀포시 천제연로 149
달사막,126.6724624,33.54194675,제주특별자치도 제주시 조천읍 함덕로 26
더리트리브,126.3385571,33.24799814,제주특별자치도 서귀포시 안덕면 화순로 67
서귀당,126.5675981,33.24662732,제주특별자치도 서귀포시 태평로 449
칠머리공원,126.5361933,33.51848242,제주시 칠머리길21 칠머리공원
인디언키친,126.330987,33.45037673,제주특별자치도 제주시 애월읍 애원로 191
해마호텔,126.4895562,33.48970113,제주특별자치도 제주시 삼무로 28
제주별빛누리공원,126.5491618,33.44453504,제주특별자치도 제주시 선돌목동길 60
아워홈 푸디움 제주국제공항점,126.4935418,33.50706769,제주특별자치도 제주시 공항로 2
064노트,126.2598974,33.41134168,제주특별자치도 제주시 한림읍 한림로 609
이솝 제주점,126.5233146,33.51770558,제주특별자치도 제주시 탑동로2길 3
토로,126.5672513,33.24580473,제주특별자치도 서귀포시 태평로442번길 2
파시랑,126.5646219,33.24502646,제주특별자치도 서귀포시 태평로 415
윗세오름,126.5210199,33.36073344,제주특별자치도 서귀포시 서호동 산 1-1
소길다방,126.3794357,33.43881061,제주특별자치도 제주시 애월읍 소길2길 45-3
메고지고떡창고 이도점,126.5467934,33.49356972,제주특별자치도 제주시 신설로9길 26-13
탐나마트,126.5473163,33.49398276,제주특별자치도 제주시 신설로11길 47
갱이네보말칼국수,126.5345143,33.4885456,제주특별자치도 제주시 구남로4길 18
스시성,126.484951,33.48166872,제주특별자치도 제주시 연북로 34
블루핀,126.6760937,33.53915055,제주특별자치도 제주시 조천읍 함덕24길 14-12
바농오름,126.6538027,33.45377197,제주특별자치도 제주시 조천읍 교래리 산 108
제주생활체육공원 테니스장,126.6362699,33.47326852,제주특별자치도 제주시 와흘전1길 32
카페B,126.4948127,33.48244862,제주특별자치도 제주시 신대로22길 4
만부정,126.4945295,33.48268188,제주특별자치도 제주시 사장길 38
일품순두부 한림점,126.2674483,33.41930243,제주특별자치도 제주시 한림읍 한림상로 237
섬오름 해물라면,126.6558612,33.54980508,제주특별자치도 제주시 조천읍 조함해안로 355-7
예래동 해안길,126.4304183,33.25093539,제주특별자치도 서귀포시 천제연로 242
환해장성,126.7637823,33.5648261,제주특별자치도 제주시 구좌읍 김녕리 476-1
밥보장터,126.6586635,33.50416278,제주특별자치도 제주시 조천읍 함대로 467-1
텐저린267,126.6048963,33.51340355,제주특별자치도 제주시 돌송이길 110-139
에이바우트스타디움,126.5642374,33.50499058,제주특별자치도 제주시 거로남4길 57-15
루트17,126.514873,33.51533499,제주특별자치도 제주시 동한두기길 3-16
온담국수 제주국제공항점,126.4936151,33.50704365,제주특별자치도 제주시 공항로 2
함덕빵명장,126.654412,33.5438289,제주특별자치도 제주시 조천읍 신북로 409
바보라면,126.8311895,33.54162112,제주특별자치도 제주시 구좌읍 해맞이해안로 1016
부온,126.5352736,33.489423,제주특별자치도 제주시 구남동2길 26
봉성식당,126.3126261,33.41868104,제주특별자치도 제주시 애월읍 봉성로 66
톰톰카레,126.8373002,33.53731606,제주특별자치도 제주시 구좌읍 해맞이해안로 1112
제주라일락,126.8357294,33.53903063,제주특별자치도 제주시 구좌읍 계룡길 26-9
세화리109,126.8618988,33.52114691,제주특별자치도 제주시 구좌읍 구좌로 109
농부네 농수산,126.5639754,33.249893,제주특별자치도 서귀포시 중정로73번길 20
이로리,126.8420511,33.53210376,제주특별자치도 제주시 구좌읍 평대5길 41
몸냥식탁,126.423218,33.25158654,제주특별자치도 서귀포시 천제연로 172-3
버거스테이,126.8554758,33.52563946,제주특별자치도 제주시 구좌읍 세화1길 20-18
산양곶자왈 입구,126.2508042,33.29076183,제주특별자치도 제주시 한경면 청수리 955-2
푸짐한식당,126.9193544,33.43949853,제주특별자치도 서귀포시 성산읍 섭지코지로25번길 5
제주룩스호텔,126.9162674,33.44904095,제주특별자치도 서귀포시 성산읍 동류암로 38
두리둠비,126.4146924,33.2567139,제주특별자치도 서귀포시 중문관광로 16
호텔앨리스&트렁크,126.4930152,33.48534351,제주특별자치도 제주시 연동12길 4
황금어장,126.5630781,33.24907117,제주특별자치도 서귀포시 중앙로48번길 14
제주동백을담다,126.539484,33.48394259,제주특별자치도 제주시 구산로 41
강실장회포차,126.5043033,33.25302894,제주특별자치도 서귀포시 대청로25번길 6-17
도갈비,126.4793013,33.47646997,제주특별자치도 제주시 한라대학로 85
금복촌,126.5152727,33.50059825,제주특별자치도 제주시 서광로7길 5
시골밥상,126.912784,33.45206435,제주특별자치도 서귀포시 성산읍 고성오조로97번길 11
중문골프연습장,126.406353,33.25100227,제주특별자치도 서귀포시 중문관광로72번길 60
모슬포중앙시장,126.2548699,33.22184562,제주특별자치도 서귀포시 대정읍 하모리 822-7
제주 어놀펜션,126.3322981,33.25417052,제주 서귀포시 안덕면 화순서서로64번길 46-6 어놀펜션
Atnoon호텔,126.4949986,33.48935197,제주특별자치도 제주시 은남1길 8
담이자카야,126.4874707,33.48261051,제주특별자치도 제주시 연동4길 36
이레저버기카,126.3754209,33.39020798,제주특별자치도 제주시 애월읍 산록서로 15
스타벅스 제주에듀시티점,126.2843055,33.29181398,제주특별자치도 서귀포시 대정읍 에듀시티로 36
애월더선셋,126.3088759,33.45612658,제주특별자치도 제주시 애월읍 일주서로 6111
또똣부뚜막,126.3230788,33.4658519,제주특별자치도 제주시 애월읍 애월해안로 86
제주탐라만두,126.2402666,33.39363215,제주특별자치도 제주시 한림읍 한림로 335
제주살레공장,126.6341736,33.49249762,제주특별자치도 제주시 조천읍 와흘로 128
수산주유소,126.8759622,33.43893437,제주특별자치도 서귀포시 성산읍 서성일로 898
여울목게스트하우스,126.7940315,33.55871323,제주특별자치도 제주시 구좌읍 월정중길 51
토끼문,126.7954834,33.55589545,제주특별자치도 제주시 구좌읍 해맞이해안로 456
배롱개,126.794471,33.55777991,제주특별자치도 제주시 구좌읍 해맞이해안로 434
금등이,126.1841528,33.35012508,제주특별자치도 제주시 한경면
해녀촌,126.7098809,33.5536616,제주특별자치도 제주시 구좌읍 동복로 33
해와달그리고섬,126.9654724,33.51072714,제주특별자치도 제주시 우도면 우도해안길 946
그륻,126.2801119,33.44187656,제주특별자치도 제주시 한림읍 귀덕5길 33
도도름한우와흑돈,126.4904989,33.48969058,제주특별자치도 제주시 삼무로 36
신창성당,126.1834563,33.34556567,제주특별자치도 제주시 한경면 두신로 28
나뚜루 제주일도점,126.5426073,33.50219161,제주특별자치도 제주시 고마로 140
치로리,126.54076,33.50596064,제주특별자치도 제주시 고마로 94
너도나도ATV,126.7172026,33.43472132,제주특별자치도 제주시 조천읍 비자림로 1053
작은언덕의선물,126.6106664,33.50162174,제주특별자치도 제주시 중산간동로 188-8
돌트멍으로 드는 보름,126.6310392,33.50625518,제주특별자치도 제주시 조천읍 와흘4길 59-1
어리목휴게소,126.4942523,33.39178057,제주특별자치도 제주시 1100로 2070-61
송림반점,126.5197359,33.51240844,제주특별자치도 제주시 관덕로 2-1
지은이네밥상,126.9121042,33.45203502,제주특별자치도 서귀포시 성산읍 고성오조로97번길 17
양가형제,126.2539803,33.3073524,제주특별자치도 제주시 한경면 청수동8길 3
엉알게스트하우스,126.1842532,33.30432121,제주특별자치도 제주시 한경면 고조로 24
제주어부횟집,126.1942571,33.29765695,제주특별자치도 제주시 한경면 칠전로 140
김창민씨네식당,126.4295619,33.48506858,제주특별자치도 제주시 우정로18길 12
오롬마르,126.3954953,33.44984068,제주특별자치도 제주시 애월읍 장유길 32-3
수풍석박물관,126.3898071,33.29993226,제주특별자치도 서귀포시 안덕면 산록남로762번길 79
다이소 제주시청점,126.529495,33.50061881,제주특별자치도 제주시 중앙로 213
어멍감자탕,126.7158248,33.27976562,제주특별자치도 서귀포시 남원읍 남원체육관로 286
키친요디 2호관,126.5331376,33.49706409,제주특별자치도 제주시 오복1길 23
삼양우숙이앤인생게장,126.5841098,33.52184654,제주특별자치도 제주시 설촌로2길 23
빨간집 아라점,126.5453505,33.47397817,제주특별자치도 제주시 중앙로 556
항파두리 항몽유적지 나홀로나무,126.4062603,33.44983319,제주특별자치도 제주시 애월읍 상귀리 963-1
모던뽀이,126.5289286,33.4995059,제주특별자치도 제주시 신성로13길 4
다이소 제주삼화점,126.5760435,33.51161317,제주특별자치도 제주시 연삼로 844
천미천,126.7545338,33.42736433,제주특별자치도 제주시 구좌읍 송당리
예향정 제주점,126.5446842,33.49112408,제주특별자치도 제주시 신설로11길 2-9
루스트플레이스 함덕해수욕장점,126.6689612,33.54248741,제주특별자치도 제주시 조천읍 조함해안로 526
제주아트센터,126.5155393,33.47513108,제주특별자치도 제주시 오남로 231
한라산영실,126.4783179,33.31925848,제주특별자치도 서귀포시 1100로 740-168
강셰프의키친,126.2442618,33.27633982,제주특별자치도 서귀포시 대정읍 대한로 558
무릉차경,126.2450769,33.27728245,제주특별자치도 서귀포시 대정읍 무릉인향로14번길 4
트레이닝 팜트리,126.2490347,33.22808216,제주특별자치도 서귀포시 대정읍 동일하모로149번길 30
무릉곶 자왈아름다운숲길,126.2514429,33.28058836,제주특별자치도 서귀포시 대정읍 무릉리 산 50
다노이게스트하우스,126.711713,33.5532223,제주특별자치도 제주시 구좌읍 동복로 51
수수민박,126.4056908,33.26163822,제주특별자치도 서귀포시 색달로81번길 61
산노루,126.2133045,33.33003815,제주특별자치도 제주시 한경면 낙원로 32
도두항,126.46655,33.50739799,제주특별자치도 제주시 도두항길 22-2
토종흑염소목장,126.6596808,33.31748574,제주특별자치도 서귀포시 남원읍 자배오름로 74-274
애슐리퀸즈 켄싱턴리조트 서귀포점,126.489324,33.23361039,제주특별자치도 서귀포시 이어도로 684
박물관은살아있다 제주중문점,126.408741,33.25492848,제주특별자치도 서귀포시 중문관광로 42
일통이반,126.5220803,33.51706971,제주특별자치도 제주시 중앙로2길 25
모루헌,126.52672,33.25892726,제주특별자치도 서귀포시 호근로86번길 7-2
운산식당,126.5219121,33.51594388,제주특별자치도 제주시 북성로 28
제이제이에프,126.3066414,33.399534,제주특별자치도 제주시 한림읍 월각로 222-2
코삿호다,126.1985044,33.3655636,제주특별자치도 제주시 한경면 판포리 2881-3
올레길 21코스,126.8982702,33.51281075,제주특별자치도 제주시 구좌읍 하도리
제주그림카페,126.3001141,33.30401349,제주특별자치도 서귀포시 안덕면 녹차분재로 218
제주리시온호텔,126.8335461,33.32713432,제주특별자치도 서귀포시 표선면 표선동서로 263
오가닉베이커리 포레스트,126.4088269,33.4297931,제주특별자치도 제주시 애월읍 유수암평화길 162
모던돔베,126.486047,33.45713187,제주특별자치도 제주시 1100로 3029
어반정글그레이밤부,126.7042959,33.55290277,제주특별자치도 제주시 조천읍 일주동로 1611
이큐스테이,126.2298782,33.38526178,제주특별자치도 제주시 한림읍 금능남1길 6-1
함덕닭해장국,126.6634982,33.52966646,제주특별자치도 제주시 조천읍 조천우회로 508
하귀농협 장례식장,126.4264854,33.4732111,제주특별자치도 제주시 애월읍 애조로 405
새물카페,126.3697039,33.47857931,제주특별자치도 제주시 애월읍 애월해안로 620
산방산코아루아이비타운,126.3020203,33.23827605,제주특별자치도 서귀포시 안덕면 사계북로 137
사계흑돼지 산방산본점,126.3024268,33.24815462,제주특별자치도 서귀포시 안덕면 사계로 201
정직한돈 협재직영점,126.2503517,33.3891116,제주특별자치도 제주시 한림읍 일주서로 5083
엔제리너스 제주공항국내선탑승점,126.4927432,33.50708066,제주특별자치도 제주시 용담이동 2002
협재해물라면오빠네 협재점,126.2509969,33.40198749,제주특별자치도 제주시 한림읍 한림로 475
제주아인,126.7492051,33.55528923,제주특별자치도 제주시 구좌읍 김녕로11길 9-1
숨비소리횟집,126.4760924,33.50910124,제주특별자치도 제주시 서해안로 283
하루버스,126.6772349,33.436784,제주특별자치도 제주시 조천읍 교래3길 1
이중섭거주지,126.5643275,33.24554838,제주특별자치도 서귀포시 이중섭로 29
행운숯불갈비,126.5650738,33.24413363,제주특별자치도 서귀포시 부두로 12
사랑식당,126.1829024,33.3471344,제주특별자치도 제주시 한경면 두신로 46
고집78,126.3577781,33.47461963,제주특별자치도 제주시 애월읍 부룡수길 50
카페기지,126.2645069,33.3384798,제주특별자치도 제주시 한경면 저지12길 73-1
카페을리,126.3650689,33.28401388,제주특별자치도 서귀포시 안덕면 병악로 90
유어스호텔,126.4238154,33.24982754,제주특별자치도 서귀포시 천제연로178번길 21
본디국수,126.5323296,33.49542375,제주특별자치도 제주시 중앙로 276
유니클로 제주이도점,126.5362751,33.49128403,제주특별자치도 제주시 구남로8길 1
고메밀면 제주본점,126.3091219,33.23555134,제주특별자치도 서귀포시 안덕면 산방로 248
에스엠볼링장,126.4781773,33.48450024,제주특별자치도 제주시 노형11길 6
성산갯마을,126.9155826,33.46757398,제주특별자치도 서귀포시 성산읍 한도로 66
파파빌레,126.6608498,33.46044258,제주특별자치도 제주시 조천읍 남조로 2185
제주샹그릴라호텔앤리조트,126.4538684,33.46441442,제주특별자치도 제주시 해안마을북길 14-6
캐릭파크,126.7005655,33.47955699,제주특별자치도 제주시 조천읍 선교로 264
제주사슴책방,126.658124,33.4957986,제주특별자치도 제주시 조천읍 중산간동로 698-71
쉼표펜션,126.4928907,33.51942761,제주특별자치도 제주시 서해안로 504
참좋은해물라면 애월점,126.3781398,33.48385653,제주특별자치도 제주시 애월읍 애월해안로 724
우도클라쓰,126.9439695,33.50830298,제주특별자치도 제주시 우도면 우도해안길 340
선미식당,126.9346962,33.46270241,제주특별자치도 서귀포시 성산읍 일출로 281
이쁜선물가게,126.9360957,33.46260486,제주특별자치도 서귀포시 성산읍 일출로 284-13
리치망고 우도검멀레점,126.9674877,33.49776262,제주특별자치도 제주시 우도면 우도해안길 1132
캘리소프트서브 성산일출봉점,126.9351781,33.46271528,제주특별자치도 서귀포시 성산읍 일출로 284-4
애월농협주유소,126.3220777,33.46111311,제주특별자치도 제주시 애월읍 일주서로 6252
대기정,126.4285646,33.24029224,제주특별자치도 서귀포시 이어도로 41
제주도 게스트하우스파티 간장남들,126.2953254,33.23599238,제주특별자치도 서귀포시 안덕면 사계북로41번길 30
생활맥주 제주연동점,126.4904922,33.48641958,제주특별자치도 제주시 연동7길 40
텐보이,126.2978658,33.23614649,제주특별자치도 서귀포시 안덕면 사계북로 95
한라경찰수련원,126.6199962,33.45642827,제주특별자치도 제주시 명림로 381
일구공 제주스테이지하우스,126.9107108,33.49033164,제주특별자치도 제주시 구좌읍 해맞이해안로 2361
북살롱이마고 제주아카이브센터,126.795251,33.32505024,제주특별자치도 서귀포시 표선면 세화강왓로 78
오태식해바라기치킨 성산점,126.934424,33.46411238,제주특별자치도 서귀포시 성산읍 성산중앙로 52
기풍호텔,126.7207244,33.27897247,제주특별자치도 서귀포시 남원읍 남원회관로 73
서울감자탕 서귀포2호점,126.7198016,33.27818778,제주특별자치도 서귀포시 남원읍 남태해안로 137
모이세해장국 조천점,126.7019033,33.45901987,제주특별자치도 제주시 조천읍 번영로 1595
커피스트릿16,126.5122879,33.51451972,제주특별자치도 제주시 용두암길 16
등대와올레길펜션,126.805188,33.30609234,제주특별자치도 서귀포시 표선면 가마행남로 50
식과함께,126.3301463,33.24748293,제주특별자치도 서귀포시 안덕면 화순로142번길 11-9
대유가든,126.6478906,33.27118496,제주특별자치도 서귀포시 남원읍 태위로2번길 3
코하쿠,126.4875547,33.46706468,제주특별자치도 제주시 은수길 108
타쿠마,126.9184924,33.43903093,제주특별자치도 서귀포시 성산읍 섭지코지로 15
제주 제주시 삼성로 65 국수마당 본점,126.5322532,33.5080638,제주특별자치도 제주시 일도이동
탐라가든,126.5202909,33.50780166,제주특별자치도 제주시 서사로 51
김녕빵집,126.7476172,33.55589909,제주특별자치도 제주시 구좌읍 김녕로1길 25
큰바리메,126.3880198,33.37713081,제주특별자치도 제주시 애월읍 어음리 산 21
뜨레솥밥,126.4240425,33.43591079,제주특별자치도 제주시 애월읍 평화로 2556
봄봄 제주김녕점,126.7526501,33.55599039,제주특별자치도 제주시 구좌읍 김녕로15길 11
미풍해장국 광령점,126.4424717,33.46115582,제주특별자치도 제주시 애월읍 광성로 331
전원일기 본점,126.524515,33.24616352,제주특별자치도 서귀포시 이어도로 1065
비마이아일,126.2481605,33.31036113,제주특별자치도 제주시 한경면 대한로 956-19
김준호의대단한갈비 제주한림점,126.2647357,33.40999102,제주특별자치도 제주시 한림읍 한림상로 111
더하얀하우스,126.3233587,33.28223404,제주특별자치도 서귀포시 안덕면 평화로 534-36
산양곶자왈,126.251964,33.29650301,제주특별자치도 제주시 한경면 청수리 6
제주호랭이 성산점,126.9347267,33.46208392,제주특별자치도 서귀포시 성산읍 일출로 274-1
오일장반점,126.2473068,33.21977237,제주특별자치도 서귀포시 대정읍 신영로36번길 37
성산포수협활어회센터,126.9294496,33.46976093,제주특별자치도 서귀포시 성산읍 성산등용로 91
문치비 아랑조을거리점,126.5601882,33.24674921,제주특별자치도 서귀포시 태평로353번길 12
벨라유나,126.6757562,33.54044615,제주특별자치도 제주시 조천읍 신북로 621
오달콤제주 함덕점,126.666301,33.54158048,제주특별자치도 제주시 조천읍 신북로 528
큰넓궤,126.323506,33.31989501,제주특별자치도 서귀포시 안덕면 동광리 산 90
제주공항그때그집,126.4827534,33.51036261,제주특별자치도 제주시 서해안로 352-1
용마갈치,126.6678986,33.54161904,제주특별자치도 제주시 조천읍 함덕13길 4
어박사 한림본점,126.2581145,33.40786172,제주특별자치도 제주시 한림읍 한림로 564
성안식당,126.3201793,33.46481544,제주특별자치도 제주시 애월읍 애월로11길 5
헤븐리,126.7140975,33.27683586,제주특별자치도 서귀포시 남원읍 남태해안로 75-5
제주1호돌짜장,126.437025,33.49517977,제주특별자치도 제주시 내도1길 23
위드비키,126.4407169,33.49587448,제주특별자치도 제주시 내도7길 33
김서프제주,126.414994,33.25075199,제주특별자치도 서귀포시 중문관광로 97
문어오빠제주게스트하우스,126.2442818,33.39590252,제주특별자치도 제주시 한림읍 한림로 372-15
하모체육공원,126.2524858,33.21862879,제주특별자치도 서귀포시 대정읍 하모리
투피쉬하우스,126.3135024,33.46358855,제주특별자치도 제주시 애월읍 애월로 57
옹포횟집,126.2497162,33.3998511,제주특별자치도 제주시 한림읍 옹포2길 10
담아래,126.487314,33.46938168,제주특별자치도 제주시 수목원길 23
한라서적타운,126.5388155,33.50530788,제주특별자치도 제주시 동광로16길 5
누하스 세컨드하우스,126.5228661,33.51706373,제주특별자치도 제주시 탑동로 17
진안식당,126.912418,33.45021399,제주특별자치도 서귀포시 성산읍 고성동서로 48
선우수산,126.6660143,33.54163921,제주특별자치도 제주시 조천읍 신북로 526
키작은삼촌,126.912569,33.44437796,제주특별자치도 서귀포시 성산읍 일주동로 4304
함덕하타요가,126.664448,33.54240674,제주특별자치도 제주시 조천읍 신북로 509
해안정육식당,126.450476,33.46162252,제주특별자치도 제주시 노형로 22
영주산성,126.798716,33.3930599,제주특별자치도 서귀포시 표선면 성읍정의현로122번길 1-8
송당승마장,126.7377726,33.43596746,제주특별자치도 제주시 구좌읍 번영로 2015
우도잠수함,126.9345078,33.47292655,제주특별자치도 서귀포시 성산읍 성산등용로 130-21
마농치킨 2호점,126.5628441,33.25039034,제주특별자치도 서귀포시 중앙로62번길 13
라이프,126.4810648,33.48383437,제주특별자치도 제주시 원노형2길 28
양지공원,126.5797883,33.44044474,제주특별자치도 제주시 516로 2810-31
철새 천연기념물 희귀새도래및철새서식지,126.8921165,33.50353707,제주특별자치도 제주시 구좌읍 하도리 975-3
올레길 1코스(시흥-광치기 올레),126.9063665,33.47866074,제주특별자치도 서귀포시 성산읍 시흥리
게으른소나기,126.8338522,33.53874322,제주특별자치도 제주시 구좌읍 계룡길 45-6
카페록키,126.5187913,33.24698453,제주특별자치도 서귀포시 일주동로 9117
오조미야,126.9128759,33.47203868,제주특별자치도 서귀포시 성산읍 해맞이해안로 2690
베지지,126.4265381,33.25355841,제주특별자치도 서귀포시 중문상로 62
꽃담수제버거,126.9360707,33.46297721,제주특별자치도 서귀포시 성산읍 일출로 284-7
산토샤,126.2928795,33.23049216,제주특별자치도 서귀포시 안덕면 산방로 415
렐레펑 테러블,126.7901517,33.55347314,제주 제주시 구좌읍 월정1길 17 2동 1층
아름드리펜션,126.7936462,33.55861161,제주특별자치도 제주시 구좌읍 월정중길 48
르페도라펜션,126.6292794,33.28960974,제주특별자치도 서귀포시 남원읍 신례중앙로 6
솥뚜껑흑돼지,126.6007502,33.29839427,제주특별자치도 서귀포시 516로 574-23
법환나들목,126.5137446,33.23790624,제주특별자치도 서귀포시 이어도로 928
블루베이,126.5276707,33.51235781,제주특별자치도 제주시 동문로4길 14
제주안에스위스(108동),126.6767744,33.49394592,제주특별자치도 제주시 조천읍 함와로 566-27
제주조천스위스마을,126.6767734,33.49390832,제주특별자치도 제주시 조천읍 함와로 566-27
일상,126.3970974,33.2533804,제주특별자치도 서귀포시 예래로 98
부영농장,126.3351894,33.42311904,제주특별자치도 제주시 애월읍 천덕로 388
쏭스핫도그 제주대점,126.5609116,33.46025694,제주특별자치도 제주시 제주대학로 103-1
카페신상,126.4492253,33.4972767,제주특별자치도 제주시 테우해안로 144
옛날밥상,126.3113049,33.4601792,제주특별자치도 제주시 애월읍 애월로 11
포도원흑돼지,126.4846758,33.46817974,제주특별자치도 제주시 1100로 3155
더빌라스오션,126.7706237,33.30096438,제주특별자치도 서귀포시 남원읍 태신해안로 271
달비치펜션,126.7972082,33.55507955,제주특별자치도 제주시 구좌읍 해맞이해안로 474
성산플로우,126.9317171,33.46050628,제주특별자치도 서귀포시 성산읍 일출로 242-1
신동아렌터카,126.4677749,33.49330692,제주특별자치도 제주시 억삼길 10
몽듀호텔,126.4845403,33.51267451,제주특별자치도 제주시 서해안로 382
별밭동네,126.3950483,33.45257844,제주특별자치도 제주시 애월읍 장전로 173
하루하나,126.3933129,33.45203171,제주특별자치도 제주시 애월읍 장전로 155
바인드,126.5253163,33.51383643,제주특별자치도 제주시 관덕로11길 7
브라보 젤라또,126.5295602,33.51522304,제주특별자치도 제주시 산지로 19
서울떡볶이,126.5278346,33.51229532,제주특별자치도 제주시 동문로4길 11
소담소담 게스트하우스,126.5132588,33.5145046,제주특별자치도 제주시 흥운길 63-4
신창해물라면와랑식탁,126.1759332,33.34321151,제주특별자치도 제주시 한경면 한경해안로 512-8
CU 제주 서해안로점 앞 바다,126.4886348,33.51821497,제주시 서해안로 456-4
고우니 제주를담다,126.3897357,33.48855373,제주특별자치도 제주시 애월읍 애월해안로 857
아구에반하다,126.4945027,33.48358336,제주특별자치도 제주시 신대로20길 17
제주연동리슈빌DS,126.4914714,33.48622615,제주특별자치도 제주시 노연로 103
수제홍과일모찌 연동본점,126.4942633,33.48442538,제주특별자치도 제주시 연동14길 14
그루브,126.240012,33.39373968,제주특별자치도 제주시 한림읍 한림로 333
제주시애월읍버거리,126.3042436,33.44841917,제주특별자치도 제주시 애월읍 곽지1길 26
쇠소깍제트보트,126.6213451,33.24997632,제주특별자치도 서귀포시 쇠소깍로 151-8
귤바테,126.6298059,33.28161658,제주특별자치도 서귀포시 남원읍 중산간동로7141번길 16
제주 스테이협재10길펜션,126.2468997,33.39869172,제주특별자치도 제주시 한림읍 협재10길 3
씽씽전기자전거,126.2402821,33.39358807,제주특별자치도 제주시 한림읍 한림로 335
봉봉감귤체험농장,126.6296641,33.28163058,제주특별자치도 서귀포시 남원읍 중산간동로7141번길 16
마노앤디또,126.3958242,33.42582473,제주특별자치도 제주시 애월읍 하소로 658
애월연어,126.3956856,33.42565906,제주특별자치도 제주시 애월읍 하소로 660
왕김밥,126.5235708,33.51260267,제주특별자치도 제주시 관덕로8길 7
우수수,126.1838526,33.28554371,제주특별자치도 서귀포시 대정읍 비자낭로 21
게으른날,126.2008253,33.26729738,제주특별자치도 서귀포시 대정읍 무릉중앙로21번길 30
하시야,126.320253,33.46515845,제주특별자치도 제주시 애월읍 애월로11길 7
시골친구,126.965204,33.49290776,제주특별자치도 서귀포시 표선면 가시로 419
제주하다,126.8378621,33.31639621,제주특별자치도 서귀포시 표선면 표선백사로60번길 74
더웨이팅,126.8288497,33.31762477,제주특별자치도 서귀포시 표선면 표선동서로 147
영주산,126.7962385,33.4045668,제주특별자치도 서귀포시 표선면 성읍리 산 18-1
동검은이오름,126.8036721,33.44894445,제주특별자치도 제주시 구좌읍 종달리 산 70
바다그림펜션,126.845426,33.32650049,제주특별자치도 서귀포시 표선면 표선당포로 27
라인호텔,126.5331972,33.50219979,제주특별자치도 제주시 동광로 40
갑도니 시청점,126.5292987,33.49792231,제주특별자치도 제주시 광양14길 14
동명정류장,126.2662327,33.39713781,제주특별자치도 제주시 한림읍 동명7길 26
공간인화,126.5582625,33.24901449,제주특별자치도 서귀포시 중정로5번길 21
세븐일레븐 서귀포아랑조을거리점,126.5596813,33.25046033,제주특별자치도 서귀포시 중앙로71번길 15-2
올레일품,126.5673601,33.24593404,제주특별자치도 서귀포시 태평로 444
검은여닭도가니,126.5820575,33.24387448,제주특별자치도 서귀포시 검은여로 4
투썸플레이스 제주쇠소깍점,126.6226283,33.25225233,제주특별자치도 서귀포시 쇠소깍로 134
벼리게스트하우스,126.8646029,33.52382133,제주특별자치도 제주시 구좌읍 면수1길 27
한동주유소,126.8220398,33.54059492,제주특별자치도 제주시 구좌읍 일주동로 2763
산호풍경,126.9437321,33.50264802,제주특별자치도 제주시 우도면 우도해안길 252
덕성식당,126.3053977,33.22852504,제주특별자치도 서귀포시 안덕면 사계남로 145
이중섭미술관 창작스튜디오&공예공방,126.5644541,33.24512325,제주특별자치도 서귀포시 이중섭로 33
서귀포관광극장,126.5644074,33.24587324,제주특별자치도 서귀포시 이중섭로 25
중앙로터리,126.5610348,33.25255509,제주특별자치도 서귀포시 서귀동 336
정방사,126.5711618,33.2470472,제주특별자치도 서귀포시 동부로12번길 19
에그드랍 서귀포중앙점,126.56148,33.25107077,제주특별자치도 서귀포시 중앙로 72
걸매생태공원,126.5548506,33.24977773,제주특별자치도 서귀포시 서홍로 4-42
아랑조을거리,126.5599561,33.25109785,제주특별자치도 서귀포시 서문로 17
신라호텔 야외 패밀리풀,126.4081161,33.2475582,제주특별자치도 서귀포시 중문관광로72번길 75
파크뷰,126.5572131,33.25133696,제주특별자치도 서귀포시 서문서로55번길 19
이디오랜,126.2732689,33.40602111,제주특별자치도 제주시 한림읍 드르밧길 17
온담하우스,126.6921159,33.51466712,제주특별자치도 제주시 조천읍 북선로 300
LOLA(롤라),126.2428545,33.39590103,제주특별자치도 제주시 한림읍 한림로 371
함덕와인가게,126.6702172,33.53949387,제주특별자치도 제주시 조천읍 함덕18길 19
두모방파제,126.1805745,33.35711768,제주특별자치도 제주시 한경면 두모리 2604-2
104스테이,126.6649881,33.52855162,제주특별자치도 제주시 조천읍 함덕남2길 104
도두반점 제주사수본점,126.4792324,33.50954364,제주특별자치도 제주시 서해안로 317
엠제이돼지 시청점,126.5298939,33.49691839,제주특별자치도 제주시 신성로 103
현이네,126.269537,33.39583016,제주특별자치도 제주시 한림읍 동명7길 50-13
필름로그,126.8866209,33.44613583,제주특별자치도 서귀포시 성산읍 수시로10번길 3
고릴라캠핑 제주점,126.5105196,33.50092668,제주특별자치도 제주시 서천길 24
성산수산식당,126.9326062,33.46256965,제주특별자치도 서귀포시 성산읍 성산중앙로 29
소심한이층,126.9325084,33.46521132,제주특별자치도 서귀포시 성산읍 성산등용로 17
성산해나,126.9329279,33.46250221,제주특별자치도 서귀포시 성산읍 성산중앙로 30-1
프랑제리 켄싱턴리조트 중문점,126.4125244,33.24762164,제주특별자치도 서귀포시 중문관광로72번길 29-29
SK행복충전 신엄충전소,126.3547697,33.46769785,제주특별자치도 제주시 애월읍 일주서로 6569
아일랜드스톤,126.5296487,33.49887752,제주특별자치도 제주시 신성로13길 15
쭈꾸쭈꾸쭈꾸미 5호점,126.493337,33.48662418,제주특별자치도 제주시 연동11길 33
범맥주 제주시청점,126.5286984,33.49967903,제주특별자치도 제주시 광양8길 7
유일반점,126.5307111,33.50101111,제주특별자치도 제주시 광양7길 13
아리온승마장,126.3340229,33.31098986,제주특별자치도 서귀포시 안덕면 신화역사로403번길 79
호랑호랑펜션,126.9215367,33.45003617,제주특별자치도 서귀포시 성산읍 일출로 86
칠분의오,126.8134935,33.55850425,제주특별자치도 제주시 구좌읍 해맞이해안로 650-20
케이팝스타코인노래방,126.4733384,33.48116552,제주특별자치도 제주시 노형로 340
CU 제주애월가문동점,126.3916483,33.48554373,제주특별자치도 제주시 애월읍 가문동길 41-14
제주리조트,126.3930586,33.48295858,제주특별자치도 제주시 애월읍 가문동상4길 11
"수목원테마파크, 수목원 야시장",126.4881811,33.470619,제주특별자치도 제주시 은수길 69
33떡볶이 제주점,126.2835304,33.29102782,제주특별자치도 서귀포시 대정읍 에듀시티로50번길 6
후카후카,126.4036305,33.4443497,제주특별자치도 제주시 애월읍 항파두리로 148
봉개교회,126.6015028,33.48799112,제주특별자치도 제주시 번영로 561-8
맘스터치 제주에듀시티점,126.2839954,33.29140016,제주특별자치도 서귀포시 대정읍 에듀시티로 42
오션브릭풀빌라,126.3249562,33.24202714,제주특별자치도 서귀포시 안덕면 산방로 75-3
조르지네이상한가게,126.5585068,33.25058239,제주특별자치도 서귀포시 서문로28번길 3
둘레길 중문 본점,126.4271231,33.2517218,제주특별자치도 서귀포시 천제연로 209-1
망고레이 천지연폭포점,126.5596815,33.24337171,제주특별자치도 서귀포시 남성중로 2-3
범하다,126.8998588,33.41273972,제주특별자치도 서귀포시 성산읍 일주동로 4675
더힐링타임,126.5064987,33.51596277,제주특별자치도 제주시 서해안로 652
제주해물통,126.7023077,33.55145276,제주특별자치도 제주시 조천읍 일주동로 1584
바당샌드,126.5204943,33.51442734,제주특별자치도 제주시 무근성7길 22
김지순의낭푼밥상,126.4889426,33.48351548,제주특별자치도 제주시 연동6길 28
선명전복돌솥전문점,126.4678745,33.49513847,제주특별자치도 제주시 도공로 150
모닥치기아라,126.5459394,33.47533453,제주특별자치도 제주시 인다9길 8
코앞에바다,126.2425705,33.39517803,제주특별자치도 제주시 한림읍 협재6길 1
함덕비치스테이제주,126.6633615,33.54327834,제주특별자치도 제주시 조천읍 조함해안로 474
일억조,126.2675544,33.41127262,제주특별자치도 제주시 한림읍 한림상로 140
컴플리트커피 연동점,126.4912974,33.47825986,제주특별자치도 제주시 국기로4길 1
파스쿠찌 서귀포일호광장점,126.5608227,33.2522568,제주특별자치도 서귀포시 서문로 1
제주오광흑돼지,126.2506201,33.21993302,제주특별자치도 서귀포시 대정읍 신영로72번길 10
하늘만큼땅만큼펜션,126.3935212,33.48328181,제주특별자치도 제주시 애월읍 가문동상4길 5
카페산록,126.3796909,33.32737137,제주특별자치도 서귀포시 안덕면 산록남로 682
루나피크닉,126.3222855,33.25413393,제주특별자치도 서귀포시 안덕면 일주서로 1836
뚜레쥬르 제주화순점,126.3335379,33.2462461,제주특별자치도 서귀포시 안덕면 화순로 119
웨이브라운지,126.4128285,33.25509211,제주특별자치도 서귀포시 색달동 2558
포시즌,126.3106302,33.23652444,제주특별자치도 서귀포시 안덕면 산방로 232
낙원의밤,126.3335379,33.246247,제주특별자치도 서귀포시 안덕면 화순로 119
세오니네민박,126.90777,33.44568814,제주특별자치도 서귀포시 성산읍 난고로34번길 145
덕천연수원,126.7549946,33.48146351,제주특별자치도 제주시 구좌읍 중산간동로 1941
호호만다린하우스,126.282471,33.44009067,제주특별자치도 제주시 한림읍 귀덕5길 3
씨스테이호텔&스파,126.3389917,33.46758227,제주특별자치도 제주시 애월읍 애월해안로 255
온기,126.5467514,33.49501212,제주특별자치도 제주시 신설로9길 31
애월바람타고,126.3178218,33.46641642,제주 제주시 애월읍 애월해안로 30
토다게스트하우스,126.5277935,33.51272432,제주특별자치도 제주시 동문로 10
월정리해녀식당,126.7944412,33.55759233,제주특별자치도 제주시 구좌읍 월정중길 64
연탄과친한돼지,126.4850282,33.4831729,제주특별자치도 제주시 원노형로 61
웅담식당,126.5609796,33.24985001,제주특별자치도 서귀포시 중앙로59번길 5
돈다발기사식당,126.8573324,33.42935905,제주특별자치도 서귀포시 성산읍 서성일로 693
채점석베이커리 본점,126.5141753,33.24848943,제주특별자치도 서귀포시 서호남로32번길 29
중문승마공원,126.4455517,33.24231663,제주특별자치도 서귀포시 이어도로 244
하림각,126.8021666,33.38438106,제주특별자치도 서귀포시 표선면 성읍정의현로22번길 12
일품순두부 신시가지점,126.5142259,33.24865193,제주특별자치도 서귀포시 서호남로32번길 31
나인브릿지CC,126.4054151,33.34184447,제주특별자치도 서귀포시 안덕면 광평로 34-156
이좋은주유소,126.4642701,33.47356049,제주특별자치도 제주시 노형로 218
숲속의컨벤션,126.4987365,33.25069305,제주특별자치도 서귀포시 일주서로 88
하소로커피,126.2178956,33.29556839,제주특별자치도 제주시 한경면 불그못로 72
성산해맞이펜션,126.932201,33.46619661,제주특별자치도 서귀포시 성산읍 한도로242번길 10-9
롯데렌터카 제주국제공항지점,126.4930954,33.50684137,제주특별자치도 제주시 공항로 2
귤스타,126.61069,33.3384938,제주특별자치도 서귀포시 토평동
바당한그릇,126.3624386,33.47843035,제주특별자치도 제주시 애월읍 애월해안로 552-3
목화식당휴게소,126.9017207,33.4818042,제주특별자치도 서귀포시 성산읍 시흥리
성읍칠십리식당,126.8012485,33.38919964,제주특별자치도 서귀포시 표선면 성읍정의현로 74
와이리조트 제주,126.3276438,33.24260881,제주특별자치도 서귀포시 안덕면 화순중앙로124번길 75
신라원중문점,126.4170757,33.2548738,제주특별자치도 서귀포시 법환동
한림매일시장,126.2639404,33.41659494,제주특별자치도 제주시 한림읍 한림로 687
롯타이,126.26481,33.41648469,제주특별자치도 제주시 한림읍 한림로 691
함덕해수욕장 도로,126.6697752,33.5434231,제주특별자치도 제주시 조천읍 함덕리
라움호텔,126.489381,33.48361646,제주특별자치도 제주시 신광로10길 1
살레안의고깃,126.4692197,33.46530966,제주특별자치도 제주시 월산남길 110
함덕해수욕장 잔디광장,126.6717793,33.54321619,제주특별자치도 제주시 조천읍 조함해안로 525
협재해수욕장 야영장,126.2387194,33.39234151,제주특별자치도 제주시 한림읍 협재리 2497-1
플레이스엉물,126.9006603,33.4896559,제주특별자치도 제주시 구좌읍 종달논길 92
구씨커피로스터스,126.8539571,33.52361269,제주특별자치도 제주시 구좌읍 구좌로 21
우도땅콩막걸리,126.9547109,33.50790346,제주특별자치도 제주시 우도면 우도비양길 10
씨사이드 애월하귀점,126.407677,33.48505608,제주특별자치도 제주시 애월읍 하귀14길 5-3
아라고나이트 고온천,126.3921502,33.30296595,제주특별자치도 서귀포시 안덕면 산록남로762번길 71
레이트벗커피 로스터스,126.8512608,33.42584464,제주특별자치도 서귀포시 성산읍 서성일로 621
북타임,126.6623968,33.27593893,제주특별자치도 서귀포시 남원읍 위미중앙로 160
흑돼지삼형제,126.842425,33.32545444,제주특별자치도 서귀포시 표선면 민속해안로 594
제주시산림조합 나무시장,126.5134147,33.47028299,제주특별자치도 제주시 오남로 288
산지천갤러리,126.5283314,33.51514984,제주특별자치도 제주시 중앙로3길 36
귤림서원,126.5249598,33.51013764,제주특별자치도 제주시 오현길 61
애월후식,126.3301752,33.43900513,제주특별자치도 제주시 애월읍 납읍로 21
글러트니커피,126.5348798,33.48659051,제주특별자치도 제주시 구남로2길 38
가자제주렌트카,126.4976959,33.49853392,제주특별자치도 제주시 월성로4길 76-2
제주좋은날,126.3099483,33.44567416,제주특별자치도 제주시 애월읍 천덕로 33-5
묘한식당,126.2621301,33.32264714,제주특별자치도 제주시 한경면 녹차분재로 601
협재로47길,126.2473089,33.39387251,제주특별자치도 제주시 한림읍 협재로 47
더아일랜더,126.5280089,33.51488716,제주특별자치도 제주시 중앙로7길 31
쉼표,126.2418694,33.39521162,제주특별자치도 제주시 한림읍 한림로 359
프로젝트목욕탕,126.5226454,33.51784095,제주특별자치도 제주시 탑동로4길 6-6
동진식당 공항점,126.5093347,33.50970168,제주특별자치도 제주시 용화로 51-1
소원김밥,126.6208228,33.2509016,제주특별자치도 서귀포시 쇠소깍로 160
한담세희네농장,126.3112312,33.45997773,제주특별자치도 제주시 애월읍 애월로 11
리치망고 쇠소깍점,126.6202433,33.25091066,제주특별자치도 서귀포시 쇠소깍로 164
맨도롱 해장국,126.560105,33.24708071,제주특별자치도 서귀포시 태평로353번길 11
고쿠텐 서귀포점,126.514926,33.23769626,제주특별자치도 서귀포시 막숙포로40번길 5
제주드림타워 스테이크하우스,126.4816199,33.48530087,제주특별자치도 제주시 노연로 12
오늘은좋은날,126.4275303,33.48968617,제주특별자치도 제주시 우령8길 17
SK행복충전 제주가스충전소,126.5433579,33.51337051,제주특별자치도 제주시 동문로 157
중문카트체험장,126.3945894,33.26413986,제주특별자치도 서귀포시 일주서로 1114
피슈마라홍탕 서귀포월드컵점,126.5073221,33.24899263,제주특별자치도 서귀포시 월드컵로 8
비자블라썸,126.8089704,33.49493646,제주특별자치도 제주시 구좌읍 비자림로 2244
당근과해녀,126.8423638,33.53303822,제주특별자치도 제주시 구좌읍 평대5길 48-1
평대성게국수,126.839836,33.53421607,제주특별자치도 제주시 구좌읍 해맞이해안로 1172
감수굴,126.8419796,33.52644163,제주특별자치도 제주시 구좌읍 평대리
제주서핑스쿨,126.4130336,33.25843899,제주특별자치도 서귀포시 일주서로 914
카페2472,126.416431,33.25589528,제주특별자치도 서귀포시 천제연로 103-15
선경오피스텔,126.5696262,33.24879827,제주특별자치도 서귀포시 중정로 123
마농치킨중앙통닭 3호점,126.563738,33.25060085,제주특별자치도 서귀포시 중앙로62번길 23
빈티지어게인,126.5089566,33.25164177,제주특별자치도 서귀포시 김정문화로 39
롯데시네마 서귀포,126.5081213,33.24654337,제주특별자치도 서귀포시 월드컵로 33
동귀리갈칫집,126.4723355,33.49184331,제주특별자치도 제주시 월랑로 83
베메로 bake make roast,126.4108268,33.24985684,제주특별자치도 서귀포시 중문관광로72번길 29-5
넘버피넛쿠키,126.413959,33.25855696,제주특별자치도 서귀포시 색달중앙로 38
만복반미,126.470193,33.48337363,제주특별자치도 제주시 수덕9길 82-4
회춘 제주노형점,126.4824529,33.48507986,제주특별자치도 제주시 원노형4길 11
하이제주,126.4888047,33.48610428,제주특별자치도 제주시 노연로 81
돼갈통,126.4916445,33.49029304,제주특별자치도 제주시 삼무로3길 39
다이소 용담점,126.4933812,33.51948011,제주특별자치도 제주시 서해안로 510
산방산 파크텔,126.3291333,33.25648281,제주특별자치도 서귀포시 안덕면 화순서서로 63
지중해식당,126.5272155,33.51491659,제주특별자치도 제주시 중앙로7길 23
리엘루,126.4264239,33.43386168,제주특별자치도 제주시 애월읍 고성남길 36
달에사는고래,126.4270044,33.43520053,제주특별자치도 제주시 애월읍 고성남3길 14
유람위드북스,126.2347938,33.33973833,제주특별자치도 제주시 한경면 조수동2길 54-36
한라네김밥,126.5592956,33.25269049,제주특별자치도 서귀포시 일주동로 8697
착한국밥,126.509705,33.2611704,제주특별자치도 서귀포시 중산간서로 8
휘닉스제주섭지코지 매표소,126.9287331,33.43033847,제주특별자치도 서귀포시 성산읍 섭지코지로 107
휘닉스제주 해랑,126.9279031,33.43014594,제주특별자치도 서귀포시 성산읍 섭지코지로 107
막둥이해녀복순이네,126.8991406,33.44534421,제주특별자치도 서귀포시 성산읍 서성일로 1129
휘닉스제주 코지,126.9279032,33.43011439,제주특별자치도 서귀포시 성산읍 섭지코지로 107
휘닉스제주 오렌지동,126.9279032,33.43013603,제주특별자치도 서귀포시 성산읍 섭지코지로 107
휘닉스제주 섭지 라운지,126.9264427,33.42604238,제주특별자치도 서귀포시 성산읍 섭지코지로 107
더비치하우스,126.9219715,33.4352536,제주특별자치도 서귀포시 성산읍 신양로122번길 17
머스크,126.5666154,33.52019436,제주특별자치도 제주시 진동로3길 30
조천해안도로,126.6403249,33.54788561,제주특별자치도 제주시 조천읍 조천리
물꼬해녀의집,126.9498399,33.51870277,제주특별자치도 제주시 우도면 우도해안길 496
모영,126.9159966,33.44887847,제주특별자치도 서귀포시 성산읍 동류암로 44
우도바라기,126.941616,33.50619214,제주특별자치도 제주시 우도면 우도해안길 302
하우마을레저,126.9434887,33.50972955,제주특별자치도 제주시 우도면 우도해안길 354
섭지바당,126.9195145,33.43616447,제주특별자치도 서귀포시 성산읍 섭지코지로26번길 31
마농치킨 5호점,126.9327203,33.46101714,제주특별자치도 서귀포시 성산읍 일출로 251
성산흑돈쭐,126.935417,33.46548335,제주특별자치도 서귀포시 성산읍 성산중앙로 72
일품순두부 제주본점,126.4700569,33.48221901,제주특별자치도 제주시 광평동로 25
소랑호게,126.24643,33.39856896,제주특별자치도 제주시 한림읍 한림로 414-1
판포리135,126.1963832,33.36476731,제주특별자치도 제주시 한경면 판포1길 35
리틀포레스트,126.4593017,33.24479262,제주특별자치도 서귀포시 월평로 15
돈방석조개구이,126.6763706,33.53969403,제주특별자치도 제주시 조천읍 함덕30길 8
월정리썬시티 게스트하우스,126.7951107,33.55316841,제주특별자치도 제주시 구좌읍 월정5길 33
제주온도,126.6759842,33.2723079,제주특별자치도 서귀포시 남원읍
참녀네집,126.7300863,33.56028532,제주특별자치도 제주시 구좌읍 김녕리 6145
월정느루,126.7944435,33.55572242,제주특별자치도 제주시 구좌읍 월정3길 51-3
CU 제주아스타호텔점,126.5203078,33.50082521,제주특별자치도 제주시 서사로 129
만두상점,126.6754981,33.53346173,제주특별자치도 제주시 조천읍 함덕남14길 6
엠버호텔 제주,126.4878128,33.48974803,제주특별자치도 제주시 삼무로 12
서울촌놈인제주,126.2807322,33.44216416,제주특별자치도 제주시 한림읍 한림해안로 646
말젯문,126.835231,33.53842049,제주특별자치도 제주시 구좌읍 계룡길 31
르메인호텔 서귀포,126.3335379,33.246247,제주특별자치도 서귀포시 안덕면 화순로 119
애월연어 안덕점,126.3799089,33.32707493,제주특별자치도 서귀포시 안덕면 산록남로 684
프란츠스토어,126.2323225,33.33639168,제주특별자치도 제주시 한경면 용금로 491
향천회초밥,126.4904023,33.48485765,제주특별자치도 제주시 신대로18길 56
사랑분식,126.527825,33.512472,제주특별자치도 제주시 동문로4길 12
라온베이커리 남녕점,126.4821314,33.48902118,제주특별자치도 제주시 남녕로 11
조아찌커피,126.4506156,33.49676896,제주특별자치도 제주시 테우해안로 158
제주닭집,126.8325593,33.32644054,제주특별자치도 서귀포시 표선면 표선중앙로 77
CU 제주당케점,126.8430443,33.32507654,제주특별자치도 서귀포시 표선면 민속해안로 587
해비치호텔엔리조트 섬모라,126.8447132,33.32147573,제주특별자치도 서귀포시 표선면 민속해안로 537
토끼트멍,126.308007,33.22958545,제주특별자치도 서귀포시 안덕면 사계남로 182
아디다스 신제주점,126.490238,33.48646542,제주특별자치도 제주시 신광로 63
여기고씨네,126.766739,33.30058748,제주특별자치도 서귀포시 남원읍 신흥로13번길 23
플로우스,126.40175,33.2556506,제주특별자치도 서귀포시 예래해안로 550
스파오 신제주점,126.4898346,33.48845808,제주특별자치도 제주시 신광로 42
마음에온,126.525958,33.51457819,제주특별자치도 제주시 칠성로길 29-1
차귀도체험배낚시횟집,126.1644633,33.30886538,제주특별자치도 제주시 한경면 노을해안로 1154
잇츠힐펜션,126.3835561,33.48675063,제주특별자치도 제주시 애월읍 애월해안로 788
두꺼비의빛,126.449441,33.49669162,제주특별자치도 제주시 현사길 21-1
블라제리조트 전기차충전소,127.1497299,35.81538665,제주특별자치도 서귀포시 표선면 녹산로 274
우생당,126.561174,33.25390442,제주특별자치도 서귀포시 중앙로 104
메이더카라반,126.7059261,33.55260282,제주특별자치도 제주시 구좌읍 일주동로 1622
탑텐 서귀포점,126.5686516,33.25431287,제주특별자치도 서귀포시 일주동로 8607
배스킨라빈스 서귀포광장점,126.5615919,33.25358852,제주특별자치도 서귀포시 일주동로 8674-1
제주센트럴파크,126.6743997,33.43345506,제주특별자치도 제주시 조천읍 비자림로 606
덴카츠,126.5755194,33.25703057,제주특별자치도 서귀포시 동홍남로 67
팡송,126.6596701,33.27490904,제주특별자치도 서귀포시 남원읍 태위로115번길 1
검멀레동굴,126.966283,33.49642792,제주특별자치도 제주시 우도면 연평리
연동연대,126.5242586,33.24200423,제주특별자치도 서귀포시 서호동 73
하논,126.5450403,33.251055,제주특별자치도 서귀포시 서홍동
사계소희네국수,126.3094888,33.2359591,제주특별자치도 서귀포시 안덕면 산방로 244
화순방파제,126.3287669,33.23197489,제주특별자치도 서귀포시 안덕면 화순리 636-14
은숙이네,126.3360598,33.24649401,제주특별자치도 서귀포시 안덕면 화순중앙로 63
경동식당,126.3347361,33.24672136,제주특별자치도 서귀포시 안덕면 화순로 108-1
마라해양도립공원,126.2670917,33.11861753,제주특별자치도 서귀포시 대정읍 마라로101번길 46
미악산,126.5544669,33.30083003,제주특별자치도 서귀포시 동홍동 2195
연동길,126.4934002,33.48814453,제주특별자치도 제주시 은남2길 23
흑돈가 제주본점,126.473552,33.48000517,제주특별자치도 제주시 한라대학로 11
호텔 레오,126.7722353,33.53653188,제주특별자치도 제주시 구좌읍 만장굴길 122
모닥치기,126.5382925,33.49112207,제주특별자치도 제주시 남광로2길 17
스니프,126.5457453,33.47501465,제주특별자치도 제주시 중앙로 543
돈사돈 서귀포점,126.4984342,33.23598989,제주특별자치도 서귀포시 이어도로 778-1
이화호텔,126.4921964,33.49474105,제주특별자치도 제주시 도령로 155
비블리아성서식물원,126.2749866,33.35618118,제주특별자치도 제주시 한림읍 조성로 17
김녕금속공예벽화마을,126.7464631,33.55801547,제주특별자치도 제주시 구좌읍 김녕리 4026
쯔루네,126.7523826,33.55728274,제주특별자치도 제주시 구좌읍 김녕로1길 90
벨리타캠핑장,126.6978392,33.50804816,제주특별자치도 제주시 조천읍 중산간동로 1194
저지해장국,126.2546859,33.32890849,제주특별자치도 제주시 한경면 중산간서로 3632
선운정사,126.3071527,33.42936508,제주특별자치도 제주시 애월읍 구몰동길 65
애월바다테라피,126.3320731,33.467785,제주특별자치도 제주시 애월읍 애월해안로 179
샤오츠,126.9294465,33.46030485,제주특별자치도 서귀포시 성산읍 성산등용로17번길 55
카페 요디,126.6753463,33.54237809,제주특별자치도 제주시 조천읍 조함해안로 610-6
아뽀밍고,126.930701,33.45995213,제주특별자치도 서귀포시 성산읍 일출로 230
서귀포동경우동 본점,126.5602279,33.25252339,제주특별자치도 서귀포시 중앙로89번길 4
센트로,126.567571,33.24666077,제주특별자치도 서귀포시 태평로 449
낭만잡화점,126.5678317,33.24648387,제주특별자치도 서귀포시 태평로 450
엉또정,126.494296,33.2577835,제주특별자치도 서귀포시 중산간서로157번길 28-6
성산포수협 활어위판센터,126.9289614,33.46956861,제주특별자치도 서귀포시 성산읍 성산등용로 77
우도해양도립공원,126.9552577,33.48264068,제주특별자치도 제주시 우도면 우도해안길 627
레인보울,126.5091408,33.50934839,제주특별자치도 제주시 용화로 54
소렉,126.4912823,33.48819535,제주특별자치도 제주시 은남2길 41
오드리김밥,126.9333792,33.46307317,제주특별자치도 서귀포시 성산읍 성산중앙로 38-2
어박사 애월점,126.3205586,33.46693805,제주특별자치도 제주시 애월읍 애월로11길 27
돔그라미펜션,126.8096065,33.33575555,제주특별자치도 서귀포시 표선면 가시로 137
애월씨앤스타,126.3134702,33.46480642,제주특별자치도 제주시 애월읍 애월로3길 17
애월오누이,126.3188712,33.4666642,제주특별자치도 제주시 애월읍 애월로9길 54
제주이티하우스,126.3791549,33.48153733,제주특별자치도 제주시 애월읍 구엄4길 20-9
여행가게,126.7444995,33.28615372,제주특별자치도 서귀포시 남원읍 태위로 929
제주숲게스트하우스,126.7109681,33.32870112,제주특별자치도 서귀포시 남원읍 남조로 573-16
대수산봉,126.9016497,33.43967509,제주특별자치도 서귀포시 성산읍 고성리 2039-1
시안,126.9358431,33.46524915,제주특별자치도 서귀포시 성산읍 일출로288번길 23
한동리 해맞이 해안로,126.838241,33.537218,제주특별자치도 제주시 구좌읍 한동리
한동리 해변,126.838241,33.537218,제주특별자치도 제주시 구좌읍 한동리
포토이즘박스 함덕해수욕장점,126.6661858,33.54183983,제주특별자치도 제주시 조천읍 신북로 525
한동리 해안가 해변,126.838241,33.537218,제주특별자치도 제주시 구좌읍 한동리
프라이탁스토어 제주 by MMMG,126.5231545,33.51746154,제주특별자치도 제주시 탑동로 16
중문주유소,126.4309277,33.25115141,제주특별자치도 서귀포시 천제연로 246
온누리빵집,126.2542938,33.22248773,제주특별자치도 서귀포시 대정읍 신영로 117-1
보름왓메밀밭,126.7525356,33.41347553,제주특별자치도 서귀포시 표선면 번영로 2350-104
엘플로리디타,126.8554371,33.5269233,제주특별자치도 제주시 구좌읍 세화1길 39
돈블랙 올레시장점,126.5666762,33.24970048,제주특별자치도 서귀포시 중동로48번길 9
탐라스낵,126.4776854,33.47682381,제주특별자치도 제주시 진군4길 32
서울국수가게,126.8564443,33.52583534,제주특별자치도 제주시 구좌읍 세화3길 30-2
올더타임 토평,126.5809515,33.26069339,제주특별자치도 서귀포시 516로 73
보보애월,126.3256936,33.46353015,제주특별자치도 제주시 애월읍 애월로 173
빨강궁전,126.3351986,33.45941525,제주특별자치도 제주시 애월읍 고내봉길 42-9
황금성,126.8050563,33.39939937,제주특별자치도 서귀포시 표선면 서성일로 95
덕인당소락 3호점,126.5437322,33.48304589,제주특별자치도 제주시 중앙로 451
잘도식당,126.5254506,33.51072195,제주특별자치도 제주시 중앙로15길 16
1미리게스트하우스,126.2422431,33.39352432,제주특별자치도 제주시 한림읍 협재6길 22-4
우리집이층,126.8435714,33.32576244,제주특별자치도 서귀포시 표선면 표선당포로 9
서귀포약국,126.5603866,33.25256001,제주특별자치도 서귀포시 중앙로 89
새별프렌즈,126.3636576,33.36155036,제주특별자치도 제주시 애월읍 평화로 1529
큰손상회,126.8004148,33.55424096,제주특별자치도 제주시 구좌읍 행원로1길 26-2
붉은오름자연휴양림 숲속야영장,126.6778456,33.40303921,제주특별자치도 서귀포시 표선면 가시리 산 158
하효소머리국밥,126.6173253,33.26351734,제주특별자치도 서귀포시 효돈로 174
법환동커피,126.511875,33.23704507,제주특별자치도 서귀포시 이어도로 910
시오름,126.516669,33.30596956,제주특별자치도 서귀포시 서호동 산 1
전복죽일번가,126.3754206,33.48195854,제주특별자치도 제주시 애월읍 애월해안로 688
애월담펜션,126.3068749,33.44158545,제주특별자치도 제주시 애월읍 곽봉로 104-41
제주백야,126.1828746,33.34608837,제주특별자치도 제주시 한경면 두신로 34
산호반점 2호점,126.9681216,33.49768705,제주특별자치도 제주시 우도면 우도해안길 1126
설심당 동홍점,126.5679616,33.25191214,제주특별자치도 서귀포시 문부로 2
진지동굴,126.3488423,33.24465377,제주특별자치도 서귀포시 안덕면 감산리 1162
우도왕자이야기,126.9437234,33.50271293,제주특별자치도 제주시 우도면 우도해안길 252
비양도 캠핑장,126.9694015,33.51494767,제주특별자치도 제주시 우도면 연평리
유군초밥,126.5287963,33.49908796,제주특별자치도 제주시 서광로32길 19
지지지제주흑돼지,126.4961902,33.48797197,제주특별자치도 제주시 신대로 104
바이못,126.3058628,33.35020061,제주특별자치도 제주시 한림읍 한창로 1174-8
그린게스트하우스,126.5395914,33.51425816,제주특별자치도 제주시 사라봉7길 44
중국집마씸,126.1831453,33.34987683,제주특별자치도 제주시 한경면 두신로 78
싱싱회센타,126.5282404,33.5120877,제주특별자치도 제주시 동문로4길 9
빽다방 제주노형뜨란채점,126.4733174,33.48660112,제주특별자치도 제주시 수덕로 35
네모네 펜션,126.6119139,33.26790413,제주특별자치도 서귀포시 효돈순환로 7-6
빗소리,126.753939,33.55566117,제주특별자치도 제주시 구좌읍 김녕로 151
흑돼지패밀리,126.6510213,33.28825262,제주특별자치도 서귀포시 남원읍 중산간동로 6924
가디언다이브리조트,126.611279,33.26005075,제주특별자치도 서귀포시 칠십리로533번길 237
히비 안도 코하쿠,126.6104511,33.26378001,제주특별자치도 서귀포시 효돈로 107
민트카페&스튜디오,126.9338192,33.4291214,제주특별자치도 서귀포시 성산읍 고성리 46
한림바다체험마을,126.2627828,33.41974362,제주특별자치도 제주시 한림읍 한림해안로 200
에코그린리조트 루프탑포차,126.2914776,33.43528849,제주특별자치도 제주시 한림읍 귀덕6길 94 루프탑포차
하영담아,126.3046445,33.25428178,제주특별자치도 서귀포시 안덕면 덕수서로 45
홍당무떡볶이,126.561439,33.24768861,제주특별자치도 서귀포시 중정로 45
까사로마호텔,126.5581148,33.24680678,제주특별자치도 서귀포시 태평로 347
논짓물,126.4922265,33.48866805,제주특별자치도 제주시 신대로12길 41
제주펜션매듭,126.4926754,33.51942313,제주특별자치도 제주시 서해안로 502
신화리조트 랜딩관,128.3816961,36.98882453,신화역사로 304번길 38 랜딩관 제주신화월드 호텔앤리조트
안녕김녕씨,126.731374,33.55933965,제주특별자치도 제주시 구좌읍 구좌해안로 178
시재시재,126.2307773,33.33414166,제주특별자치도 제주시 한경면 조수2길 25
명랑스낵,126.2588172,33.40917142,제주특별자치도 제주시 한림읍 한림로 585
사일리커피,126.2758641,33.19994488,제주특별자치도 서귀포시 대정읍 최남단해안로 412
송악산화덕피자,126.2882372,33.20892425,제주특별자치도 서귀포시 대정읍 송악관광로 392
제주따이,126.4706837,33.48248135,제주특별자치도 제주시 수덕9길 85-5
그랜드하얏트제주 포차,126.4814594,33.48526234,제주특별자치도 제주시 노연로 12
그랜드하얏트제주 수영장,126.4815713,33.4853707,제주특별자치도 제주시 노연로 12
CU 서귀포자구리점,126.5670889,33.2426151,제주특별자치도 서귀포시 솔동산로21번길 31
연정식당,126.4867462,33.48376787,제주특별자치도 제주시 신광로10길 29
요기소바 본점,126.4832935,33.48539442,제주특별자치도 제주시 원노형6길 3-4
그랜드하얏트제주 라운지,126.4815713,33.4853707,제주특별자치도 제주시 노연로 12
신광로8길 5,126.489204,33.4868482,제주특별자치도 제주시 연동
제주돈토랑,126.4831803,33.48562114,제주특별자치도 제주시 원노형6길 3-1
앨리스,126.529572,33.49753746,제주특별자치도 제주시 서광로32길 36-1
그랜마스 노형점,126.4771603,33.48399467,제주특별자치도 제주시 노형9길 6
제주공항렌터카,126.4555952,33.4932397,제주특별자치도 제주시 이도이동
새연교(우영우 촬영장),126.5598598,33.2372277,제주특별자치도 서귀포시 서홍동
용연계곡(구름다리),126.5147044,33.5147004,제주특별자치도 제주시 용담일동
성산일출봉(일출),126.9425,33.458056,제주특별자치도 서귀포시 성산읍
서울뚝배기,126.4966195,33.48072131,제주특별자치도 제주시 아연로 10
성산일출봉 아시횟집,126.9323663,33.46528697,제주특별자치도 서귀포시 성산읍 성산등용로 19
CU 제주제원점,126.4902892,33.48801276,제주특별자치도 제주시 신광로 45
나이롱책방,126.5234381,33.51166631,제주특별자치도 제주시 관덕로8길 17
파리바게뜨 신제주점,126.4902692,33.4877422,제주특별자치도 제주시 신광로 47
서부두방파제,126.5282402,33.51807606,제주특별자치도 제주시 건입동 1446
돌다메,126.4287841,33.49144644,제주특별자치도 제주시 우정로4길 16
통일렌트카,126.4829761,33.49607154,제주특별자치도 제주시 제성1길 28-1
바삭돈가스,126.4882244,33.48122427,제주특별자치도 제주시 과원북4길 61
카페봄봄 제주봉개점,126.5969643,33.4889087,제주특별자치도 제주시 번영로 524
할매식당,126.5645619,33.24156038,제주특별자치도 서귀포시 부두로 40
명경식당,126.3369768,33.24725987,제주특별자치도 서귀포시 안덕면 화순로 88
귀덕귀덕펜션,126.3022759,33.42283909,제주특별자치도 제주시 한림읍 귀덕남동1길 54
한림민속5일시장,126.4929483,33.50659644,제주특별자치도 제주시 한림읍 한수풀로4길 10
오시오펜션,126.6864377,33.54850324,제주특별자치도 제주시 조천읍 북촌서길 19
뱃도새기 흑돼지 제주함덕점,126.6745414,33.53940072,제주특별자치도 제주시 조천읍 함와로 7
신왕,126.9215241,33.43649394,제주특별자치도 서귀포시 성산읍 신양로 112
코델리아리조트,126.9100727,33.45910309,제주특별자치도 서귀포시 성산읍 일주동로4120번길 23-20
성산일출도서관,126.9122989,33.45527375,제주특별자치도 서귀포시 성산읍 고성오조로 133
스플래시리조트,126.563248,33.24253675,제주특별자치도 서귀포시 솔동산로 28
대향,126.5637904,33.24479994,제주특별자치도 서귀포시 태평로 407
동방파제,126.569881,33.23511599,제주특별자치도 서귀포시 서귀동 758-5
서귀포농협 하나로마트 본점,126.5800645,33.25742108,제주특별자치도 서귀포시 516로 40-1
서촌제,126.4877434,33.4715554,제주특별자치도 제주시 은수길 65
정가네연탄구이,126.8905489,33.4441468,제주특별자치도 서귀포시 성산읍 서성일로 1047
좀녀마을뚝배기,126.4959014,33.48730723,제주특별자치도 제주시 은남길 25
부뚜막식당 성산,126.9135395,33.44509452,제주특별자치도 서귀포시 성산읍 고성오조로 11
돈구어,126.8541582,33.52501401,제주특별자치도 제주시 구좌읍 세화1길 15
보메와산 감귤체험농장,126.680191,33.48455506,제주특별자치도 제주시 조천읍 미래로 53
곽지마트,126.3058911,33.44735912,제주특별자치도 제주시 애월읍 일주서로 6001
정담국수,126.5021835,33.48798177,제주특별자치도 제주시 연오로 59
현브로하우스,126.6985754,33.27262284,제주특별자치도 서귀포시 남원읍 태위로510번길 49
예하게스트하우스 본점,126.5174359,33.49940938,제주특별자치도 제주시 삼오길 9
카페뚜이,126.2445273,33.39883598,제주특별자치도 제주시 한림읍 협재1길 45
인덱스 제이드림호텔,126.4915466,33.48936671,제주특별자치도 제주시 은남1길 40
민수민수 게스트하우스,126.2966432,33.44493674,제주특별자치도 제주시 한림읍 일주서로 5903-6
뉴욕버거 제주연동점,126.4893052,33.48974608,제주특별자치도 제주시 삼무로 26
삼미횟집,126.463726,33.50459088,제주특별자치도 제주시 도두항서5길 1
CU 제주동문로터리점,126.527405,33.51291758,제주특별자치도 제주시 동문로 8
제주다,126.3938747,33.48442765,제주특별자치도 제주시 애월읍 가문동길 17
CU 제주남조로점,126.6618777,33.45444612,제주특별자치도 제주시 조천읍 남조로 2115
CU 제주이호해변점,126.4566029,33.50230948,제주특별자치도 제주시 서해안로 60
용두골,126.5055529,33.5164711,제주특별자치도 제주시 서해안로 644
에이바우트커피 봉개점,126.5956707,33.4894256,제주특별자치도 제주시 번영로 510
주민상회,126.5122571,33.51175893,제주특별자치도 제주시 흥운길 34
동부산가든,126.5955036,33.49110924,제주특별자치도 제주시 봉개북1길 10
스테이달꿈 오션뷰펜션,126.4893914,33.51850083,제주특별자치도 제주시 서해안로 468-4
노형슈퍼,126.4841336,33.48452517,제주특별자치도 제주시 원노형8길 18
제주퍼시픽호텔,126.5192161,33.51064292,제주특별자치도 제주시 서사로 20
수목원테마파크 아이스뮤지엄,126.4883977,33.47077732,제주특별자치도 제주시 은수길 69
아일랜드조이,126.4129333,33.25129137,제주특별자치도 서귀포시 중문관광로110번길 32
퍼시픽리솜 요트투어샹그릴라,126.41633,33.24397897,제주특별자치도 서귀포시 중문관광로 154-17
삼남주유소,126.5141562,33.50550575,제주특별자치도 제주시 남성로 64
제주원렌트카 본점,126.5024768,33.51176331,제주특별자치도 제주시 용해로 58-7
아방얼큰칼국수,126.5225512,33.51227327,제주특별자치도 제주시 중앙로12길 22
흑돈오리,126.5646553,33.24781442,제주특별자치도 서귀포시 이중섭로 5-5
칸스,126.5625788,33.24978351,제주특별자치도 서귀포시 중정로61번길 21
CU 서귀포송산점,126.5645851,33.24466929,제주특별자치도 서귀포시 태평로 414
루스트플레이스 서귀포점,126.5073092,33.25358006,제주특별자치도 서귀포시 신서로48번길 22
흑백돈 함덕점,126.6719607,33.53967521,제주특별자치도 제주시 조천읍 신북로 586
천리식당천리민박,126.784705,33.46858605,제주특별자치도 제주시 구좌읍 송당6길 30
감성돈 제주협재점,126.239948,33.39344537,제주특별자치도 제주시 한림읍 한림로 329-2
르방블랑제베이커리앤카페,126.4161942,33.244432,제주특별자치도 서귀포시 중문관광로 154-17
CU 제주부영리조트점,126.4222373,33.24178495,제주특별자치도 서귀포시 중문관광로 216
그바다에머물다펜션,126.241235,33.39388331,제주특별자치도 제주시 한림읍 협재4길 8
호텔 서귀피안,126.5904822,33.24444889,제주특별자치도 서귀포시 보목로64번길 178
대왕해물짬뽕,126.7943567,33.55690337,제주특별자치도 제주시 구좌읍 월정1길 70-6
테우,126.6604034,33.54614994,제주특별자치도 제주시 조천읍 조함해안로 418
돈사빠,126.2780205,33.27099197,제주특별자치도 서귀포시 대정읍 중산간서로 2405
CU 서귀구억점,126.2787885,33.27118306,제주특별자치도 서귀포시 대정읍 중산간서로 2397
듬삭헌국밥집,126.9169697,33.46827276,제주특별자치도 서귀포시 성산읍 한도로 82
지두청사,126.9628113,33.49165563,제주특별자치도 제주시 우도면 연평리 산 24
엠스테이호텔 엘림아로마,126.5607328,33.2468449,제주특별자치도 서귀포시 태평로353번길 14
저지예술인마을,126.2670568,33.33951819,제주특별자치도 제주시 한경면 저지14길 28-4
어음분교1963커피,126.3384039,33.40331019,제주특별자치도 제주시 애월읍 어림비로 376
도치돌가든,126.339281,33.41977796,제주특별자치도 제주시 애월읍 천덕로 440-1
바구스서핑스쿨 이호점,126.449582,33.49752892,제주특별자치도 제주시 테우해안로 143
목화휴게소,126.9016849,33.48181996,제주특별자치도 서귀포시 성산읍 해맞이해안로 2526
초가헌,126.8012621,33.39031857,제주특별자치도 서귀포시 표선면 중산간동로 4628
서프포인트 제주,126.8369578,33.32454215,제주특별자치도 서귀포시 표선면 표선백사로110번길 6
도두블루파크시티아파트,126.4640259,33.50604013,제주특별자치도 제주시 도두항서길 41
불닭공장 노형점,126.4829811,33.4843653,제주특별자치도 제주시 원노형6길 19
콧수염양꼬치,126.4884923,33.49203006,제주특별자치도 제주시 성신로1길 30
판포미인,126.1980438,33.36529196,제주특별자치도 제주시 한경면 판포1길 11
월령코지펜션,126.2154104,33.38048651,제주특별자치도 제주시 한림읍 월령3길 39-22
오델리,126.274764,33.2793174,제주특별자치도 서귀포시 대정읍 에듀시티로239번길 8
대복해장국,126.7520941,33.55499031,제주특별자치도 제주시 구좌읍 김녕로 132
카페만감교차,126.9167986,33.43566498,제주특별자치도 서귀포시 성산읍 환해장성로 950
촌촌해녀촌,126.7098809,33.5536616,제주특별자치도 제주시 구좌읍 동복로 33
샤넬 제주팝업부티크,126.4080349,33.24743445,제주특별자치도 서귀포시 중문관광로72번길 75
백성원해장국 본점,126.531282,33.50131981,제주특별자치도 제주시 동광로4길 1
라이진,126.4290226,33.44983551,제주특별자치도 제주시 애월읍 하광로 463-1
에퀴드,126.5315639,33.50312587,제주특별자치도 제주시 동광로7길 14
내가여기서이걸할줄몰랐다,126.1793135,33.34608653,제주특별자치도 제주시 한경면 한경해안로 565
도두사수항,126.4786372,33.50972326,제주특별자치도 제주시 도두이동 836-7
동문올레수산,126.5261817,33.51224573,제주특별자치도 제주시 관덕로14길 10
제주도민이네 라오면,126.1788127,33.34680088,제주특별자치도 제주시 한경면 한경해안로 563-2
하루방보쌈 제주본점,126.5238697,33.51658975,제주특별자치도 제주시 중앙로2길 9
오션포인트,126.208616,33.36677529,제주특별자치도 제주시 한경면 판포동1길 33-33
에코블루오피스텔,126.4916994,33.48144955,제주특별자치도 제주시 연북로 98
도르멍국수,126.706768,33.50993773,제주특별자치도 제주시 조천읍 중산간동로 1305
용철이네횟집,126.416815,33.48619935,제주특별자치도 제주시 애월읍 하귀5길 14
제주이모집,126.5290028,33.51281007,제주특별자치도 제주시 동문로6길 1
돌담에꽃머무는집,126.3626732,33.23786228,제주특별자치도 서귀포시 안덕면 대평로 46
마제스티 펜션,126.2497868,33.39969735,제주특별자치도 제주시 한림읍 옹포2길 12
웨스트그라운드,126.1964572,33.33917163,제주특별자치도 제주시 한경면 신한로 183-16
준이순대국밥,126.7077868,33.28298204,제주특별자치도 서귀포시 남원읍 남위남성로 10-2
제주 스위스마을 215&216동,126.6765921,33.49493757,제주특별자치도 제주시 조천읍 함와로 566-29
진미명가,126.3075835,33.22832083,제주특별자치도 서귀포시 안덕면 사계남로 167
오션하우스,126.3101845,33.2348125,제주특별자치도 서귀포시 안덕면 사계남로216번길 42
미향해장국 플레이사계점,126.3098877,33.2339444,제주특별자치도 서귀포시 안덕면 사계남로216번길 31
아리아호텔,126.4155512,33.25587672,제주특별자치도 서귀포시 중문관광로 23-1
제주선물가게,126.9201204,33.44863235,제주특별자치도 서귀포시 성산읍 섭지코지로25번길 116
AM11,126.3778249,33.48396133,제주특별자치도 제주시 애월읍 애월해안로 720
스시망고,126.4432533,33.26262986,제주특별자치도 서귀포시 1100로 171
굿모닝마트,126.2705314,33.31841415,제주특별자치도 제주시 한경면 명이5길 10
돈뜰,126.2606398,33.32362283,제주특별자치도 제주시 한경면 녹차분재로 619
횟집학개론,126.2787831,33.27485168,제주특별자치도 서귀포시 대정읍 영어도시로 26
큰어멍식당,126.5221172,33.2443078,제주특별자치도 서귀포시 이어도로 1036
보배쌤보리김치와게장 하귀점,126.4104527,33.4855724,제주특별자치도 제주시 애월읍 하귀12길 4
창꼬,126.2595612,33.26596243,제주특별자치도 서귀포시 대정읍 중산간서로 2598
위미위드미게스트하우스,126.6640352,33.27669172,제주특별자치도 서귀포시 남원읍 태위로151번길 17
이치카,126.6276991,33.29012706,제주특별자치도 서귀포시 남원읍 신례로 308
지오아라,126.3078076,33.23636811,제주특별자치도 서귀포시 안덕면 사계로114번길 54-86
푸르미르,126.9299629,33.46821406,제주특별자치도 서귀포시 성산읍 한도로 207
미리로,126.448501,33.4976287,제주특별자치도 제주시 테우해안로 136
엔제리너스 빌라드샬롯카페제주공항점,126.4940141,33.50691816,제주특별자치도 제주시 공항로 2
우땅,126.9435135,33.50947396,제주특별자치도 제주시 우도면 우도해안길 352
고사리식당,126.7074422,33.45281198,제주특별자치도 제주시 조천읍 번영로 1680
아랑디 애월,126.394988,33.43135014,제주특별자치도 제주시 애월읍 유소길 19
보스코화덕피자,126.4878591,33.46944615,제주특별자치도 제주시 수목원길 27
7밀리그램,126.2835539,33.3743584,제주특별자치도 제주시 한림읍 명상로 13
자홍원펜션,126.3329599,33.24606268,제주특별자치도 서귀포시 안덕면 화순로 125
넥스트도어,126.2665488,33.4114497,제주특별자치도 제주시 한림읍 한림상로 137
명월일공육스테이,126.2673601,33.38408312,제주특별자치도 제주시 한림읍 명월로 106
드링킹타이거,126.2399836,33.39281267,제주특별자치도 제주시 한림읍 한림로 328
수선화식당,126.2431753,33.39719857,제주특별자치도 제주시 한림읍 협재1길 24
호텔시드니,126.3960532,33.48369808,제주특별자치도 제주시 애월읍 애월해안로 945
옛날아우내순대 제주점,126.3968277,33.48248832,제주특별자치도 제주시 애월읍 애월해안로 960
제주사진집,126.3411319,33.25006975,제주특별자치도 서귀포시 안덕면 일주서로 1613-83
렌소이스 게스트하우스,126.8651329,33.5208322,제주특별자치도 제주시 구좌읍 상도북4길 3
앵콜열무냉면,126.5274283,33.25753153,제주특별자치도 서귀포시 호근북로 1-1
제주도게스트하우스 카프리 애월,126.3141071,33.46333134,제주특별자치도 제주시 애월읍 애월로4길 18
시류객잔,126.7103749,33.27540952,제주특별자치도 서귀포시 남원읍 남태해안로 11-11
범일분식,126.7169239,33.27845175,제주특별자치도 서귀포시 남원읍 태위로 658
위미상회,126.657088,33.27423654,제주특별자치도 서귀포시 남원읍 태위로 90
반건조오징어,126.7160715,33.27650228,제주특별자치도 서귀포시 남원읍 남원리 128-48
HFF,126.719012,33.28006139,제주특별자치도 서귀포시 남원읍 태위로679번길 10
후스토리게스트하우스,126.413088,33.25704444,제주특별자치도 서귀포시 색달중앙로 15-1
임창정의소주한잔 서귀포점,126.5640252,33.24764271,제주특별자치도 서귀포시 이중섭로 4-1
은성약국,126.5663435,33.24928817,제주특별자치도 서귀포시 중앙로42번길 46
중문관광단지 별내린전망대,126.4168475,33.2474833,제주특별자치도 서귀포시 색달동 2938-1
싹게스트하우스,126.4519536,33.49688308,제주특별자치도 제주시 테우해안로 172
등불게스트하우스,126.3370757,33.46603934,제주특별자치도 제주시 애월읍 고내로7길 37
한치앞도모를바다,126.24244,33.39461104,제주특별자치도 제주시 한림읍 협재6길 9
바다애,126.2416559,33.39256866,제주특별자치도 제주시 한림읍 협재2길 20
용두암오메기떡,126.5106573,33.51297157,제주특별자치도 제주시 용담로7길 6
일출봉거북식당,126.9342149,33.46184382,제주특별자치도 서귀포시 성산읍 일출로 270
씨오르리조트,126.5185522,33.24244751,제주특별자치도 서귀포시 이어도로 989
최남단현대주유소,126.2874586,33.22691698,제주특별자치도 서귀포시 대정읍 상모로 14
용왕난드르,126.3669436,33.23545332,제주특별자치도 서귀포시 안덕면 대평감산로 8
신창흑돼지두루치기 신창점,126.1829647,33.34966828,제주특별자치도 제주시 한경면 두신로 74-1
한림농협주유소,126.2629661,33.40873452,제주특별자치도 제주시 한림읍 한림상로 89
하모스테이,126.2263758,33.38852539,제주특별자치도 제주시 한림읍 금능5길 11
금능생각,126.2324569,33.38924114,제주특별자치도 제주시 한림읍 금능길 89
하바나미역,126.2295466,33.38813399,제주특별자치도 제주시 한림읍 금능길 60
섬301,126.5204284,33.51214065,제주특별자치도 제주시 관덕로2길 9
섬고래,126.2300412,33.38847605,제주특별자치도 제주시 한림읍 금능길 65
서귀포시축협 하나로마트,126.5884548,33.25714979,제주특별자치도 서귀포시 일주동로 8421
착한전복 제주중문점,126.4182422,33.25464691,제주특별자치도 서귀포시 천제연로 119
등경돌,126.9345865,33.4626203,제주특별자치도 서귀포시 성산읍 일출로 279
제주애퐁당 성산점,126.9351695,33.46269995,제주특별자치도 서귀포시 성산읍 일출로 284-4
커피가게쉬고가게,126.842168,33.32498887,제주특별자치도 서귀포시 표선면 민속해안로 593
더한근,126.4790532,33.4909485,제주특별자치도 제주시 다랑곶6길 48
제주지방해양경찰청 수련원,126.7906625,33.37680752,제주특별자치도 서귀포시 표선면 중산간동로 4821
진국옹기설렁탕,126.5603026,33.25132989,제주특별자치도 서귀포시 중앙로79번길 10
피플 제주점,126.4904812,33.48799534,제주 제주시 신대로14길 56
탑텐 제주연동점,126.4836273,33.48227359,제주특별자치도 제주시 연북로 21
스타벅스 제주서해안로DT점,126.4844801,33.51248673,제주특별자치도 제주시 서해안로 380
푸동,126.4809205,33.48421604,제주특별자치도 제주시 원노형2길 22
에브리싱글데이,126.2751962,33.25020875,제주특별자치도 서귀포시 대정읍 추사로 72-1
하원가,126.4487511,33.24269511,제주특별자치도 서귀포시 이어도로 278
영락리 방파제,126.1938882,33.25298923,제주특별자치도 서귀포시 대정읍 무릉리 3783-3
카페데이앤데이,126.206689,33.2455188,제주특별자치도 서귀포시 대정읍 노을해안로 216
라인렌트카,126.4910432,33.49964639,제주특별자치도 제주시 다호길 69
풍차와전복,126.1820749,33.35635762,제주특별자치도 제주시 한경면 두모5길 59
귤한편,126.5923613,33.28621583,제주특별자치도 서귀포시 516로 387
디스빌라691,126.1935197,33.36092601,제주특별자치도 제주시 한경면 금등2길 14-2
메이비웨이비,126.4601571,33.24580165,제주특별자치도 서귀포시 월평로 31-2
군자대한곱창 제주서귀포점,126.5612771,33.2470001,제주특별자치도 서귀포시 태평로353번길 22-5
애플호텔,126.5335499,33.503045,제주특별자치도 제주시 동광로 45
명진농수특산물직판장,126.5860758,33.25733665,제주특별자치도 서귀포시 일주동로 8437
우마담풍하,126.4788094,33.48314871,제주특별자치도 제주시 노형13길 7
녹색집,126.4956562,33.48839626,제주특별자치도 제주시 은남길 16
올레카페,126.2288718,33.40527438,제주특별자치도 제주시 한림읍 비양도길 24
서툰가족,126.2980741,33.22820804,제주특별자치도 서귀포시 안덕면 사계중앙로 41-15
영희네우럭명가,126.8547714,33.52586855,제주특별자치도 제주시 구좌읍 세화1길 27
국수명가,126.3092225,33.23435635,제주특별자치도 서귀포시 안덕면 사계남로216번길 47
제주신화월드 랜딩델리,126.3177061,33.30592537,제주특별자치도 서귀포시 안덕면 신화역사로304번길 38
"저지예술인마을(제주도립김창열미술관, 제주현대미술관)",126.2671182,33.33951296,제주특별자치도 제주시 한경면 저지14길 28-4
신양신산해안도로,126.916247,33.43443842,제주특별자치도 서귀포시 성산읍 고성리
오늘도화창,126.7949726,33.55513727,제주특별자치도 제주시 구좌읍 월정5길 56
카페유디에이,126.5285235,33.24103048,제주특별자치도 서귀포시 속골로 13-7
김씨술생활 제주함덕점,126.6701723,33.54111301,제주특별자치도 제주시 조천읍 함덕19길 7
어머니몸국,126.6384348,33.53738198,제주특별자치도 제주시 조천읍 신북로 245
평대리 1972,126.8385668,33.5349546,제주특별자치도 제주시 구좌읍 평대리
호로록,126.9116643,33.45097081,제주특별자치도 서귀포시 성산읍 일주동로 4230
태선갈비,126.5253416,33.50682937,제주특별자치도 제주시 중앙로23길 2
롯데리아 함덕점,126.6694995,33.54248885,제주특별자치도 제주시 조천읍 조함해안로 530
저지안트레,126.2504885,33.34021271,제주특별자치도 제주시 한경면 용금로 667-1
고기덕후,126.2606005,33.22768621,제주특별자치도 서귀포시 대정읍 상모대서로66번길 9
카페방주,126.3869984,33.30559589,제주특별자치도 서귀포시 안덕면 산록남로762번길 119
오늘은카트레이싱,126.7905232,33.38155972,제주특별자치도 서귀포시 표선면 중산간동로 4776
청수미방,126.2410042,33.32280657,제주특별자치도 제주시 한경면 낙수로 271-18
청진동해물탕 함덕점,126.6692601,33.53890889,제주특별자치도 제주시 조천읍 함덕20길 19
카페블루하우스모슬포,126.2523648,33.22604474,제주특별자치도 서귀포시 대정읍 하모중앙로 22
다빈장,126.3558925,33.47238473,제주특별자치도 제주시 애월읍 신엄안3길 115
둘치스라운지,126.3054936,33.25384293,제주특별자치도 서귀포시 안덕면 덕수회관로 107
검은여식당,126.8278776,33.33684613,제주특별자치도 서귀포시 표선면 번영로 3496
서귀포 올래시장,126.563863,33.247846,제주특별자치도 서귀포시 중정로 70
협재일공일,126.2411018,33.39227316,제주특별자치도 제주시 한림읍 협재2길 10-1
영진보말칼국수 제주협재점,126.2612996,33.41460026,제주특별자치도 제주시 한림읍 한림로5길 23
협재술시,126.2410999,33.39248592,제주특별자치도 제주시 한림읍 협재2길 12
워시테리아 올레시장점,126.5633109,33.25058944,제주특별자치도 서귀포시 중정로91번길 35
방림원,126.2685278,33.33714664,제주특별자치도 제주시 한경면 용금로 864
조마루 함덕점,126.6684896,33.54080558,제주특별자치도 제주시 조천읍 함덕16길 4
봉분식,126.534928,33.4892522,제주특별자치도 제주시 구남동2길 30
세리승마,126.5124906,33.24733236,제주특별자치도 서귀포시 법환상로2번길 97-13
흑돼지BBQ,126.5596588,33.24682758,제주특별자치도 서귀포시 태평로353번길 7
제주의시간은느리다,126.8641649,33.51203152,제주특별자치도 제주시 구좌읍 상도로 30-4
GS25 제주강정점,126.495707,33.23558395,제주특별자치도 서귀포시 이어도로 752
제주곰집,126.4907541,33.234911,제주특별자치도 서귀포시 이어도로 703-4
해양호식당,126.4606129,33.49498807,제주특별자치도 제주시 일주서로 7620
산방사,126.3124722,33.23695659,제주특별자치도 서귀포시 안덕면 산방로 218-11
"원앙폭포, 영천의 잘 알려지지 않은 계곡",126.5819505,33.3005024,제주 서귀포시 돈내코로 137
"하효쇠소깍해수욕장, 쇠소깍",126.6224066,33.25424679,제주 서귀포시 쇠소깍로 104
호텔아로하,126.9310594,33.46649802,제주특별자치도 서귀포시 성산읍 성산등용로 40
미령이네감귤체험농장,126.3042584,33.26128966,제주특별자치도 서귀포시 안덕면 덕수서로 123
탐라주유소,126.5822582,33.26122974,제주특별자치도 서귀포시 516로 86
함덕서우재,126.6740554,33.54379922,제주특별자치도 제주시 조천읍 평사길 19
한림칼국수 공항점,126.4676239,33.47894482,제주특별자치도 제주시 광평중길 82
미스터피자 제주중앙점,126.529474,33.49973337,제주특별자치도 제주시 중앙로 222
호텔리젠트마린 런치뷔페,126.5266727,33.51749369,제주특별자치도 제주시 서부두2길 20
성지도예 나무랑펜션,126.7743298,33.41143967,제주특별자치도 서귀포시 표선면 성읍이리로 85
성지도예,126.774317,33.41141089,제주특별자치도 서귀포시 표선면 성읍이리로 85
표선해비치갓더라면,126.8437744,33.32517303,제주특별자치도 서귀포시 표선면 민속해안로 580
다이소 제주성산점,126.9151949,33.44817828,제주특별자치도 서귀포시 성산읍 고성오조로 50-1
원조남원포구식당,126.7188071,33.278337,제주특별자치도 서귀포시 남원읍 남원회관로 53
풀잎들,126.8939312,33.49281315,제주특별자치도 제주시 구좌읍 일주동로 3719
까떼커피,126.8423949,33.32542555,제주특별자치도 서귀포시 표선면 민속해안로 594
LP카페,126.7662771,33.29943433,제주특별자치도 서귀포시 남원읍 태신해안로 227-3
소랑호젠펜션,126.7054958,33.27568784,제주특별자치도 서귀포시 남원읍 태위로 545
카페담아,126.5657829,33.24069458,제주특별자치도 서귀포시 칠십리로 94-1
도시어부,126.4781119,33.49037473,제주특별자치도 제주시 월랑로10길 26
CU 서귀영락해안도로점,126.2003504,33.24874652,제주특별자치도 서귀포시 대정읍 노을해안로 288
일성식당,126.2971012,33.23140328,제주특별자치도 서귀포시 안덕면 산방로 372
매오름,126.8136193,33.31768039,제주특별자치도 서귀포시 표선면 세화리 산 7
토담집,126.5716971,33.25344701,제주특별자치도 서귀포시 동홍중앙로 31
제주혁이네해장국,126.6006386,33.26089612,제주특별자치도 서귀포시 효돈로 11
삼매봉,126.5463088,33.24397192,제주특별자치도 서귀포시 남성로115번길 83
항아리조림,126.8563964,33.52616707,제주특별자치도 제주시 구좌읍 세화3길 32
영락해안도로,126.2358252,33.23539493,제주특별자치도 서귀포시 대정읍 일과리
섯알오름,126.2812168,33.20649191,제주특별자치도 서귀포시 대정읍 상모리 1593-2
빽다방 서귀포하원점,126.4613837,33.2536529,제주특별자치도 서귀포시 일주서로 443
새한약국,126.933293,33.46333279,제주특별자치도 서귀포시 성산읍 성산중앙로 39
CU 제주섭지코지점,126.9217081,33.43639668,제주특별자치도 서귀포시 성산읍 신양로 114
좀녀와농부,126.903309,33.39115141,제주특별자치도 서귀포시 성산읍 온평리 1286-4
안동본가국밥 관광대점,126.4359656,33.44793788,제주특별자치도 제주시 애월읍 평화로 2727
잇수다,126.3374604,33.46694298,제주특별자치도 제주시 애월읍 고내로7길 46-1
금산공원,126.3301688,33.43368932,제주특별자치도 제주시 애월읍 납읍리 1457
돼지구이연구소,126.5294162,33.50166617,제주특별자치도 제주시 동광로1길 6
도담카운티,126.6546917,33.28226614,제주특별자치도 서귀포시 남원읍 위미항구로 85
가파도상동포구 대합실,126.2708632,33.17458736,제주특별자치도 서귀포시 대정읍 가파로 241
모이세해장국 모슬포점,126.2527404,33.22603437,제주특별자치도 서귀포시 대정읍 동일하모로 201
쌈총사횟집 성산점,126.916256,33.44748836,제주특별자치도 서귀포시 성산읍 일출로 32
꼬라지오,126.5507331,33.25251109,제주특별자치도 서귀포시 일주동로 8777
화순곶자왈탐방로 입구,126.3286514,33.26084041,제주특별자치도 서귀포시 안덕면 화순서서로 112
정이가네 동홍2호점,126.5757181,33.25500349,제주특별자치도 서귀포시 일주동로 8542
어멍식당,126.6446455,33.4742422,제주특별자치도 제주시 조천읍 와흘로 357
만덕식당,126.1653841,33.30857404,제주특별자치도 제주시 한경면 노을해안로 1168
금능이모네,126.2432907,33.39814775,제주특별자치도 제주시 한림읍 협재1길 33
퍼시픽펜션,126.9325296,33.46566213,제주특별자치도 서귀포시 성산읍 한도로242번길 14
섭지골,126.9341563,33.46389134,제주특별자치도 서귀포시 성산읍 성산중앙로 48
트로피컬하이드어웨이 브런치카페,126.29127,33.2092409,제주특별자치도 서귀포시 대정읍 형제해안로 284
상원가든,126.2653104,33.22174542,제주특별자치도 서귀포시 대정읍 송악관광로 132
야자수하우스,126.3157138,33.26706315,제주특별자치도 서귀포시 안덕면 덕수서로174번길 113
올레자매밥집,126.5655893,33.24294888,제주특별자치도 서귀포시 솔동산로21번길 17
삼대국수회관 서귀포점,126.5621598,33.24645322,제주특별자치도 서귀포시 중앙로 20
아라파파,126.4909003,33.47845839,제주특별자치도 제주시 국기로3길 2
제주스쿠버스쿨,126.5288506,33.24846926,제주특별자치도 서귀포시 서호호근로46번길 68
프로스힐 제주,126.4444658,33.24164819,제주특별자치도 서귀포시 이어도로 228
블랙이쉬레드,126.3985703,33.41600166,제주특별자치도 제주시 애월읍 하소로 769-10
BHC치킨 제주탑동점,126.5245646,33.51666454,제주특별자치도 제주시 중앙로 20
칼초네화덕피자,126.3956983,33.25211043,제주특별자치도 서귀포시 예래로 115
동법사,126.8275645,33.53665374,제주특별자치도 제주시 구좌읍 한동로1길 14
박별김모리,126.3114562,33.41883414,제주특별자치도 제주시 애월읍 봉성로3길 11-1
행복김밥,126.4303304,33.486026,제주특별자치도 제주시 우정로16길 2
신도리어촌계,126.1710215,33.27654379,제주특별자치도 서귀포시 대정읍 노을해안로 724
우리 승마장,126.8124787,33.38685668,제주특별자치도 서귀포시 성산읍 중산간동로 4517
아이존액트,126.3163523,33.30493427,제주특별자치도 서귀포시 안덕면 신화역사로304번길 38
노랑통닭 제주중문점,126.4260665,33.25150775,제주특별자치도 서귀포시 천제연로 200
중문흑돼지천국,126.4171499,33.25495015,제주특별자치도 서귀포시 천제연로 107
서귀동순대 나이트마켓,126.5690007,33.24573417,제주특별자치도 서귀포시 동부로 13-5
카페 준,126.5621813,33.2436366,제주특별자치도 서귀포시 솔동산로22번길 15-3
참숯구이몬트락 제주본점,126.5269388,33.516313,제주특별자치도 제주시 임항로 20
김밥천국 연동점,126.4903037,33.48773513,제주특별자치도 제주시 신광로 47
아마빌레펜션,126.3925945,33.4847162,제주특별자치도 제주시 애월읍 애월해안로 909
새벽숯불가든,126.9067011,33.46762532,제주특별자치도 서귀포시 성산읍 일주동로 4036
토이마켓 제주점,126.5462937,33.5117963,제주특별자치도 제주시 동문로 192
마레1440,126.8590685,33.52471856,제주특별자치도 제주시 구좌읍 해맞이해안로 1440
산지해장국 성산점,126.9329087,33.46229032,제주특별자치도 서귀포시 성산읍 성산중앙로 30-4
청송가,126.8354483,33.32311559,제주특별자치도 서귀포시 표선면 표선백사로 86
오뚜기빵집,126.6611843,33.27499523,제주특별자치도 서귀포시 남원읍 태위로 129
이듸포차,126.2512898,33.2200173,제주특별자치도 서귀포시 대정읍 하모항구로 73
제주아산렌트카,126.5054767,33.48976208,제주특별자치도 제주시 연미길 44
더블루웨이브,126.2979086,33.23616837,제주특별자치도 서귀포시 안덕면 사계북로 95
CU 제주용담해안도로점,126.4941114,33.51978963,제주특별자치도 제주시 서해안로 516
노리매,126.2873393,33.28311468,제주특별자치도 서귀포시 대정읍 중산간서로 2260-15
어촌계식당,126.1710185,33.27641033,제주특별자치도 서귀포시 대정읍 노을해안로 724
영해식당,126.2524794,33.22140211,제주특별자치도 서귀포시 대정읍 하모상가로 34-2
제주바다,126.2511157,33.21778475,제주특별자치도 서귀포시 대정읍 최남단해안로30번길 9
제주동문공설시장,126.5282147,33.51206235,제주특별자치도 제주시 동문로4길 9
광이멀풀스테이,126.3048712,33.40585508,제주특별자치도 제주시 한림읍 월각로 151
엄지흑돼지,126.3680751,33.47190017,제주특별자치도 제주시 애월읍 일주서로 6701
태공식당,126.3202209,33.46499599,제주특별자치도 제주시 애월읍 애월로11길 7
미주크크,126.5306015,33.5037858,제주특별자치도 제주시 동광로5길 26
바굼지오름,126.4128413,33.47857208,제주특별자치도 제주시 애월읍 상귀리 332
고토커피바,126.3808909,33.48099514,제주특별자치도 제주시 애월읍 구엄동3길 56
컴포즈커피 서귀포올레시장점,126.5634627,33.24769483,제주특별자치도 서귀포시 중정로 66-1
예원이네은갈치조림,126.3529814,33.25841602,제주특별자치도 서귀포시 안덕면 일주서로 1524
요레,126.8598893,33.52434262,제주특별자치도 제주시 구좌읍 해맞이해안로 1450-1
각자의섬,126.900496,33.49030402,제주특별자치도 제주시 구좌읍 종달논길 82
종달리746,126.9025193,33.49186991,제주특별자치도 제주시 구좌읍 종달동길 29-9
리치망고 하도점,126.8891098,33.52702835,제주특별자치도 제주시 구좌읍 해맞이해안로 1752
꽃돼지정식,126.9017914,33.49419728,제주특별자치도 제주시 구좌읍 종달논길 24
동백동산습지센터,126.7156631,33.50970601,제주특별자치도 제주시 조천읍 동백로 77
제주불빛정원,126.4091788,33.4222944,제주특별자치도 제주시 애월읍 평화로 2346
팟타이만,126.7933925,33.55662047,제주특별자치도 제주시 구좌읍 월정1길 61
문문선,126.5252036,33.46743098,제주특별자치도 제주시 오등6길 31
아라파파 북촌점,126.6966701,33.55130384,제주특별자치도 제주시 조천읍 북촌15길 60
공설,126.5166788,33.4985409,제주특별자치도 제주시 공설로 15
세븐일레븐 서귀포라마다점,126.5191694,33.25434778,제주특별자치도 서귀포시 서호중로 55
스와브호텔,126.5532077,33.25714716,제주특별자치도 서귀포시 서홍로 102
서광보말칼국수,126.3219179,33.28919653,제주특별자치도 서귀포시 안덕면 중산간서로 1882
빈계절,126.2235504,33.28113584,제주특별자치도 서귀포시 대정읍 무영로228번길 17-7
보름우스테이,126.6163364,33.2569937,제주특별자치도 서귀포시 효돈순환로 262
제주시차,126.2826003,33.44163312,제주특별자치도 제주시 한림읍 귀덕5길 20-14
벨루아,126.1722796,33.27562442,제주특별자치도 서귀포시 대정읍 노을해안로 708
우보악,126.4018024,33.27536205,제주특별자치도 서귀포시 색달동 912-1
안뜨르,126.5152825,33.24016361,제주특별자치도 서귀포시 이어도로 955-3
동현식당,126.2519846,33.21803432,제주특별자치도 서귀포시 대정읍 최남단해안로 28
우성이네,126.5052073,33.25257091,제주특별자치도 서귀포시 신서로32번길 6
제주침시술소바,126.4792276,33.48338037,제주특별자치도 제주시 노형10길 21
서귀포통나무집,126.6041966,33.24226446,제주특별자치도 서귀포시 칠십리로503번길 1
번영로주유소,126.6019185,33.48604501,제주특별자치도 제주시 번영로 578
골든튤립제주성산호텔(뷔페),126.9162598,33.44800589,제주특별자치도 서귀포시 성산읍 일출로 31
다이소 서귀포점,126.5694605,33.25327069,제주특별자치도 서귀포시 동홍서로 49
엄마의집밥,126.6723937,33.45104915,제주시 삼성로5길 20-2
배스킨라빈스 서귀포혁신점,126.5057103,33.25243406,제주특별자치도 서귀포시 신서로32번길 10
카페봄봄 제주예래점,126.3846056,33.26407101,제주특별자치도 서귀포시 소보리당로164번길 63
제이팜휴양펜션,126.4550844,33.25262286,제주특별자치도 서귀포시 일주서로 505
제주동문공설시장(야시장),126.5282147,33.51206235,제주특별자치도 제주시 동문로4길 9
삼거리식당,126.3711866,33.26500827,제주특별자치도 서귀포시 안덕면 일주서로 1332
블라썸,126.5361029,33.49572644,제주특별자치도 제주시 오복4길 4
제주명성아카데미하우스,126.6574935,33.45693423,제주특별자치도 제주시 조천읍 남조로 2119-39
대춘해장국 본점,126.5237728,33.48042109,제주특별자치도 제주시 연북로 398
맨도롱전복콩나물국밥,126.5233582,33.24578762,제주특별자치도 서귀포시 이어도로 1055
라신비,126.2755664,33.43784164,제주특별자치도 제주시 한림읍 한림해안로 548
소담명가찰솥밥,126.4426739,33.25247319,제주특별자치도 서귀포시 천제연로 357
안뜨레제주집,126.5107167,33.25371974,제주특별자치도 서귀포시 신서귀로51번길 5
엉클통김밥 법환점,126.5073304,33.24903594,제주특별자치도 서귀포시 월드컵로 8
삼성혈해물탕 서귀포점,126.5142379,33.24880795,제주특별자치도 서귀포시 서호남로32번길 31-1
오백장군과까마귀,126.4964522,33.34817235,제주특별자치도 서귀포시 영실로 495
스테이느으린,126.2135184,33.26099496,제주특별자치도 서귀포시 대정읍 삼통로 75
한라산그린포크 외도점,126.4319315,33.48798619,제주특별자치도 제주시 우정로11길 9
제주대벚꽃길,126.5592512,33.45933953,제주특별자치도 제주시 아라일동
블루제주솝,126.4328548,33.48896414,제주특별자치도 제주시 우정로15길 48
미풍무한정해장국 외도점,126.4300755,33.48484735,제주특별자치도 제주시 우정로18길 5
뚜레쥬르 서귀포점,126.5624593,33.24748934,제주특별자치도 서귀포시 중정로 56-1
설빙 신제주직영점,126.4901537,33.48616213,제주특별자치도 제주시 신광로 65
서서방숯불닭갈비,126.490207,33.48661676,제주특별자치도 제주시 신광로 61
나그네쉼터 어시장수산식당,126.6529476,33.27296998,제주특별자치도 서귀포시 남원읍 태위로 48
제주해녀 항일운동기념공원,126.8638084,33.52248609,제주특별자치도 제주시 구좌읍 해녀박물관길 26
에일린게스트하우스,126.8554558,33.52214484,제주특별자치도 제주시 구좌읍 세화4길 15
성산마을제단,126.9361078,33.46814165,제주특별자치도 서귀포시 성산읍 성산리 307-1
명희네연탄구이,126.8200859,33.32732112,제주특별자치도 서귀포시 표선면 세성로266번길 234
제주4.3 성산읍 희생자 추모공원,126.9279469,33.45653166,제주특별자치도 서귀포시 성산읍 고성리 224-1
윌라라 (허영만의 백반기행 촬영지),126.932919,33.46285473,제주특별자치도 서귀포시 성산읍 성산중앙로 33
고성오일시장 (우리들의블루스 촬영지),126.9133003,33.45199259,제주특별자치도 서귀포시 성산읍 고성오조로 93
카페모래알,126.2408371,33.39452911,제주특별자치도 제주시 한림읍 한림로 349-1
쌍교숯불갈비 제주 애월 하귀점,126.3910134,33.48585797,제주특별자치도 제주시 애월읍 애월해안로 890
육회한애월,126.317307,33.46455803,제주특별자치도 제주시 애월읍 애월로 94
애월빵명장,126.3572962,33.47839027,제주특별자치도 제주시 애월읍 애월해안로 496
제주밥상,126.4919038,33.48275409,제주특별자치도 제주시 사장3길 27
오일장반점 신화월드점,126.3170454,33.30570084,제주특별자치도 서귀포시 안덕면 신화역사로304번길 38
탐라면,126.3122701,33.46217525,제주특별자치도 제주시 애월읍 애월로 37
제주승마공원,126.4068736,33.40584186,제주특별자치도 제주시 애월읍 녹고메길 152-1
심봉사눈뜬톳해물짜장짬뽕,126.267117,33.11969602,제주특별자치도 서귀포시 대정읍 마라로 43
삼미흑돼지 중문점,126.4134512,33.25857891,제주특별자치도 서귀포시 색달중앙로 33
빕스 프리미어 제주점,126.4922316,33.49332029,제주특별자치도 제주시 도령로 142
엘리사,126.3899645,33.48538488,제주특별자치도 제주시 애월읍 가문동상2길 28
명월역,126.2620913,33.39166043,제주특별자치도 제주시 한림읍 명재로 142-11
엑트몬 중문점,126.4216624,33.2438864,제주 서귀포시 중문관광로 205
제주도하숙집 게스트하우스,126.4330501,33.49069608,제주특별자치도 제주시 절물3길 22-4
뻘떡낙지 서귀포점,126.5234864,33.2462768,제주특별자치도 서귀포시 이어도로 1059
제주배럴서프스쿨,126.4135665,33.26060269,제주특별자치도 서귀포시 색달중앙로 58
인더그린,126.4858062,33.47296198,제주특별자치도 제주시 1100로 3198-20
누옥,126.528739,33.50827046,제주특별자치도 제주시 삼성로5길 21-1
담다,126.2412472,33.3938374,제주특별자치도 제주시 한림읍 협재4길 8
연월,126.3469023,33.45701072,제주특별자치도 제주시 애월읍 고하상로 102
제주삼다국수,126.3268835,33.2436641,제주특별자치도 서귀포시 안덕면 산방로 53
위미해오름식당,126.6632237,33.27416315,제주특별자치도 서귀포시 남원읍 위미중앙로 179
우리들컨트리클럽,126.5888319,33.3103975,제주특별자치도 서귀포시 산록남로 2914
CU 서귀태흥점,126.7575326,33.29297723,제주특별자치도 서귀포시 남원읍 일주동로 6745
곱단이네식당,126.7215695,33.28240228,제주특별자치도 서귀포시 남원읍 태위로723번길 31-1
욜로,126.7180787,33.27788093,제주특별자치도 서귀포시 남원읍 남원회관로 46
태흥2리어촌계횟집,126.7493352,33.28745831,제주특별자치도 서귀포시 남원읍 남태해안로 509
설빙 제주아라점,126.5409075,33.49392672,제주특별자치도 제주시 박성내동길 3
진아떡집,126.5283808,33.51239658,제주특별자치도 제주시 동문로4길 7-1
설빙 제주대병원점,126.5452962,33.47201249,제주특별자치도 제주시 중앙로 576
SK행복충전 소명충전소,126.5473028,33.4560399,제주특별자치도 제주시 한북로 313
제주아이키친,126.5260682,33.51174041,제주특별자치도 제주시 관덕로14길 16
용천수탐방길,126.6306113,33.53705956,제주특별자치도 제주시 조천읍 조천1길 13-14
칠프로 칠백식당 제주직영점,126.4793387,33.47739877,제주특별자치도 제주시 진군중길 18
딜레탕트,126.6284234,33.53509115,제주특별자치도 제주시 조천읍 신북로 144
옥란면옥,126.6308114,33.53556352,제주특별자치도 제주시 조천읍 신북로 163
당근과깻잎,126.8440821,33.53054477,제주특별자치도 제주시 구좌읍 평대7길 24-3
참피온호텔,126.5194093,33.5091903,제주특별자치도 제주시 남성로 131
마구로쇼쿠도,126.5464453,33.49387138,제주특별자치도 제주시 신설로9길 26-12
제일수산횟집,126.5604354,33.25139167,제주특별자치도 서귀포시 중앙로79번길 8
베이힐풀앤빌라,126.3726624,33.23690685,제주특별자치도 서귀포시 예래로 424
LMNT,126.4121588,33.25030323,제주특별자치도 서귀포시 중문관광로110번길 31
제주모슬포 알뜨르비행장 일제고사포진지,126.2843656,33.20546147,제주특별자치도 서귀포시 대정읍 상모리 316
제주 셋알오름 일제동굴진지,126.2857489,33.20495369,제주특별자치도 서귀포시 대정읍 상모리 170-1
제주돈아 본점,126.3698542,33.47268009,제주특별자치도 제주시 애월읍 일주서로 6721
국수마씸,126.52093,33.51096151,제주특별자치도 제주시 관덕로2길 24
쿠주소셜클럽,126.5294338,33.49881359,제주특별자치도 제주시 신성로13길 14-1
아뜰리에안,126.5060126,33.23151207,제주특별자치도 서귀포시 막숙포로 166
신대장군집,126.4919324,33.48964958,제주특별자치도 제주시 삼무로 50
스누즈,126.3079309,33.23732812,제주특별자치도 서귀포시 안덕면 사계북로 192
유니식탁,126.2418171,33.39480738,제주특별자치도 제주시 한림읍 한림로 356
동부농원,126.8861819,33.44293651,제주특별자치도 서귀포시 성산읍 서성일로 1007
얼짱쭈꾸미 제주점,126.3116281,33.28932841,제주특별자치도 서귀포시 안덕면 중산간서로 1981
우리집웰빙식당,126.5636965,33.24900933,제주특별자치도 서귀포시 중정로73번길 11
금능630게스트하우스,126.2312216,33.38697592,제주특별자치도 제주시 한림읍 한림로 221
개똥이네농장,126.62336,33.49513522,제주특별자치도 제주시 조천읍 종인내길 133
CU 제주금능길점,126.2296093,33.38650431,제주특별자치도 제주시 한림읍 한림로 203
회양과국수군,126.9421214,33.50365346,제주특별자치도 제주시 우도면 우도해안길 270
비양동,126.9634271,33.51140816,제주특별자치도 제주시 우도면 연평리
함덕잠수함,126.656821,33.5478026,제주특별자치도 제주시 조천읍 조함해안로 378
제주뚝배기 전문1호점,126.9330279,33.46112731,제주특별자치도 서귀포시 성산읍 일출로 255
상효원튤립축제,126.5846434,33.30600889,제주특별자치도 서귀포시 산록남로 2847-37
법화사,126.4576028,33.26532872,제주특별자치도 서귀포시 하원북로35번길 15-28
오마제주,126.5604194,33.25136276,제주특별자치도 서귀포시 중앙로79번길 8
해피렌트카,126.4929958,33.50288208,제주특별자치도 제주시 다호7길 28
뉴제주렌터카,126.502568,33.50992804,제주특별자치도 제주시 용해로 80-7
풍로 중문점,126.4147536,33.25607313,제주특별자치도 서귀포시 중문관광로 23
장어창고,126.1867403,33.35526038,제주특별자치도 제주시 한경면 두신로 146
토속음식 한고집,126.6648911,33.54227631,제주특별자치도 제주시 조천읍 조함해안로 488-5
제주별장 이재,126.6518826,33.54844878,제주특별자치도 제주시 조천읍 신흥로2길 22
나무처럼 게스트하우스,126.2265488,33.38501388,제주특별자치도 제주시 한림읍 홍수암로 3-1
협재돈가스,126.2427376,33.39474899,제주특별자치도 제주시 한림읍 협재6길 5-2
달콤커피 볼륨1603 제주하귀점,126.4060219,33.4847885,제주특별자치도 제주시 애월읍 일주서로 7087-14
어머니빵집,126.4888475,33.49164204,제주특별자치도 제주시 도령로 103
마농밭,126.2416459,33.23013359,제주특별자치도 서귀포시 대정읍 암반수마농로 8
보말과풍경,126.2527698,33.22661519,제주특별자치도 서귀포시 대정읍 하모중앙로 17
알작지해변,126.4397934,33.49591088,제주특별자치도 제주시 내도동 465-2
들꽃정원,126.1965853,33.36463699,제주특별자치도 제주시 한경면 판포1길 37
재클린디저트 모슬포점,126.2520008,33.21814982,제주특별자치도 서귀포시 대정읍 최남단해안로 26-1
한나스테이,126.5274889,33.50421575,제주특별자치도 제주시 광양1길 6
카카오프렌즈 제주공항JDC면세점,126.4938192,33.5071121,제주특별자치도 제주시 공항로 2
하우스레서피 당근케이크,126.295435,33.44393723,제주특별자치도 제주시 한림읍 일주서로 5892
그라벨호텔제주 루프탑,126.4286535,33.4923862,제주특별자치도 제주시 일주서로 7316
비스트로낭,126.3297289,33.24903507,제주특별자치도 서귀포시 안덕면 화순로 154-25
우돈향,126.6695931,33.54250443,제주특별자치도 제주시 조천읍 조함해안로 530
에곤,126.9181991,33.43991792,제주특별자치도 서귀포시 성산읍 신고로 52-18
랜딩커피,126.9189054,33.43548966,제주특별자치도 서귀포시 성산읍 신양로122번길 45-1
우도머뭄,126.9656077,33.50606769,제주특별자치도 제주시 우도면 조일길 44
톨칸이해변,126.9594104,33.49292042,제주특별자치도 제주시 우도면 우도해안길 627
호텔탑아일랜드,126.5128761,33.50501026,제주특별자치도 제주시 용남1길 47
망고레이 우도점,126.9512428,33.49322222,제주특별자치도 제주시 우도면 우도로 1
인생네컷 제주애월트레일러점,126.3097467,33.46270128,제주특별자치도 제주시 애월읍 애월리 2538
파파엔도터,126.5686728,33.24520287,제주특별자치도 서귀포시 소암로 29
와이스토리,126.5776059,33.24671581,제주특별자치도 서귀포시 칠십리로 228-18
여름정원,126.8389517,33.3610056,제주특별자치도 서귀포시 성산읍 풍천로192번길 40-5
이어도식당,126.8020254,33.38408149,제주특별자치도 서귀포시 표선면 성읍정의현로22번길 10-1
산짓물공원,126.5287121,33.51562373,제주특별자치도 제주시 건입동 1342-1
마카로워,126.5458282,33.49375372,제주특별자치도 제주시 신설로9길 12-3
엉알해안,126.1675155,33.29942092,제주특별자치도 제주시 한경면 고산리
어애랑,126.2467578,33.39894691,제주특별자치도 제주시 한림읍 한림로 422
신화월드 테마파크,126.3164999,33.30349973,제주특별자치도 서귀포시 안덕면 신화역사로304번길 98
전원일기,126.5575587,33.25238769,제주특별자치도 서귀포시 일주동로 8713
감귤소녀체험장,126.3076705,33.28858153,제주특별자치도 서귀포시 안덕면 서광리 1790-1
어멍네집밥집,126.5184885,33.49666182,제주특별자치도 제주시 공설로 43
우드스푼,126.8550177,33.52662167,제주특별자치도 제주시 구좌읍 세평항로 38
당신의캠프닉,126.6231951,33.52176424,제주특별자치도 제주시 조천읍 신촌리 1559-1
은희네해장국 표선점,126.8289862,33.33185806,제주특별자치도 서귀포시 표선면 표선중앙로 8-4
금호제주리조트 한식당,126.7018169,33.27326811,제주특별자치도 서귀포시 남원읍 태위로 522-12
펠롱잡화점,126.855036,33.52729068,제주특별자치도 제주시 구좌읍 세평항로 45
영실매표소,126.4805139,33.34010219,제주특별자치도 서귀포시 영실로 246
행복밀,126.522086,33.49997557,제주특별자치도 제주시 서광로 239
신제주보말칼국수 제주본점,126.499935,33.48791501,제주특별자치도 제주시 선덕로5길 19
한라산 돈내코탐방안내소분기점,126.5714572,33.31398134,제주특별자치도 서귀포시 상효동
사진예술공간 큰바다영,126.5319149,33.51568275,제주특별자치도 제주시 만덕로 11
만금,126.5295055,33.49152899,제주특별자치도 제주시 도남로15길 11
그랜드하얏트제주 38포차,126.4814115,33.4852423,제주특별자치도 제주시 노연로 12
세이레아트센터,126.5159806,33.49908634,제주특별자치도 제주시 서광로 182-6
이오리,126.457917,33.49865839,제주특별자치도 제주시 도리로 53
삼양방파제,126.5897255,33.53164754,제주특별자치도 제주시 삼양일동 1912-1
코지하우스,126.2288731,33.39052082,제주특별자치도 제주시 한림읍 금능9길 28
고고애월,126.3202992,33.46709891,제주특별자치도 제주시 애월읍 애월해안로 56
조천항,126.634057,33.54202854,제주특별자치도 제주시 조천읍 조천북1길 11-13
금능길,126.2328852,33.38893545,제주특별자치도 제주시 한림읍 금능길 92
오조삼춘,126.9349073,33.4651585,제주특별자치도 서귀포시 성산읍 성산중앙로 63
오조빈티지,126.9209627,33.46861257,제주특별자치도 서귀포시 성산읍 한도로 122
감귤달,126.8402667,33.53297783,제주특별자치도 제주시 구좌읍 평대5길 31-29
쉐어하우스 라르고,126.9341553,33.46389585,제주특별자치도 서귀포시 성산읍 성산중앙로 48
귤림체험농원,126.8914374,33.44402316,제주특별자치도 서귀포시 성산읍 서성일로 1057
통물,126.6602143,33.54355464,제주특별자치도 제주시 조천읍 신북로 468
망고레이 함덕본사직영점,126.6668132,33.54249067,제주특별자치도 제주시 조천읍 조함해안로 504
제주소록,126.6750377,33.54083827,제주특별자치도 제주시 조천읍 함덕27길 4-7
스테이달숲,126.8002242,33.5547239,제주특별자치도 제주시 구좌읍 행원로1길 32-4
저팔계깡통연탄구이 본관,126.6666849,33.54170053,제주특별자치도 제주시 조천읍 신북로 531
하얀산호펜션,126.9454375,33.4945704,제주특별자치도 제주시 우도면 우도해안길 136
동백부엌,126.4654284,33.50303849,제주특별자치도 제주시 서해안로 150
힐록,126.4766161,33.48001455,제주특별자치도 제주시 노형1길 33
제주237,126.3691541,33.26228771,제주특별자치도 서귀포시 안덕면 일주서로 1365
제주이자카야달,126.3927816,33.48472433,제주특별자치도 제주시 애월읍 가문동길 27-8
정원책방,126.7198446,33.31510781,제주특별자치도 서귀포시 남원읍 원님로25번길 14
제주프리또,126.2822662,33.44041405,제주특별자치도 제주시 한림읍 귀덕5길 7
옵데가 바이 에퀴녹스,126.2466556,33.39859017,제주특별자치도 제주시 한림읍 협재10길 4
CU 제주평화로점,126.4317453,33.44414453,제주특별자치도 제주시 애월읍 하광로 533
포레스트제이 카우셰드,126.3311825,33.25541732,제주특별자치도 서귀포시 안덕면 화순서서로64번길 16
치저스,126.7740186,33.46847146,제주특별자치도 제주시 구좌읍 비자림로 1785
바르왓,126.2691971,33.40998131,제주특별자치도 제주시 한림읍 한림남길 24
하이렌터카 제주본점,126.5024757,33.51176331,제주특별자치도 제주시 용해로 58-7
탐라교육원,126.5323219,33.42714028,제주특별자치도 제주시 산록북로 429
윈썸제주,126.4816287,33.51018119,제주특별자치도 제주시 서해안로 342
더벤티 제주아라점,126.5431564,33.4773538,제주특별자치도 제주시 아연로 600
백소정,126.5441854,33.47457977,제주특별자치도 제주시 아란7길 12
제주신미짜장,126.5131431,33.50230293,제주특별자치도 제주시 남성로 24
복다운이네국수,126.4568507,33.49984743,제주특별자치도 제주시 서해안로 24
5.16도로숲터널,126.624959,33.3666647,제주특별자치도 서귀포시 남원읍 신례리
GS25 제주성산일출점,126.9340916,33.46126492,제주특별자치도 서귀포시 성산읍 일출로 264-1
삼양주유소,126.5877126,33.52115715,제주특별자치도 제주시 일주동로 398
신의주찹쌀순대 제주점,126.4845643,33.48374438,제주특별자치도 제주시 원노형로 54
대동호텔,126.5269913,33.51379235,제주특별자치도 제주시 관덕로15길 6
에브리바디빈티지 본점,126.5233648,33.51051109,제주특별자치도 제주시 관덕로8길 31
잇지제주,126.5434994,33.4712242,제주특별자치도 제주시 아란14길 2-5
제주빈티지샵 턴업,126.5299466,33.49851711,제주특별자치도 제주시 신성로13길 19
산지천 전망대,126.5298656,33.51646839,제주특별자치도 제주시 건입동 1316-10
아트박스 제주시청점,126.5300308,33.49886184,제주특별자치도 제주시 중앙로 232
카페온제,126.5124947,33.50969432,제주특별자치도 제주시 용담일동 306-23
엔게디하우스,126.2445137,33.39842117,제주특별자치도 제주시 한림읍 협재3길 9
물메초등학교,126.391421,33.46604397,제주특별자치도 제주시 애월읍 엄수로 202-4
시월,126.5385307,33.49084887,제주특별자치도 제주시 남광로2길 21
JD스포츠 제주칠성점,126.5251913,33.51462935,제주특별자치도 제주시 관덕로11길 17
쑝쑝돈까스 제주월평점,126.5794611,33.4681228,제주특별자치도 제주시 애조로 1864
오라스테이,126.5199322,33.51428451,제주특별자치도 제주시 무근성길 44
064푸드트럭,126.4882178,33.47065036,제주특별자치도 제주시 은수길 69
국빈대반점,126.4718887,33.49099391,제주특별자치도 제주시 월광로 127
차귀도유람선,126.1654839,33.30891732,제주특별자치도 제주시 한경면 노을해안로 1163
런호텔,126.5661461,33.24710554,제주특별자치도 서귀포시 태평로431번길 20
하르방짬뽕,126.4124501,33.48248222,제주특별자치도 제주시 애월읍 하귀동남4길 4
안덕농협하나로마트 사계점,126.2919272,33.23084739,제주특별자치도 서귀포시 안덕면 사계북로 5
깔루아,126.3097111,33.23383216,제주특별자치도 서귀포시 안덕면 사계남로216번길 31
마마칼국수,126.4795795,33.47653696,제주특별자치도 제주시 한라대학로 87
중원,126.4919599,33.49009328,제주특별자치도 제주시 삼무로 49
엠스테이펜션,126.8631926,33.5252975,제주특별자치도 제주시 구좌읍 해맞이해안로 1481
삼다수산,126.8283869,33.54977131,제주특별자치도 제주시 구좌읍 해맞이해안로 888
GS25 제주세화해변점,126.8590684,33.52473118,제주특별자치도 제주시 구좌읍 해맞이해안로 1440
정한가든,126.8544106,33.52408386,제주특별자치도 제주시 구좌읍 세화1길 6
터틀락,126.3635514,33.27715385,제주특별자치도 서귀포시 안덕면 한창로110번길 44
셰프와흑돼지,126.3625355,33.27809895,제주특별자치도 서귀포시 안덕면 한창로110번길 62
제주해군호텔,126.4486468,33.45898715,제주특별자치도 제주시 해안마을서2길 19
아왜낭목제빵소,126.4603037,33.24324798,제주특별자치도 서귀포시 월평하원로 11
제일떡집,126.5637196,33.24955309,제주특별자치도 서귀포시 중정로73번길 15-1
타이거커피 제주점,126.477702,33.48409793,제주특별자치도 제주시 노형9길 1
이스턴호텔 제주,126.5200707,33.2543693,제주특별자치도 서귀포시 서호중로 65
회사사택,126.3306742,33.25762714,제주특별자치도 서귀포시 안덕면
요리하는김선장,126.2526168,33.2172336,제주특별자치도 서귀포시 대정읍
박장군식당,126.298834,33.28417903,제주특별자치도 서귀포시 안덕면 중산간서로 2120
삼겹살파티,126.5681732,33.25187501,제주특별자치도 서귀포시 문부로 4
썬다이브,126.5706453,33.24602477,제주특별자치도 서귀포시 태평로482번길 44
피제리아3657,126.3622081,33.23630911,제주특별자치도 서귀포시 안덕면 난드르로 56
중문허브독채펜션,126.365404,33.23961186,제주특별자치도 서귀포시 안덕면 대평감산로 57
해송초밥,126.5106734,33.25224812,제주특별자치도 서귀포시 신서귀로 35
한라산레스토랑,126.5606727,33.24684649,제주특별자치도 서귀포시 태평로353번길 14
한라산국립공원 산악박물관,126.5490927,33.42191537,제주특별자치도 제주시 산록북로 588
하늘조각휴양펜션,126.2958279,33.23554351,제주특별자치도 서귀포시 안덕면 사계북로 75
종달리 고망난돌 쉼터,126.9068362,33.51019382,제주특별자치도 제주시 구좌읍 종달리 112-4
트윈스호텔,126.5193344,33.50948663,제주특별자치도 제주시 남성로 129-6
마초면탁해안,126.4551667,33.46494125,제주특별자치도 제주시 노형로 89
돈짬 제주시청점,126.5296347,33.4994635,제주특별자치도 제주시 중앙로 226
웨이브버거,126.4984528,33.51749832,제주특별자치도 제주시 어영길 64-12
우리집,126.2840496,33.44062271,제주특별자치도 제주시 한림읍 일주서로 5777
인생네컷 제주일도지구점,126.5409564,33.50525091,제주특별자치도 제주시 고마로 102
천년비자펜션,126.8151362,33.50012462,제주특별자치도 제주시 구좌읍 비자림로 2330
랑데뷰펜션,126.3546889,33.47743456,제주특별자치도 제주시 애월읍 애월해안로 470
부레드,126.5220592,33.48957109,제주특별자치도 제주시 청사로 28
아모르하우스,126.9016152,33.50821528,제주특별자치도 제주시 구좌읍 해맞이해안로 2060-18
올레길 1-1코스(우도-올레),126.9557672,33.49633806,제주특별자치도 제주시 우도면 연평리
물회야,126.9304366,33.45972838,제주특별자치도 서귀포시 성산읍 일출로 226
슈가탱크,126.9592957,33.49409337,제주특별자치도 제주시 우도면 우도봉길 41
성산리140,126.9343166,33.46101259,제주특별자치도 서귀포시 성산읍 일출로 258-11
외도보타니아,128.7116511,34.76929638,제주특별자치도 제주시 월성로4길 19
웨이포인트커피,126.5329148,33.50266755,제주특별자치도 제주시 동광로 39
제주국제공항 제주향토골,126.4930073,33.50700781,제주특별자치도 제주시 공항로 2
오래옥식당,126.4928278,33.48703864,제주특별자치도 제주시 신대로16길 36
왕이메오름 입구,126.3752483,33.34684455,제주특별자치도 제주시 한림읍 금악리 산 92
바다멍,126.2402377,33.39375008,제주특별자치도 제주시 한림읍 한림로 335
애월작업실,126.3181382,33.465017,제주특별자치도 제주시 애월읍 애월로7길 15
바당1807,126.4018886,33.4834505,제주특별자치도 제주시 애월읍 하귀미수포길 5-2
펜고호다 pengohoda,126.3123775,33.4182992,제주특별자치도 제주시 애월읍 봉성로 61
조브라더스 게스트하우스,126.1835004,33.35718384,제주특별자치도 제주시 한경면 두모11길 46
용짜형뽕,126.5134643,33.51220365,제주특별자치도 제주시 용두암길 62
역전할머니맥주 제주시청점,126.5288951,33.50011345,제주특별자치도 제주시 광양8길 4
고스트타운,126.3569359,33.47619484,제주특별자치도 제주시 애월읍 부룡수길 35-14
어사촌도야지,126.338777,33.41974372,제주특별자치도 제주시 애월읍 천덕로 440-6
쉐프의 스시이야기,126.489793,33.48894837,제주특별자치도 제주시 신광로 36
서피플,126.3070325,33.4515146,제주특별자치도 제주시 애월읍 곽지9길 21
잇칸시타,126.3702399,33.47706737,제주특별자치도 제주시 애월읍 신엄안2길 54-1
더제이드호텔,126.5266591,33.51390648,제주특별자치도 제주시 관덕로15길 7-1
성산스쿠버,126.9336444,33.4609181,제주 서귀포시 성산읍 일출로 258-5 성산스쿠버리조트
하이레지던스,126.4909738,33.48944009,제주특별자치도 제주시 은남1길 46
망고스쿠터,126.5138348,33.4998443,제주특별자치도 제주시 서광로 164
메이저호텔,126.4910457,33.48303547,제주특별자치도 제주시 사장3길 36
미스터빠삭 제주외도점,126.4291627,33.49343349,제주특별자치도 제주시 일주서로 7319-1
제주오쿠다 2호점,126.4689059,33.48818623,제주특별자치도 제주시 월광로 87
해월정 서귀포점,126.2917744,33.21119307,제주특별자치도 서귀포시 대정읍 형제해안로 262
바구니민박,126.4672677,33.50266594,제주특별자치도 제주시 오래물길 10
예찬농원,126.3287415,33.2452709,제주특별자치도 서귀포시 안덕면 산방로 26
가파리212,126.2700461,33.17383242,제주특별자치도 서귀포시 대정읍 가파로 257-10
지미봉,126.9024389,33.4993135,제주특별자치도 제주시 구좌읍 종달리 산 3-1
돈순이,126.7682146,33.30125023,제주특별자치도 서귀포시 남원읍 일주동로 6611
룸엣155,126.7679854,33.30062137,제주특별자치도 서귀포시 남원읍 태신해안로 245-8
다락마마,126.8662751,33.5172018,제주특별자치도 제주시 구좌읍 상하도길 46-16
삼일삼오,126.8687353,33.52745382,제주특별자치도 제주시 구좌읍 해맞이해안로 1542-4
애월더선셋리조트,126.3088037,33.45601077,제주특별자치도 제주시 애월읍 일주서로 6111
칠사돈 한담점,126.3122154,33.4621479,제주특별자치도 제주시 애월읍 애월로 37
제주아리랑,126.7786543,33.40273074,제주특별자치도 서귀포시 표선면 번영로 2564-21
자구리 해안가,126.568002,33.24240368,제주특별자치도 서귀포시 서귀동 33
나디아펜션,126.3223962,33.45805487,제주특별자치도 제주시 애월읍 애원로 74
제주귀덕골방,126.2801033,33.44188011,제주특별자치도 제주시 한림읍 귀덕5길 33
푸린,126.3101002,33.46315314,제주특별자치도 제주시 애월읍 애월로1길 24-5
할머니떡집,126.5641836,33.24859178,제주특별자치도 서귀포시 중앙로42번길 24
GS25 제주애월고점,126.3347512,33.46222418,제주특별자치도 제주시 애월읍 일주서로 6372
제주전복김밥,126.9181205,33.43649895,제주특별자치도 서귀포시 성산읍 신양로 79
튀메기,126.5045621,33.50977375,제주특별자치도 제주시 용화로 10
용해로 해장국,126.5044263,33.50774012,제주특별자치도 제주시 용해로 108
구덕게스트하우스,126.5623603,33.24410247,제주특별자치도 서귀포시 솔동산로22번길 20
남원식당,126.5135185,33.50060941,제주특별자치도 제주시 서광로3길 6
섬타르,126.478232,33.48758031,제주특별자치도 제주시 다랑곶1길 9
이룸갤러리,126.4828448,33.49391078,제주특별자치도 제주시 일주서로 7827-1
문개항아리 애월점,126.3924578,33.48580465,제주특별자치도 제주시 애월읍 가문동길 38
60빈스,126.5366647,33.2415209,제주특별자치도 서귀포시 태평로120번길 29-2
서귀포우체국,126.5089247,33.25484873,제주특별자치도 서귀포시 신중로 34
풀벗 아그리투리스모,126.2463669,33.38744748,제주특별자치도 제주시 한림읍 협재2길 93-14
저지리498맛나게드시게,126.2556277,33.3424327,제주특별자치도 제주시 한경면 중산간서로 3793
로컬크랩,126.8144344,33.36882361,제주특별자치도 서귀포시 표선면 번영로 3113
해녀밥상,126.3071795,33.22839703,제주특별자치도 서귀포시 안덕면 사계남로 161
가시리유채꽃길펜션,126.7625311,33.36392232,제주특별자치도 서귀포시 표선면 녹산로 45
서울돈까스&김밥,127.1120475,37.39279718,제주특별자치도 서귀포시 남원읍 남조로 26
리썸카라반,126.2301686,33.23935599,제주특별자치도 서귀포시 대정읍 일과대수로27번길 12
베이커블,126.4768243,33.48046261,제주특별자치도 제주시 노형7길 9-5
퍼시몬,126.3968816,33.42933257,제주특별자치도 제주시 애월읍 하소로 611-6
고산출장소,126.1641124,33.30816158,제주특별자치도 제주시 한경면 노을해안로 1145
반하크라,126.2331818,33.38722336,제주특별자치도 제주시 한림읍 한림로 236-3
정개,126.5202088,33.49886838,제주특별자치도 제주시 서사로21길 3
바다제비,126.2620524,33.41330194,제주특별자치도 제주시 한림읍 한림로 640
창고96,126.6514023,33.27963773,제주특별자치도 서귀포시 남원읍 일주동로7774번길 70-94
제주오라성,126.5118522,33.45962719,제주특별자치도 제주시 오라남로 16
자고가게스트하우스,126.9204324,33.43554565,제주특별자치도 서귀포시 성산읍 신양로122번길 29
썬라이즈135,126.897163,33.48067666,제주특별자치도 서귀포시 성산읍 시흥상동로 135
제주카약,126.9009185,33.51516788,제주특별자치도 제주시 구좌읍 하도리 43-4
아궁이연탄집,126.5249762,33.49885429,제주특별자치도 제주시 도남로 12-1
제주카카오렌트카,126.4800184,33.4997665,제주특별자치도 제주시 오일장중길 128
홍고집,126.5282139,33.4995158,제주특별자치도 제주시 서광로32길 12
공작흑돼지,126.6590596,33.54395899,제주특별자치도 제주시 조천읍 함덕리 3215-5
호텔레오,126.4882455,33.48971285,제주특별자치도 제주시 삼무로 14
가시어멍회국수,126.9490783,33.51969693,제주특별자치도 제주시 우도면 우도해안길 508
소섬바당,126.9535997,33.50884251,제주특별자치도 제주시 우도면 우도로 190
스쿠버스토리 &게스트하우스,126.5761045,33.25187795,제주특별자치도 서귀포시 태평로536번길 17
대도식당,126.5623867,33.24397633,제주특별자치도 서귀포시 솔동산로22번길 18
과일천하농수산,126.349342,33.25657847,제주특별자치도 서귀포시 안덕면 일주서로 1565
레이저아레나 엑스 제주점,126.385571,33.26367546,제주특별자치도 서귀포시 소보리당로164번길 62
제주로운 청해원,126.920626,33.43673139,제주특별자치도 서귀포시 성산읍 신양로 101
브릭스제주,126.742984,33.55463634,제주특별자치도 제주시 구좌읍 김녕로2길 6
표선해안도로,126.8369928,33.31267675,제주특별자치도 서귀포시 표선면 표선리
카페예래,126.386076,33.2434889,제주특별자치도 서귀포시 하예로 1-3
누구나홀딱반한닭 제주남원점,126.7182825,33.27858827,제주특별자치도 서귀포시 남원읍 태위로 672-4
오케이모텔,126.5133939,33.49843879,제주특별자치도 제주시 서광로2길 25
삼춘반점,126.9799465,37.26419917,제주 서귀포시 성산읍 신산중앙로 5-5 1층 삼춘반점
고기랑밥이랑,126.3024343,33.2331644,제주특별자치도 서귀포시 안덕면 산방로 317
제주흑돈만두 대정점,126.2542388,33.22239724,제주특별자치도 서귀포시 대정읍 신영로 117
서광동리곶자왈생태탐방로,126.3365833,33.28114765,제주특별자치도 서귀포시 안덕면 서광리 산 6
자카란다,126.8654549,33.52003915,제주특별자치도 제주시 구좌읍 상도북4길 14
숙성도F&B,126.4850868,33.48581571,제주특별자치도 제주시 노연로 48
양대감,126.4846806,33.48555346,제주특별자치도 제주시 원노형로 36
진가커피,126.4861353,33.48956437,제주특별자치도 제주시 제원1길 32
표선1번회센타,126.8349017,33.32590089,제주특별자치도 서귀포시 표선면 표선중앙로 103
빽다방 제주봉개DT점,126.6042289,33.48409504,제주특별자치도 제주시 명림로 17
프랭크버거 제주표선점,126.8321653,33.32691426,제주특별자치도 서귀포시 표선면 표선중앙로 71
컴포즈커피 서귀포표선점,126.8321374,33.326898,제주특별자치도 서귀포시 표선면 표선중앙로 71
쥬쥬쿠키,126.7455994,33.28669515,제주특별자치도 서귀포시 남원읍 태신로 4
중문미향해장국 본점,126.4079408,33.25837968,제주특별자치도 서귀포시 일주서로 962
카페바나나 함덕점,126.6630636,33.54374906,제주특별자치도 제주시 조천읍 신북로 491-9
에코랜드 레스토랑,126.6688528,33.45534851,제주특별자치도 제주시 조천읍 번영로 1278-169
사부작10,126.2519811,33.21869338,제주특별자치도 서귀포시 대정읍 최남단해안로 20-1
마레벤또,126.3116514,33.46260819,제주특별자치도 제주시 애월읍 애월로1길 10
더호텔,126.5631984,33.24732243,제주특별자치도 서귀포시 명동로 11
십년후애,126.5735769,33.25661369,제주특별자치도 서귀포시 동홍중앙로66번길 13
몰고랑몸국,126.5602394,33.25624175,제주특별자치도 서귀포시 장수로 72
북촌환해장성,126.6903943,33.55016672,제주특별자치도 제주시 조천읍 북촌리 1330
운진항,126.2578099,33.20955795,제주특별자치도 서귀포시 대정읍 하모리 646-21
호텔랑주,126.5079683,33.25392889,제주특별자치도 서귀포시 김정문화로27번길 23-3
포토시그니처 서귀포이중섭거리점,126.5642921,33.24791503,제주특별자치도 서귀포시 이중섭로 1
치킨플러스 서귀포혁신도시점,126.5095437,33.25239153,제주특별자치도 서귀포시 김정문화로41번길 10-1
제주농원,126.8763573,33.43937115,제주특별자치도 서귀포시 성산읍 서성일로 901
라온호텔&리조트,126.2410955,33.37851576,제주특별자치도 제주시 한림읍 금능남로 127
돈돈,126.5198255,33.51255665,제주특별자치도 제주시 관덕로 2-3
제주에산다면,126.6179268,33.45126835,제주특별자치도 제주시 한경면 용금로 545
자연수산,126.5149624,33.24975839,제주특별자치도 서귀포시 서호남로32번길 44
카페성지,126.5246824,33.50968668,제주특별자치도 제주시 성지로 10
족은노꼬메오름,126.4171443,33.3929165,제주특별자치도 제주시 애월읍 유수암리 산 138
스테이251,126.4870951,33.48955392,제주특별자치도 제주시 제원1길 24
다올 무인소품점,126.7482077,33.55761151,제주특별자치도 제주시 구좌읍 김녕로1길 35-22
우수미회센터,126.4898721,33.47729832,제주특별자치도 제주시 연화로2길 24-1
봉지동,126.7522912,33.55799842,제주특별자치도 제주시 구좌읍 김녕리
대병악,126.3682578,33.30625848,제주특별자치도 서귀포시 안덕면 상창리 산 2-1
아리,126.5554098,33.26140714,제주특별자치도 서귀포시 홍중로 99
헬로우보일링크랩,126.5230612,33.24514813,제주특별자치도 서귀포시 이어도로 1048
커피맛이멜로,126.3662601,33.31227467,제주특별자치도 서귀포시 안덕면 신화역사로 752
남촌,126.5178359,33.49636356,제주특별자치도 제주시 오라일동
만담,126.2976494,33.25006439,제주특별자치도 서귀포시 안덕면 사계북로41번길 197
제주담은,126.920118,33.44863352,제주특별자치도 서귀포시 성산읍
하도리철새도래지,126.8963185,33.51041808,제주특별자치도 제주시 구좌읍 하도리 53-2
함덕촌따이민박,126.6753688,33.53839041,제주특별자치도 제주시 조천읍 함덕30길 20-13
용두암렌트카,126.5025153,33.51086188,제주특별자치도 제주시 용해로 80-8
해모랏펜션,126.9135523,33.42352703,제주특별자치도 서귀포시 성산읍 환해장성로 803
어승생승마장,126.490813,33.4256641,제주특별자치도 제주시 1100로 2659
순살만공격 신제주점,126.4807466,33.4882878,제주특별자치도 제주시 다랑곶길 26-1
몽중인,126.5239791,33.51626559,제주특별자치도 제주시 중앙로4길 6
샘나도,126.3200897,33.46361765,제주특별자치도 제주시 애월읍 애월로10길 3
사려니숲,126.655268,33.39192927,제주특별자치도 서귀포시 남원읍 수망리
아시아호텔,126.4858599,33.48627062,제주특별자치도 제주시 노연로 53
리치망고 애월본점,126.3401308,33.46858008,제주특별자치도 제주시 애월읍 애월해안로 272
화랑스시,126.405061,33.43456166,제주특별자치도 제주시 애월읍 유수암로1길 41
볕이드는곳벧디,126.4877818,33.47160785,제주특별자치도 제주시 은수길 65
명동식도락,126.2686521,33.31892784,제주특별자치도 제주시 한경면 녹차분재로 530
베니키아중문호텔,126.4223865,33.25189193,제주특별자치도 서귀포시 천제연로 166
신양로118,126.9221942,33.43633207,제주특별자치도 서귀포시 성산읍 신양로 118
중문예지원,126.4192749,33.25393945,제주특별자치도 서귀포시 천제연로 129
곶자왈,126.2735723,33.28322432,제주시 조천읍 비자림로 631
라움이즈,126.2889466,33.28082298,제주특별자치도 서귀포시 대정읍 중산간서로 2242
포도바당,126.2432284,33.39789402,제주특별자치도 제주시 한림읍 협재1길 29
제주바다목장 다이브리조트,126.179302,33.3460594,제주특별자치도 제주시 한경면 한경해안로 565
파리바게뜨 제주화순점,126.3357269,33.24964068,제주특별자치도 서귀포시 안덕면 화순중앙로 29
해동그린앤골드아파트,126.2866216,33.29268924,제주특별자치도 서귀포시 대정읍 에듀시티로 23
수필하우스,126.8995321,33.49288093,제주특별자치도 제주시 구좌읍 종달논길 50-1
어우늘,126.505001,33.48106882,제주특별자치도 제주시 연북로 222
청호식당,126.9078491,33.4105072,제주특별자치도 서귀포시 성산읍 온평관전로 94
로봇스퀘어&카페 그디글라&시화루,126.8308653,33.54001223,제주특별자치도 제주시 구좌읍 해맞이해안로 1032
자멍펜션,126.910096,33.49698053,제주특별자치도 제주시 구좌읍 해맞이해안로 2286-2
베프랑펜션,126.9072782,33.44692478,제주특별자치도 서귀포시 성산읍 고성중앙로 28-7
스테이일면식,126.8011651,33.55623829,제주특별자치도 제주시 구좌읍 해맞이해안로 514
스테이1미터,126.1694159,33.32093846,제주특별자치도 제주시 한경면 용수1길 89-15
바다어사또,126.6640061,33.54307813,제주특별자치도 제주시 조천읍 조함해안로 478
아주르블루,126.7238222,33.27969348,제주특별자치도 서귀포시 남원읍 남원회관로 104
카페송키,126.5201967,33.515115,제주특별자치도 제주시 무근성안길 16
소노캄제주 수영장,126.7920981,33.3055558,제주특별자치도 서귀포시 표선면
한아름식당,126.7977,33.32864994,제주특별자치도 서귀포시 표선면 세성로 265
바누카페,126.6286928,33.5347755,제주특별자치도 제주시 조천읍 신북로 142-5
조천면장국수,126.6368981,33.53616574,제주특별자치도 제주시 조천읍 신북로 225
더바당,126.3367823,33.46712779,제주특별자치도 제주시 애월읍 애월해안로 232-1
연희원,126.175125,33.27848247,제주특별자치도 서귀포시 대정읍 도원중로 144
카페베트로,126.3159406,33.30486439,제주특별자치도 서귀포시 안덕면 신화역사로304번길 98
육수당 제주봉개점,126.5988414,33.48949,제주특별자치도 제주시 진목5길 1
제주신화월드 신화쇼핑스트리트,126.3172811,33.30686701,제주특별자치도 서귀포시 안덕면 신화역사로304번길 38
코코코게스트하우스,126.8677468,33.51632522,제주특별자치도 제주시 구좌읍 상하도길 44-1
산지해장국 세화점,126.8546343,33.52677449,제주특별자치도 제주시 구좌읍 세평항로 39
평대바다상점,126.8550252,33.52733755,제주특별자치도 제주시 구좌읍 세평항로 45
너럭,126.5088137,33.51619737,제주특별자치도 제주시 서해안로 671
코리아식당,126.6677217,33.54114613,제주특별자치도 제주시 조천읍 신북로 544
돌코롬도넛,126.5042643,33.51322718,제주시 용담로 14
영은맛집,126.5142689,33.23623125,제주특별자치도 서귀포시 막숙포로 66-18
오늘의바다,126.5184879,33.24164121,제주특별자치도 서귀포시 이어도로 990
아라리오뮤지엄 동문모텔1,126.5284392,33.5135328,제주특별자치도 제주시 산지로 37-5
CU 제주신화빌라스점,126.3202167,33.30091627,제주특별자치도 서귀포시 안덕면 신화역사로304번길 139
제주신화월드 신화빌라스5단지,126.3209117,33.30128973,제주특별자치도 서귀포시 안덕면 신화역사로304번길 139
제주신화월드 서머셋클럽하우스,126.3172209,33.30218644,제주특별자치도 서귀포시 안덕면 신화역사로304번길 89
중문사계절조개,126.4217803,33.25253017,제주특별자치도 서귀포시 천제연로 159
제주신화월드,126.320651,33.301374,제주특별자치도 서귀포시 안덕면 신화역사로304번길 139
탐라중식당,126.4796206,33.48334596,제주특별자치도 제주시 노형10길 23
이호서프,126.4525093,33.4969802,제주특별자치도 제주시 테우해안로 172-5
북마크하우스,126.231505,33.23867542,제주특별자치도 서귀포시 대정읍 일과대수로11번길 16-8
엔제리너스 한라수목원점,126.4919021,33.47051044,제주특별자치도 제주시 수목원길 65-6
한경가든,126.1736127,33.30455383,제주특별자치도 제주시 한경면 노을해안로 1259
제주초계한우,126.231115,33.23665701,제주특별자치도 서귀포시 대정읍 일과대수로27번길 53-2
롤링브루잉,126.5291132,33.51310441,제주특별자치도 제주시 동문로 21-1
더벤티 해비치리조트점,126.8438523,33.32484674,제주특별자치도 서귀포시 표선면 민속해안로 577
홍성방,126.2516618,33.220171,제주특별자치도 서귀포시 대정읍 하모항구로 76
남원소바,126.7229741,33.27971864,제주특별자치도 서귀포시 남원읍 남원회관로 97
뜨리바다펜션,126.6996418,33.27152272,제주특별자치도 서귀포시 남원읍 태위로510번길 31-16
김희선제주두루치기,126.4953448,33.51870374,제주특별자치도 제주시 어영길 19
성산어촌계해녀의집,126.9388515,33.46286501,제주특별자치도 서귀포시 성산읍 일출로 284-34
이호웨이브,126.4494004,33.49630556,제주특별자치도 제주시 현사길 17-1
달고기네은갈치,126.4456109,33.49791513,제주특별자치도 제주시 테우해안로 106
맬록게스트하우스,126.5626384,33.52398058,제주특별자치도 제주시 진서로 58-3
더제이드카페앤펍,126.5266505,33.51390465,제주특별자치도 제주시 관덕로15길 7-1
곤을커피,126.5593407,33.5223866,제주특별자치도 제주시 곤을서길 7
주먹밥이야기,126.5658313,33.52029349,제주특별자치도 제주시 진동로3길 23
흙소담,126.9014716,33.48585538,제주특별자치도 제주시 구좌읍 해맞이해안로 2484
팔천순대&카페 성산본점,126.9291622,33.46864097,제주특별자치도 서귀포시 성산읍 성산등용로 78
그림그리는펜션,126.8437955,33.43120908,제주특별자치도 서귀포시 성산읍 금백조로131번길 181
하모해수풀장,126.2579211,33.21086596,제주특별자치도 서귀포시 대정읍 최남단해안로 132
제주해룡,126.5926105,33.49125484,제주특별자치도 제주시 번영로 476
좀녀네집,126.7300863,33.56028532,제주특별자치도 제주시 구좌읍 김녕리 6145
갯깍주상절리대,126.3976725,33.24150613,제주특별자치도 서귀포시 색달동
더오젠호텔,126.5431612,33.51024667,제주특별자치도 제주시 동광로23길 3
스마트무인텔,126.3146301,33.28928008,제주특별자치도 서귀포시 안덕면 중산간서로 1913-58
쿨다이브,126.5627348,33.24130152,제주특별자치도 서귀포시 솔동산로10번길 39-1
오설록농장,126.4843036,33.27441529,제주특별자치도 서귀포시 도순동 1
선흘낭,126.7054564,33.5113934,제주특별자치도 제주시 조천읍 중산간동로 1284
산지해장국 노형직영점,126.4764104,33.48327474,제주특별자치도 제주시 노형9길 16-1
치치퐁,126.3133912,33.23523417,제주특별자치도 서귀포시 안덕면 사계남로216번길 24-62
도시정원,126.4128528,33.25627154,제주특별자치도 서귀포시 천제연로 65
당포로나인돈카츠,126.8435693,33.32575883,제주특별자치도 서귀포시 표선면 표선당포로 9
우도래요,126.9434322,33.51031151,제주특별자치도 제주시 우도면 우도해안길 360
소섬바라기,126.9627865,33.50948936,제주특별자치도 제주시 우도면 우도비양길 83
검멀레해변 당나귀체험,126.9669025,33.49717101,제주특별자치도 제주시 우도면 우도해안길 627
집나간왕새우 바람난조개구이 서귀포점,126.5633469,33.24703624,제주특별자치도 서귀포시 명동로 14
더잇24 제주화순점,126.3335379,33.246247,제주특별자치도 서귀포시 안덕면 화순로 119
북촌에가면,126.6925856,33.54801197,제주특별자치도 제주시 조천읍 북촌5길 6
빽다방 제주애월좋은마트점,126.3658603,33.47099178,제주특별자치도 제주시 애월읍 일주서로 6679
청도,126.4971029,33.51993525,제주특별자치도 제주시 서해안로 546
유수암캠핑장,126.3936973,33.42212953,제주특별자치도 제주시 애월읍 하소로 684-25
"이호테우해수욕장,도리로17",126.4526908,33.4973768,제주특별자치도 제주시 이호일동 1665-13
제주달밤,126.3978206,33.25526738,제주특별자치도 서귀포시 예래로68번길 11-8
미카의달콤한작업실,126.2989279,33.22673961,제주특별자치도 서귀포시 안덕면 사계남로84번길 4
오우야 에스프레소바 모슬포점,126.250818,33.22099992,제주특별자치도 서귀포시 대정읍 신영로 75
중문더드림감귤,126.4063834,33.26158473,제주특별자치도 서귀포시 색달로81번길 59
맛있는여행,126.9358558,33.46270121,제주특별자치도 서귀포시 성산읍 일출로 284-9
GS25 제주성산항점,126.9297597,33.46944014,제주특별자치도 서귀포시 성산읍 성산등용로 88
우리주유소,126.5035599,33.49982339,제주특별자치도 제주시 서광로 67
BHC치킨 신연동점,126.4870077,33.48029962,제주특별자치도 제주시 연화로 16
복집식당,126.5183808,33.51260153,제주특별자치도 제주시 비룡길 5
스위츠커피바,126.4770127,33.48133795,제주특별자치도 제주시 노형4길 25
제주 자몽호텔,126.2613401,33.41490253,제주특별자치도 제주시 한림읍 한림해안로 136
무호소반,126.2617437,33.41408178,제주특별자치도 제주시 한림읍 문화길 5-12
수일통닭 한림점,126.2510439,33.40201662,제주특별자치도 제주시 한림읍 한림로 475
한림공원 쌍용굴,126.2407225,33.38645018,제주특별자치도 제주시 한림읍 협재리
한림해장국,126.2614834,33.41422539,제주특별자치도 제주시 한림읍 문화길 5-10
롯데리아 모슬포점,126.2522844,33.21961214,제주특별자치도 서귀포시 대정읍 최남단해안로 13
우도탕수육 소림각,126.9517269,33.49340453,제주특별자치도 제주시 우도면 우도로 6
항도,126.9298671,33.46966019,제주특별자치도 서귀포시 성산읍 성산등용로 92
고흥식당,126.5200405,33.51415871,제주특별자치도 제주시 무근성7길 15
바다나라횟집,126.6076785,33.23961206,제주특별자치도 서귀포시 보목포로 55
자연몸국,126.5250566,33.51172301,제주특별자치도 제주시 중앙로 63-11
자현우육면,126.4738316,33.48092779,제주특별자치도 제주시 노형1길 8-8
젤라떼리아섬,126.4767529,33.48159832,제주특별자치도 제주시 노형5길 7
은쥬얼LEE,126.8362434,33.53936039,제주특별자치도 제주시 구좌읍 해맞이해안로 1088
어제보다오늘,126.4569825,33.50286292,제주특별자치도 제주시 서해안로 68
드르쿰다 in성산,126.9190809,33.4445023,제주특별자치도 서귀포시 성산읍 섭지코지로25번길 64
머물다정식,126.7918795,33.55709397,제주특별자치도 제주시 구좌읍 월정중길 20
리치망고 월정점,126.8098103,33.55616532,제주특별자치도 제주시 구좌읍 해맞이해안로 610
낭만팥집,126.571403,33.25742399,제주특별자치도 서귀포시 동홍서로96번길 17
돈수육,126.5117964,33.25369243,제주특별자치도 서귀포시 신서귀로 54
시머폿,126.5525453,33.47236525,제주특별자치도 제주시 인다1길 65
제주별미곳간,126.5138647,33.5098397,제주특별자치도 제주시 용담일동
지금여기에Part2,126.231381,33.38924801,제주특별자치도 제주시 한림읍 금능길 79
용담삼동 2159,126.4941107,33.5133634,제주특별자치도 제주시 용담삼동
뭉치푸줏간,126.9153875,33.44914313,제주특별자치도 서귀포시 성산읍 동류암로 50
제주 애월 카츠,126.493124,33.507818,제주특별자치도 제주시 공항로 2
한국지능정보사회진흥원 제주NIA글로벌센터,126.5201572,33.25348243,제주특별자치도 서귀포시 서호중앙로 68-11
크림,126.523385,33.51742456,제주특별자치도 제주시 탑동로 14
도너츠윤 제주점,126.9111776,33.44945575,제주특별자치도 서귀포시 성산읍 고성중앙로 79
심박돈숙성흑돼지,126.931563,33.46087135,제주특별자치도 서귀포시 성산읍 성산중앙로 8
해비치호텔앤드리조트 제주 수영장,126.8446725,33.32144142,제주특별자치도 서귀포시 표선면 민속해안로 537
더웰테라스,126.4203659,33.25285899,제주특별자치도 서귀포시 천제연로 144
그럼외도,126.4339994,33.49430316,제주특별자치도 제주시 월대3길 16
세컨디포레스트 제주점,126.486125,33.48327843,제주특별자치도 제주시 원노형10길 32
주민포차 대정점,126.2534251,33.22120042,제주특별자치도 서귀포시 대정읍 신영로 101-1
스위스빌리지,126.6774437,33.49423474,제주특별자치도 제주시 조천읍 함와로 566-27
남또리횟집,126.3493442,33.47280853,제주특별자치도 제주시 애월읍 애월해안로 384
필연,126.6952617,33.48191347,제주특별자치도 제주시 조천읍 와선로 200
구아우쇼콜라,126.7461355,33.55625399,제주특별자치도 제주시 구좌읍 김녕항2길 14
문화공간비수기,126.4807755,33.23939772,제주특별자치도 서귀포시 말질로137번길 7
짜이다방,126.3080431,33.23439127,제주특별자치도 서귀포시 안덕면 사계남로 239
하동까스,126.2588694,33.21161634,제주특별자치도 서귀포시 대정읍 최남단해안로127번길 13
ICC제주갤러리,126.4244423,33.24129026,제주특별자치도 서귀포시 중문관광로 224
영춘반점,126.5601533,33.25842158,제주특별자치도 서귀포시 중앙로 156
갤러리노리,126.2704368,33.33955792,제주특별자치도 제주시 한림읍 용금로 891
미보삿뽀로참치 제주연동점,126.4870888,33.48260352,제주특별자치도 제주시 연동4길 36
카페리블링스,126.5092161,33.49448326,제주특별자치도 제주시 동성길 67
대윤흑돼지,126.5592329,33.25065169,제주특별자치도 서귀포시 서문로 23
청담집,126.4721238,33.49198035,제주특별자치도 제주시 월랑로 83
토이마켓 서귀포점,126.5506797,33.24785127,제주특별자치도 서귀포시 하논로 84
섭지코지전망대,126.9333793,33.42917977,제주특별자치도 서귀포시 성산읍 고성리
이조은식당,126.4161187,33.25507875,제주특별자치도 서귀포시 천제연로 97
한라봉농장,126.4883231,33.25072999,제주특별자치도 서귀포시 일주서로 184
왕산마리나항,126.3572218,37.45665842,제주특별자치도 서귀포시 표선면 민속해안로 594
정원이있는마네,126.2993636,33.22591889,제주특별자치도 서귀포시 안덕면 사계남로84번길 14
제주설심당 모슬포점,126.2507205,33.22086139,제주특별자치도 서귀포시 대정읍 신영로 73
프롬혜,126.2428545,33.39590103,제주특별자치도 제주시 한림읍 한림로 371
선인장서프,126.231276,33.38860272,제주특별자치도 제주시 한림읍 금능6길 19
애월수산마트,126.3318715,33.46742328,제주특별자치도 제주시 애월읍 애월해안로 182
표선카라반,126.8382259,33.32994276,제주특별자치도 서귀포시 표선면 표선동서로 324-18
도시해녀,126.4025524,33.48424619,제주특별자치도 제주시 애월읍 하귀미수포길 16-1
제주올레5코스 공식안내소,126.7196597,33.27792057,제주특별자치도 서귀포시 남원읍 남태해안로 140
인피니티펜션,126.6568189,33.5478026,제주특별자치도 제주시 조천읍 조함해안로 378
맥도날드 제주일도DT점,126.5410593,33.5075774,제주특별자치도 제주시 동광로 134
롯데시네마 제주아라,126.5359082,33.48382467,제주특별자치도 제주시 구산로 4
설레임게스트하우스,126.3105239,33.46426444,제주특별자치도 제주시 애월읍 애월북서길 67
애월포차,126.3070575,33.45120459,제주특별자치도 제주시 애월읍 곽지9길 23
리부아르,126.3752205,33.48194581,제주특별자치도 제주시 애월읍 애월해안로 686
트라이던트치킨&비어,126.313003,33.46239389,제주특별자치도 제주시 애월읍 애월로 44
홍여순해장국,126.3229012,33.46587798,제주특별자치도 제주시 애월읍 애월해안로 86
카프리애월,126.3141068,33.46333224,제주특별자치도 제주시 애월읍 애월로4길 18
두빛나래리조트,126.299372,33.23697906,제주특별자치도 서귀포시 안덕면 사계북로 109
하노이안브라더스,126.5435713,33.50962248,제주특별자치도 제주시 천수동로 1
연안식당 제주연동점,126.4966421,33.4820269,제주특별자치도 제주시 신대로 169
심스호텔,126.5395349,33.51781202,제주특별자치도 제주시 임항로 249
토투가커피,126.2898854,33.44279032,제주특별자치도 제주시 한림읍 귀덕9길 19
제주의 별,126.5149532,33.51560939,제주특별자치도 제주시 동한두기길 42-5
몰래물,126.4834305,33.51088835,제주특별자치도 제주시 도두이동 697-10
제주우드펍,126.4823387,33.51023826,제주특별자치도 제주시 서해안로 348-1
달콤한 휴식,126.3362027,33.42276383,제주특별자치도 제주시 애월읍 천덕로 395
애월랑,126.3075378,33.44856383,제주특별자치도 제주시 애월읍 곽지5길 1
미풍해장국 모슬포점,126.2470864,33.21983685,제주특별자치도 서귀포시 대정읍 신영로36번길 35
프립캠프,126.560088,33.24619345,제주특별자치도 서귀포시 태평로 363
진냉면,126.5531076,33.24561316,제주특별자치도 서귀포시 남성중로 155
미미파스타,126.6246827,33.25866915,제주특별자치도 서귀포시 남원읍 하례로 98
검은쇠몰고오는,126.4933751,33.48358777,제주특별자치도 제주시 신대로20길 27
해비치호텔앤리조트 실외수영장,126.8455697,33.32298793,제주특별자치도 서귀포시 표선면 민속해안로 537
베이커리 카페 벨라,126.3201629,33.3009295,제주특별자치도 서귀포시 안덕면 신화역사로304번길 139
제주신화월드 코스모스밭,126.317333,33.29896201,제주특별자치도 서귀포시 안덕면 서광리 산 24-8
스틸네거티브클럽,126.5758239,33.25576212,제주특별자치도 서귀포시 동홍남로82번길 14-10
종달리해변,126.9050774,33.48868923,제주특별자치도 제주시 구좌읍 종달리 622-5
또똣제주백팩커스,126.3062963,33.22939109,제주특별자치도 서귀포시 안덕면 사계남로153번길 10
휴펜션,126.8632087,33.5205488,제주특별자치도 제주시 구좌읍 구좌로 116-3
온더스톤게스트하우스 성산점,126.9306972,33.47008261,제주특별자치도 서귀포시 성산읍 성산등용로 100-4
CU 제주516교차로점,126.5508284,33.45565963,제주특별자치도 제주시 516로 3157
연돈볼카츠 제주사수점 주차장,126.4789008,33.50955937,제주특별자치도 제주시 도두이동 836-7
함덕촐래밥상,126.6580393,33.53919757,제주특별자치도 제주시 조천읍 함대로 57
온더스톤브런치카페,126.9179974,33.47019748,제주특별자치도 서귀포시 성산읍 해맞이해안로 2746
제주도서핑샵 문서프,126.3083646,33.45008311,제주특별자치도 제주시 애월읍 곽지7길 1
연리지가든,126.2023213,33.34514191,제주특별자치도 제주시 한경면 두조로 190-20
카페로쥬,126.7936368,33.55625663,제주특별자치도 제주시 구좌읍 월정1길 64-1
니모스토리,126.7539748,33.55822898,제주특별자치도 제주시 구좌읍 김녕로17길 33-1
안동본가국밥 서귀포점,126.5066393,33.24829748,제주특별자치도 서귀포시 월드컵로 18-1
제주삼촌,126.461399,33.4849824,제주특별자치도 제주시 노형동
용호주유소,126.5720999,33.51161945,제주특별자치도 제주시 연삼로 806
흑곰,126.6719542,33.53968511,제주특별자치도 제주시 조천읍 신북로 586
더슬로우,126.7945835,33.5580109,제주특별자치도 제주시 구좌읍 해맞이해안로 430
담뜨락,126.8839654,33.52123356,제주특별자치도 제주시 구좌읍 문주란로3길 38
채정하,126.8514099,33.52377916,제주특별자치도 제주시 구좌읍 일주동로 3103
잠녀네집,126.7300863,33.56028532,제주특별자치도 제주시 구좌읍 김녕리 6145
가스름식당,126.7719664,33.35311874,제주특별자치도 서귀포시 표선면 가시로565번길 19
카페미깡,126.6199477,33.27952029,제주특별자치도 서귀포시 남원읍 태위로 522-12
제주엔우영베이커리카페,126.8556606,33.5232847,제주특별자치도 제주시 구좌읍 구좌로 40
카페1950,126.4141058,33.25022757,제주특별자치도 서귀포시 중문관광로 90
놀빛바다호,126.1645103,33.30787394,제주특별자치도 제주시 한경면 노을해안로 1142
부띠끄풀빌라 나미브,126.2032277,33.36568417,제주특별자치도 제주시 한경면 판포4길 41-41
착한집,126.5070006,33.49996155,제주특별자치도 제주시 서광로 98
쉘브르,126.1988721,33.36541451,제주특별자치도 제주시 한경면 일주서로 4533-11
탄광맥주,126.4214046,33.25286022,제주특별자치도 서귀포시 천제연로 153
용머리해안 기후변화홍보관,126.3130417,33.23328114,제주특별자치도 서귀포시 안덕면 사계남로216번길 24-34
사거리사또집농산물,126.801354,33.39010684,제주특별자치도 서귀포시 표선면 중산간동로 4627
도련주유소,126.5791596,33.51179149,제주특별자치도 제주시 연삼로 874
신산리마을카페,126.8768459,33.3766209,제주특별자치도 서귀포시 성산읍 환해장성로 33
전설의감자탕앤왕돈가스,126.8294753,33.32725051,제주특별자치도 서귀포시 표선면 표선관정로 39-37
살아있는해물뚝배기 어마장장,126.5298517,33.51107683,제주특별자치도 제주시 성지로 62
새왓댁 1호점,126.6229494,33.29140568,제주특별자치도 서귀포시 남원읍 신례로379번길 31-8
올레삼다정,126.5698327,33.25308894,제주특별자치도 서귀포시 태평로537번길 48
선덕사,126.5936058,33.32017958,제주특별자치도 서귀포시 516로771번길 64
바램,126.3525936,33.31110695,제주특별자치도 서귀포시 안덕면 신화역사로 611
비오토피아 수풍석박물관,126.3897985,33.29992861,제주특별자치도 서귀포시 안덕면 산록남로762번길 79
자연스러운식당,126.5326118,33.24339916,제주특별자치도 서귀포시 태평로92번길 8
바다다펜션,126.8951424,33.52170694,제주특별자치도 제주시 구좌읍 문주란로 132
위미브런치,126.6761213,33.27536594,제주특별자치도 서귀포시 남원읍 태위로 268
한입베어,126.5419402,33.49236448,제주특별자치도 제주시 박성내동길 25
돈풍,126.4850796,33.4868444,제주특별자치도 제주시 원노형로 23
아웃백스테이크하우스 제주점,126.478381,33.48569841,제주특별자치도 제주시 노형로 407
노형삼대국수회관,126.4787983,33.48284753,제주특별자치도 제주시 노형13길 11
제주흑돼지복댕이,126.9165957,33.44762744,제주특별자치도 서귀포시 성산읍 일출로 34
야야,126.6734895,33.54398346,제주특별자치도 제주시 조천읍 조함해안로 580
아난드요가원,126.4818057,33.47650211,제주특별자치도 제주시 한라대학로 107
삼도명가,126.5208204,33.51091961,제주특별자치도 제주시 중앙로14길 34
토닥토닥카페,126.7799203,33.30721506,제주특별자치도 서귀포시 표선면 일주동로 6473
고산성당,126.1801504,33.30123599,제주특별자치도 제주시 한경면 칠전로 1
오지하우스 신제주점,126.4754271,33.48913904,제주특별자치도 제주시 월랑로 43
뉴제주호텔,126.4826851,33.48565514,제주특별자치도 제주시 원노형6길 2
표선항,126.8451658,33.32608181,제주특별자치도 서귀포시 표선면 표선리 45-4
보라지붕,126.6701521,33.54075953,제주특별자치도 제주시 조천읍 함덕19길 6
용두암현대1차아파트,126.5077971,33.51553157,제주특별자치도 제주시 용담로5길 25
산호전복,126.5186457,33.51802292,제주특별자치도 제주시 탑동로 59
better flat 카페,126.5234965,33.5183379,제주특별자치도 제주시 삼도이동
칠돈가,126.4777821,33.4937722,제주특별자치도 제주시 연동
돌갱이네집,126.2398267,33.39367634,제주특별자치도 제주시 한림읍 한림로 329-6
일번지해장국,126.8010206,33.3929987,제주특별자치도 서귀포시 표선면 서성일로 12
춘심이네 2호점,126.4853221,33.46440474,제주특별자치도 제주시 1100로 3114
제주애월한정식,126.3524414,33.47295729,제주특별자치도 제주시 애월읍 애월해안로 412
행복식당,126.4803367,33.48828157,제주특별자치도 제주시 다랑곶길 23
대란갈비,126.5255214,33.49832985,제주특별자치도 제주시 도남로 19
카페동경앤책방,126.4048448,33.48133157,제주특별자치도 제주시 애월읍 하귀로 74
대돈,126.5267604,33.51586513,제주특별자치도 제주시 관덕로15길 29
스무,126.5256739,33.51397124,제주특별자치도 제주시 관덕로11길 8-3
소요펜션,126.649401,33.27221348,제주특별자치도 서귀포시 남원읍 태위로 13
솔향바다가든,126.3090569,33.45664059,제주특별자치도 제주시 애월읍 일주서로 6113
제주동문재래시장 8-1입구,126.5260174,33.51158514,제주특별자치도 제주시 관덕로14길 20
도나망,126.6697881,33.53682401,제주특별자치도 제주시 조천읍 일주동로 1208
참치정육점 주주,126.4971009,33.48604627,제주특별자치도 제주시 문송길 42
신마라본색 칠성점,126.5261266,33.51426418,제주특별자치도 제주시 관덕로13길 14
고향숯불막창 제주지사,126.5200013,33.5115169,제주 제주시 월랑로4길 6 고향숯불막창 제주지사
신화의거리,126.4900566,33.48731217,제주특별자치도 제주시 신광로 53
CU 제주신엄점,126.3569626,33.47840566,제주특별자치도 제주시 애월읍 애월해안로 494
어승생,126.4892783,33.39652248,제주특별자치도 제주시 해안동 산 220-12
제주돌창고,126.2335677,33.3370927,제주특별자치도 제주시 한경면 조수7길 8
농업회사법인 유진팡,126.7425154,33.33991731,제주특별자치도 서귀포시 남원읍 원님로399번길 31-7
순례자의교회,126.1805308,33.31980414,제주특별자치도 제주시 한경면 용수리 2410
라라김밥,126.309869,33.2337252,제주특별자치도 서귀포시 안덕면 사계남로216번길 31
한라산기도원,126.5588463,33.30875469,제주특별자치도 서귀포시 돈내코로 295-114
모슬포교회 역사관,126.2481926,33.22419563,제주특별자치도 서귀포시 대정읍 하모이삼로15번길 25
서림연대,126.2306784,33.23652448,제주특별자치도 서귀포시 대정읍 일과대수로27번길 53-1
당산봉,126.1729781,33.30774396,제주특별자치도 제주시 한경면 용수리 산 28
카페폴린,126.5736429,33.24610721,제주특별자치도 서귀포시 칠십리로 194
따소롬,126.7937464,33.55726479,제주특별자치도 제주시 구좌읍 월정1길 72-1
메종글래드제주 더 라운지,126.4889053,33.48560332,제주특별자치도 제주시 노연로 80
월정리해안도로,126.7955044,33.55608302,제주특별자치도 제주시 구좌읍 월정리 652-4
타라타전동킥보드,126.7983766,33.55462354,제주특별자치도 제주시 구좌읍 해맞이해안로 480-1
대어호횟집,126.4877591,33.48498019,제주특별자치도 제주시 연동4길 12
도도베이커리,126.5588881,33.25179013,제주특별자치도 서귀포시 서문서로55번길 4
메종글래드제주 더파티오풀,126.4885322,33.48523944,제주특별자치도 제주시 노연로 80
CU 서귀외돌개점,126.5547303,33.24387703,제주특별자치도 서귀포시 남성중로 131
뚜르셀프카페,126.7717547,33.35356556,제주특별자치도 서귀포시 표선면 가시로613번길 60
벌크커피 삼도점,126.5164071,33.50172967,제주특별자치도 제주시 서광로11길 19
세븐스타코인노래연습장 서귀포점,126.5634187,33.24705632,제주특별자치도 서귀포시 명동로 14
꽁지삼춘네,126.2728005,33.41695013,제주특별자치도 제주시 한림읍 명랑남동길 34
던킨 제주신화월드점,126.3163542,33.30497395,제주특별자치도 서귀포시 안덕면 신화역사로304번길 38
제주 종달리전망대,126.913254,33.5027819,제주특별자치도 제주시 구좌읍 해맞이해안로 2196
제주옹기정원 야원,126.6650563,33.46950161,제주특별자치도 제주시 조천읍 번영로 1218
꿀봉,126.2963305,33.35903401,제주특별자치도 제주시 한림읍 금악로1길 3
논짓물해수족욕카페,126.3879816,33.23718513,제주특별자치도 서귀포시 논짓물로 13
솔오름전망대,126.5559909,33.2916209,제주특별자치도 서귀포시 동홍동 2150-1
카페 공드리,126.8867285,33.44608184,제주특별자치도 서귀포시 성산읍 수시로10번길 3
캠핑고래 제주점,126.5617477,33.49076365,제주특별자치도 제주시 황사평6길 90-25
갈매기팸,126.8606444,33.52474379,제주특별자치도 제주시 구좌읍 해맞이해안로 1451
우뭇개해안,126.9386349,33.46187313,제주특별자치도 서귀포시 성산읍 일출로 284-12
레프트핸더 게스트하우스,126.8649918,33.52019732,제주특별자치도 제주시 구좌읍 상도북2길 17-12
조실장회센터,126.5325534,33.49502068,제주특별자치도 제주시 고산동산6길 4
세컨드스토리,126.7909483,33.55203085,제주특별자치도 제주시 구좌읍 월정1길 1
슬로우트립 게스트하우스,126.9146294,33.46162469,제주특별자치도 서귀포시 성산읍 오조로85번길 4
바람벽에흰당나귀,126.7076017,33.55385099,제주특별자치도 제주시 구좌읍 동복로 11
멘도롱돈까스,126.7958634,33.55548134,제주특별자치도 제주시 구좌읍 월정7길 58
숙자네숟가락젓가락,126.85487,33.52742753,제주특별자치도 제주시 구좌읍 세평항로 45-2
카도 본점,126.4921732,33.48673663,제주특별자치도 제주시 신대로16길 41
빈티지1950카페펜션,126.7960178,33.53101499,제주특별자치도 제주시 구좌읍 덕행로 175-42
요가베르데,126.7871106,33.48435478,제주특별자치도 제주시 구좌읍 비자림로 1999-6
미르오메기떡,126.5287208,33.50587937,제주특별자치도 제주시 삼성로 25
미르게스트하우스,126.5106237,33.51283439,제주특별자치도 제주시 용담로7길 4
월정스티치,126.7979519,33.55478333,제주특별자치도 제주시 구좌읍 해맞이해안로 480
함덕식탁,126.6722277,33.54195515,제주특별자치도 제주시 조천읍 함덕로 28
사랑약국,126.5330734,33.49478101,제주특별자치도 제주시 중앙로 286
제주곱,126.4922059,33.48702166,제주특별자치도 제주시 신대로16길 42
고기굽는해녀,126.8268519,33.53602794,제주특별자치도 제주시 구좌읍 한동로1길 25
아이스크림크라켄그리고정석농장,126.7983723,33.55462173,제주특별자치도 제주시 구좌읍 해맞이해안로 480-1
평대주유소,126.8371446,33.53069092,제주특별자치도 제주시 구좌읍 일주동로 2948
감성밥집바다의집,126.9100395,33.46211354,제주특별자치도 서귀포시 성산읍 병문로 236
루스트플레이스 노형점,126.4698319,33.4838319,제주특별자치도 제주시 수덕로 79
삐꼴라상점,126.4016064,33.41929635,제주특별자치도 제주시 애월읍 하소로 769-58
용담주유소,126.5154233,33.50909543,제주특별자치도 제주시 용담로 136
탑스킨케어,126.5190424,33.51791987,제주특별자치도 제주시 무근성길 2
정든마을고깃집,126.5400526,33.49686636,제주특별자치도 제주시 정든로 20-8
유메야마,126.4814544,33.48526051,제주특별자치도 제주시 노연로 12
백한철꽈배기식빵,126.7114184,33.28136939,제주특별자치도 서귀포시 남원읍 남한로21번길 56
강정중국집,126.484132,33.23422372,제주특별자치도 서귀포시 이어도로 633
해물나무 제주한림점,126.2643849,33.40978157,제주특별자치도 제주시 한림읍 한림상로 105
대박왕갈비,126.5234645,33.50764712,제주특별자치도 제주시 남성로26길 22
윤가네흑돼지대패삼겹살,126.6704082,33.54023729,제주특별자치도 제주시 조천읍 신북로 572
바다위언덕펜션,126.7103643,33.27613206,제주특별자치도 서귀포시 남원읍 태위로 594-6
언더라운지 함덕점,126.6711665,33.54241395,제주특별자치도 제주시 조천읍 함덕로 40
핸드아트제주,126.658806,33.54109484,제주특별자치도 제주시 조천읍 함덕서1길 7
스타코엑스 별표주유소,126.5010557,33.49363202,제주특별자치도 제주시 연삼로 79
맘스터치 협재점,126.2397112,33.39249184,제주특별자치도 제주시 한림읍 한림로 322
남원큰엉해안경승지,126.7048177,33.2733146,제주특별자치도 서귀포시 남원읍 남원리
세븐일레븐 제주연동청원점,126.4908963,33.49312187,제주특별자치도 제주시 도령로 131
난드르깡통구이,126.3668369,33.23597211,제주특별자치도 서귀포시 안덕면 대평감산로 14
다이소 제주도남점,126.5265692,33.47981512,제주특별자치도 제주시 연북로 424
동홍교회,126.5641592,33.25956272,제주특별자치도 서귀포시 동홍로109번길 48
와인씨 제주,126.3667777,33.23465905,제주특별자치도 서귀포시 안덕면 난드르로 13
안덕하나주유소,126.3596065,33.27761866,제주특별자치도 서귀포시 안덕면 한창로 182
내손에쏙물회 제주,126.8403053,33.53657706,제주특별자치도 제주시 구좌읍 해맞이해안로 1142
사계진미 일도점,126.5433702,33.50221876,제주특별자치도 제주시 연수로3길 4
미미슈,126.3301606,33.4409074,제주특별자치도 제주시 애월읍 중산간서로 5534
중문정든해장국집,126.4276506,33.25805001,제주특별자치도 서귀포시 일주서로 773
대정향교,126.288384,33.23954399,제주특별자치도 서귀포시 안덕면 향교로 165-17
성산갈치맛집,126.9174493,33.4684489,제주특별자치도 서귀포시 성산읍 한도로 90
썬라이즈호텔 섭지코지점,126.9183204,33.4366208,제주특별자치도 서귀포시 성산읍 신양로 83
토토네,126.4106429,33.48941947,제주특별자치도 제주시 애월읍 하귀10길 49-2
남도리쉼터,126.3536914,33.47732478,제주특별자치도 제주시 애월읍 신엄리
CU 제주하귀점,126.4011333,33.48033277,제주특별자치도 제주시 애월읍 하귀로 37
파앤이스트,126.7846226,33.47146925,제주특별자치도 제주시 구좌읍 중산간동로 2263
까사펠리즈,126.353028,33.46669343,제주특별자치도 제주시 애월읍 일주서로 6550
제주다움렌터카,126.497377,33.51795648,제주특별자치도 제주시 어영길 42
썬레이크빌 제주,126.9133601,33.46756523,제주특별자치도 서귀포시 성산읍 한도로 49
브릭216,126.4434107,33.24085726,제주특별자치도 서귀포시 이어도로 216
"디아넥스 온천, 수영장",126.3928441,33.303058,제주특별자치도 서귀포시 안덕면 산록남로762번길 71
맛의고수,126.3118135,33.46155604,제주특별자치도 제주시 애월읍 애월로 29
디아넥스호텔 레스토랑,126.3928441,33.303058,제주특별자치도 서귀포시 안덕면 산록남로762번길 71
카페본태,126.3927798,33.30415915,제주특별자치도 서귀포시 안덕면 산록남로762번길 69
한라산영농조합법인,126.6437115,33.30965093,제주특별자치도 서귀포시 남원읍 위미항구로 395-31
삼다버거,126.7357025,33.54824134,제주특별자치도 제주시 구좌읍 선유로 80
유키효잡화점,126.7928589,33.55594338,제주특별자치도 제주시 구좌읍 월정1길 54-2
책닦는남자 북스테이,126.8288866,33.54103373,제주특별자치도 제주시 구좌읍 한동북1길 34-6
롯지먼트,126.7474345,33.55575446,제주특별자치도 제주시 구좌읍 김녕로1길 23
깃든카페,126.8296146,33.54309759,제주특별자치도 제주시 구좌읍 해맞이해안로 990-2
화북코끼리식당,126.5666087,33.52152869,제주특별자치도 제주시 진동로5길 34
멜맥집,126.5293072,33.51624087,제주특별자치도 제주시 중앙로1길 41-1
수모루공원,126.5256049,33.24106446,제주특별자치도 서귀포시 서호동 86
발랄한맥주,126.563158,33.24336593,제주특별자치도 서귀포시 솔동산로22번길 8
이모밥상,126.4999468,33.48184319,제주특별자치도 제주시 연북로 173
송정식당,126.5598728,33.24801578,제주특별자치도 서귀포시 중앙로41번길 16
돈카츠서황,126.3795945,33.43432508,제주특별자치도 제주시 애월읍 장소로 205-2
라마다프라자제주호텔 더블루,126.5181204,33.51881427,제주특별자치도 제주시 탑동로 66
제주영락교회,126.5431494,33.51106347,제주특별자치도 제주시 동광로23길 15
서귀포 갈치전복 전문점 바다어멍,126.5666584,33.24787101,제주특별자치도 서귀포시 명동로 45
오세화,126.8595031,33.51690218,제주특별자치도 제주시 구좌읍 세송로 8-11
하토우커피로스터스,126.8701373,33.52002611,제주특별자치도 제주시 구좌읍 구좌로 188-1
카페레겐탁,126.9565588,33.49279323,제주특별자치도 제주시 우도면 우도해안길 32-12
신대로12길식당,126.4950848,33.48858417,제주특별자치도 제주시 신대로12길 13
민오름,126.5070916,33.47572799,제주특별자치도 제주시 오라이동 산 28-1
팔팔자연산회센타,126.9119974,33.45241272,제주특별자치도 서귀포시 성산읍 일주동로 4213
제이투호텔,126.4918424,33.49030558,제주특별자치도 제주시 삼무로3길 37
행복주유소,126.7039852,33.55212937,제주특별자치도 제주시 조천읍 일주동로 1602
제주스위스마을,126.6767733,33.49394448,제주특별자치도 제주시 조천읍 함와로 566-27
맨도롱또똣,126.6827824,33.49034819,제주특별자치도 제주시 조천읍 와선로 9
바람,126.5547122,33.44665042,제주특별자치도 제주시 516로 3041-15
제주 스위스마을 412동,126.6765186,33.49414216,제주특별자치도 제주시 조천읍 와산서1길 32
금요일의아침 조금,126.537678,33.50306859,제주특별자치도 제주시 가령골1길 12
개월이오름,126.6127004,33.42663921,제주특별자치도 제주시 봉개동 산 78-1
명품전통육개장,126.4850455,33.48532958,제주특별자치도 제주시 원노형로 37
제주한라대학교 한라컨벤션센터,126.4741519,33.47678976,제주특별자치도 제주시 한라대학로 38
한라향,126.5280864,33.49128918,제주특별자치도 제주시 도남로 104
삼무공원,126.4915198,33.4917504,제주특별자치도 제주시 신대로10길 48-9
서흘포 서사라점,126.519916,33.49655105,제주특별자치도 제주시 서사로 175
유남회센타,126.5258014,33.51250033,제주특별자치도 제주시 오현길 90
제주시탐라도서관,126.4771806,33.47918386,제주특별자치도 제주시 정원로 50
한스K55흑돼지장작구이,126.4642527,33.50503674,제주특별자치도 제주시 도공로 14-8
고득고득,126.6226473,33.25283665,제주특별자치도 서귀포시 쇠소깍로 118
블랑드오조,126.9171233,33.46171817,제주특별자치도 서귀포시 성산읍 오조로80번길 18
카페헛간,126.746007,33.48417367,제주특별자치도 제주시 구좌읍 덕평로 9-8
모슬포호텔 1동,126.2509272,33.21775747,제주특별자치도 서귀포시 대정읍 최남단해안로30번길 11
아모렉스,126.4703455,33.50746206,제주특별자치도 제주시 서해안로 216
멜케,126.2576029,33.2117224,제주특별자치도 서귀포시 대정읍 최남단해안로127번길 3-3
문동일셰프녹차고을,126.4131558,33.48186167,제주특별자치도 제주시 애월읍 하귀동남4길 13-1
대박이네,126.4028739,33.48333624,제주특별자치도 제주시 애월읍 일주서로 7053
오르다하우스,126.5278987,33.50207513,제주특별자치도 제주시 중앙로 192
한라산 어승생악정상분기점,126.4892372,33.39655387,제주특별자치도 제주시 해안동
제주롱비치펜션,126.7107651,33.27535399,제주특별자치도 서귀포시 남원읍 남태해안로 11-16
소풍이야기펜션,126.3872581,33.48864158,제주특별자치도 제주시 애월읍 애월해안로 832
꽃길만걷차 산방산점,126.3249647,33.24203079,제주특별자치도 서귀포시 안덕면 산방로 75-3
황궁쟁반짜장 노형점,126.4830032,33.48536616,제주특별자치도 제주시 원노형6길 7
두문포갈치,126.9100145,33.49669917,제주특별자치도 제주시 구좌읍 해맞이해안로 2286
좋은만두김밥,126.3654461,33.47113572,제주특별자치도 제주시 애월읍 일주서로 6679-1
알작지,126.4395668,33.49600182,제주특별자치도 제주시 테우해안로 60
애월항,126.3223478,33.46703439,제주특별자치도 제주시 애월읍
효돈수제돈까스,126.6204715,33.26216372,제주특별자치도 서귀포시 일주동로 8106
빌라메르시,126.3664065,33.24149144,제주특별자치도 서귀포시 안덕면 소기왓로 81-22
초계명가 제주본점,126.3663927,33.23805439,제주특별자치도 서귀포시 안덕면 대평감산로 38
채식카페 작은부엌,126.7058062,33.51173143,제주특별자치도 제주시 조천읍 선흘동2길 1
함덕해수욕장 야영장,126.6751993,33.54310259,제주특별자치도 제주시 조천읍 조함해안로 525
삼형제다락방펜션,126.6339343,33.49449251,제주특별자치도 제주시 조천읍 와흘상서1길 4-2
취다선리조트,126.9127061,33.47182578,제주특별자치도 서귀포시 성산읍 해맞이해안로 2688
그릉그릉파스타가게,126.8548721,33.52359393,제주특별자치도 제주시 구좌읍 구좌로 31
새우동,126.530758,33.49871043,제주특별자치도 제주시 중앙로 237
태흥주유소,126.7501557,33.2888665,제주특별자치도 서귀포시 남원읍 태위로 990
제주역게스트하우스,126.1658964,33.30845117,제주특별자치도 제주시 한경면 노을해안로 1171
블루오션 차귀도요트,126.1660148,33.3239847,제주특별자치도 제주시 한경면 한경해안로 156
흥부가,126.6687543,33.27516981,제주특별자치도 서귀포시 남원읍 태위로 199
어군,126.5045937,33.51405101,제주특별자치도 제주시 용마서4길 7
더그랜드섬오름 신관,126.5096743,33.23284474,제주특별자치도 서귀포시 막숙포로 118
동환식당,126.5130106,33.23638141,제주특별자치도 서귀포시 법환하로 49
수제홍과일모찌 애월하귀점,126.4139039,33.48388837,제주특별자치도 제주시 애월읍 하귀동남3길 15
비앤썬펜션,126.9149569,33.43412378,제주특별자치도 서귀포시 성산읍 환해장성로 929-7
일출식자재마트 전기차충전소,126.9178819,33.44553927,제주특별자치도 서귀포시 성산읍 섭지코지로25번길 77
SK디앤디 가시리풍력발전소,126.7307684,33.38203956,제주특별자치도 서귀포시 표선면 녹산로 421-58
제주주민갈비,126.5199286,33.51433949,제주특별자치도 제주시 무근성길 44
돌그리안브런치카페,126.8874061,33.38603663,제주특별자치도 서귀포시 성산읍 환해장성로 197
삼대전통고기국수,126.4985825,33.49295847,제주특별자치도 제주시 신대로5길 17
한솥도시락 제주대정점,126.2525546,33.22163699,제주특별자치도 서귀포시 대정읍 하모상가로 35
호끌락다락,126.6640468,33.54175831,제주특별자치도 제주시 조천읍 함덕10길 6
메가MGC커피 제주삼화초점,126.57516,33.51443574,제주특별자치도 제주시 화삼로 19
마들렌제주,126.5340017,33.5175479,제주특별자치도 제주시 임항로 80
웃뜨리,126.429923,33.45951015,제주특별자치도 제주시 애월읍 광성로 213
CU 서부관광점,126.4515253,33.46307873,제주특별자치도 제주시 노형로 41
도르도르 중문점,126.4258598,33.25176466,제주특별자치도 서귀포시 천제연로 197
집시루트 원석판매,126.8114612,33.49109728,제주특별자치도 제주시 구좌읍 비자숲길 55
저지떡방앗간,126.2554812,33.33036123,제주특별자치도 제주시 한경면 중산간서로 3650
황금손가락 산방산점,126.3105328,33.23417969,제주특별자치도 서귀포시 안덕면 사계남로216번길 33
파도식당,126.5305135,33.51130293,제주특별자치도 제주시 성지로 68-1
모들공간,126.7939531,33.55638158,제주특별자치도 제주시 구좌읍 월정1길 66-5
제주아우룸,126.6012546,33.23751156,제주특별자치도 서귀포시 보목로64번길 22
육회공작소,126.49139,33.48671178,제주특별자치도 제주시 신대로16길 47
더필통,126.2282939,33.33684005,제주특별자치도 제주시 한경면 홍수암로 569
산방산둘레길,126.2937887,33.21747798,제주특별자치도 서귀포시 대정읍 상모리
굿나잇플리즈,126.8337952,33.53929853,제주특별자치도 제주시 구좌읍 계룡길 45-2
제주해양레저타운,126.4532338,33.50138225,제주특별자치도 제주시 이호일동 375-43
옥이네복돼지,126.488006,33.49038084,제주특별자치도 제주시 삼무로 11-1
소노벨제주 신관,126.6708205,33.54052329,제주특별자치도 제주시 조천읍 신북로 577
고와리,126.2684949,33.33721857,제주특별자치도 제주시 한경면 용금로 864
제주울어멍김밥,126.4789913,33.47864331,제주특별자치도 제주시 진군2길 17
CU 제주진드르점,126.6146405,33.52887132,제주특별자치도 제주시 조천읍 신촌서5길 1
돌랑돌랑상점 제주국제공항점,126.4930869,33.50700453,제주특별자치도 제주시 공항로 2
한성오메기떡,126.5278651,33.51222331,제주특별자치도 제주시 동문로4길 9-2
제쭈,126.5685749,33.26620509,제주특별자치도 서귀포시 중산간동로 7936
소꿉놀이,126.5732905,33.26652161,제주특별자치도 서귀포시 토평서로11번길 150
어느멋진날,126.6546065,33.26875497,제주특별자치도 서귀포시 남원읍 위미해안로 97
휴애리자연생활공원 매표소,126.6337291,33.308677,제주특별자치도 서귀포시 남원읍 신례동로 256
프렌즈스크린골프 인화,126.5386136,33.5062773,제주특별자치도 제주시 일도이동
9커피,126.5363565,33.49014833,제주특별자치도 제주시 구남동2길 12
다행,126.5449162,33.50354168,제주특별자치도 제주시 연수로4길 20
한라산컨트리클럽,126.5458375,33.44412981,제주특별자치도 제주시 선돌목동길 56-46
신용참숯갈비,126.573793,33.25144178,제주특별자치도 서귀포시 태평로 528
두리아 일도점,126.5390925,33.50665048,제주특별자치도 제주시 동광로 113
골프존카운티 오라,126.5133172,33.44808168,제주특별자치도 제주시 오라남로 130-16
용담생국수,126.5129664,33.51193482,제주특별자치도 제주시 용담로 95
송훈파크 크라운돼지,126.3831759,33.39317967,제주특별자치도 제주시 애월읍 상가목장길 84
세븐일레븐 제주우도천진항점,126.9507495,33.49403167,제주특별자치도 제주시 우도면 우도해안길 86
동촌하우스,126.8997544,33.4913574,제주특별자치도 제주시 구좌읍 종달논길 61-4
에코루벤,126.4855138,33.48620787,제주특별자치도 제주시 노연로 49
메가MGC커피 제주롯데시티점,126.4863236,33.48974367,제주특별자치도 제주시 도령로 74
콜로세움카페,126.5016349,33.48042962,제주특별자치도 제주시 민오름길 14
제주연동일성트루엘오피스텔,126.4887714,33.49068874,제주특별자치도 제주시 삼무로1길 10-8
탐탐56,126.8664107,33.51582069,제주특별자치도 제주시 구좌읍 상하도길 56
공간움놀깨,126.7816486,33.46905856,제주특별자치도 제주시 구좌읍 송당동2길 39
제주축협 한우플라자,126.5428429,33.4860287,제주특별자치도 제주시 중앙로 415
애월코스트34,126.3694073,33.47557101,제주특별자치도 제주시 애월읍 신엄안2길 34
호근정원,126.5322462,33.2515945,제주특별자치도 서귀포시 호근남로 82
우도전기렌트카,126.9436277,33.51090305,제주특별자치도 제주시 우도면 우도해안길 372
류차이,126.4316758,33.2496401,제주특별자치도 서귀포시 중문관광로 330
중문삼다통갈치,126.4134662,33.25762236,제주특별자치도 서귀포시 색달중앙로 23
목리,126.4849961,33.48405813,제주특별자치도 제주시 원노형로 51
역전할머니맥주 연동점,126.4916524,33.48562734,제주특별자치도 제주시 노연로 108
제주담스테이,126.5210401,33.51734879,제주특별자치도 제주시 중앙로2길 35-1
이승악오름,126.622239,33.34014979,제주특별자치도 서귀포시 남원읍 신례리 산 2-4
대정시크릿풀빌라,126.2071113,33.24628335,제주특별자치도 서귀포시 대정읍 노을해안로 216-6
볼륨,126.2452672,33.3975449,제주특별자치도 제주시 한림읍 한림로 400-2
눈을맞추다 제주점,126.2786203,33.28067783,제주특별자치도 서귀포시 대정읍 글로벌에듀로 370
스테이어라운드,126.469905,33.50715634,제주특별자치도 제주시 서해안로 212
달콤다락,126.5273496,33.51203021,제주특별자치도 제주시 동문로4길 17
호텔G,126.5179551,33.50901155,제주특별자치도 제주시 남성로 117
수봉로,126.5200231,33.24109354,제주특별자치도 서귀포시 법환동
스시테이카이센동,126.5282247,33.48046697,제주특별자치도 제주시 연북로 440
제니스카페,126.5142306,33.25866542,제주특별자치도 서귀포시 신동로 115
한라드블랑,126.540551,33.47259726,제주특별자치도 제주시 아란1길 57-8
안성식당,126.5271898,33.51171584,제주특별자치도 제주시 동문로4길 17-4
요리바카,126.4274801,33.25127984,제주특별자치도 서귀포시 천제연로214번길 3
강원수산&남원동,126.7013593,33.27526863,제주특별자치도 서귀포시 남원읍 태위로 507
어진이네물회,126.4886019,33.51821808,제주특별자치도 제주시 서해안로 456-4
오캄커피,126.5317738,33.49951849,제주특별자치도 제주시 광양11길 16
더딘,126.7819716,33.46982369,제주특별자치도 제주시 구좌읍 송당동2길 47
필기,126.8969994,33.49166169,제주특별자치도 제주시 구좌읍 종달로7길 8-1
하이커하우스 보보,126.6568167,33.27444137,제주특별자치도 서귀포시 남원읍 태위로 87
그린마트 우도점,126.9545509,33.50912958,제주특별자치도 제주시 우도면 하고수길 12
제주의계절,126.8996383,33.49316232,제주특별자치도 제주시 구좌읍 종달로5길 34
인디고트리,126.6348244,33.26382963,제주특별자치도 서귀포시 남원읍 하례망장포로 4
희진주유소,126.8733938,33.37687168,제주특별자치도 서귀포시 성산읍 일주동로 5160
세븐일레븐 제주우도비양도점,126.9646944,33.5129142,제주특별자치도 제주시 우도면 우도해안길 920
레몬트리게스트하우스 1호점,126.2513626,33.21965258,제주특별자치도 서귀포시 대정읍 하모항구로 70
호우호시,126.5283854,33.49924598,제주특별자치도 제주시 서광로32길 16
해송수산물회센타,126.320417,33.46633141,제주특별자치도 제주시 애월읍 애월로11길 23
황칠족발,126.2519396,33.21877698,제주특별자치도 서귀포시 대정읍 최남단해안로 20
애월 파티하는오누게스트하우스,126.3140687,33.46285059,제주특별자치도 제주시 애월읍 애월로2길 7
흑돼지일번지,126.7208664,33.28023868,제주특별자치도 서귀포시 남원읍 남조로 5
제주마당,126.4581745,33.49810414,제주특별자치도 제주시 도리로 50
서귀포칼호텔 살레,126.5817703,33.24650267,제주특별자치도 서귀포시 칠십리로 242
제주그때그집 협재판포점,126.1960919,33.36373311,제주특별자치도 제주시 한경면 판포1길 44-1
월드컵약국,126.5084965,33.24870966,제주특별자치도 서귀포시 일주동로 9213
제주냥이,126.8396649,33.53354866,제주특별자치도 제주시 구좌읍 해맞이해안로 1178-1
카페록록 세화읍내점,126.8568619,33.52330413,제주특별자치도 제주시 구좌읍 구좌로 49
제주신화월드랜딩관,126.316352,33.30497268,신화역사로304번길 38 랜딩관 제주신화월드 호텔앤리조트
카페 돈내코로95,126.5866037,33.29949038,제주특별자치도 서귀포시 돈내코로 95
치즈발전소,126.5344823,33.49131338,제주특별자치도 제주시 구남로 45-8
사람휘트니스 연동점,126.4913671,33.48620318,제주특별자치도 제주시 노연로 103
막쇠 연동점,126.4892764,33.48897149,제주특별자치도 제주시 제원길 12
벳내린,126.5995401,33.28641228,제주특별자치도 서귀포시 하신상로 360
카페디캠,126.2255573,33.33911668,제주특별자치도 제주시 한경면 판조로 385
다이소 제주본점,126.5520438,33.50375879,제주특별자치도 제주시 남광로 220
다이소 제주일도점,126.5418728,33.5043455,제주특별자치도 제주시 고마로 115
모슬포정미소,126.2524016,33.22298488,제주특별자치도 서귀포시 대정읍 하모중앙로 57-3
어부피자,126.8034977,33.55668831,제주특별자치도 제주시 구좌읍 행원로5길 35-20
랜딩관 제주신화월드 호텔앤리조트,126.316352,33.30497268,신화역사로304번길 38 랜딩관 제주신화월드 호텔앤리조트
뉴월드마트 신제주점,126.4933861,33.48540002,제주특별자치도 제주시 연동12길 3
초롱민박 조식,126.9314379,33.46716136,제주특별자치도 서귀포시 성산읍 한도로242번길 10-19
머묾한동,126.8283822,33.53677325,제주특별자치도 제주시 한동로1길7
OHD카페,126.7483024,33.48293414,제주특별자치도 제주시 구좌읍 중산간동로 1875
옥만이네 한라수목원점,126.4919352,33.47055205,제주특별자치도 제주시 수목원길 65-6
인생네컷 제주제이원카트클럽점,126.5265692,33.47981512,제주특별자치도 제주시 연북로 424
까보스코 레스토랑,126.4846963,33.2659339,제주특별자치도 서귀포시 용흥로66번길 158-7
폴바셋 제주아라DT점,126.5409751,33.48763835,제주특별자치도 제주시 중앙로 393
히든클리프호텔 앤 네이쳐 치치라운지,126.4026674,33.25488142,제주특별자치도 서귀포시 예래해안로 542
가름물흑돼지,126.794529,33.55692529,제주특별자치도 제주시 구좌읍 해맞이해안로 442
희스토리,126.4676791,33.50509118,제주특별자치도 제주시 서해안로 182
꿈꾸는바다펜션,126.4637396,33.50412842,제주특별자치도 제주시 도두항서길 65
리볼버,126.4026822,33.25665138,제주특별자치도 서귀포시 예래로 31
잇마이피자,126.5316902,33.49745172,제주특별자치도 제주시 중앙로 253
석부작박물관,126.536521,33.25045551,제주특별자치도 서귀포시 일주동로 8941
노을리,126.3735235,33.47944977,제주특별자치도 제주시 애월읍 애월해안로 656
나원회포차,126.5674317,33.24969048,제주특별자치도 서귀포시 동문동로 4
랑지다,126.3380056,33.4642736,제주특별자치도 제주시 애월읍 고내로7길 17
168테우,126.4517168,33.49688023,제주특별자치도 제주시 테우해안로 168
아일랜드오아시스,126.2281962,33.33792407,제주특별자치도 제주시 한경면 홍수암로 555
켄싱턴리조트 제주중문 멤버스라운지,126.412533,33.24761447,제주특별자치도 서귀포시 중문관광로72번길 29-29
위호텔 야외수영장,126.4448129,33.28583642,제주특별자치도 서귀포시 1100로 453-95
앵무야앵무야,126.4792635,33.45759403,제주특별자치도 제주시 미리내길 92
제주승마장,126.7193618,33.43475868,제주특별자치도 제주시 조천읍 비자림로 1065
오롯한집,126.7540128,33.49537871,제주특별자치도 제주시 구좌읍 동백로 476-81
서작가초밥집,126.5647818,33.24481514,제주특별자치도 서귀포시 태평로 416-1
고집순두부 연동본점,126.4858408,33.48932062,제주특별자치도 제주시 제원1길 33
엠버씨티호텔,126.4816698,33.48631808,제주특별자치도 제주시 노연로 13
바람에머물다,126.6195649,33.25094825,제주특별자치도 서귀포시 하효중앙로 5
레이지박스,126.3128669,33.23642501,제주특별자치도 서귀포시 안덕면 산방로 208
두툼한고기돈돼지,126.6698515,33.54109593,제주특별자치도 제주시 조천읍 함덕19길 3
동복뚝배기,126.7093118,33.55318243,제주특별자치도 제주시 구좌읍 동복로 30-2
인터파크렌터카,126.5057202,33.50371608,제주특별자치도 제주시 용문로 88
쏠티브리즈,126.3975559,33.25380908,제주특별자치도 서귀포시 예래로 88
동수악,126.62767,33.36136414,제주특별자치도 서귀포시 남원읍 한남리 산 2-12
한라식당,126.8018149,33.3841426,제주특별자치도 서귀포시 표선면 성읍정의현로22번길 8
올레길 18코스(제주원도심-조천 올레),126.582143,33.5252281,제주특별자치도 제주시 삼양이동
평대시간 이공이오,126.839811,33.53606431,제주특별자치도 제주시 구좌읍 해맞이해안로 1156-6
월정리맛집춘식당,126.795193,33.55527197,제주특별자치도 제주시 구좌읍 월정7길 61
하원가흑돼지,126.4487511,33.24269511,제주특별자치도 서귀포시 이어도로 278
김군빌리지게스트하우스,126.4943399,33.51972565,제주특별자치도 제주시 어영길 1-1
호텔리어스커피,126.4154719,33.25585471,제주특별자치도 서귀포시 중문관광로 23-1
서귀북초등학교 놀이터,126.558512,33.2604264,제주특별자치도 서귀포시 중앙로 175
주공한라식육식당,126.572106,33.2532176,제주특별자치도 서귀포시 동홍중앙로 30
금커피 별빙수 서귀포점,126.5611175,33.24802018,제주특별자치도 서귀포시 천지로 6
동홍주공2단지아파트,126.5725063,33.25387897,제주특별자치도 서귀포시 동홍중앙로 30
제주평화렌트카,126.5056084,33.50710021,제주특별자치도 제주시 용해로 119
부산할매아구찜 신제주점,126.4931305,33.48863389,제주특별자치도 제주시 연동11길 12
스탠포드호텔앤리조트 제주,126.3527546,33.47192841,제주특별자치도 제주시 애월읍 애월해안로 408
애월집,126.375553,33.48209625,제주특별자치도 제주시 애월읍 애월해안로 690
와랑와랑,126.6765534,33.2722943,제주특별자치도 서귀포시 남원읍 위미중앙로300번길 28
예나르제주공예박물관,126.2669139,33.34003125,제주특별자치도 제주시 한경면 저지14길 36
서광마을국수,126.4832086,33.51055745,제주특별자치도 제주시 서해안로 356
초록초록,126.2488302,33.39519534,제주특별자치도 제주시 한림읍 명재로 17
금능석물원,126.2268425,33.38486334,제주특별자치도 제주시 한림읍 한림로 176
버베나하우스,126.4651707,33.50416436,제주특별자치도 제주시 도두항서5길 17
선임교,126.4169744,33.25164578,제주특별자치도 서귀포시 중문관광로 227-20
바베큐쉑,126.3395989,33.30846717,제주특별자치도 서귀포시 안덕면 동광로 135
수도석유 한신주유소,126.4138444,33.25563427,제주특별자치도 서귀포시 천제연로 77
해리안호텔,126.4214004,33.25284938,제주특별자치도 서귀포시 천제연로 153
트리아이숲로프체험장,126.6596819,33.31748394,제주특별자치도 서귀포시 남원읍 서성로 544-97
저지오름반점,126.2552781,33.33050246,제주특별자치도 제주시 한경면 중산간서로 3649
스시아카리,126.568378,33.24371443,제주특별자치도 서귀포시 칠십리로 135
CU 제주516도로점,126.5857042,33.26876086,제주특별자치도 서귀포시 516로 176
GS25 서귀신시가지점,126.5104593,33.25215711,제주특별자치도 서귀포시 신서로48번길 52-11
호로락,126.9675394,33.49775542,제주특별자치도 제주시 우도면 우도해안길 1132
서늘다방,126.7025581,33.45908816,제주특별자치도 제주시 조천읍 선진길 7-3
스테이예스,126.201379,33.36587424,제주특별자치도 제주시 한경면 일주서로 4549
오뚜기빵집 2호점,126.4670446,33.50324921,제주특별자치도 제주시 오래물길 9
소문난맛집,126.396541,33.48347867,제주특별자치도 제주시 애월읍 애월해안로 945-2
Breezy Studio,126.4941413,33.23527284,제주특별자치도 서귀포시 이어도로 738
흑돈시백돈면,126.3333375,33.28590342,제주특별자치도 서귀포시 안덕면 중산간서로 1769
타기모텔,126.5259009,33.51518835,제주특별자치도 제주시 중앙로5길 12
바당카페,126.439232,33.23843115,제주특별자치도 서귀포시 대포로 172-8
아리아식당,126.165736,33.30815085,제주특별자치도 제주시 한경면 노을해안로 1174
그랜드 밀리언스 호텔,126.5200165,33.25455636,제주특별자치도 서귀포시 서호중앙로 84
나인부띠끄호텔,126.5626372,33.24258419,제주특별자치도 서귀포시 솔동산로10번길 23
제주어멍 통갈치,126.4842395,33.51166348,제주특별자치도 제주시 서해안로 372
또또공간,126.2613922,33.31196419,제주특별자치도 제주시 한경면 연명로 467
올레브릿지하우스,126.3326624,33.24171529,제주특별자치도 서귀포시 안덕면 화순중앙로124번길 26
칠성골흑돼지,126.5259826,33.51638507,제주특별자치도 제주시 중앙로1길 11
애월리순메밀막국수,126.3163627,33.46563473,제주특별자치도 제주시 애월읍 애월해안로 11
갯바위횟집,126.5693977,33.24661553,제주특별자치도 서귀포시 동부로 18
고고애월게스트하우스,126.3202949,33.46709889,제주특별자치도 제주시 애월읍 애월해안로 56
올레길 1코스(시흥-광치기 올레) 역방,126.9063665,33.47866074,제주특별자치도 서귀포시 성산읍 시흥리
아방국수,126.5641844,33.2484367,제주특별자치도 서귀포시 중정로73번길 4
제주통나무휴야펜션 전기차충전소,126.8237543,33.35107521,제주특별자치도 서귀포시 표선면 번영로 3328
원보뷔페 본점,126.5857992,33.27136508,제주특별자치도 서귀포시 516로 204
자연드림 제주동홍점,126.5674398,33.25306622,제주특별자치도 서귀포시 동홍로 49-7
도구리3083,126.1726064,33.27488639,제주특별자치도 서귀포시 대정읍 노을해안로 702
더갤러리펜션,126.6755345,33.42210858,제주특별자치도 제주시 조천읍 남조로 1717-24
아름다운리조트,126.9099937,33.47518323,제주특별자치도 서귀포시 성산읍 해맞이해안로 2644
제주삼다장,126.8119075,33.49523668,제주특별자치도 제주시 구좌읍 비자숲길 15
세화마을협동조합,126.8560161,33.52699249,제주특별자치도 제주시 구좌읍 세평항로 46-9
크앙분식,126.5306889,33.49156955,제주특별자치도 제주시 독짓골4길 11
홀리데이홀릭,126.6733605,33.54078607,제주특별자치도 제주시 조천읍 함덕로 9
CU 제주동복점,126.7098478,33.55326843,제주특별자치도 제주시 구좌읍 동복로 34
943스튜디오,126.6641287,33.54201459,제주특별자치도 제주시 조천읍 함덕16길 52-1
해안길472,126.9493673,33.51705445,제주특별자치도 제주시 우도면 우도해안길 470
성산리사무소,126.9342814,33.46488769,제주특별자치도 서귀포시 성산읍 성산중앙로65번길 7-1
해동,126.6865436,33.54782371,제주특별자치도 제주시 조천읍 북촌리
유드림마트,126.9162598,33.44800589,제주특별자치도 제주시 조천읍 신북로 551
한와담 제주점,126.3022687,33.29017422,제주특별자치도 서귀포시 안덕면 녹차분재로 44-5
진모텔,126.5606814,33.24853618,제주특별자치도 서귀포시 중앙로47번길 7-1
네꼬야밀크티샵,126.3482597,33.45528501,제주특별자치도 제주시 애월읍 하가로 167-1
폴레폴레 게스트하우스,126.8895821,33.52642109,제주특별자치도 제주시 구좌읍 해맞이해안로 1766-12
마리조아 중문점,126.4430927,33.24159517,제주특별자치도 서귀포시 이어도로 215
해송갈치,126.9341741,33.46169233,제주특별자치도 서귀포시 성산읍 일출로 270-2
제주동문수산시장,126.5254741,33.51253514,제주특별자치도 제주시 오현길 88
흑도리,126.3637178,33.4701811,제주특별자치도 제주시 애월읍 신엄5길 1
한라산 어리목탐방지원센터,126.4953801,33.39154083,제주특별자치도 제주시 1100로 2070-61
제주잇수다,126.4730981,33.4810509,제주특별자치도 제주시 노형로 336
메밀꽃밭,126.5052614,33.42690457,제주특별자치도 제주시 오라이동 산 76
제주택,126.6767744,33.49394592,제주특별자치도 제주시 조천읍 함와로 566-27
유리멘탈스튜디오,126.2268548,33.33438237,제주특별자치도 제주시 한경면 낙수로 12
슬랩,126.2415935,33.39480422,제주특별자치도 제주시 한림읍 한림로 354
베누스무인텔,126.4062434,33.42072603,제주특별자치도 제주시 애월읍 유수암평화5길 92
고바진,126.3491118,33.30899612,제주특별자치도 서귀포시 안덕면 신화역사로 578-18
호또모또,126.4769918,33.50915914,제주특별자치도 제주시 서해안로 291-4
쌈총사횟집,126.5594353,33.26464028,제주특별자치도 서귀포시 중산간동로 8024
한라닭강정,126.5165905,33.51133233,제주특별자치도 제주시 서문로 49
어락게스트하우스,126.3654726,33.23591467,제주특별자치도 서귀포시 안덕면 대평로 12
호꼼스낵,126.6410291,33.26481425,제주특별자치도 서귀포시 남원읍 공천포로 65
삼백식당,126.3686889,33.23504744,제주특별자치도 서귀포시 예래로 466-1
제주보리게스트하우스,126.7836516,33.46825063,제주특별자치도 제주시 구좌읍 송당6길 38-1
십이계절게스트하우스,126.8060969,33.30440591,제주특별자치도 서귀포시 표선면 민속해안로 32
제주돌문화공원 돌박물관야외무대,126.6579842,33.45029617,제주특별자치도 제주시 조천읍 남조로 2023
아만토브펜션,126.3704563,33.23574163,제주특별자치도 서귀포시 예래로 446
블랙데이,126.532146,33.51435198,제주특별자치도 제주시 만덕로 23-2
그린블리스,126.8024039,33.3060086,제주특별자치도 서귀포시 표선면 가마행남로 12
가파도해녀촌식당,126.2741751,33.16664358,제주특별자치도 서귀포시 대정읍 가파로 76-1
서머셋 제주신화월드내 식당거리,126.3172648,33.30275469,제주특별자치도 서귀포시 안덕면 신화역사로304번길 89
라마다호텔,126.5175016,33.5185924,제주시 탑동로 66
보보스호텔,126.5278065,33.51588354,제주특별자치도 제주시 서부두남길 20
꿈의바다,126.365858,33.4769188,제주특별자치도 제주시 애월읍 신엄9길 65-11
바이크제주,126.5042857,33.50842386,제주특별자치도 제주시 용해로 99
장안사,126.4686788,33.50633966,제주특별자치도 제주시 서해안로 195
흑돼지거리,126.5268014,33.51545776,제주특별자치도 제주시 일도일동 1492-1
반띵,126.5204186,33.50609995,제주특별자치도 제주시 전농로9길 19
아트스페이스빈공간,126.5213906,33.51447318,제주특별자치도 제주시 관덕로3길 15
돼지촌,126.4833889,33.48381883,제주특별자치도 제주시 원노형남1길 28
카페코랫,126.329298,33.43981181,제주특별자치도 제주시 애월읍 중산간서로 5519
애월체육관,126.3325158,33.46307931,제주특별자치도 제주시 애월읍 일주서로 6349
신우가촌,126.5225368,33.24451137,제주특별자치도 서귀포시 이어도로 1042
스팅그레이,126.2473435,33.30408284,제주특별자치도 제주시 한경면 대한로 860-41
제주회토랑,126.7138566,33.27764227,제주특별자치도 서귀포시 남원읍 태위로 628
담에랑또,126.5224466,33.25398083,제주특별자치도 서귀포시 서호중로 86
브릿지카페,126.2994335,33.44687841,제주 제주시 애월읍 금성1길 29-3
제주칼국수,126.548196,33.49927652,제주특별자치도 제주시 태성중2길 32-1
축협 축산물프라자한우식당,126.318258,33.29047213,제주특별자치도 서귀포시 안덕면 중산간서로 1914-3
커트러리,126.3904583,33.24825658,제주특별자치도 서귀포시 상예로 20
제주신화월드 엠라운지,126.3176532,33.30747494,제주특별자치도 서귀포시 안덕면 신화역사로304번길 38
뼈대감,126.2645011,33.40874453,제주특별자치도 제주시 한림읍 동명북1길 13
완이클라쓰펜션,126.3090494,33.44971367,제주특별자치도 제주시 애월읍 곽지8길 1
랜돌프비어 제주연동점,126.4905575,33.48775781,제주특별자치도 제주시 연동7길 24
새마을금고중앙회 새마을금고제주연수원,126.3939062,33.41372767,제주특별자치도 제주시 애월읍 평화로 2175
일출봉도식후경,126.9194393,33.43842566,제주특별자치도 서귀포시 성산읍 섭지코지로26번길 6
카페세바,126.7060368,33.5132142,제주특별자치도 제주시 조천읍 선흘동2길 20-7
호텔52,126.247073,33.21989087,제주특별자치도 서귀포시 대정읍 신영로36번길 35
루마인펜션,126.901368,33.48425043,제주특별자치도 제주시 구좌읍 해맞이해안로 2498
동감,126.4807946,33.47863104,제주특별자치도 제주시 진군길 38
델문도 제주도립미술관점,126.4896879,33.45254876,제주특별자치도 제주시 1100로 2894-78
별도봉,126.5530923,33.51919693,제주특별자치도 제주시 화북일동 4472
두더지식당제주,126.5414489,33.49166392,제주특별자치도 제주시 박성내서길 14
길벗식당,126.4749549,33.49250899,제주특별자치도 제주시 월광로 162
카페제주종이가게,126.6221296,33.53658318,제주특별자치도 제주시 조천읍 신촌7길 30
삼해횟집,126.4290188,33.48421859,제주특별자치도 제주시 우평로 354
하르방밀면 노형점,126.4717296,33.48388869,제주특별자치도 제주시 수덕9길 67
고래콩물,126.4744843,33.48954076,제주특별자치도 제주시 달마루길 10-5
용꽈배기 신제주점,126.4716094,33.48170633,제주특별자치도 제주시 수덕5길 85-7
월대천,126.4368018,33.49358565,제주특별자치도 제주시 외도이동 2551
용두암해수랜드,126.5043968,33.51612027,제주특별자치도 제주시 서해안로 630
김고기,126.5119178,33.2557955,제주특별자치도 서귀포시 신동로67번길 23
설문대여성문화센터,126.5002516,33.48449024,제주특별자치도 제주시 선덕로8길 12
카페팔레트,126.4848303,33.51095459,제주특별자치도 제주시 서해안로 368-10
그랜드하얏트제주 그랜드키친,126.4814115,33.4852423,제주특별자치도 제주시 노연로 12
스테이겨를,126.2968451,33.41817426,제주특별자치도 제주시 한림읍 중산간서로 5082-2
누구하나,126.3859578,33.46766693,제주특별자치도 제주시 애월읍 수산서4길 3
해수육장,126.5331287,33.50010783,제주특별자치도 제주시 동광로6길 25
소금막호스텔,126.6203219,33.25058991,제주특별자치도 서귀포시 쇠소깍로 151-14
롱사르,126.3341497,33.46267156,제주특별자치도 제주시 애월읍 일주서로 6365
꽃길만걷차 성산본점,126.9187285,33.44181526,제주특별자치도 서귀포시 성산읍 섭지코지로25번길 29
보엠,126.4845456,33.47964386,제주특별자치도 제주시 원노형로 102
제일도서,126.4863779,33.48126712,제주특별자치도 제주시 과원북4길 35
핀크스GC,126.3885875,33.31528973,제주특별자치도 서귀포시 안덕면 산록남로 863
블랙스톤리조트 제주,126.3109189,33.33637026,제주특별자치도 제주시 한림읍 한창로 925-122
동문카페,126.5245641,33.51597572,제주특별자치도 제주시 중앙로 26
우주파,126.5167306,33.51768818,제주특별자치도 제주시 탑동로 81
엘리팝 제주탑동점,126.5267248,33.51588663,제주특별자치도 제주시 관덕로15길 29
먹쿠슬낭여행자카페,126.5070181,33.49801238,제주특별자치도 제주시 오라로 24
협재온리원,126.2453301,33.39898332,제주특별자치도 제주시 한림읍 협재1길 55
대아상회,126.5266746,33.51264792,제주특별자치도 제주시 관덕로14길 3
CU 제주중문길점,126.4225746,33.25183781,제주특별자치도 서귀포시 천제연로 168
ABC마트 ST서귀포중앙점,126.5632957,33.2480549,제주특별자치도 서귀포시 중정로 65
바른움직임,126.2862095,33.28133112,제주특별자치도 서귀포시 대정읍 중산간서로2262번길 5
캘리소프트서브 올레시장점,126.5623764,33.24949428,제주특별자치도 서귀포시 중앙로54번길 16
봄꽃,126.250492,33.22098984,제주특별자치도 서귀포시 대정읍 신영로 71-3
카페구하나구칠,126.6149062,33.26350807,제주특별자치도 서귀포시 효돈로 152
마루아라,126.5639311,33.24671911,제주특별자치도 서귀포시 이중섭로 16
봉해장국,126.5303653,33.51164498,제주특별자치도 제주시 성지로 67-1
둥지,126.4913236,33.48794218,제주특별자치도 제주시 신대로14길 50
삼양다방,126.5864023,33.52145211,제주특별자치도 제주시 일주동로 387-1
백스비어 올레시장점,126.5628205,33.24736619,제주특별자치도 서귀포시 중정로62번길 4
자유의지,126.5236665,33.51556476,제주특별자치도 제주시 북성로 7
달콤한계단,126.5055153,33.25581619,제주특별자치도 서귀포시 신서로 66
천진낭만,126.9482057,33.49377457,제주특별자치도 제주시 우도면 우도해안길 108
금동이네귤농장,126.4954848,33.25354257,제주특별자치도 서귀포시 염돈로28번길 15-7
서귀포시축협하나로마트 신시가지점,126.5195451,33.25041814,제주특별자치도 서귀포시 서호남로 65
코쿤호텔 애월,126.3716405,33.47798327,제주특별자치도 제주시 애월읍 중엄3길 50
커피비터스윗,126.4988171,33.48846227,제주특별자치도 제주시 선덕로3길 32
제주환상자전거길 1구간,126.4275105,33.49268656,제주특별자치도 제주시 외도이동
호텔DK,126.5621369,33.24932302,제주특별자치도 서귀포시 중앙로54번길 12
착한집석쇠구이,126.2353427,33.38322552,제주특별자치도 제주시 한림읍 금능남로 53
콜체스카페,126.3277076,33.43993483,제주특별자치도 제주시 애월읍 애납로 158
배고팡,126.8282433,33.33551404,제주특별자치도 서귀포시 표선면 번영로 3510
무운,126.2844469,33.24764674,제주특별자치도 서귀포시 대정읍 인안성로 32
성원식당,126.291515,33.20998162,제주특별자치도 서귀포시 대정읍 형제해안로 280
송악산7족욕,126.2896349,33.20678278,제주특별자치도 서귀포시 대정읍 형제해안로 322-1
아르츠스파&풀빌라,126.9000297,33.48593717,제주특별자치도 제주시 구좌읍 해맞이해안로 2486-23
호텔더그랑 중문,126.4131369,33.25743778,제주특별자치도 서귀포시 색달중앙로 19
테라스탱고,126.4961902,33.48797197,제주특별자치도 제주시 신대로 104
아라주는엄마치킨,126.6567651,33.54724166,제주특별자치도 제주시 조천읍 조함해안로 376-5
미래골프클럽,126.4218036,33.42974337,제주특별자치도 제주시 애월읍 고성남서길 52-3
버드나무집,126.6673938,33.54129672,제주특별자치도 제주시 조천읍 신북로 540
더세리리조트,126.5121316,33.24705686,제주특별자치도 서귀포시 법환상로2번길 97-17
루이네미장원,126.5138658,33.23655517,제주특별자치도 서귀포시 법환로 11
구씨네사진관,126.5113559,33.25841071,제주특별자치도 서귀포시 신북로 27
허클베리핀,126.4740551,33.47937349,제주특별자치도 제주시 노형5길 44
마초면탁,126.6355984,33.50286244,제주특별자치도 제주시 조천읍 중산간동로 456
슈퍼두펍,126.6607953,33.54365902,제주특별자치도 제주시 조천읍 신북로 471
차돌집,126.4934634,33.49060433,제주특별자치도 제주시 신대로10길 29
봉꾸라주,126.5057814,33.25428809,제주특별자치도 서귀포시 신서로48번길 5
화순금모래해수욕장 수영장,126.3356743,33.23957474,제주특별자치도 서귀포시 안덕면 화순리 776-8
카페코지,126.9292422,33.46821997,제주특별자치도 서귀포시 성산읍 한도로 200
싸다바이크,126.9507028,33.49400316,제주 제주시 우도면 우도해안길 86
말산메,126.8854024,33.48043643,제주특별자치도 제주시 동광로 69
디바인커피,126.9692117,33.49768372,제주특별자치도 제주시 우도면 우도해안길 1112
제주하우스 홈앤리빙,126.929243,33.46852742,제주특별자치도 서귀포시 성산읍 한도로 199
비자림휴게소,126.8102477,33.49124239,제주 제주시 구좌읍 비자숲길 62
백스비어 서귀포성산점,126.9164003,33.44843966,제주특별자치도 서귀포시 성산읍 동류암로 39-4
로빈앤블루,126.9601534,33.51285062,제주특별자치도 제주시 우도면 우도해안길 856
동암사,126.9359319,33.46153457,제주특별자치도 서귀포시 성산읍 일출로 284-10
세븐일레븐 제주우도해안길점,126.9575064,33.51344029,제주특별자치도 제주시 우도면 우도해안길 810
제주바이브,126.9167986,33.43566498,제주특별자치도 서귀포시 성산읍 환해장성로 950
세븐일레븐 제주공항에어사이드점,126.4933167,33.5069117,제주특별자치도 제주시 공항로 2
모슬포제빵소,126.2524763,33.21747737,제주특별자치도 서귀포시 대정읍 최남단해안로 33
제주드림타워 녹나무,126.4814544,33.48526051,제주특별자치도 제주시 노연로 12
제주남문교회,126.5314645,33.49860491,제주특별자치도 제주시 광양13길 6-3
풍년식당,126.5839071,33.5219225,제주특별자치도 제주시 설촌로2길 23
갯것이식당,126.5370824,33.5033684,제주특별자치도 제주시 가령로 9
오조해녀의집,126.9222935,33.46973502,제주특별자치도 서귀포시 성산읍 한도로 141-13
뜰향기,126.6587854,33.47311616,제주특별자치도 제주시 조천읍 남조로 2326
해뜨는집펜션,126.9225436,33.46911126,제주특별자치도 서귀포시 성산읍 한도로 137
거슨세미오름,126.7601311,33.4502293,제주특별자치도 제주시 구좌읍 송당리 산 145
제주그린나래,126.8510185,33.42797216,제주특별자치도 서귀포시 성산읍 서성일로 615
우도청정식당,126.9570455,33.51397748,제주특별자치도 제주시 우도면 우도해안길 804
올레칠돈,126.4595651,33.24365862,제주특별자치도 서귀포시 월평하원로 20
제주기장횟집,126.3361577,33.24261758,제주특별자치도 서귀포시 안덕면 화순중앙로 103
스시권,126.4778963,33.48541507,제주특별자치도 제주시 노형로 401
은영이네국수,126.4851005,33.49204847,제주특별자치도 제주시 성신로 26
바당고띠,126.4324944,33.49406187,제주특별자치도 제주시 월대3길 31
세미양오름,126.5622968,33.43911118,제주특별자치도 제주시 아라일동 산 24-2
해양호수산회백화점,126.4318861,33.49016152,제주특별자치도 제주시 우정로5길 10
조근아지망식당,126.4306666,33.49252439,제주특별자치도 제주시 우정로 2
민트게스트하우스,126.5147831,33.50039528,제주특별자치도 제주시 서광로5길 2-4
BBQ 호텔리젠트마린점,126.5267284,33.51740311,제주특별자치도 제주시 서부두2길 20
제주마루,126.9219834,33.43637161,제주특별자치도 서귀포시 성산읍 신양로 116
양가네,126.3389447,33.3062223,제주특별자치도 서귀포시 안덕면 동광로 112
중섭이네식당,126.564187,33.24617181,제주특별자치도 서귀포시 이중섭로 19
W699펜션,126.7915962,33.55801583,제주특별자치도 제주시 구좌읍 월정중길 19-11
CU 서귀포돈내코점,126.5949012,33.29273839,제주특별자치도 서귀포시 516로 466
사형제횟집,126.2663407,33.42239734,제주특별자치도 제주시 한림읍 한림상로 273
춘미향식당,126.2965257,33.23146855,제주특별자치도 서귀포시 안덕면 산방로 378
돈내코힐스파리조트,126.5781496,33.302587,제주특별자치도 서귀포시 돈내코로 180
GS25 제주산방산호텔점,126.2932615,33.24967709,제주특별자치도 서귀포시 대정읍 일주서로 2093
제주베스트힐 글램핑&펜션,126.6577143,33.45383873,제주특별자치도 제주시 조천읍 남조로 2109-36
녹근로33,126.3143351,33.41572968,제주특별자치도 제주시 애월읍 녹근로 33
봉성프리마,126.311535,33.41634168,제주특별자치도 제주시 애월읍 봉성로2길 16-1
우도돌담집,126.9492154,33.51721939,제주특별자치도 제주시 우도면 우도해안길 472
금능해수욕장 야영장,126.2360909,33.39105592,제주특별자치도 제주시 한림읍 금능리 2027
세븐일레븐 성산라마다호텔점,126.9172736,33.44960783,제주특별자치도 서귀포시 성산읍 동류암로 26
공가네구이촌,126.917509,33.44980184,제주특별자치도 서귀포시 성산읍 동류암로 22
산포식당,126.8997001,33.44512287,제주특별자치도 서귀포시 성산읍 서성일로 1134
김밥노리터,126.563764,33.25054053,제주특별자치도 서귀포시 중앙로62번길 23
굽네치킨 성산점,126.9110512,33.47425353,제주특별자치도 서귀포시 성산읍 해맞이해안로 2660
희야네식당,126.7197524,33.27946798,제주특별자치도 서귀포시 남원읍 태위로 685-1
우도돼지네땅콩만두 올레본점,126.5637819,33.24953979,제주특별자치도 서귀포시 중정로73번길 15-1
CU 더퍼스트호텔점,126.5668227,33.24742257,제주특별자치도 서귀포시 명동로 46
소소당양갱,126.3787991,33.32606409,제주특별자치도 서귀포시 안덕면 신화역사로685번길 236
한스푼,126.9575711,33.51331408,제주 제주시 공항로 2 제주국제공항
바람모루길,126.5173415,33.25406553,제주 서귀포시 서호남로 19-42
큰길,126.3655111,33.28580313,제주 서귀포시 안덕면 병악로 113 병악로113
성산오조지질레일,126.9149003,33.45653907,제주 서귀포시 성산읍 오조로 30
성산고등어쌈밥,126.9207558,33.44946513,제주 서귀포시 성산읍 섭지코지로25번길 122-5 해물마을
푸디움제주공항점(온담국수),126.4959513,33.50593647,제주 제주시 공항로 2 제주국제공항
촐리케이크,126.5420395,33.49393813,제주특별자치도 제주시 신설로2길 1-1
카페이시도르,126.3225989,33.3466118,제주특별자치도 제주시 한림읍 금악북로 353
서귀포풍경호텔,126.5534755,33.24481113,제주특별자치도 서귀포시 남성중로 147
돼지삼춘생구이,126.4910778,33.4790163,제주특별자치도 제주시 국기로3길 7
모들카페,126.5840708,33.51974435,제주특별자치도 제주시 지석12길 14
제주돈삼겹 삼도점,126.5241764,33.50656073,제주특별자치도 제주시 남성로26길 34
협재조랑게,126.2451241,33.39942745,제주특별자치도 제주시 한림읍 협재1길 55-9
바다이야기,126.2519827,33.40334581,제주특별자치도 제주시 한림읍 한림로 491
녹원호텔,126.5242,33.5004886,제주특별자치도 제주시 서광로25길 6
맵수다 제원점,126.4890109,33.48874319,제주특별자치도 제주시 신광로4길 7
해남이네,126.9137347,33.44565276,제주특별자치도 서귀포시 성산읍 고성오조로 17-1
성산해녀짬뽕,126.9351779,33.46300199,제주특별자치도 서귀포시 성산읍 일출로 286
러브레시피 스튜디오,126.9184984,33.43723131,제주특별자치도 서귀포시 성산읍 신고로22번길 16
성산고성횟집,126.9081002,33.4506797,제주특별자치도 서귀포시 성산읍 산성효자로 40
고래성,126.304226,33.22827505,제주특별자치도 서귀포시 안덕면 사계남로 133
현재식당,126.5595818,33.24848631,제주특별자치도 서귀포시 서문로29번길 21
CU 서귀사계포구점,126.3040292,33.22792593,제주특별자치도 서귀포시 안덕면 형제해안로 24
득미당,126.5714064,33.25672434,제주특별자치도 서귀포시 동홍남로 30
금하식당,126.5241074,33.25405301,제주특별자치도 서귀포시 서호호근로 77
마루,126.6995579,35.96433284,제주 서귀포시 대정읍 서삼중로 77
흑돈퍼주는집,126.477791,33.23607986,제주특별자치도 서귀포시 이어도로 572-1
비체올린,126.2184496,33.34946392,제주특별자치도 제주시 한경면 판조로 253-6
춘배네코히,126.55937,33.24641902,제주특별자치도 서귀포시 태평로 355
어클락,126.4180815,33.46285052,제주특별자치도 제주시 애월읍 고성북동길 18
토마토도시락 제주서귀포점,126.5586154,33.26334804,제주특별자치도 서귀포시 중앙로 209
동부골프연습장,126.9039798,33.46239481,제주특별자치도 서귀포시 성산읍 일주동로4098번길 62
제주일출봉해안 일제동굴진지,126.9385054,33.45784828,제주특별자치도 서귀포시 성산읍 일출로 284-12
용이식당 노형점,126.4733853,33.48266236,제주특별자치도 제주시 정존3길 8
블루사이공,126.4078084,33.45688383,제주특별자치도 제주시 애월읍 중산간서로 6333
노형뜨란채아파트,126.4723805,33.48726342,제주특별자치도 제주시 수덕로 44
제주드루앙 신촌,126.6211581,33.53767113,제주특별자치도 제주시 조천읍 신촌5길 40-1
선흘,126.6992315,33.48576399,제주특별자치도 제주시 조천읍 선교로 198
팜셀프카페,126.3984555,33.45991503,제주특별자치도 제주시 애월읍 예원로 108
신도2리 도구리 모살물,126.17164,33.273903,제주특별자치도 서귀포시 대정읍 신도리
협재 해오름펜션,126.2534477,33.39808575,제주특별자치도 제주시 한림읍 옹포2길 37-28
하도작은식당,126.8927369,33.51015537,제주특별자치도 제주시 구좌읍 하도13길 62-9
엉또올레차이나타운 2호점,126.4940275,33.26107334,제주특별자치도 서귀포시 월산로 3
제주펜션오다,126.4877311,33.51768615,제주특별자치도 제주시 서해안로 452
제주물,126.496259,33.49262808,제주특별자치도 제주시 삼무로11길 9
함덕뚝배기,126.6702966,33.54240983,제주특별자치도 제주시 조천읍 조함해안로 538
한수리방파제,126.2573212,33.41719561,제주특별자치도 제주시 한림읍 한수리 914-4
윤슬스테이,126.7959698,33.53218609,제주특별자치도 제주시 구좌읍 덕행로 175-24
돌돌,126.2959363,33.44631666,제주특별자치도 제주시 한림읍 귀덕11길 39
숙소,126.3640653,33.47802163,제주 제주시 애월읍 애월해안로 566 라온빌리지
통큰낙지 서귀포점,126.5644572,33.2470816,제주특별자치도 서귀포시 이중섭로 11
교동도나스 제주애월점,126.3641846,33.47800656,제주특별자치도 제주시 애월읍 애월해안로 566
하가리연꽃마을,126.3482905,33.45491191,제주특별자치도 제주시 애월읍 하가리 1569-2
하귀바다,126.4144151,33.48212007,제주특별자치도 제주시 애월읍 하귀1리
샌드박스,126.3640532,33.47802752,제주특별자치도 제주시 애월읍 애월해안로 566
에코아바,126.4817227,33.48682319,제주특별자치도 제주시 원노형3길 40
라온빌리지,126.3809657,33.4809988,제주특별자치도 제주시 애월읍
돈셰프흑돼지,126.3628779,33.47764102,제주특별자치도 제주시 애월읍 애월해안로 554-8
성산항입구,126.9288781,33.46879408,제주특별자치도 서귀포시 성산읍 성산리
협재블리스,126.2527164,33.38695213,제주특별자치도 제주시 한림읍 협재남6길 31
달달미깡감귤밭,126.6199455,33.2795275,제주특별자치도 서귀포시 남원읍 하례리 964-2
한라산국립공원 성판악탐방로-관음사코스,126.5750287,33.37813103,제주특별자치도 서귀포시 남원읍 신례리 산 2-1
제주석창포영농조합법인,126.2489589,33.34571222,제주특별자치도 제주시 한림읍 수동7길 54-3
감성농부,126.3290439,33.28670078,제주특별자치도 서귀포시 안덕면 중산간서로 1809
다온제과,126.590223,33.50879472,제주특별자치도 제주시 삼봉로 141
발루다,126.8114174,33.4959482,제주특별자치도 제주시 구좌읍 비자림로 2270
함덕산티아고게스트하우스,126.6223522,33.53886668,제주특별자치도 제주시 조천읍 신촌9길 47-2
가담국수,126.4775571,33.49029666,제주특별자치도 제주시 월랑로10길 21
카페서연의집,126.6555806,33.26940685,제주특별자치도 서귀포시 남원읍 위미해안로 86
백패커스빌라,126.1672586,33.32373338,제주특별자치도 제주시 한경면 용수3길 21-1
미니멀웜,126.3319983,33.45791224,제주특별자치도 제주시 애월읍 애상로 85-1
홍가네집밥,126.9116059,33.45136748,제주특별자치도 서귀포시 성산읍 일주동로 4224
조끄뜨레식자재마트 성산지점,126.9146752,33.44513769,제주특별자치도 서귀포시 성산읍 고성오조로 18
오식당,126.5078636,33.50529338,제주특별자치도 제주시 용문로 113
빛다,126.4839166,33.51076596,제주특별자치도 제주시 서해안로 364
원조목살집,126.4255233,33.25252227,제주특별자치도 서귀포시 중문상로 45
그루스터디카페 서귀포혁신도시센터,126.509835,33.25249006,제주특별자치도 서귀포시 김정문화로41번길 14-4
협자연대,126.9322288,33.42636972,제주특별자치도 서귀포시 성산읍 고성리 57-1
제주나그네,126.8254157,33.55587276,제주특별자치도 제주시 구좌읍 해맞이해안로 804
끌림36.5,126.3476299,33.47087824,제주특별자치도 제주시 애월읍 고내로13길 83
TBN제주교통방송,126.5500139,33.47840941,제주특별자치도 제주시 기자길 101
보물섬,126.9316899,33.46641181,제주특별자치도 서귀포시 성산읍 한도로242번길 10-11
샘모루펜션,126.4948593,33.2531334,제주특별자치도 서귀포시 염돈로28번길 11
렌시아,126.2519408,33.37837964,제주특별자치도 제주시 한림읍 협재로 227
제주금강산콘도,126.250286,33.37936321,제주특별자치도 제주시 한림읍 협재로 210-18
수월봉전기자전거 차귀도점,126.1644552,33.30790963,제주특별자치도 제주시 한경면 노을해안로 1142
GS25 한라체육관점,126.5140969,33.49916553,제주특별자치도 제주시 서광로4길 10
금돈상회,126.528363,33.49980488,제주특별자치도 제주시 광양8길 11
월정첼로하우스펜션,126.797007,33.5545672,제주특별자치도 제주시 구좌읍 월정7길 42-1
미풍해장국 구좌세화점,126.854635,33.52567454,제주특별자치도 제주시 구좌읍 세화1길 25
본날,126.5030803,33.5106703,제주특별자치도 제주시 용해로 74
월령선인장,126.2159156,33.37615847,제주특별자치도 제주시 한림읍 월령1길 10
제주정곱창,126.4924858,33.48626187,제주특별자치도 제주시 은남4길 31
우호적무관심,126.2671805,33.3377022,제주특별자치도 제주시 한경면 저지12길 103
성읍녹차마을 영농조합법인,126.7899569,33.38108631,제주특별자치도 서귀포시 표선면 중산간동로 4778
제주옛돈,126.5189888,33.4941393,제주특별자치도 제주시 오라로 152-1
진영식당,126.506055,33.50975807,제주특별자치도 제주시 용화로 24
아라동둘레길,126.5638962,33.39260474,제주특별자치도 제주시 아라일동
동문호떡,126.5280048,33.51285946,제주특별자치도 제주시 동문로 16
윈드카트1947,126.5875565,33.2890188,제주특별자치도 서귀포시 토평동
AirBnB,126.880415,33.3811084,제주특별자치도 서귀포시 성산읍
이호테우해수욕장 화장실,126.4547755,33.49990503,제주특별자치도 제주시 이호일동 431-2
트립레시피,126.3909733,33.47161359,제주특별자치도 제주시 애월읍 수산북길 9
그루,126.5540111,33.43570876,제주특별자치도 제주시 산록북로 819-20
거북이한과,126.5626142,33.24915249,제주특별자치도 서귀포시 중앙로48번길 9
산방연대,126.3141039,33.2362984,제주특별자치도 서귀포시 안덕면 사계리 산 33-2
사락,126.3077409,33.22877071,제주특별자치도 서귀포시 안덕면 사계남로 171
쇠물깍,126.6516384,33.54812713,제주특별자치도 제주시 조천읍 신흥리 59-10
제주서우봉비치호텔,126.6603898,33.54273828,제주특별자치도 제주시 조천읍 함덕6길 10
썬더치킨 함덕점,126.6616237,33.54355129,제주특별자치도 제주시 조천읍 신북로 479-2
매코롬,126.7467821,33.55423214,제주특별자치도 제주시 구좌읍 김녕로 82
더비치크랩 제주공항점,126.515247,33.5167817,제주특별자치도 제주시 동한두기길 31
정글북바이앨리스,126.4887788,33.48520349,제주특별자치도 제주시 노연로 80
투빅커피,126.719616,33.27916112,제주특별자치도 서귀포시 남원읍 태위로 684
오늘종달,126.9115281,33.49824381,제주특별자치도 제주시 구좌읍 해맞이해안로 2260
영실국수,126.4583549,33.25442236,제주특별자치도 서귀포시 일주서로 470
늘하우스,126.7660903,33.30065839,제주특별자치도 서귀포시 남원읍 신흥로13번길 22
제주요망지게 협재본점,126.2701284,33.43666474,제주특별자치도 제주시 한림읍 한림해안로 456
제주목 관아 망경루,126.5221266,33.5145202,제주특별자치도 제주시 관덕로 25
월정모살길,126.7809447,33.56317348,제주특별자치도 제주시 구좌읍 월정리 1400-6
고죽면 제주공항점,126.4656645,33.50367603,제주특별자치도 제주시 서해안로 155
탑텐 제주연삼점,126.5210165,33.49250626,제주특별자치도 제주시 연삼로 265
아덴힐승마클럽,126.4671827,33.44836265,제주특별자치도 제주시 해안동 548-2
농땡이연구소,126.5248837,33.51380773,제주특별자치도 제주시 중앙로 49
여기 머물다,126.8930172,33.50980399,제주특별자치도 제주시 구좌읍 하도15길 93-1
제주542,126.3052987,33.24469948,제주특별자치도 서귀포시 안덕면 사계로114번길 67
헤르츠호텔,126.5311397,33.49737391,제주특별자치도 제주시 중앙로 252
테디베어 사파리,126.3933945,33.41248458,제주특별자치도 제주시 애월읍 평화로 2157-1
제주키즈독채펜션아이랑,126.3374828,33.4656917,제주특별자치도 제주시 애월읍 고내로7길 34
성산해안도로,126.9362428,33.46595982,제주특별자치도 제주시 우도면 우도해안길 627
르카페하도,126.9000266,33.50920577,제주특별자치도 제주시 구좌읍 해맞이해안로 2030-8
종달삐삐통닭,126.9090621,33.49672011,제주특별자치도 제주시 구좌읍 종달로1길 133-1
종달돈가,126.9025596,33.49430428,제주특별자치도 제주시 구좌읍 종달논길 18
마노아,126.8834683,33.51867074,제주특별자치도 제주시 구좌읍 문주란로 9
종달리다,126.8959959,33.49391125,제주특별자치도 제주시 구좌읍 종달로 46-3
종달리해안도로,126.9017357,33.4826062,제주특별자치도 제주시 구좌읍 종달리 630-1
남송이오름,126.306819,33.31221422,제주특별자치도 서귀포시 안덕면 서광리 산 31
연연풍진,126.2949973,33.22888127,제주특별자치도 서귀포시 안덕면 사계중앙로44번길 19-2
사계제과버터비,126.2963924,33.23123338,제주특별자치도 서귀포시 안덕면 산방로 377
뿔소라공원,126.1719078,33.27385211,제주특별자치도 서귀포시 대정읍 신도리 3125-5
준도너츠 제주본점,126.4744514,33.48999141,제주특별자치도 제주시 월랑로 55
스시오타루,126.549755,33.47521321,제주특별자치도 제주시 인다2길 30
제주옥,126.3123106,33.41887404,제주특별자치도 제주시 애월읍 봉성로 67
쌍둥이돼지꿈,126.4212399,33.25311191,제주특별자치도 서귀포시 중문로81번길 90
신화월드 테마파크 C-1구역 전기차충전소,126.3164999,33.30349973,제주특별자치도 서귀포시 안덕면 신화역사로304번길 98
두갓,126.4492954,33.46461057,제주특별자치도 제주시 해안마을북길 13-39
올레집,126.2561715,33.33317745,제주특별자치도 제주시 한경면 중산간서로 3681
가파도수산,126.2517885,33.21813412,제주특별자치도 서귀포시 대정읍 하모항구로6번길 22
명당양과 본점,126.4849404,33.48127558,제주특별자치도 제주시 원노형로 83
왕이메,126.3765749,33.34354683,제주특별자치도 서귀포시 안덕면 광평리 산 79
진달래식당,126.1658003,33.32462519,제주특별자치도 제주시 한경면 용수3길 38
할방이네,126.5096076,33.50826833,제주특별자치도 제주시 용문로 151
판포리아,126.1984324,33.36556584,제주특별자치도 제주시 한경면 판포리 2881-3
구좌약국,126.8556778,33.52328111,제주특별자치도 제주시 구좌읍 구좌로 40
제주착한닭강정,126.8533971,33.52503115,제주특별자치도 제주시 구좌읍 세평항로 13
마레1440 펜션&카페,126.8590685,33.52471856,제주특별자치도 제주시 구좌읍 해맞이해안로 1440
포앳홈,126.8568091,33.5239424,제주특별자치도 제주시 구좌읍 세화5길 8
제주토비스콘도 본관,126.3115995,33.46304607,제주특별자치도 제주시 애월읍 애월로1길 8
엉불턱 우도전망대,126.913198,33.50281431,제주특별자치도 제주시 구좌읍 종달리 451-3
세영수산,126.9316995,33.46103822,제주특별자치도 서귀포시 성산읍 성산중앙로 10-1
써니펜션,126.9120535,33.50116808,제주특별자치도 제주시 구좌읍 해맞이해안로 2228
송사부수제쌀고로케 이마트서귀포점,126.5091156,33.24833973,제주특별자치도 서귀포시 일주동로 9209
신도시정육식당,126.5119818,33.25084672,제주특별자치도 서귀포시 김정문화로 69
신현대식당,126.5292076,33.51634688,제주특별자치도 제주시 임항로 40
오현돼지불백,126.5295851,33.51102533,제주특별자치도 제주시 성지로 58-2
애월브금,126.3137074,33.4640531,제주특별자치도 제주시 애월읍 애월로 59-1
제주하늘을날다 체험비행장소,126.2964682,33.35634442,제주특별자치도 제주시 한림읍 한창로 1295-1
올리브영 제주동문시장점,126.5259501,33.51286875,제주특별자치도 제주시 관덕로 62-1
코멘트,126.5284638,33.49947348,제주특별자치도 제주시 서광로32길 13
오늘의감정오감,126.8611215,33.52187363,제주특별자치도 제주시 구좌읍 세화11길 12
정성듬뿍제주국,126.5202027,33.5140277,제주특별자치도 제주시 무근성7길 16
삼매봉공원,126.5476758,33.24356666,제주특별자치도 서귀포시 남성로115번길 83
삼매봉153,126.5521687,33.24477127,제주특별자치도 서귀포시 남성중로153번길 15
캠퍼트리 호텔앤리조트,126.4488824,33.45302686,제주특별자치도 제주시 해안마을서4길 100
고집순두부,126.5639093,33.25089989,제주특별자치도 서귀포시 동문로 30-2
종가전복,126.8509161,33.53178206,제주특별자치도 제주시 구좌읍 해맞이해안로 1296
포동정식 도청점,126.4971228,33.48820296,제주특별자치도 제주시 문송길 18
조은승마장,126.3448292,33.31823674,제주특별자치도 서귀포시 안덕면 동광로 265-14
로드129,126.3210481,33.4643081,제주특별자치도 제주시 애월읍 애월로 129
1943 제주시청점,126.5286949,33.4997268,제주특별자치도 제주시 광양8길 7
녹두밭,126.5619485,33.24900228,제주특별자치도 서귀포시 서귀동 291-40
CU 서귀월드컵로점,126.5073844,33.24897485,제주특별자치도 서귀포시 월드컵로 8
테디제주,126.5639859,33.24780946,제주 서귀포시 이중섭로 2 1층 테디제주 바이올레
옛날통닭,126.5666916,33.24919562,제주특별자치도 서귀포시 동문로 62
지민원흑돼지꼬치구이,126.56343,33.25016338,제주특별자치도 서귀포시 중앙로62번길 18
세논오라,126.703674,33.48582428,제주특별자치도 제주시 조천읍 선교로 159-27
도을,126.6572156,33.47342198,제주특별자치도 제주시 조천읍 와흘리 125
너는파라다이스길리,126.793722,33.55665528,제주특별자치도 제주시 구좌읍 월정1길 65
어등포 해녀촌,126.811987,33.55700353,제주특별자치도 제주시 구좌읍 행원로13길 131
오쿠당,126.7921891,33.55911857,제주특별자치도 제주시 구좌읍 월정1길 101
이어돈 함덕첫번째이야기,126.6676562,33.54250555,제주특별자치도 제주시 조천읍 조함해안로 514
CU 제주월정모살점,126.7955784,33.55575856,제주특별자치도 제주시 구좌읍 월정7길 62-1
카페까르네,126.8681791,33.51590283,제주특별자치도 제주시 구좌읍 상하도길 39-1
바다랑파도랑펜션,126.7104991,33.27563378,제주특별자치도 서귀포시 남원읍 태위로 594-10
진이토종닭,126.5515359,33.4513309,제주특별자치도 제주시 516로 3109
안녕하세화,126.8684378,33.52203579,제주특별자치도 제주시 구좌읍 면수2길 7
소산도,126.957752,33.51314645,제주특별자치도 제주시 우도면 우도해안길 816
올랑올랑 잡화점,126.9576342,33.51627136,제주특별자치도 제주시 우도면 우도해안길 780-2
서프블루,126.6741632,33.54405826,제주특별자치도 제주시 조천읍 조함해안로 586
렌소,126.865107,33.52085742,제주특별자치도 제주시 구좌읍 상도북4길 3
우리집밥상,126.4985544,33.48773994,제주특별자치도 제주시 신대로13길 19
제주한화리조트 탐라테라피,126.637696,33.44906646,제주특별자치도 제주시 명림로 575-107
YES렌트카 전기차충전소,126.4779042,33.50005874,제주특별자치도 제주시 오일장중길 117
제주해비치호텔앤리조트 수영장1,126.8458123,33.32182693,제주특별자치도 서귀포시 표선면 민속해안로 537
한울타리한우,126.7716119,33.47059845,제주특별자치도 제주시 구좌읍 송당서길 5
루브린라운지,126.68385,33.27231848,제주특별자치도 서귀포시 남원읍 태위로360번길 46
반양,126.226169,33.28120176,제주특별자치도 서귀포시 대정읍 중산간서로 2985
해안로칼국수,126.6635223,33.542929,제주특별자치도 제주시 조천읍 함덕리
투썸플레이스 제주곽지과물해변점,126.3050144,33.44941163,제주특별자치도 제주시 애월읍 곽지3길 26
환영키친앤게스트하우스,126.7817439,33.4714029,제주특별자치도 제주시 구좌읍 송당2길 2
대정교회,126.2794452,33.25094301,제주특별자치도 서귀포시 대정읍 추사로36번길 11
추사적거지기념관,126.278266,33.2502798,제주특별자치도 서귀포시 대정읍 추사로 44
모산봉,126.7521189,33.55496512,제주특별자치도 제주시 구좌읍 김녕로 132
해오반 함덕점,126.6675938,33.54249457,제주특별자치도 제주시 조천읍 조함해안로 514
KT플라자 제주점,126.5251971,33.5040275,제주특별자치도 제주시 전농로 114
신라면세점 제주공항점,126.4930116,33.50699881,제주특별자치도 제주시 공항로 2
현서네두루치기,126.5754984,33.51478311,제주특별자치도 제주시 화삼로1길 16
회천주유소,126.63663,33.47566423,제주특별자치도 제주시 번영로 937
서부관광주유소,126.4595585,33.46863176,제주특별자치도 제주시 노형로 148
파르나스 제주 피트니스 큐브 (짐),126.4055744,33.2441694,제주 서귀포시 중문관광로72번길 100
파르나스 제주 콘페티,126.4055744,33.2441694,제주 서귀포시 중문관광로72번길 100
파르나스 제주,126.4055744,33.2441694,제주 서귀포시 중문관광로72번길 100
알맞은시간,126.7691048,33.30651561,제주특별자치도 서귀포시 남원읍 신흥앞동산로35번길 2-2
모노클제주,126.6845155,33.27291344,제주특별자치도 서귀포시 남원읍 태위로360번길 30-8
고내1101,126.3384083,33.46676773,제주특별자치도 제주시 애월읍 애월해안로 246
대호해물가든 외도점,126.4317049,33.48709438,제주특별자치도 제주시 우정로13길 5
비타민국수 외도점,126.4324796,33.49023997,제주특별자치도 제주시 절물2길 29
주민상회 제주외도점,126.4318772,33.48706993,제주특별자치도 제주시 우정로13길 7
마녀의언덕,126.3842907,33.23413386,제주특별자치도 서귀포시 예래해안로 203-1
테리베리스,126.3401877,33.46874267,제주특별자치도 제주시 애월읍 애월해안로 274
소꼽놀이,126.3023438,33.41596125,제주특별자치도 제주시 한림읍 어도봉남길 28
올망,126.3028549,33.41604436,제주특별자치도 제주시 애월읍 어도봉남길 27
세븐일레븐 제주이도광양점,126.532851,33.50173687,제주특별자치도 제주시 광양7길 38
미유,126.2567055,33.40567956,제주특별자치도 제주시 한림읍 한림상로 15-5
서유기마라탕 하귀점,126.4142732,33.48209956,제주특별자치도 제주시 애월읍 하광로 49
스시호시카이,126.517522,33.48776475,제주특별자치도 제주시 오남로 90
컴포즈커피 제주삼화점,126.5754483,33.51446918,제주특별자치도 제주시 화삼로 21
기당미술관 외돌개,126.5511971,33.24488858,제주특별자치도 서귀포시 남성중로153번길 15
컴포즈커피 서귀포동흥점,126.5686325,33.25820785,제주특별자치도 서귀포시 동홍로 108
GS25 뉴제주동광점,126.3403215,33.31046988,제주특별자치도 서귀포시 안덕면 신화역사로 493
고미미,126.5176705,33.51531075,제주특별자치도 제주시 북성로 67
삼신할망밥상,126.813072,33.40294695,제주특별자치도 서귀포시 표선면 서성일로 180
야크마을,126.4166423,33.26964508,제주특별자치도 서귀포시 색달중앙로 162
두도레스토랑,126.4166379,33.26965137,제주특별자치도 서귀포시 색달중앙로 162
협재수돈가스 수우동직영점,126.2443289,33.39741748,제주특별자치도 제주시 한림읍 한림로 393
중문시티호텔,126.4248163,33.25086272,제주특별자치도 서귀포시 중문상로 27
칠링아웃샵 제주중문점,126.4296945,33.24756091,제주특별자치도 서귀포시 중문관광로 305
숯불에닭,126.4235579,33.25276203,제주특별자치도 서귀포시 중문로 12
옥스코인노래연습장 제주연동점,126.4908773,33.48753553,제주특별자치도 제주시 연동7길 25
해왓,126.9171895,33.4384927,제주특별자치도 서귀포시 성산읍 신고로 30-1
족은바리메,126.4002608,33.37572816,제주특별자치도 제주시 애월읍 상가리 산 124
낯가림게스트하우스,126.3209596,33.4640687,제주특별자치도 제주시 애월읍 애월로 130
소낭게스트하우스 2호점,126.7915438,33.55247815,제주특별자치도 제주시 구좌읍 월정3길 7
길보트,126.5216512,33.50898981,제주특별자치도 제주시 남성로 154-2
착한혼밥,126.5250649,33.51256603,제주특별자치도 제주시 중앙로11길 1
살강스테이,126.1926638,33.30138283,제주특별자치도 제주시 한경면 고산남8길 16
제주돌마을공원,126.253604,33.35400245,제주특별자치도 제주시 한림읍 금능남로 421
일품순두부,126.5623837,33.25384196,제주특별자치도 서귀포시 일주동로8666번길 3
CU 제주교래점,126.679022,33.43625849,제주특별자치도 제주시 조천읍 비자림로 684
제주오쿠다,126.53584,33.48691148,제주특별자치도 제주시 구남동4길 45
어바웃커피 정부종합청사점,126.5274779,33.4901516,제주시 청사로 79
용담밭담,126.5101469,33.50116954,제주특별자치도 제주시 서천길 16
난타극장 제주전용관,126.5481729,33.44588024,제주특별자치도 제주시 선돌목동길 56-26
참숯구이제주몬트락,126.5270078,33.516314,제주시 임형로 20
모멘토호텔,126.5648764,33.24650603,제주특별자치도 서귀포시 태평로439번길 21
레슬리호텔,126.4706491,33.48109086,제주특별자치도 제주시 광평길 3
정가네,126.3679479,33.23544761,제주특별자치도 서귀포시 안덕면 소기왓로 7
서광다원연구소,126.2920449,33.30536617,제주특별자치도 서귀포시 안덕면 신화역사로 36
동박낭,126.6769991,33.276021,제주특별자치도 서귀포시 남원읍 태위로 275-2
제주조랑말타운,126.7730193,33.40770469,제주특별자치도 서귀포시 표선면 번영로 2486
카페연희,126.2462685,33.39885378,제주특별자치도 제주시 한림읍 한림로 417
금능해수욕장~금능 주변 가게 구경,126.235364,33.3898565,제주특별자치도 제주시 한림읍 금능리
무거 전기차충전소,126.6550677,33.54898062,제주특별자치도 제주시 조천읍 조함해안로 356
해피누들,126.6660073,33.54065826,제주특별자치도 제주시 조천읍 함덕14길 16
CU 제주평대점,126.8425098,33.53323676,제주특별자치도 제주시 구좌읍 해맞이해안로 1202
게스트하우스브릭,126.5200367,33.49768572,제주특별자치도 제주시 서사로 163
고배기 동산,126.3814913,33.33112653,제주특별자치도 서귀포시 안덕면 광평리
타코나마타타,126.4145104,33.48650584,제주특별자치도 제주시 애월읍 하귀9길 2
수풀,126.2656691,33.41454956,제주특별자치도 제주시 한림읍 명랑로 8
대정고을식당,126.2770631,33.247806,제주특별자치도 서귀포시 대정읍 일주서로 2258
와르다레스토랑,126.5231091,33.51102221,제주특별자치도 제주시 관덕로8길 24-1
화수목야키토리,126.5063233,33.23578162,제주특별자치도 서귀포시 이어도로 856
최고봉주방,126.512759,33.23763369,제주특별자치도 서귀포시 이어도로 919
제주홀스타승마장,126.4938382,33.42241989,제주특별자치도 제주시 산록북로 8
마루다이닝,126.2033396,33.26981998,제주특별자치도 서귀포시 대정읍 서삼중로 77
나루터,126.753514,33.5555305,제주특별자치도 제주시 구좌읍 김녕로 147
어머니와장독대 노형점,126.4673557,33.48760616,제주특별자치도 제주시 월광로 77
노을해안길 1코스,126.2000109,33.24879483,제주특별자치도 서귀포시 대정읍 영락리 2169-3
카페쏘해피,126.517972,33.50286547,제주특별자치도 제주시 서광로13길 32
제주필름현상소,126.6728963,33.54280441,제주특별자치도 제주시 조천읍 평사길 4-3
돈후명가 제주본점,126.4905383,33.48626019,제주특별자치도 제주시 연동7길 42
준코뮤직타운 제주연동3호점,126.4908432,33.48674559,제주특별자치도 제주시 연동7길 35
간드락게스트하우스,126.5439171,33.4855494,제주특별자치도 제주시 간월동로 12
미완,126.843349,33.53114972,제주특별자치도 제주시 구좌읍 평대7길 38
바오젠게스트하우스,126.4912696,33.48816104,제주특별자치도 제주시 은남2길 41
중문서핑스쿨&중문서핑샵,126.4144135,33.25074295,제주특별자치도 서귀포시 중문관광로 94
캐럿서프,126.7983766,33.55462354,제주특별자치도 제주시 구좌읍 해맞이해안로 480-1
카페쌀쌀,126.3641732,33.47514847,제주특별자치도 제주시 애월읍 신엄로 51
호텔W 신제주점,126.491292,33.48654548,제주특별자치도 제주시 은남4길 42
도로록,126.6628748,33.54274147,제주특별자치도 제주시 조천읍 신북로 494-2
본초불닭발 함덕점,126.6698043,33.54048091,제주특별자치도 제주시 조천읍 신북로 564
옥상닭빛,126.6701615,33.54112831,제주특별자치도 제주시 조천읍 함덕19길 7
육회본가 제주직영점,126.5639351,33.24743502,제주특별자치도 서귀포시 명동로 19
삼수정,126.9156526,33.4486871,제주특별자치도 서귀포시 성산읍 동류암로 45
영육일삼,126.4883407,33.23444306,제주특별자치도 서귀포시 이어도로 679
마린포트리조트,126.4948279,33.23547219,제주특별자치도 서귀포시 이어도로 744
달팽이식당,126.3719011,33.26595317,제주특별자치도 서귀포시 안덕면 일주서로 1322-3
벨난조개전골,126.5483788,33.47069661,제주특별자치도 제주시 인다14길 28-12
썬앤문리조트,126.3010309,33.22737175,제주특별자치도 서귀포시 안덕면 사계남로 102
호텔엘린,126.4954378,33.48932491,제주특별자치도 제주시 은남1길 4
다가미 애월점,126.4472376,33.46070112,제주특별자치도 제주시 애월읍 평화로 2901-1
법환식당,126.5228494,33.24502199,제주특별자치도 서귀포시 이어도로 1046
중식당동백,126.5119212,33.51560198,제주특별자치도 제주시 서해안로 687-6
서귀포우체국수련원,126.5645201,33.24652642,제주특별자치도 서귀포시 태평로439번길 25
우도해녀922,126.9646923,33.51282945,제주특별자치도 제주시 우도면 우도해안길 922
모텔프라임,126.5273241,33.50087923,제주특별자치도 제주시 광양6길 13
한림성당,126.2657677,33.41765521,제주특별자치도 제주시 한림읍 한수풀로 20
브로콜리지,126.365972,33.39056128,제주특별자치도 제주시 애월읍 천덕로 880-24
제주아이카페,126.9356075,33.46384973,제주특별자치도 서귀포시 성산읍 일출로288번길 8
디자인뷰,126.5145713,33.23684644,제주특별자치도 서귀포시 법환로 12
푸짐한밥상,126.5605096,33.25457289,제주특별자치도 서귀포시 중앙로 111
아이존호텔,126.4882043,33.4890428,제주특별자치도 제주시 신광로4길 18
카페멀씨,126.3711009,33.47523611,제주특별자치도 제주시 애월읍 중엄안3길 22
황제궁,126.6419231,33.53501822,제주특별자치도 제주시 조천읍 남조로 3090
카페델보스케,126.5846988,33.30587203,제주특별자치도 서귀포시 상효동 1558
팡팡식당,126.5678343,33.25249956,제주특별자치도 서귀포시 동홍로 46-2
헬로1204,126.905814,33.39658108,제주특별자치도 서귀포시 성산읍 환해장성로 437
어반정글 부얀트무드,126.9211184,33.43686244,제주특별자치도 서귀포시 성산읍 신고로22번길 39
나무아래,126.9352498,33.46756598,제주특별자치도 서귀포시 성산읍 한도로255번길 21
하마보,126.9143687,33.4505201,제주특별자치도 서귀포시 성산읍 고성동서로 66
롯데하이마트 제주점,126.5201959,33.51097129,제주특별자치도 제주시 서사로 15
아름이네분식,126.5675125,33.24898569,제주특별자치도 서귀포시 동문로 69
바다를바라보면,126.7923357,33.5558839,제주특별자치도 제주시 구좌읍 월정1길 47-1
한거리푸줏간,126.7944423,33.55532392,제주특별자치도 제주시 구좌읍 월정3길 49
삿뽀로우동집 동홍점,126.5757313,33.25715753,제주특별자치도 서귀포시 동홍동로26번길 8
몽스파 본점,126.5195478,33.50982916,제주특별자치도 제주시 서사로 28
파라바베큐,126.5309362,33.50178643,제주특별자치도 제주시 동광로 19
카페스누피,126.7781631,33.44412651,제주특별자치도 제주시 구좌읍 금백조로 930
윈드스톤비치,126.7306854,33.54666897,제주특별자치도 제주시 구좌읍 동김길 162-20
명월민박,126.2659984,33.38664732,제주특별자치도 제주시 한림읍 명월로4길 5
제동목장,126.6964214,33.41989751,제주특별자치도 제주시 조천읍 교래7길 218
청안레지던스,126.4813542,33.48437293,제주특별자치도 제주시 원노형2길 19-2
외도회수산,126.4300756,33.48484555,제주특별자치도 제주시 우정로18길 5
다이소 제주노형점,126.4802795,33.4834488,제주특별자치도 제주시 1100로 3325
놀숲 제주외도점,126.4317287,33.48609192,제주특별자치도 제주시 우정로15길 5
마르보다,126.9585295,33.51234068,제주특별자치도 제주시 우도면 우도해안길 828
풍원정인국수,126.4079765,33.42359598,제주특별자치도 제주시 애월읍 유수암평화길 242
미카사펜션,126.3777483,33.48383563,제주특별자치도 제주시 애월읍 구엄4길 46-1
육도담,126.527668,33.49502019,제주특별자치도 제주시 도남로 59
다담게스트하우스,126.8721928,33.40229432,제주특별자치도 서귀포시 성산읍 난산로36번길 14-5
중문단지축구장,126.4331283,33.23474469,제주특별자치도 서귀포시 대포동 2499
CU 제주동남점,126.9156084,33.4490535,제주특별자치도 서귀포시 성산읍 동류암로 48
산우정,126.4926066,33.48622269,제주특별자치도 제주시 은남4길 29
카페비아라테,126.3012505,33.28537555,제주특별자치도 서귀포시 안덕면 중산간서로 2093
서우봉 일몰지,126.6772011,33.54798724,제주특별자치도 제주시 조천읍 함덕리 129
하랑게스트하우스,126.2436881,33.23280307,제주특별자치도 서귀포시 대정읍 일과로13번길 1
알뜨르비행장 격납고,126.2767798,33.20661497,제주특별자치도 서귀포시 대정읍 상모리 1563
블루클리프 게스트하우스,126.8380053,33.32493663,제주특별자치도 서귀포시 표선면 민속해안로 633-6
맛있는 참세상,126.232707,33.33627956,제주특별자치도 제주시 한경면 용금로 496
라쿤하우스,126.754671,33.55726385,제주특별자치도 제주시 구좌읍 김녕로17길 22-10
신화가든,126.3160857,33.30194849,제주특별자치도 서귀포시 안덕면 서광리 산 24-8
디퍼프리다이브,126.5699483,33.24505221,제주특별자치도 서귀포시 칠십리로 157
비엔토김녕펜션,126.7540627,33.55759443,제주특별자치도 제주시 구좌읍 김녕로17길 28-1
한라산정육점,126.9405375,33.45913497,제주 서귀포시 남원읍 태위로 680
다몰펜션,126.6724716,33.54237052,제주특별자치도 제주시 조천읍 함덕27길 32-8
면형의집,126.5593566,33.26619891,제주특별자치도 서귀포시 지장샘로 19
해뜨리식당,126.5121629,33.25417624,제주특별자치도 서귀포시 신중로 66
성광식당,126.6130616,33.26075958,제주특별자치도 서귀포시 일주동로 8184
상록식당,126.5875885,33.26884827,제주특별자치도 서귀포시 토평로 24
덕성원 중문점,126.4300431,33.24923231,제주특별자치도 서귀포시 중문관광로 321
투빅커피 효돈점,126.6124392,33.26075945,제주특별자치도 서귀포시 일주동로 8190
대포해송횟집,126.4427311,33.2390286,제주특별자치도 서귀포시 이어도로 200-7
제주민군복합형관광미항,126.4820396,33.23173013,제주특별자치도 서귀포시 이어도로 640
라임오렌지빌,126.5872789,33.24613878,제주특별자치도 서귀포시 칠십리로 332
범섬족발,126.5064607,33.23576954,제주특별자치도 서귀포시 월드컵로 158
노형주유소,126.480736,33.4841251,제주특별자치도 제주시 1100로 3338
영국찻집,126.3141125,33.4172314,제주특별자치도 제주시 애월읍 녹근로 19-15
애월아안녕,126.3905293,33.48754876,제주특별자치도 제주시 애월읍 애월해안로 869
남도농산,126.5639612,33.24844313,제주특별자치도 서귀포시 중정로73번길 3-1
깡통화덕 올레시장점,126.5638264,33.24921085,제주특별자치도 서귀포시 중정로73번길 13
육도담 서귀포점,126.5609675,33.249043,제주특별자치도 서귀포시 천지로 16
제주갤럭시호텔,126.5125894,33.50315546,제주특별자치도 제주시 남성로 33
봉다방,126.5266332,33.51154782,제주특별자치도 제주시 중앙로13길 21
제주옹기박물관,126.2232684,33.28291835,제주특별자치도 서귀포시 대정읍 무영로254번길 3-1
황개천교,126.3440778,33.23896296,제주특별자치도 서귀포시 안덕면 화순리
메종드베니,126.5727883,33.51782839,제주특별자치도 제주시 동화로 28
제주시티투어버스,126.5726634,33.45299234,제주특별자치도 제주시 첨단로 213-4
펠리체펜션,126.2998011,33.23724655,제주특별자치도 서귀포시 안덕면 사계북로 117
열방교회,126.5524726,33.26324674,제주특별자치도 서귀포시 중산간동로 8091
섭지코지한끼,126.9203671,33.43640034,제주특별자치도 서귀포시 성산읍 신양로 100
포니제주,126.679555,33.4316815,제주특별자치도 제주시 조천읍 비자림로 702-122
귤향체험농장,126.8926579,33.44420815,제주특별자치도 서귀포시 성산읍 서성일로 1067
컴포즈커피 서귀포성산점,126.9121785,33.45093511,제주특별자치도 서귀포시 성산읍 일주동로 4229
더클라우드호텔,126.9353801,33.46884092,제주특별자치도 서귀포시 성산읍 한도로 269-37
24시얼큰시원생고기김치찌개 노형점,126.4772505,33.48688735,제주특별자치도 제주시 수덕5길 5
CU 제주메가리조트점,126.1991936,33.36503792,제주특별자치도 제주시 한경면 판포1길 6
애월포구횟집,126.3208769,33.46611935,제주특별자치도 제주시 애월읍 애월로11길 22
세븐일레븐,128.954844,37.76433371,제주 서귀포시 중앙로71번길 15-2
행기소,126.3823699,33.32868574,제주특별자치도 서귀포시 안덕면 광평리 산 154
아꼬운제주,126.4591339,33.48779775,제주특별자치도 제주시 오광로 92
한라산 삼각봉대피소,126.5305758,33.37675551,제주특별자치도 제주시 오라이동 산 107-20
한라산 정상안내소,126.5357927,33.36085627,제주특별자치도 서귀포시 상효동
다다익고정육식당 제주사수본점,126.4792313,33.50954634,제주특별자치도 제주시 서해안로 317
성산포,126.9261197,33.46384444,제주특별자치도 서귀포시 성산읍 오조리
블랙보틀,126.5311778,33.49869398,제주특별자치도 제주시 광양13길 6
제주 국제컨벤션센터 앞 광장 산책로,126.4244429,33.24128964,제주특별자치도 서귀포시 중문관광로 224
서귀포 자연휴양림 캠핑장,126.4648719,33.31230213,제주특별자치도 서귀포시 하원동 산 1-1
제주몽,126.4255124,33.25155929,제주특별자치도 서귀포시 천제연로 194
중문바다향,126.424672,33.25076378,제주특별자치도 서귀포시 천제연로188번길 11
이디야커피 제주중문점,126.408952,33.2548249,제주특별자치도 서귀포시 중문관광로 42
서귀포자연휴양림 법정악전망대,126.4692107,33.31292663,제주특별자치도 서귀포시 영실로 226
두가시의부엌,126.4883364,33.23444305,제주특별자치도 서귀포시 이어도로 679
뱃도새기흑돼지 제주서귀포점,126.5798779,33.25538277,제주특별자치도 서귀포시 일주동로 8503
용이식당 중문점,126.4437421,33.25223002,제주특별자치도 서귀포시 천제연로 364
야자나라,126.5052375,33.23578091,제주특별자치도 서귀포시 이어도로 846
반디하우스,126.9099747,33.45613763,제주특별자치도 서귀포시 성산읍 일주동로4120번길 51-51
카페사우다드,126.2535485,33.22561005,제주특별자치도 서귀포시 대정읍 하모이삼로51번길 28
단산,126.2883335,33.24286074,제주특별자치도 서귀포시 대정읍 인성리 21-2
맨도롱하우스,126.85684,33.40309803,제주특별자치도 서귀포시 성산읍 난산로 173
청송고기국수,126.5679045,33.2491259,제주특별자치도 서귀포시 동홍로 8
시장밥상,126.528681,33.51261771,제주특별자치도 제주시 동문로4길 3
국수장터,126.5342014,33.50276977,제주특별자치도 제주시 동광로 50-1
별이내리는숲어린이도서관,126.5413844,33.49981409,제주특별자치도 제주시 연삼로 489
바운스슈퍼파크 제주센터,126.5094131,33.48244416,제주특별자치도 제주시 연사6길 61
산방산초밥,126.3336463,33.24624488,제주특별자치도 서귀포시 안덕면 화순로 119
달콤한소금만들기,126.2997302,33.23954888,제주특별자치도 서귀포시 안덕면 사계로 100
메옹이,126.2514249,33.22026695,제주특별자치도 서귀포시 대정읍 하모항구로 75
노리매 매화공원,126.2881762,33.28315914,제주특별자치도 서귀포시 대정읍 구억리 532
호근동,126.5285474,33.498612,제주특별자치도 제주시 이도이동
플레이스캠프제주- favorite,126.9184399,33.4500452,제주특별자치도 서귀포시 성산읍 동류암로 20
탑동해안로,126.5234639,33.5176855,제주특별자치도 제주시 탑동로2길 3
제이뷰호텔,126.4164422,33.26470326,제주특별자치도 서귀포시 중산간서로 935
하나로주유소,126.6412959,33.53908169,제주특별자치도 제주시 조천읍 신북로 278
까미노,126.3476743,33.45790916,제주특별자치도 제주시 애월읍 고하상로 91-12
청담지민,126.5534492,33.4807173,제주특별자치도 제주시 금월길 94
흑돼지가노는집,126.4086502,33.48371195,제주특별자치도 제주시 애월읍 하귀로 118
명월다락,126.2832075,33.37505784,제주특별자치도 제주시 한림읍 명상로 20
제이학센,126.4707364,33.50847622,제주특별자치도 제주시 서해안로 232
온더스톤스위트,126.9178094,33.4699413,제주특별자치도 서귀포시 성산읍 해맞이해안로 2746
예스준게스트하우스,126.4707407,33.50847624,제주특별자치도 제주시 서해안로 232
스테이지하우스,126.9107098,33.49033073,제주특별자치도 제주시 구좌읍 해맞이해안로 2361
풍무맛조림,126.4808051,33.48859098,제주특별자치도 제주시 다랑곶길 29
섬만두,126.5625673,33.24994576,제주특별자치도 서귀포시 중정로61번길 23
종승호,126.4916889,33.48712413,제주특별자치도 제주시 신대로16길 44
국수나무,126.493106,33.50796,제주특별자치도 제주시 공항로 2
동대문엽기떡볶이 서귀포점,126.562755,33.24715137,제주특별자치도 서귀포시 명동로 7
구멍인,126.7803085,33.40364341,제주특별자치도 서귀포시 표선면 번영로 2570
와흘길따라,126.6588821,33.47260071,제주특별자치도 제주시 조천읍 남조로 2324
스테이심플,126.8024562,33.30564082,제주특별자치도 서귀포시 표선면 가마행남로 16-1
제주산방 식당 서귀점,126.5683585,33.24497006,제주특별자치도 서귀포시 소암로 25
애월책방 이다,126.3403072,33.46717094,제주특별자치도 제주시 애월읍 고내북동길 15
카페477+,126.8560678,33.52698895,제주특별자치도 제주시 구좌읍 세평항로 46-9
범뮤다,126.8613124,33.52437308,제주특별자치도 제주시 구좌읍 해맞이해안로 1460
우도모닝펜션,126.9488339,33.49430858,제주특별자치도 제주시 우도면 우도해안길 102
후해석벽,126.9673383,33.49445549,제주특별자치도 제주시 우도면 연평리
수평선,126.9445695,33.51253357,제주특별자치도 제주시 우도면 우도해안길 388
우도통닭,126.9535698,33.50825285,제주특별자치도 제주시 우도면 우도로 180
위드유,126.4868549,33.47263364,제주특별자치도 제주시 은수길 44
소라네집,126.9080524,33.41034506,제주특별자치도 서귀포시 성산읍 환해장성로 631
범선집밥,126.958859,33.5119513,제주특별자치도 제주시 우도면 우도해안길 832
탐앤탐스 제주시청점,126.5301904,33.49859287,제주특별자치도 제주시 중앙로 236
KFC 제주시청점,126.5341345,33.49477599,제주특별자치도 제주시 중앙로 291
숙성도,126.485028,33.48503198,제주특별자치도 제주시 원노형로 41
호텔위드 제주,126.6590636,33.44821824,제주특별자치도 제주시 조천읍 남조로 2023
대정쌍둥이식당,126.2594273,33.21159803,제주특별자치도 서귀포시 대정읍 하모백사로 2
고할망네,126.3069509,33.22854812,제주특별자치도 서귀포시 안덕면 사계남로 159-1
이큐테이블,126.2298879,33.38526094,제주특별자치도 제주시 한림읍 금능남1길 6-1
옹포천 어울공원 수영장,126.2594201,33.4039963,제주특별자치도 제주시 한림읍 옹포리 21
더비치펜션,126.4907475,33.51852445,제주특별자치도 제주시 서해안로 486-4
밀라노호텔,126.5638247,33.24394532,제주특별자치도 서귀포시 솔동산로10번길 2
동해수산회센타,126.5281967,33.51221015,제주특별자치도 제주시 동문로4길 9
만금식당,126.6197928,33.25086239,제주특별자치도 서귀포시 하효중앙로 4
제주수망휴양펜션,126.6977545,33.33638036,제주특별자치도 서귀포시 남원읍 서성로 986-24
용머리기념품,126.512088,33.5158046,제주특별자치도 제주시 서해안로 687-1
최남단체험감귤농장,126.6937557,33.28991606,제주특별자치도 서귀포시 남원읍 남위남성로 164
우도한바퀴,126.9517269,33.49340453,제주특별자치도 제주시 우도면 우도로 6
네잎크로버복권방,126.9133103,33.44473318,제주특별자치도 서귀포시 성산읍 고성오조로 9
램스키친,126.4902613,33.47881459,제주특별자치도 제주시 국기로 35
제주 함덕 카페 라라떼커피,126.6626293,33.54274982,제주특별자치도 제주시 조천읍 신북로 494
제주킴스농장 귤창고,126.5211077,33.26415054,제주특별자치도 서귀포시 서호동 567
벨룸리조트 카페,126.5814377,33.2793461,제주특별자치도 서귀포시 516로277번길 45
애월전당포,126.3200649,33.46472105,제주특별자치도 제주시 애월읍 애월로 117
제주삼춘네전복김밥,126.5260737,33.51172059,제주특별자치도 제주시 관덕로14길 16
미친제주면소,126.5205173,33.51748742,제주특별자치도 제주시 중앙로2길 41
동안경굴,126.966283,33.49646759,제주특별자치도 서귀포시 성산읍 서성일로 260
고미로스터리랩,126.5557782,33.25561729,제주특별자치도 서귀포시 솜반천로46번길 21
삼다체육공원,126.5167,33.251453,제주특별자치도 서귀포시 서호동 1602
그랜마스 서귀포직영점,126.5103742,33.25279152,제주특별자치도 서귀포시 신서로48번길 52
섬나라오메기,126.5020641,33.51672039,제주특별자치도 제주시 용해로 6
스시무사,126.2776084,33.44031668,제주특별자치도 제주시 한림읍 한림해안로 592-8
다이소 제주하귀점,126.408685,33.48414037,제주특별자치도 제주시 애월읍 하귀로 121
로라,126.2428545,33.39590103,제주특별자치도 제주시 한림읍 한림로 371
이호테우해수욕장 종합상황실,126.4532047,33.49762971,제주특별자치도 제주시 이호일동 1665-13
더럭초등학교,126.3454606,33.45362396,제주특별자치도 제주시 애월읍 하가로 195
목화오름,126.3492339,33.39076315,제주특별자치도 제주시 한림읍 월림7길 155
조천만세동산,126.6421943,33.54052322,제주특별자치도 제주시 조천읍 신북로 303
삼양검은모래해변입구교차로,126.5872725,33.52135403,제주특별자치도 제주시 삼양이동
잃어버린마을곤을동,126.557411,33.5216837,제주특별자치도 제주시 화북일동 4440
낙천아홉굿마을,126.2267772,33.32760549,제주특별자치도 제주시 한경면 낙수로 97
벨뤼에,126.567788,33.52508868,제주특별자치도 제주시 진동로 72
간세라운지,126.5243115,33.51257035,제주특별자치도 제주시 관덕로8길 7-9
코지하우스&투어,126.3300779,33.43655769,제주특별자치도 제주시 애월읍 납읍로2길 29
제주포램,126.4910252,33.48065518,제주특별자치도 제주시 국기중길 4
아빠는농부다 승환이네농장,126.5639573,33.24986589,제주특별자치도 서귀포시 중정로73번길 20
삼다도떡집,126.518906,33.50911712,제주특별자치도 제주시 남성로 127
넘은 봄,126.7512876,33.55798198,제주특별자치도 제주시 구좌읍 김녕로1길 75-1
느랏 청굴물,126.7512897,33.55798289,제주특별자치도 제주시 구좌읍 김녕로1길 75-1
시보야,126.6640309,33.54225775,제주특별자치도 제주시 조천읍 신북로 506
쁘라갸요가원,126.6209712,33.53756417,제주특별자치도 제주시 조천읍 신촌5길 42
인쌩맥주 제주삼화점,126.5800055,33.51714351,제주특별자치도 제주시 화삼북로 66
미베이커리카페,126.4988206,33.23594817,제주특별자치도 서귀포시 이어도로 780
돈까스튀기는서대리,126.4942738,33.48446599,제주특별자치도 제주시 연동14길 14
올레요리조트,126.4927462,33.23477127,제주특별자치도 서귀포시 이어도로 720
바다가는길,126.5586374,33.23932149,제주특별자치도 서귀포시 남성중로 40
함덕오메기떡방앗간,126.6609999,33.54366499,제주특별자치도 제주시 조천읍 신북로 473
아이올레인포레스트,126.7877647,33.51836793,제주특별자치도 제주시 구좌읍 덕행로 359
서귀포수협 수산물직매장,126.564176,33.23954208,제주특별자치도 서귀포시 칠십리로72번길 1
제주한라렌트카,126.4939095,33.50269829,제주특별자치도 제주시 다호길 126
대원가,126.5269874,33.49155908,제주특별자치도 제주시 도남로16길 15
신라스테이 제주 내부 카페,126.4909682,33.48549857,제주특별자치도 제주시 노연로 100  12층
하늘래기,126.8865098,33.52009341,제주 제주시 구좌읍 문주란로5길 15
이드레,126.7926625,33.55928796,제주특별자치도 제주시 구좌읍 해맞이해안로 402
자구리몬들락,126.5666574,33.24220966,제주특별자치도 서귀포시 칠십리로 113
족발야시장 제주노형점,126.478189,33.4875657,제주특별자치도 제주시 다랑곶1길 9
디어브리즈,126.7940539,33.55474986,제주특별자치도 제주시 구좌읍 월정3길 42
조림전문점제주,126.6760503,33.54011874,제주특별자치도 제주시 조천읍 신북로 624
옹심이,126.5920222,33.2623402,제주특별자치도 서귀포시 천제연로207번길 6
나운터횟집,126.5613585,33.24102618,제주특별자치도 서귀포시 칠십리로 42
망고하이,126.4068394,33.25825813,제주특별자치도 서귀포시 일주서로 972
오누박스게스트하우스,126.3063771,33.4446697,제주특별자치도 제주시 애월읍 곽봉로 4-43
제주통일관,126.5307708,33.506713,제주특별자치도 제주시 삼성로 46
제주카페 스르륵,126.4632596,33.23226426,제주 서귀포시 말질로 428
비욘드북카페,126.854171,33.34506565,제주특별자치도 서귀포시 성산읍 신천동로 24-30
장수고을,126.816651,33.33254914,제주특별자치도 서귀포시 표선면 가시로 61
카페물결,126.5458355,33.52120723,제주특별자치도 제주시 사라봉동길 108-1
아라리오뮤지엄 동문모텔2,126.5293411,33.51495083,제주특별자치도 제주시 산지로 23
해짓골국수,126.5268152,33.51607991,제주특별자치도 제주시 관덕로15길 31
국수싸롱,126.5641548,33.24489499,제주특별자치도 서귀포시 태평로 409
휴모텔,126.5241507,33.50064439,제주특별자치도 제주시 서광로25길 8
하르방식당,126.560152,33.24710973,제주특별자치도 서귀포시 태평로353번길 11
자인빌리지펜션,126.609758,33.2748255,제주특별자치도 서귀포시 하신상로 174-21
불로초흑돼지,126.5639754,33.249893,제주특별자치도 서귀포시 중정로73번길 20
제주사랑체험농장,126.3746348,33.24559759,제주특별자치도 서귀포시 하예로19번길 104-31
롯데리조트제주 아트빌라스,126.4160309,33.28795316,제주특별자치도 서귀포시 색달중앙로252번길 124
거로집,126.5576129,33.51500453,제주특별자치도 제주시 일주동로 100-1
포레스트제주,126.3311825,33.25541732,제주특별자치도 서귀포시 안덕면 화순서서로64번길 16
브로딕제주,126.5910827,33.2790969,제주특별자치도 서귀포시 토평로148번길 24
제주세원이네,126.5325152,33.50814772,제주특별자치도 제주시 삼성로 69
말벗카페,126.713449,33.44897705,제주특별자치도 제주시 조천읍 번영로 1734-15
제주게스트하우스,126.5075425,33.50859824,제주특별자치도 제주시 용화로10길 14
팟타이시암,126.508236,33.509856,제주특별자치도 제주시 용화로 41-2
외돌개나라펜션,126.5533448,33.24202191,제주특별자치도 서귀포시 남성로 122
더스푼,126.5411514,33.49337946,제주특별자치도 제주시 구남동1길 45
성김대건신부 제주표착기념관,126.167705,33.32287445,제주특별자치도 제주시 한경면 용수1길 108
크랩통 신화월드점,126.316352,33.30497268,제주특별자치도 서귀포시 안덕면 신화역사로304번길 38
아리아,126.4071582,33.25237387,제주특별자치도 서귀포시 중문관광로72번길 60
훈이네,126.7104608,33.46494927,제주특별자치도 제주시 조천읍 선교로 460
삼화석유 천마주유소,126.534245,33.51793469,제주특별자치도 제주시 임항로 94
황궁쟁반짜장 서귀포서귀점,126.5729845,33.25087278,제주특별자치도 서귀포시 태평로 520
제주동문간장게장,126.528944,33.51235454,제주특별자치도 제주시 동문로6길 5-2
자유에너지 가든주유소,126.5260502,33.2615223,제주특별자치도 서귀포시 중산간동로 8338
오브제주,126.618453,33.26037321,제주특별자치도 서귀포시 일주동로 8133
정육카페,126.7153966,33.2770913,제주특별자치도 서귀포시 남원읍 남원회관로 20
함덕찜,126.6728187,33.54168623,제주특별자치도 제주시 조천읍 함덕로 20
던킨도너츠 제주송악산점,126.2900694,33.20676362,제주특별자치도 서귀포시 대정읍 형제해안로 322
송악산 전망대,126.293941,33.19850877,제주특별자치도 서귀포시 대정읍 상모리 산 2-13
우리들국수,126.9224044,33.43702825,제주특별자치도 서귀포시 성산읍 섭지코지로 63
코소롱,126.2766414,33.28438365,제주특별자치도 서귀포시 대정읍 에듀시티로 148
김택화미술관,126.6531719,33.5437515,제주특별자치도 제주시 조천읍 신흥로 1
세계의가정식,126.5601392,33.25117424,제주특별자치도 서귀포시 천지로 42
평대리943 TuCasa,126.8442855,33.52277685,제주특별자치도 제주시 구좌읍 평대10길 48
엄마네집밥,126.2565046,33.33278184,제주특별자치도 제주시 한경면 중산간서로 3678
다올김밥분식,126.4799355,33.49167979,제주특별자치도 제주시 남녕로 48
살레안국수,126.4471906,33.46064501,제주특별자치도 제주시 애월읍 평화로 2901-1
하르방떡방,126.4795671,33.4921065,제주특별자치도 제주시 남녕로 54
검은여 쉼터,126.5818046,33.24381232,제주특별자치도 서귀포시 검은여로 2
아모르데이펜션,126.8758337,33.5290191,제주특별자치도 제주시 구좌읍 해맞이해안로 1614-3
대봉식당,126.4303512,33.49270687,제주특별자치도 제주시 일주서로 7330
제주올레로,126.4306473,33.4934908,제주특별자치도 제주시 일주서로 7335-1
그리매,126.6606662,33.46367433,제주특별자치도 제주시 조천읍 남조로 2222
포지타노인제주,126.8511612,33.34300908,제주특별자치도 서귀포시 성산읍 신천서로 27-5
더썸펜션,126.9065679,33.44335386,제주특별자치도 서귀포시 성산읍 난고로42번길 110
일품순두부 성산점,126.918051,33.43607425,제주특별자치도 서귀포시 성산읍 신양로 78
CU 제주금능점,126.2299641,33.38819428,제주특별자치도 제주시 한림읍 금능길 64
해가빛,126.2324571,33.38922311,제주특별자치도 제주시 한림읍 금능길 89
뻐꾸기 제주점,126.5289646,33.49981078,제주특별자치도 제주시 신성로13길 1
모슬포교회,126.2486436,33.224394,제주특별자치도 서귀포시 대정읍 하모이삼로15번길 25
제이르블랑,126.3479491,33.47054949,제주특별자치도 제주시 애월읍 고내로13길 84
귀빈,126.4775501,33.47713339,제주특별자치도 제주시 정원로 53-1
걸서악,126.6197949,33.28231397,제주특별자치도 서귀포시 남원읍 하례리 산 124
자배봉,126.6769392,33.30100229,제주특별자치도 서귀포시 남원읍 위미리 산 132-2
카츠소랑,126.7180955,33.2809889,제주특별자치도 서귀포시 남원읍 남한로 22-1
예레해안도로,126.3844605,33.28520237,제주특별자치도 서귀포시 상예동
명리동식당 애월점,126.3495763,33.47227241,제주특별자치도 제주시 애월읍 애월해안로 384-7
장금이,126.4663802,33.50349789,제주특별자치도 제주시 도공로 35
임금님밥상,126.4609423,33.4848953,제주특별자치도 제주시 오광로 128
애니멀고파크 제주신화월드점,126.3155321,33.30410028,제주특별자치도 서귀포시 안덕면 신화역사로304번길 98
메일의고향,126.8558837,33.5192051,제주특별자치도 제주시 구좌읍 세화리
해성파크텔,126.4213291,33.25226931,제주특별자치도 서귀포시 천제연로 158-4
제주와인아울렛 신화월드점,126.3314641,33.30998616,제주특별자치도 서귀포시 안덕면 신화역사로 411
던킨도너츠 제주함덕점,126.6713394,33.54224851,제주특별자치도 제주시 조천읍 함덕로 38
소반,126.56609,33.25193448,제주특별자치도 서귀포시 중동로 23
쿰다ATV,126.5985181,33.30352364,제주특별자치도 서귀포시 516로 619
GS25 옹포중앙점,126.2510407,33.40188317,제주특별자치도 제주시 한림읍 한림로 475
제주꺼우다,126.3118308,33.46154621,제주특별자치도 제주시 애월읍 애월로 29
프레드허쉬,126.5647829,33.24480973,제주특별자치도 서귀포시 태평로 416-1
더좋은안경원,126.5613184,33.24990169,제주특별자치도 서귀포시 중앙로 59
평대식당,126.8396386,33.53501012,제주특별자치도 제주시 구좌읍 해맞이해안로 1162
평대림,126.8349022,33.52103723,제주특별자치도 제주시 구좌읍 비자림로 2635
유탑유블레스호텔 제주 조식식당,126.6662784,33.54241169,제주특별자치도 제주시 조천읍 조함해안로 502
모메존,126.4705512,33.50425599,제주특별자치도 제주시 도두3길 17
십원향,126.485036,33.48693798,제주특별자치도 제주시 원노형로 23
헤이브로,126.3089122,33.4496543,제주특별자치도 제주시 애월읍 일주서로 6040
대기물류마트,126.5964854,33.48916139,제주특별자치도 제주시 번영로 518
갓포아키 제주도점,126.488556,33.48486447,제주특별자치도 제주시 노연로 80
와썹비치하우스,126.3041197,33.44885484,제주특별자치도 제주시 애월읍 곽지1길 30
GS25 연동삼무점,126.4917902,33.4900457,제주특별자치도 제주시 삼무로 47
회양과 국수군 제주산방산점,126.3076897,33.22981811,제주특별자치도 서귀포시 안덕면 사계남로 183
스테이위드커피,126.4557323,33.45825481,제주특별자치도 제주시 해안마을5길 29
도남돼지,126.5235056,33.4962232,제주특별자치도 제주시 신성로 36
메가MGC커피 제주삼화지구점,126.5809339,33.51634514,제주특별자치도 제주시 건주로 33
명랑핫도그 용두암점,126.5094713,33.512581,제주특별자치도 제주시 용담로 64
제주기념품가게 올레파머스 함덕,126.669211,33.54248808,제주특별자치도 제주시 조천읍 조함해안로 528
조천깡통구이,126.6398473,33.53842473,제주특별자치도 제주시 조천읍 신북로 263
산방도감,126.337295,33.24746172,제주특별자치도 서귀포시 안덕면 화순로 82
고양이선장카페,126.9440755,33.49572836,제주특별자치도 제주시 우도면 우도해안길 170
느랑,126.9154416,33.44880957,제주특별자치도 서귀포시 성산읍 동류암로 47-1
소보리당로222,126.3833054,33.26292222,제주특별자치도 서귀포시 소보리당로 222
제주다온,126.3674091,33.23487865,제주특별자치도 서귀포시 안덕면 난드르로 6-1
전망좋은게스트하우스,126.9324775,33.46068522,제주특별자치도 서귀포시 성산읍 일출로 248
편운산장,126.8751513,33.43747024,제주특별자치도 서귀포시 성산읍 서성일로 898-38
중문솥뚜껑,126.4316846,33.23832657,제주특별자치도 서귀포시 이어도로 81
포가츠,126.6558612,33.54980508,제주특별자치도 서귀포시 태평로 392-2
더허그스테이크하우스,126.5585983,33.26311356,제주특별자치도 서귀포시 중앙로 207
던킨 서귀포혁신점,126.5086356,33.25358531,제주특별자치도 서귀포시 신서로48번길 31
늘조은명품흑돼지,126.474926,33.49016473,제주특별자치도 제주시 월랑로 56
애몽게스트하우스,126.3367503,33.46525863,제주특별자치도 제주시 애월읍 고내5길 36
하도리안,126.8928681,33.52598399,제주특별자치도 제주시 구좌읍 해맞이해안로 1788
봉주르마담,126.5033391,33.2527492,제주특별자치도 서귀포시 대청로 33
로그맨하우스,126.3757542,33.41920051,제주특별자치도 제주시 애월읍 소길남길 179
범서프,126.5867296,33.52550676,제주특별자치도 제주시 선사로8길 11
공간키친,126.5296095,33.4989486,제주특별자치도 제주시 신성로13길 13-1
카이리조트,126.2412749,33.39213717,제주특별자치도 제주시 한림읍 협재2길 10
퓨어스테이,126.4963642,33.49136988,제주특별자치도 제주시 신대로 68
동호갈비 중문점,126.4254133,33.25211153,제주특별자치도 서귀포시 중문상로 41
삿뽀로우동집 본점,126.5625085,33.24710001,제주특별자치도 서귀포시 명동로 5
GS25 안덕계곡점,126.352772,33.2582887,제주특별자치도 서귀포시 안덕면 일주서로 1526
선반내주유소,126.5508916,33.25299493,제주특별자치도 서귀포시 일주동로 8780
나니와,126.4878225,33.48662856,제주특별자치도 제주시 연동3길 36
솔루나카페&펍,126.510619,33.23272944,제주특별자치도 서귀포시 막숙포로 116
리치망고 신화월드점,126.3163542,33.30497395,제주특별자치도 서귀포시 안덕면 신화역사로304번길 38
샤모니리조트,126.5043352,33.26335269,제주특별자치도 서귀포시 중산간서로 68
도미노피자 제주서귀포점,126.510575,33.25892518,제주특별자치도 서귀포시 신서귀로 118
복음이네김밥만두,126.5112378,33.25071396,제주특별자치도 서귀포시 김정문화로 64
광동주유소,126.4832777,33.49331483,제주특별자치도 제주시 일주서로 7832
낭만제주펜션,126.4722919,33.50469979,제주특별자치도 제주시 도두5길 23
이큐티,126.5486488,33.47235743,제주특별자치도 제주시 인다13길 28
호텔MCC,126.9188296,33.44181984,제주특별자치도 서귀포시 성산읍 섭지코지로25번길 29
선양빌리지돔,126.6438639,33.47465379,제주특별자치도 제주시 조천읍 와흘로 350
괸당포차,126.5650505,33.2423429,제주특별자치도 서귀포시 부두로 29-1
두그루하우스,126.3322516,33.24156161,제주특별자치도 서귀포시 안덕면 화순중앙로124번길 30
꽃하루방게스트하우스,126.9028259,33.40034033,제주특별자치도 서귀포시 성산읍 온평포구로62번길 24
피플카페,126.6138165,33.53792795,제주특별자치도 제주시 조천읍 신촌북3길 58
제주휴리조트1,126.8940423,33.42096574,제주특별자치도 서귀포시 성산읍 난고로 228
SK행복충전 동명가스충전소,126.5717126,33.51158565,제주특별자치도 제주시 연삼로 804
신441,126.5288807,33.49960489,제주특별자치도 제주시 신성로13길 2
커피파인더,126.5286711,33.49856727,제주특별자치도 제주시 서광로32길 20
무근성양과점,126.521211,33.5146501,제주특별자치도 제주시 중앙로8길 33
본돈,126.5666676,33.24970766,제주특별자치도 서귀포시 중동로48번길 9
유드림마트 표선점,126.8332032,33.32447225,제주특별자치도 서귀포시 표선면 표선중앙로90번길 13
별맛해장국,126.7176785,33.28081213,제주특별자치도 서귀포시 남원읍 남한로 22
토대력 번영로점,126.5960483,33.48944757,제주특별자치도 제주시 번영로 514
제주영상 문화산업진흥원,126.5339985,33.50608416,제주특별자치도 제주시 신산로 82
국수문화거리,126.5299958,33.5067281,제주특별자치도 제주시 일도2동 1050-1
밧돌오름,126.76007,33.46071398,제주특별자치도 제주시 구좌읍 송당리 산 66-1
엄블랑,126.1950493,33.29743128,제주특별자치도 제주시 한경면 칠전로 148
제주한판횟집 산방산점,126.306189,33.24582966,제주특별자치도 서귀포시 안덕면 사계로114번길 87
절물자연휴양림 산림문화휴양관,126.6265465,33.44066649,제주특별자치도 제주시 명림로 584
도련님갈비,126.5851028,33.52128187,제주특별자치도 제주시 일주동로 375
그옛맛,126.5185644,33.49850497,제주특별자치도 제주시 서사로24길 12
빛나는주유소,126.4503873,33.46203506,제주특별자치도 제주시 노형로 26
카페 알로하,126.7224344,33.29389559,제주특별자치도 서귀포시 남원읍 남조로 162-2
바솔트,126.5096938,33.23280965,제주특별자치도 서귀포시 막숙포로 118
신세기주유소,126.4065458,33.25835861,제주특별자치도 서귀포시 일주서로 976
제주애퐁당 쇠소깍점,126.6223826,33.25450567,제주특별자치도 서귀포시 쇠소깍로 100
비양도항,126.2300511,33.40612108,제주특별자치도 제주시 한림읍 협재리 3032-3
메가커피 제주동광육거리점,126.3403047,33.31055724,제주특별자치도 서귀포시 안덕면 한창로 599
엉또카페프렌즈,126.4945796,33.2578141,제주특별자치도 서귀포시 강정동
CU 서귀포시청점,126.5100594,33.25843446,제주특별자치도 서귀포시 신북로 39
던킨도너츠 서귀포혁신점,126.5086356,33.25358531,제주특별자치도 서귀포시 신서로48번길 31
신제주촌오리,126.3929637,33.48484063,제주특별자치도 제주시 애월읍 가문동길 27-6
브랭섬홀 아시아 아이스링크,126.284534,33.2909155,제주특별자치도 서귀포시 대정읍 글로벌에듀로 234
큰갯물횟집,126.4381496,33.23940904,제주특별자치도 서귀포시 대포로 161
대포어촌횟집,126.4310736,33.23857623,제주특별자치도 서귀포시 이어도로 75
벨루가,126.2012692,33.25248508,제주특별자치도 서귀포시 대정읍 영락하동로85번길 41-1
중문올레펜션,126.354223,33.24733528,제주특별자치도 서귀포시 안덕면 한밭로 61
네네치킨 노형점,126.4845769,33.48416819,제주특별자치도 제주시 원노형로 50
스시제주,126.4821213,33.4838469,제주특별자치도 제주시 원노형남1길 16
메이플호텔,126.4816987,33.48650934,제주특별자치도 제주시 원노형3길 41
오렌다핏,126.6702258,33.53948668,제주특별자치도 제주시 조천읍 함덕18길 19
제주함덕하이킹,126.6608292,33.54547041,제주특별자치도 제주시 조천읍 조함해안로 428
제주별책부록,126.5585813,33.24771998,제주특별자치도 서귀포시 중정로 19
어떤바람,126.2969467,33.23141323,제주특별자치도 서귀포시 안덕면 산방로 374
짱죽 제주점,126.5354678,33.48407907,제주특별자치도 제주시 연북로 514
보름펜션,126.2745085,33.22296068,제주특별자치도 서귀포시 대정읍 상모와우로 64-8
멀왓스테이,126.2980852,33.41877994,제주특별자치도 제주시 한림읍 중산간서로 5102
제주야구인의마을,126.4155338,33.28104264,제주특별자치도 서귀포시 색달중앙로252번길 49
고향역,126.2240655,33.38666451,제주특별자치도 제주시 한림읍 배령연대로 35
도이치,126.2312815,33.38859284,제주특별자치도 제주시 한림읍 금능6길 19
알마커피제작소,126.6947744,33.55021727,제주특별자치도 제주시 조천읍 북촌11길 23
조반물,126.6198189,33.53813405,제주특별자치도 제주시 조천읍 신촌북2길 38-1
하버하우스,126.6223974,33.53813834,제주특별자치도 제주시 조천읍 신촌5길 58-1
마일스,126.3376191,33.46686269,제주특별자치도 제주시 애월읍 고내로7길 46-1
제주야놀자,126.3357385,33.46590596,제주특별자치도 제주시 애월읍 고내안길 20-4
고기역,126.490272,33.48066291,제주특별자치도 제주시 국기로1길 4
더전복,126.4638296,33.50524768,제주특별자치도 제주시 도두항서길 53
정주항,126.6620351,33.54712091,제주특별자치도 제주시 조천읍 함덕리
다려도횟집,126.6677261,33.54111008,제주특별자치도 제주시 조천읍 신북로 544
치즈앤브레드,126.6750479,33.54156588,제주특별자치도 제주시 조천읍 함덕29길 17
빌림,126.4677005,33.50370282,제주특별자치도 제주시 오래물길 23
조랑말박물관,126.7362675,33.38315494,제주특별자치도 서귀포시 표선면 녹산로 381-15
도두횟집,126.4675332,33.50395635,제주특별자치도 제주시 도두3길 48
제주다이노스얼라이브,126.2996615,33.3042074,제주특별자치도 서귀포시 안덕면 녹차분재로 218
소공녀글라스,126.5271603,33.49774467,제주특별자치도 제주시 도남로7길 29
다니엘스키친 성산,126.9141141,33.45112075,제주특별자치도 서귀포시 성산읍 고성오조로 83-1
동남주유소,126.914639,33.44691925,제주특별자치도 서귀포시 성산읍 고성오조로 35
청년주유소,126.7062655,33.54775657,제주특별자치도 제주시 구좌읍 조천우회로 984
CU 제주구엄해변점,126.3752259,33.48194403,제주특별자치도 제주시 애월읍 애월해안로 686
포구횟집,126.392079,33.48626981,제주특별자치도 제주시 애월읍 가문동길 43
제주축산농협 삼화지점,126.5809321,33.51517577,제주특별자치도 제주시 건주로 45
정안호스텔,126.511029,33.50889424,제주특별자치도 제주시 용문로 166
한라산둘레길 사려니숲길,126.6475759,33.40380895,제주특별자치도 제주시 조천읍 교래리 산 137-1
임풍해장국,126.7529617,33.55549333,제주특별자치도 제주시 구좌읍 김녕로 141
높은오름,126.793069,33.45641147,제주특별자치도 제주시 구좌읍 송당리 산 213-1
코즈게스트하우스,126.338603,33.304263,제주특별자치도 서귀포시 안덕면 동광로100번길 20
동광해바른작은도서관,126.3382463,33.30485805,제주특별자치도 서귀포시 안덕면 동광로100번길 12
스테이아하,126.2557444,33.39786514,제주특별자치도 제주시 한림읍 옹포남2길 43
괸당집 서귀포점,126.567647,33.25042516,제주특별자치도 서귀포시 동홍로 21
보목해안도로,126.5976625,33.2365614,제주특별자치도 서귀포시 보목동
도란도넛,126.4294211,33.48685308,제주특별자치도 제주시 우령안1길 22
신창해안도로,126.1779886,33.34532764,제주특별자치도 제주시 한경면 신창리
그레이베이스,126.4714985,33.50882207,제주특별자치도 제주시 서해안로 238
제주리 식탁,126.493108,33.508269,공항로2 제주리식탁  애월카츠
교촌치킨 함덕점,126.6673718,33.54254807,제주특별자치도 제주시 조천읍 조함해안로 510
김약국,126.562235,33.24750749,제주특별자치도 서귀포시 중정로 54-1
GS25 서귀중정점,126.5584109,33.24767339,제주특별자치도 서귀포시 중정로 17-1
코바코 제주서귀포점,126.5643308,33.24769337,제주특별자치도 서귀포시 이중섭로 5-1
공차 서귀포올레시장점,126.5630739,33.24755822,제주특별자치도 서귀포시 중정로62번길 1
GS25 서귀오거리점,126.5625176,33.25129803,제주특별자치도 서귀포시 중정로91번길 46
마주앉아,126.5647508,33.24760918,제주특별자치도 서귀포시 명동로 27
삼다미가,126.5149089,33.23768718,제주특별자치도 서귀포시 막숙포로40번길 5
오릭인제주,126.8245647,33.55495553,제주특별자치도 제주시 구좌읍 해맞이해안로 816-1
오늘도회는뜬다 1호점,126.6675517,33.54165778,제주특별자치도 제주시 조천읍 함덕13길 1-1
해녀김밥 함덕본점 주차장,126.6652966,33.54263985,제주특별자치도 제주시 조천읍 함덕리 1252-12
신한당약국,126.6664583,33.54155025,제주특별자치도 제주시 조천읍 신북로 530
그늘집,126.5100765,33.25383263,제주특별자치도 서귀포시 신서귀로51번길 11
중문동사무소교차로,126.4337609,33.25110664,제주특별자치도 서귀포시 중문동
일품순두부 중문점,126.4334703,33.25091778,제주특별자치도 서귀포시 천제연로 268
스캠프짐,126.4737996,33.47963206,제주특별자치도 제주시 한라대학로 17
정대36,126.5305299,33.49710473,제주특별자치도 제주시 신성로 110
스윗플랫폼,126.5287249,33.49875771,제주특별자치도 제주시 광양10길 13
참돼지,126.488439,33.47693358,제주특별자치도 제주시 연화로3길 10
피슈마라홍탕 삼화점,126.5790857,33.51682573,제주특별자치도 제주시 건주로4길 30
퐁낭그늘,126.484882,33.49224501,제주특별자치도 제주시 성신로 30
성산에오거들랑 게스트하우스,126.908333,33.45031202,제주특별자치도 서귀포시 성산읍 고성동서로 13-7
예산가마솥장수촌설렁탕,126.5357148,33.4853783,제주특별자치도 제주시 구남동8길 53
육회한집,126.5209879,33.50005428,제주특별자치도 제주시 서광로 229
다정한식탁,126.4262543,33.25823111,제주특별자치도 서귀포시 중문로81번길 7-3
로또라네,126.9157945,33.44988003,제주특별자치도 서귀포시 성산읍 동류암로36번길 16
브라운스위트호텔,126.8834432,37.56534683,제주 서귀포시 성산읍 고성오조로 94
노가리앤비어,126.914612,33.451503,제주 서귀포시 성산읍 고성오조로 88-2 1층 노가리앤비어
오설록티뮤지엄 티스톤,126.2901332,33.30609278,제주특별자치도 서귀포시 안덕면 신화역사로 15
세븐일레븐 서귀포엠스테이점,126.5604737,33.24693956,제주특별자치도 서귀포시 태평로353번길 14
레오파드카페,126.5495098,33.25397001,제주특별자치도 서귀포시 일주동로 8796
고기땡기네,126.5644576,33.24700046,제주특별자치도 서귀포시 이중섭로 11
샤브마니아 제주삼화점,126.5803846,33.51308853,제주특별자치도 제주시 건주로 72
밀크홀,126.2265193,33.33588234,제주특별자치도 제주시 한경면 판조로 428
한림속 하루,126.2572386,33.3514574,제주특별자치도 제주시 한림읍 중산간서로 3900
이비가짬뽕 신화월드점,126.3412956,33.31001703,제주특별자치도 서귀포시 안덕면 신화역사로 502
야미부대찌개,126.2604756,33.3239843,제주특별자치도 제주시 한경면 녹차분재로 621
한라산국립공원 관음사지구안내소,126.5497309,33.42160393,제주특별자치도 제주시 산록북로 588
행원환해장성,126.8261478,33.55811335,제주특별자치도 제주시 구좌읍 행원리 80-5
리프리지,126.5174704,33.51529464,제주특별자치도 제주시 탑동로 109
한라산둘레길 수악길,126.6076944,33.3291401,제주특별자치도 서귀포시 남원읍 하례리 산 10-12
타베니,126.3281134,33.43402171,제주특별자치도 제주시 애월읍 납읍리 2340-2
CU 협재제천점,126.2396617,33.39361672,제주특별자치도 제주시 한림읍 한림로 329-8
애월한담민박,126.312757,33.459899,제주 제주시 애월읍 일주서로 6163
팀블로우,126.3107227,33.4608837,제주특별자치도 제주시 애월읍 애월로 19-5
마루네김밥,126.3078589,33.45092056,제주특별자치도 제주시 애월읍 곽지7길 11
애월 한담민박,126.312757,33.459899,제주 제주시 애월읍 일주서로 6163
제주마음,126.4843773,33.48643396,제주특별자치도 제주시 원노형3길 15
협재해녀의집,126.2438997,33.39881773,제주특별자치도 제주시 한림읍 협재3길 19
호텔시리우스 수영장,126.4909571,33.4933987,제주특별자치도 제주시 도령로 133
제주브릭스,126.5357805,33.24458946,제주특별자치도 서귀포시 태평로 121
제주도그릴 서귀포본점,126.5342723,33.24348113,제주특별자치도 서귀포시 태평로 110
펄호텔 제주,126.4909527,33.48347146,제주특별자치도 제주시 신대로20길 49
조선제일국밥 제주점,126.5937126,33.48820385,제주특별자치도 제주시 봉개대동6길 45
봉스테이,126.5994816,33.48716235,제주특별자치도 제주시 봉개대동10길 4
준반점,126.6692552,33.54246836,제주특별자치도 제주시 조천읍 조함해안로 528
세븐일레븐 서귀포대정주공점,126.2529031,33.22770874,제주특별자치도 서귀포시 대정읍 하모중앙로 5
와랑게스트하우스,126.1741797,33.33551831,제주특별자치도 제주시 한경면 주전길 92-17
CU 제주에코비자림점,126.8080363,33.49498371,제주특별자치도 제주시 구좌읍 비자림로 2235-2
감초식당,126.5278018,33.50326846,제주특별자치도 제주시 동광로1길 32
샤이니호텔,126.7842803,33.47068245,제주특별자치도 제주시 구좌읍 송당4길 7
신미영이네,126.24992,33.217728,제주특별자치도 서귀포시 대정읍 하모항구로 42
노을안에풍차,126.1646308,33.33688798,제주특별자치도 제주시 한경면 한경해안로 360
CU 제주함덕캠프점,126.6728533,33.54393309,제주특별자치도 제주시 조천읍 조함해안로 574
문도지오름 출구,126.2970566,33.32536155,제주특별자치도 제주시 한림읍 금악리 70-3
요우르,126.6541188,33.54930615,제주특별자치도 제주시 조천읍 조함해안로 343
휴양펜션돌과바람,126.4538904,33.45763904,제주특별자치도 제주시 해안마을길 62
성산포항우도도항선매표소,126.934213,33.47292189,제주특별자치도 서귀포시 성산읍 성산등용로 130-21
낙천주의자들,126.8603884,33.52324684,제주특별자치도 제주시 구좌읍 세화7길 28
서월화,126.9030655,33.49425058,제주특별자치도 제주시 구좌읍 종달논길 12
섬투어레져,126.943897,33.50887096,제주특별자치도 제주시 우도면 우도해안길 342
봄이네해바라기,126.521783,33.51124069,제주특별자치도 제주시 중앙로14길 24
칠성통,126.526614,33.51508199,제주특별자치도 제주시 중앙로5길 18
용눈이오름,126.832683,33.45988024,제주특별자치도 서귀포시 안덕면 사계북로41번길 192
돌담치킨,126.4876453,33.49186788,제주특별자치도 제주시 성신로1길 21
쉼터체험농장,126.6599818,33.27757872,제주특별자치도 서귀포시 남원읍 일주동로 7678
성산포수협 수산물직판장,126.9337665,33.4729478,제주특별자치도 서귀포시 성산읍 성산등용로 130-19
지미스우도 보트관광,126.9674791,33.49773737,제주특별자치도 제주시 우도면 우도해안길 1132
봉구비어 제주서귀점,126.5646556,33.24776393,제주특별자치도 서귀포시 이중섭로 5-5
백년가야밀면,126.5680224,33.24654945,제주특별자치도 서귀포시 태평로 452
월라봉,126.6057134,33.26719127,제주특별자치도 서귀포시 신효동 1179-4
동복관광체험어장,126.7187683,33.55590003,제주특별자치도 제주시 구좌읍 동복리
요레가,126.5609351,33.25188302,제주특별자치도 서귀포시 중앙로 81
식당교래,126.6765818,33.43686434,제주특별자치도 제주시 조천읍 비자림로 655
거문오름 탐방안내소,126.7146687,33.45718358,제주특별자치도 제주시 조천읍 선교로 569-36
하이한담,126.3200308,33.46564589,제주특별자치도 제주시 애월읍 애월로9길 12-7
초원코다리,126.253096,33.393629,제주 제주시 한림읍 명재로 62-2
부영식당,126.6494627,33.5461447,제주특별자치도 제주시 조천읍 신흥관전길 60-1
은진이네식당,126.4660499,33.50400587,제주특별자치도 제주시 서해안로 161
빌라드애월 애월향정,126.359236,33.47707588,제주특별자치도 제주시 애월읍 애월해안로 516-7
"3인칭관찰자시점, 십화점",126.1812,33.34974861,제주특별자치도 제주시 한경면 신창7길 24
금능어촌계복지회관,126.2277826,33.38987571,제주특별자치도 제주시 한림읍 금능7길 22
롯데호텔제주 풍차라운지,126.4110939,33.2465149,제주특별자치도 서귀포시 중문관광로72번길 35
평산제면소,126.1829268,33.346819,제주특별자치도 제주시 한경면 두신로 42
전설의짬뽕 조천점,126.6231803,33.53560364,제주특별자치도 제주시 조천읍 신북로 93
제주맥주 코너샵,126.7508546,33.43327878,제주특별자치도 제주시 구좌읍 번영로 2133-30
달리자서울포차 연동점,126.4916889,33.48712413,제주특별자치도 제주시 신대로16길 44
서귀맨션,126.5622506,33.24028638,제주특별자치도 서귀포시 천지연로41번길 30
규태네양곱창 본점,126.4860603,33.48622817,제주특별자치도 제주시 노연로 55
장가네일품순두부 표선점,126.8317918,33.32735736,제주특별자치도 서귀포시 표선면 표선중앙로 63
굿모닝렌트카,126.4974218,33.49997175,제주특별자치도 제주시 월성로4길 74-22
ABC마트 ST서귀포점,126.5661063,33.24863457,제주특별자치도 서귀포시 중정로91번길 2
라라라,126.5636828,33.25349128,제주특별자치도 서귀포시 일주동로 8655
광주식당,126.9107356,33.45461265,제주특별자치도 서귀포시 성산읍 일주동로 4188
시온푸드,126.4321751,33.24310922,제주특별자치도 서귀포시 대포로 75
투썸플레이스 제주애월하귀점,126.4181586,33.48865438,제주특별자치도 제주시 애월읍 일주서로 7209
송가네참숯가든,126.7007901,33.28225852,제주특별자치도 서귀포시 남원읍 남위남성로93번길 67
무뚱모슬포좁짝뼈국수,126.2513623,33.22044239,제주특별자치도 서귀포시 대정읍 신영로 80-1
동광주유소,126.3411939,33.31039877,제주특별자치도 서귀포시 안덕면 동광로 164
우연못,126.4876147,33.46674035,제주특별자치도 제주시 은수길 110
막내해녀,126.8861333,33.38547466,제주특별자치도 서귀포시 성산읍 신산리 302
명가돈촌,126.8038292,33.30823247,제주특별자치도 서귀포시 표선면 가마병풍로 30
언타이틀 보틀샵,126.9146371,33.46204827,제주특별자치도 서귀포시 성산읍 오조로 93
구좌지앵,126.9061741,33.49540703,제주특별자치도 제주시 구좌읍 종달로1길 102
함덕돌핀레져,126.6682792,33.54401108,제주특별자치도 제주시 조천읍 함덕리 1008
클랭블루스테이,126.2081399,33.33249373,제주특별자치도 제주시 한경면 용금로 257
뮈르,126.3875304,33.2449621,제주특별자치도 서귀포시 하예로 28
삐꼴라쿠치나,126.4016427,33.41933079,제주특별자치도 제주시 애월읍 하소로 769-58
서은통닭,126.5372852,33.5008447,제주특별자치도 제주시 청귤로1길 20
춤추는염소들,126.4929258,33.48313334,제주특별자치도 제주시 연동12길 30
무명고택,126.7972614,33.38905795,제주특별자치도 서귀포시 표선면 중산간동로 4667
엘지마트,126.294812,33.961104,제주 제주시 추자면 추자로 70
르부이부이,126.539608,33.51539422,제주특별자치도 제주시 사라봉7길 32
팔미돈가흑돼지 성산점,126.8422341,33.41930039,제주특별자치도 서귀포시 성산읍 서성일로 511
김녕바닷길,126.7619209,33.5615238,제주시 구좌읍 김녕로1길 51-3
토라네코 제주본점,126.496259,33.49262808,제주특별자치도 제주시 삼무로11길 9
제주생생농수산,126.4650304,33.50528533,제주특별자치도 제주시 도공로 12
스테이산타루치아,126.8071727,33.55634697,제주특별자치도 제주시 구좌읍 해맞이해안로 586
석볶이,126.6378407,33.53681224,제주특별자치도 제주시 조천읍 신북로 237
표선제주닭집 함덕직영점,126.6671708,33.54103646,제주특별자치도 제주시 조천읍 함덕14길 3
송당해장국,126.7850591,33.47113461,제주특별자치도 제주시 구좌읍 중산간동로 2270
GS25 함덕코업시티점,126.6633071,33.54343867,제주특별자치도 제주시 조천읍 조함해안로 474
제주운정이네,126.4377461,33.26354547,제주특별자치도 서귀포시 중산간서로 726
감성점빵,126.2896363,33.20674312,제주특별자치도 서귀포시 대정읍 형제해안로 322-1
국수먹고가게,126.5131221,33.51334913,제주특별자치도 제주시 흥운길 54
이창명짜장면시키신분,126.2669044,33.11949281,제주특별자치도 서귀포시 대정읍 마라로 48
면담,126.6178435,33.25689014,제주특별자치도 서귀포시 효돈순환로 246
맛있수다,126.4009215,33.25596849,제주특별자치도 서귀포시 예래로 50
GS25 제주협재점,126.240242,33.3930072,제주특별자치도 제주시 한림읍 한림로 330
오션뷰제주 게스트하우스_(파티),126.3670313,33.23221875,제주특별자치도 서귀포시 안덕면 난드르로 49-71
신창윤업사,126.1828756,33.34608838,제주특별자치도 제주시 한경면 두신로 34
달휴게스트하우스,126.8990403,33.40934988,제주특별자치도 서귀포시 성산읍 온평애향로23번길 25
토리,126.8325346,33.32531077,제주특별자치도 서귀포시 표선면 표선동서로 240-1
스마일코리아 서귀포지점,126.5139263,33.23531747,제주특별자치도 서귀포시 막숙포로 74
장미여관,126.5139735,33.23532126,제주특별자치도 서귀포시 막숙포로 74
다미안,126.5116073,33.23713328,제주특별자치도 서귀포시 이어도로 905
법환어촌계횟집,126.515074,33.23576915,제주특별자치도 서귀포시 막숙포로 61
다이브자이언트 제주,126.1892871,33.35855431,제주특별자치도 제주시 한경면 일주서로 4408
가름게스트하우스,126.5123316,33.23654826,제주특별자치도 서귀포시 법환하로9번길 10
스케쳐스신제주2,126.4897402,33.48621453,제주특별자치도 제주시 신광로 68
제주어항,126.5022638,33.51511817,제주특별자치도 제주시 용해로 24
서귀포자연휴양림 매표소,126.4588507,33.3114682,제주특별자치도 서귀포시 1100로 882
하우목동,126.9474901,33.50993823,제주특별자치도 제주시 우도면 연평리
한라산국립공원 영실탐방로안내,126.4792569,33.32893134,제주특별자치도 서귀포시 하원동 산 1-1
흰고래게스트하우스,126.5236465,33.24407203,제주특별자치도 서귀포시 이어도로1066번길 26
서울야시장,126.8763238,33.3803044,제주특별자치도 서귀포시 성산읍 일주동로 5113-1
가시리마을4.3길센터,126.7715496,33.35311708,제주특별자치도 서귀포시 표선면 가시로565번길 20
정의원님식당,126.8026398,33.38424476,제주특별자치도 서귀포시 표선면 성읍정의현로22번길 14-3
표선민속오일시장,126.8300755,33.32237984,제주특별자치도 서귀포시 표선면 표선동서로 203-1
여울목펜션,126.8660447,33.36961132,제주특별자치도 서귀포시 성산읍 삼달로 28-1
성읍민속마을교차로,126.8009196,33.39016024,제주특별자치도 서귀포시 표선면 성읍리
집의기록파트1,126.297219,33.44648712,제주특별자치도 제주시 한림읍 귀덕11길 60
블랑제이드,126.3025969,33.24997503,제주특별자치도 서귀포시 안덕면 일주서로 2015-1
모이모이펜션,126.290333,33.43866812,제주특별자치도 제주시 한림읍 귀덕8길 39
낙지코지,126.6648796,33.54272888,제주특별자치도 제주시 조천읍 조함해안로 488
달토끼펜션,126.8538492,33.52756698,제주특별자치도 제주시 구좌읍 세평항로 45-11
연북로해물탕,126.5051016,33.48172919,제주특별자치도 제주시 연북로 221
양과자회관,126.7657199,33.36204039,제주특별자치도 서귀포시 표선면 녹산로 14
제주모슬포알뜨르비행장 일제 지하벙커,126.2723618,33.20781541,제주특별자치도 서귀포시 대정읍 상모리 1670
가마오름,126.2470142,33.30554955,제주특별자치도 제주시 한경면 청수리 1202-1
주연플라워샵,126.5001836,33.49221391,제주특별자치도 제주시 연문4길 13
여울목식당,126.8662747,33.36958632,제주특별자치도 서귀포시 성산읍 삼달로 28-1
제주국제대학교,126.5701345,33.44125646,제주특별자치도 제주시 516로 2870
보말과비바리,126.5738524,33.51747863,제주특별자치도 제주시 화삼북로 7
컨테이너야드협재타운,126.2402859,33.39363858,제주특별자치도 제주시 한림읍 한림로 335
이에프쿠치나,126.2494289,33.40020098,제주특별자치도 제주시 한림읍 한림로 450
비즈마마,126.7855361,33.47097315,제주특별자치도 제주시 구좌읍 중산간동로 2274
펠롱도채비,126.7460133,33.28684567,제주특별자치도 서귀포시 남원읍 태위로 945
달리는커피 서귀포중문점,126.4257524,33.25146122,제주특별자치도 서귀포시 천제연로 198
제주돌집,126.4345599,33.25085601,제주특별자치도 서귀포시 천제연로 280
울돝,126.5298261,33.49751679,제주특별자치도 제주시 서광로32길 37
별미맛동태,126.5331698,33.49607606,제주특별자치도 제주시 중앙로 275-1
제주영숙,126.7412654,33.28709735,제주특별자치도 서귀포시 남원읍 태수로26번길 17
전주식당,130.9096086,37.49672989,제주특별자치도 제주시 서문로4길 13-2
서귀포국수마을,126.5615411,33.24829036,제주특별자치도 서귀포시 중앙로 41
날외15,126.2319693,33.2396953,제주특별자치도 서귀포시 대정읍 일과대수로 15
까델아스리조트,126.3671691,33.47586046,제주특별자치도 제주시 애월읍 신엄9길 50
돗통,126.297798,33.24946476,제주특별자치도 서귀포시 안덕면 사계북로41번길 189
SK행복충전 제주오케이충전소,126.4572933,33.49515028,제주특별자치도 제주시 일주서로 7588
신창풍차전기자전거,126.1721319,33.34307443,제주특별자치도 제주시 한경면 한경해안로 485
CU 제주논스톱점,126.3686232,33.47212566,제주특별자치도 제주시 애월읍 일주서로 6707
둘레길 협재금능점,126.231381,33.38924801,제주특별자치도 제주시 한림읍 금능길 79
새별레져ATV,126.3593092,33.34793813,제주특별자치도 제주시 한림읍 평화로 1360-2
플레이롤러,126.5252755,33.26189262,제주특별자치도 서귀포시 중산간동로 8348
올레길 2코스(광치기-온평 올레),126.9018696,33.44016935,제주특별자치도 서귀포시 성산읍 고성리
솔솥 서귀포점,126.5143032,33.25912553,제주특별자치도 서귀포시 신동로 119
나이체,126.5468117,33.47517724,제주특별자치도 제주시 인다6길 35
김명자굴국밥 화북점,126.5726183,33.51738422,제주특별자치도 제주시 동화로 32
곶자왈생태체험관,126.6660852,33.4390662,제주특별자치도 제주시 조천읍 남조로 2023
썬샤인워크,126.38929,33.24807053,제주특별자치도 서귀포시 소보리당로 40-4
부르네스테이,126.4843356,33.51216156,제주특별자치도 제주시 서해안로 376
분식후경,126.9028688,33.40046479,제주특별자치도 서귀포시 성산읍 온평포구로62번길 22-1
달다제주,126.6387614,33.53857844,제주특별자치도 제주시 조천읍 조함해안로 9
월정에비뉴,126.7987816,33.55456649,제주특별자치도 제주시 구좌읍 해맞이해안로 486
팔길,126.3836015,33.23388881,제주특별자치도 서귀포시 하예동 706-12
도시섬시장,126.1862181,33.34753484,제주특별자치도 제주시 한경면 일주서로 4282
곁겹,126.2318573,33.38605302,제주특별자치도 제주시 한림읍 한림로 224-6
돈덕이네,126.9078353,33.44894481,제주특별자치도 서귀포시 성산읍 고성중앙로 41-8
달에물들다,126.7924467,33.55765752,제주특별자치도 제주시 구좌읍 월정1길 79-13
친절한비자씨,126.8104372,33.49144049,제주특별자치도 제주시 구좌읍 비자숲길 58
남문 숯불바베큐엔치킨 일도직영점,126.5425117,33.50236436,제주특별자치도 제주시 고마로 136
홍열이네 불닭,126.5418063,33.50551733,제주특별자치도 제주시 고마로17길 6
피맥데이,126.5406102,33.50621974,제주특별자치도 제주시 고마로 90
르메인호텔,126.2444222,33.39707184,제주특별자치도 제주시 한림읍 한림로 392
라메종베니인제주펜션,126.9219022,33.43584862,제주특별자치도 서귀포시 성산읍 신양로122번길 10-6
곽지횟집,126.3060426,33.44994031,제주특별자치도 제주시 애월읍 곽지9길 39
제주올레21코스 공식안내소,126.8627325,33.52212787,제주특별자치도 제주시 구좌읍 상도리 471-43
그리고세화 1호점,126.8670951,33.52160249,제주특별자치도 제주시 구좌읍 구좌로 149-9
중문미로파크,126.3824238,33.26344889,제주특별자치도 서귀포시 일주서로 1225-5
칠돈가 함덕 흑돼지,126.6742179,33.53895809,제주특별자치도 제주시 조천읍 함와로 12
서귀포수협유통사업소,126.5611497,33.2407225,제주특별자치도 서귀포시 칠십리로 44
서자매김밥,126.4851936,33.48504169,제주특별자치도 제주시 원노형로 41-1
복조리부산양곱창,126.558978,33.25012063,제주특별자치도 서귀포시 서문로29번길 3
제주살이,126.9141122,33.45323377,제주특별자치도 서귀포시 성산읍 고성오조로 108
림벅와플 제주점,126.9344543,33.46244532,제주특별자치도 서귀포시 성산읍 일출로 277
디렌트카,126.492796,33.50263243,제주특별자치도 제주시 다호7길 28
도노미스테이,126.3113206,33.41626295,제주특별자치도 제주시 애월읍 봉성로2길 16-6
아크로디니온,126.6072173,33.47730198,제주특별자치도 제주시 명림로 100
델리지아,126.4244248,33.24132625,제주특별자치도 서귀포시 중문관광로 224
고래라면 신화월드점,126.2900629,33.2988579,제주특별자치도 서귀포시 안덕면 녹차분재로 217
카페 인어,126.2764156,33.4404666,제주특별자치도 제주시 한림읍 한림해안로 584
만선바다,126.4892948,33.49097671,제주특별자치도 제주시 삼무로1길 6
이공팔오,126.7000971,33.48686605,제주특별자치도 제주시 조천읍 선교로 185
게스트하우스 산방댁,126.3208495,33.24973388,제주 서귀포시 안덕면 사계신항로 6 산방댁게스트하우스
카페덕수리2180,126.3081297,33.25812767,제주특별자치도 서귀포시 안덕면 덕수동로25번길 42-8
열정돈,126.9142706,33.45077699,제주특별자치도 서귀포시 성산읍 고성동서로 67
제주사계,126.858106,33.4317438,제주특별자치도 서귀포시 성산읍 서성일로 689-54
오늘의미미,126.6743616,33.54369183,제주특별자치도 제주시 조천읍 평사길 24
월복,126.5052882,33.5106007,제주특별자치도 제주시 성화로 8
옹포,126.2559153,33.40455234,제주특별자치도 제주시 한림읍 옹포리
스몰홀더,126.2422652,33.39543943,제주특별자치도 제주시 한림읍 한림로 363
고서방해물탕,126.2914493,33.20975224,제주특별자치도 서귀포시 대정읍 형제해안로 282
메르블루 게스트하우스,126.8940602,33.52203601,제주특별자치도 제주시 구좌읍 문주란로 121
함덕우동집,126.6612675,33.53993313,제주특별자치도 제주시 조천읍 함덕6길 39
군산오름,126.3699703,33.25323961,제주특별자치도 서귀포시 안덕면 창천리 산 3-1
제주하도,126.8871388,33.52113551,제주특별자치도 제주시 구좌읍 문주란로5길 23-4
수니테이블,126.8858175,33.51907685,제주특별자치도 제주시 구좌읍 문주란로 33-1
포록,126.8334183,33.32657514,제주특별자치도 서귀포시 표선면 표선동서로 258
쉼앤오프,126.7860013,33.4644849,제주특별자치도 제주시 구좌읍 송당리
보배반점,126.4976826,33.4921984,제주특별자치도 제주시 연동
신화아부오름가든,126.7859232,33.47016598,제주특별자치도 제주시 구좌읍 송당6길 10
천리식당,126.784705,33.46858605,제주특별자치도 제주시 구좌읍 송당6길 30
제주내리막,126.4307234,33.4912444,제주특별자치도 제주시 우정로 18
요거프레소,126.9119903,33.46641769,제주특별자치도 서귀포시 성산읍
이호체험배낚시,126.4521776,33.49685522,제주특별자치도 제주시 테우해안로 174
올레회어촌,126.4514913,33.49681612,제주특별자치도 제주시 테우해안로 166
씨앤호텔,126.4470502,33.49359754,제주특별자치도 제주시 일주서로 7490
노형한빛식당,126.4061509,33.42105377,제주특별자치도 제주시 애월읍 유수암평화5길 88
인피니티리조트,126.6567651,33.54724166,제주특별자치도 제주시 조천읍 조함해안로 376-9
밭318,126.9663597,33.49827804,제주특별자치도 제주시 우도면 우도해안길 1144
올레길해녀의집,126.9099196,33.47607036,제주특별자치도 서귀포시 성산읍 해맞이해안로 2636
세미식당,126.6638224,33.46922779,제주특별자치도 제주시 조천읍 번영로 1208
한림칠돈가,126.2615483,33.40757206,제주특별자치도 제주시 한림읍 한림상로 69
제주미향,126.4163459,33.25513752,제주특별자치도 서귀포시 천제연로 99
해미원횟집,126.8441958,33.32498061,제주특별자치도 서귀포시 표선면 민속해안로 578-2
루트서프,126.2394337,33.39374876,제주특별자치도 제주시 한림읍 한림로 329-10
패밀리만두,126.4899867,33.48086729,제주특별자치도 제주시 국기로 9
소길스테이,126.3838678,33.43920237,제주특별자치도 제주시 애월읍 장소로 147-23
망오름,126.3414109,33.45920679,제주특별자치도 제주시 애월읍 고내리 산 3-1
일송회수산,126.6636792,33.27181293,제주특별자치도 서귀포시 남원읍 위미중앙로196번길 13
미카형증기기관차,126.4910262,33.49152118,제주특별자치도 제주시 연동 270-5
도도름,126.4904989,33.48969058,제주특별자치도 제주시 삼무로 36
용담기사식당,126.5130154,33.51165733,제주특별자치도 제주시 용담로 98
희야국수,126.4897103,33.5012259,제주특별자치도 제주시 다호5길 11
명품해운대활어직매장,126.5262063,33.51246582,제주특별자치도 제주시 중앙로11길 13
제주품에독채펜션,126.2637851,33.37331138,제주특별자치도 제주시 한림읍 명월성로 395
제주바닷가의나루터,126.504807,33.51665926,제주특별자치도 제주시 서해안로 634
통큰수산,126.5631372,33.24841499,제주특별자치도 서귀포시 중정로61번길 6
가시리명문식당,126.770811,33.35290744,제주특별자치도 서귀포시 표선면 중산간동로 5218
야스미스테이,126.2534711,33.4072857,제주특별자치도 제주시 한림읍 옹포7길 25-2
금성우동,126.2428523,33.39590282,제주특별자치도 제주시 한림읍 한림로 371
귤빛정원,126.3223478,33.45265952,제주특별자치도 제주시 애월읍 애월원당길 101
한림국수집,126.2689304,33.41230043,제주특별자치도 제주시 한림읍 한림상로 158
더팔당제주,126.4916135,33.48713824,제주특별자치도 제주시 신대로16길 44
별도봉산책로,126.555853,33.51987133,제주특별자치도 제주시 화북일동 4558
쿠쿠아림,126.5418718,33.46937443,제주특별자치도 제주시 아란4길 93
꽂돼지정식,126.9017894,33.49419845,제주 제주시 구좌읍 종달논길 24 꽃돼지정식
CU 제주종달점,126.8938818,33.49275541,제주특별자치도 제주시 구좌읍 일주동로 3719
종달바베큐캠핑,126.8907008,33.49878888,제주특별자치도 제주시 구좌읍 세종로 353
대해수산,126.9092849,33.48946236,제주특별자치도 제주시 구좌읍 해맞이해안로 2384-1
놀놀 플레이그라운드 카페,126.8068664,33.49457256,제주특별자치도 제주시 구좌읍 비자림로 2228
코지네스트,126.6711574,33.53686011,제주특별자치도 제주시 조천읍 함덕남10길 57
해미안,126.4321388,33.49381861,제주특별자치도 제주시 일주서로 7353
조천읍도서관,126.6676229,33.53768735,제주특별자치도 제주시 조천읍 일주동로 1189
제주돔베마씸,126.4304378,33.48950212,제주특별자치도 제주시 우정로8길 4-2
오슬로 제주신화월드점,126.3163164,33.30568962,제주특별자치도 서귀포시 안덕면 신화역사로304번길 38
옛날옛적,126.8999957,33.4143366,제주특별자치도 서귀포시 성산읍 일주동로 4660
레이져서바이벌M,126.489729,33.48702321,제주특별자치도 제주시 신광로 58
코시롱화덕피자,126.2524827,33.22100903,제주특별자치도 서귀포시 대정읍 신영로 91-1
섯알오름예비검속희생자추모비,126.2807518,33.20564621,제주특별자치도 서귀포시 대정읍 상모리
씨에코비치,126.6471902,33.54824634,제주특별자치도 제주시 조천읍 신흥관전길 89-5
제주오석심공예명장관,126.7709172,33.45492724,제주특별자치도 제주시 구좌읍 비자림로 1627
스누피가든 입구,126.7786007,33.44332036,제주특별자치도 제주시 구좌읍 송당리 2303-3
주식회사오드씽,126.5268854,33.46201881,제주특별자치도 제주시 고다시길 25
해녀의부엌,126.9123013,33.49777732,제주특별자치도 제주시 구좌읍 해맞이해안로 2265
에메랄드호텔에이스,126.5365803,33.49741241,제주특별자치도 제주시 오복5길 4
제주올레냉면 제주본점,126.4703923,33.48192292,제주특별자치도 제주시 광평동로 19
황부정,126.7184983,33.43443214,제주특별자치도 제주시 조천읍 비자림로 1065
보림사,126.5461602,33.5175714,제주특별자치도 제주시 사라봉동길 61
오션스위츠제주호텔 카페테리아,126.5232087,33.51818482,제주특별자치도 제주시 탑동해안로 74
김만덕기념관,126.5302267,33.51577734,제주특별자치도 제주시 산지로 7
제주소호네,126.4344379,33.24330166,제주특별자치도 서귀포시 대포복개로 52
쇠소깍깡통열차,126.6229465,33.25211986,제주특별자치도 서귀포시 쇠소깍로 128
스시한점 오마카세,126.6641679,33.54300825,제주특별자치도 제주시 조천읍 조함해안로 480
포엠하우스,126.6638808,33.54318779,제주특별자치도 제주시 조천읍 조함해안로 476-1
달콤커피 제주공항점,126.4933949,33.50697333,제주특별자치도 제주시 공항로 2
스테이무드인디고,126.8791065,33.52886907,제주특별자치도 제주시 구좌읍 하도서문길 39
제주R호텔,126.5179137,33.49939682,제주특별자치도 제주시 서광로14길 5
카페모레,126.4508459,33.49676097,제주특별자치도 제주시 테우해안로 160
용기,126.5232862,33.51798496,제주특별자치도 제주시 탑동로2길 7
모립,126.3097142,33.46300132,제주특별자치도 제주시 애월읍 애월로1길 26-7
브라보인,126.5295611,33.51522358,제주특별자치도 제주시 산지로 19
형제섬,126.3143391,33.21000128,제주특별자치도 서귀포시 안덕면 사계리 산 44
두번째마음,126.4339931,33.24305259,제주특별자치도 서귀포시 대포복개로 47-5
뚜레쥬르 제주중문점,126.4257294,33.25153234,제주특별자치도 서귀포시 천제연로 198
스윗섬,126.5368947,33.48304307,제주특별자치도 제주시 구산로 22-7
은빌레,126.716655,33.31152923,제주특별자치도 서귀포시 남원읍 의귀리 794
잃어버린 마을 무등이왓,126.35131,33.30912843,제주특별자치도 서귀포시 안덕면 동광리 226
외로워도술퍼도,126.5629353,33.25124811,제주특별자치도 서귀포시 중앙로72번길 18
고향생각 본점,126.5662963,33.25014276,제주특별자치도 서귀포시 동문동로 15
코리아마트 동흥점,126.5699797,33.25266568,제주특별자치도 서귀포시 태평로537번길 49
동이트는집,126.9115323,33.45177225,제주특별자치도 서귀포시 성산읍 일주동로 4220
레몬비 안덕상천점,126.3816904,33.308095,제주특별자치도 서귀포시 안덕면 상천로 12
고근산,126.5128719,33.26679186,제주특별자치도 서귀포시 서호동 1286-1
아루요,126.4052808,33.42376881,제주특별자치도 제주시 애월읍 유수암평화5길 15-8
산세미오름,126.4341059,33.40869729,제주특별자치도 제주시 애월읍 고성리 산 127
세븐일레븐 제주저지점,126.2563218,33.33507801,제주특별자치도 제주시 한경면 중산간서로 3703
어멍이뽑는막국수,126.413069,33.48325331,제주특별자치도 제주시 애월읍 하귀동남3길 6
더스칼라골프빌리지,126.4037351,33.44462339,제주특별자치도 제주시 애월읍 항파두리로 144-30
낙산약국,126.4873801,33.490857,제주특별자치도 제주시 도령로 87
자매식당,126.8574647,33.52591585,제주특별자치도 제주시 구좌읍 해맞이해안로 1412
일품순두부 터미널점,126.5144622,33.50023444,제주특별자치도 제주시 서광로 167
올림피아모텔,126.5147119,33.5002228,제주특별자치도 제주시 서광로 171
카페사분의일,126.4813102,33.4462497,제주특별자치도 제주시 신비마을1길 1-3
미레이나,126.1825523,33.35240639,제주특별자치도 제주시 한경면 두모3길 17
청춘부부,126.2791075,33.26593304,제주특별자치도 서귀포시 대정읍 추사로38번길 181
투썸플레이스 제주모슬포점,126.2521475,33.21666574,제주특별자치도 서귀포시 대정읍 최남단해안로 44
함덕흑돼지불고기정식,126.6756826,33.5388267,제주특별자치도 제주시 조천읍 함덕26길 11
어멍뚝배기,126.5649079,33.24189339,제주특별자치도 서귀포시 부두로 35
엄부랑,126.9183012,33.43649907,제주특별자치도 서귀포시 성산읍 신양로 81
세피베이글,126.672489,33.54233451,제주특별자치도 제주시 조천읍 함덕27길 32-8
프렙제주,126.5245221,33.51577361,제주특별자치도 제주시 중앙로 28
메이더호텔,126.7065743,33.55198226,제주특별자치도 제주시 구좌읍 일주동로 1626
아람별방,126.8830766,33.52181335,제주특별자치도 제주시 구좌읍 문주란로1길 35-5
도도톳김밥,126.8613371,33.52439564,제주특별자치도 제주시 구좌읍 해맞이해안로 1460
GS25 제주조수점,126.2298861,33.33606375,제주특별자치도 제주시 한경면 용금로 467
팰롱팰롱,126.2039185,33.35141462,제주특별자치도 제주시 한경면 판포중2길 21-76
쇠와꽃승마장,126.919857,33.44735911,제주특별자치도 서귀포시 성산읍 섭지코지로25번길 88-17
차생활,126.2711554,33.33659498,제주특별자치도 제주시 한경면 용금로 862-34
우리네보쌈,126.4957497,33.48377958,제주특별자치도 제주시 사장길 21
한라산 탐라대피소,126.5397674,33.40014882,제주특별자치도 제주시 오라이동
한라산 진달래밭대피소,126.5555123,33.36983637,제주특별자치도 서귀포시 남원읍 영실로 492
벌크커피 제주한림점,126.2666251,33.4086381,제주특별자치도 제주시 한림읍 한림중앙로 71
문어빵빵,126.2644217,33.41446644,제주특별자치도 제주시 한림읍 한림로 668
애월성당,126.3243945,33.46390084,제주특별자치도 제주시 애월읍 애월로 159
제주오름과바당,126.2681723,33.31889255,제주특별자치도 제주시 한경면 녹차분재로 531
그린크루즈,126.3352346,33.23699737,제주특별자치도 서귀포시 안덕면 화순해안로106번길 16
작은살레,126.6803418,33.43703007,제주특별자치도 제주시 조천읍 비자림로 685-10
남원포구식당,126.3400797,33.31134496,제주특별자치도 서귀포시 안덕면 한창로 606
폴개협동조합 드림캠프,126.7490113,33.34506986,제주특별자치도 서귀포시 남원읍 원님로 473
옵써빵집,126.8325231,33.32516739,제주특별자치도 서귀포시 표선면 표선동서로 240
해변가,126.8309821,33.32671611,제주특별자치도 서귀포시 표선면
이음새,126.6514337,33.27579687,제주특별자치도 서귀포시 남원읍 위미리 4137-1
슬로우그로우라이프,126.2448246,33.39926695,제주특별자치도 제주시 한림읍 협재1길 53-5
제주다원 녹차테마파크,126.4224688,33.2937132,제주특별자치도 서귀포시 산록남로 1258
표선갈치어장,126.8454173,33.32659065,제주특별자치도 서귀포시 표선면 표선당포로 27
덕천곤충 영농조합,126.7483002,33.48293414,제주특별자치도 제주시 구좌읍 중산간동로 1875
신화월드테마파크,126.316352,33.30497268,제주 서귀포시 안덕면 신화역사로304번길 38
제주신화월드 모실클럽하우스,126.316352,33.30497268,제주 서귀포시 안덕면 신화역사로304번길 38 1층
신화쇼핑스트리트,126.316352,33.30497268,제주 서귀포시 안덕면 신화역사로304번길 38 신화쇼핑스트리트
당일바리,126.4746942,33.22752479,제주특별자치도 서귀포시 말질로 290
늘송파크텔,126.4831472,33.48756123,제주특별자치도 제주시 원노형5길 22
국수마당,126.8334839,33.32596572,제주특별자치도 서귀포시 표선면 표선중앙로 89
화순평양면옥,126.3326133,33.24648999,제주특별자치도 서귀포시 안덕면 화순로 128
은빌레펜션,126.716669,33.3114941,제주특별자치도 서귀포시 남원읍 의귀리 794
스시러브,126.4316948,33.49062856,제주특별자치도 제주시 절물1길 25
탕수육,126.4770401,33.48394367,제주특별자치도 제주시 노형9길 8
주주키친,126.6618294,33.54355907,제주특별자치도 제주시 조천읍 신북로 481-3
루프탑게스트하우스,126.7939437,33.55486869,제주특별자치도 제주시 구좌읍 월정3길 41
서프홀릭 제주 월정,129.2006889,35.1799591,제주특별자치도 제주시 구좌읍 해맞이해안로 508-1
미띠뽀티하우스,126.5097342,33.24958912,제주특별자치도 서귀포시 신서귀로 3
창화당 서귀포점,126.5109193,33.25298571,제주특별자치도 서귀포시 신서귀로 43
아이비테라스펜션,126.5099445,33.24056015,제주특별자치도 서귀포시 법환상로 65
콜렉트샵오브,126.4740924,33.2524306,제주특별자치도 서귀포시 일주서로 323
투썸플레이스 서귀포신시가지점,126.510497,33.25173169,제주특별자치도 서귀포시 신서귀로 31
서건도,126.4986272,33.22999483,제주특별자치도 서귀포시 강정동 산 1
흑섬 본점,126.5893655,33.53036608,제주특별자치도 제주시 서흘1길 46
GS25 제주구좌점,126.8521307,33.52339774,제주특별자치도 제주시 구좌읍 구좌로 8
베르앤베르,126.6718063,33.49446607,제주특별자치도 제주시 조천읍 곱은달남길 191
세븐일레븐 제주산지로점,126.5292656,33.5148263,제주특별자치도 제주시 산지로 23-2
홀가분키친,126.3680296,33.26791711,제주특별자치도 서귀포시 안덕면 창천중앙로 53-18
봄그리고가을리조트 소반,126.9109544,33.47423182,제주특별자치도 서귀포시 성산읍 해맞이해안로 2660
보헤미안 애월,126.3347874,33.46593332,제주특별자치도 제주시 애월읍 고내안길 28
차롱전복칼국수,126.4893829,33.51848998,제주특별자치도 제주시 서해안로 468-4
월정브리즈,126.7934934,33.5558669,제주특별자치도 제주시 구좌읍 월정1길 54-17
파르나스호텔 제주 헬스장,126.4057632,33.24459343,제주특별자치도 서귀포시 중문관광로72번길 100
새록,126.3109592,33.42799063,제주특별자치도 제주시 애월읍 구몰동길 18-5
파르나스호텔 제주 야외수영장,126.4057632,33.24459343,제주특별자치도 서귀포시 중문관광로72번길 100
교래곶자왈손칼국수,126.6761122,33.43448017,제주특별자치도 제주시 조천읍 비자림로 636
제주시수협,126.528709,33.51677414,제주특별자치도 제주시 임항로 37
세화2리 해녀의집식당,126.8061878,33.30359999,제주특별자치도 서귀포시 표선면 민속해안로 40
해녀마을쉼터,126.745329,33.55769759,제주특별자치도 제주시 구좌읍 김녕항3길 32-2
메리엘빌리지,126.8050093,33.54817153,제주특별자치도 제주시 구좌읍 행원로2길 55-1
제주도독채펜션 돌담너머집 밭담점,126.8785256,33.51937465,제주특별자치도 제주시 구좌읍 하도3길 13
수미흑돈,126.5677659,33.24632856,제주특별자치도 서귀포시 태평로 448
썸인제주,126.7202851,33.55604592,제주특별자치도 제주시 구좌읍 구좌해안로 52-13
소동잡화,126.6719451,33.54208062,제주특별자치도 제주시 조천읍 함덕로 32
씨유렌트카,126.4787941,33.49844954,제주특별자치도 제주시 제성1길 75
바른물,126.2517645,33.40522521,제주특별자치도 제주시 한림읍 옹포3길 27
제주스럽,126.5360098,33.490184,제주특별자치도 제주시 구남로8길 10-5
율커피,126.7013624,33.27528758,제주특별자치도 서귀포시 남원읍 태위로 507
코사이어티 빌리지 제주,126.7513129,33.43358174,제주특별자치도 제주시 구좌읍 번영로 2133-50
휘도명가,126.5432672,33.50194881,제주특별자치도 제주시 고마로 143
트리플스토어,126.5307279,33.49789888,제주특별자치도 제주시 중앙로 246-1
제주서귀포혁신도시LH1단지아파트,126.5231911,33.24889219,제주특별자치도 서귀포시 서호남로 92-15
꿀맛,126.5123857,33.23376063,제주특별자치도 서귀포시 막숙포로 95
블루모모,126.5322787,33.49767754,제주특별자치도 제주시 고산동산1길 9
다윤이네,126.5344804,33.49086257,제주특별자치도 제주시 구남로 43
제주썬호텔&카지노,126.4938965,33.49012645,제주특별자치도 제주시 삼무로 67
바당다레,126.2397812,33.39235163,제주특별자치도 제주시 한림읍 한림로 322
금능올래펜션,126.2270906,33.38742269,제주특별자치도 제주시 한림읍 금능길 36
그린마트,126.4011337,33.48089897,제주특별자치도 제주시 애월읍 하귀미수동길 14
바람돌이하우스,126.8046876,33.55622767,제주특별자치도 제주시 구좌읍 행원로5길 35-5
덩개해안,126.7647613,33.56441323,제주특별자치도 제주시 구좌읍 김녕리 462-11
CU 제주대박점,126.4030355,33.48346865,제주특별자치도 제주시 애월읍 일주서로 7053
크랙온,126.5145439,33.50197483,제주특별자치도 제주시 서광로5길 24
코사무이풀빌라펜션,126.3682166,33.23806728,제주특별자치도 서귀포시 안덕면 소기왓로37번길 9
못동산가든,126.4278842,33.25646423,제주특별자치도 서귀포시 중문상로 96
중문이고집,126.4274313,33.25219206,제주특별자치도 서귀포시 천제연로213번길 5-2
나이브,126.5296368,33.49748632,제주특별자치도 제주시 서광로32길 38
섶섬한그릇,126.5980733,33.23635355,제주특별자치도 서귀포시 보목로64번길 60
일과삶사이틈,126.5294333,33.49851066,제주특별자치도 제주시 서광로32길 27-3
오태식해바라기치킨 애월점,126.3648437,33.47762225,제주특별자치도 제주시 애월읍 애월해안로 570-3
김녕제주흑돼지 정육점식당,126.7441806,33.55273105,제주특별자치도 제주시 구좌읍 김녕로4길 28
귤중옥펜션,126.3011124,33.26606589,제주특별자치도 서귀포시 안덕면 덕수서로163번길 34
수원주유소,126.2680644,33.42429365,제주특별자치도 제주시 한림읍 한림로 796
존맛식당,126.6628653,33.54295782,제주특별자치도 제주시 조천읍 신북로 493
탑승마클럽,126.611814,33.46270963,제주특별자치도 제주시 명림로 278
귤귤스토어 카멜리아힐점,126.3683654,33.29014001,제주특별자치도 서귀포시 안덕면 병악로 166
보롬왓국수,126.4926374,33.49053243,제주특별자치도 제주시 삼무로3길 32
어썸스테이,126.7749815,33.46883386,제주특별자치도 제주시 구좌읍 비자림로 1794
어반브루잉,126.5210704,33.51282203,제주특별자치도 제주시 관덕로 16-1
종달사거리,126.8991516,33.49154264,제주특별자치도 제주시 구좌읍 종달논길 62-1
호다,126.6633051,33.54284362,제주특별자치도 제주시 조천읍 신북로 497
고사리커피,126.7640802,33.47338112,제주특별자치도 제주시 구좌읍 중산간동로 2064
부이크브루어스,126.8082776,33.55337793,제주특별자치도 제주시 구좌읍 행원로9길 4
마녀상회,126.1909819,33.25746034,제주특별자치도 서귀포시 대정읍 무릉사장로 154
나목도식당,126.771759,33.35354032,제주특별자치도 서귀포시 표선면 가시로613번길 60
큰엉 입구,126.7091977,33.27445591,제주특별자치도 서귀포시 남원읍 태위로 536
큰맘할매순대국 제주곽지점,126.3051541,33.44645611,제주특별자치도 제주시 애월읍 곽지1길 3
드라마[맨도롱또똣] 촬영지,126.3095913,33.4624594,애월리 2540 (도로명: 제주시 애월읍 애월로1길25)
샘스제주캔들,126.3098885,33.46259388,제주특별자치도 제주시 애월읍 애월로1길 26-2
용팔이막창 인제점,126.5411853,33.50490916,제주특별자치도 제주시 고마로 106
청년다방 제주이도점,126.539907,33.48940062,제주특별자치도 제주시 남광로2길 41-1
돌하르방식당 본점,126.5387259,33.51003189,제주특별자치도 제주시 신산로11길 53
바베큐쉑 BBQ SHack,126.3395989,33.30846717,제주특별자치도 서귀포시 안덕면 동광로 135
말리가,126.2489878,33.38712256,제주특별자치도 제주시 한림읍 협재로 124
초록선인장,126.2619711,33.32277423,제주특별자치도 제주시 한경면 녹차분재로 603
올레농수산,126.5279971,33.5125015,제주특별자치도 제주시 동문로4길 10
베이컨시,126.2238333,33.3877666,제주특별자치도 제주시 한림읍 배령연대로 24
GS25 제주서부관광점,126.4513451,33.46299859,제주특별자치도 제주시 노형로 39
강정2442 꽃피우다,126.4955616,33.23700072,제주특별자치도 서귀포시 선반로65번길 66
머체왓식당,126.6738895,33.33052346,제주특별자치도 서귀포시 남원읍 서성로 755
이삭토스트 제주삼화점,126.5767401,33.5170774,제주특별자치도 제주시 화삼북로 36
휘닉스제주섭지코지 힐리우스,126.9294121,33.4257875,제주특별자치도 서귀포시 성산읍 섭지코지로 107
제주길흑돼지참숯구이,126.9079926,33.40998437,제주특별자치도 서귀포시 성산읍 환해장성로 629
카페브브,126.5323788,33.48866559,제주특별자치도 제주시 구남로2길 2
바세츠아이스크림 제주연동점,126.4845659,33.48129927,제주특별자치도 제주시 원노형로 84
다쏘니,126.5503084,33.4743019,제주특별자치도 제주시 인다10길 44
하바나,126.5318105,33.49909308,제주특별자치도 제주시 광양13길 14
오부자돈항아리 조수점,126.2278067,33.33727881,제주특별자치도 제주시 한경면 홍수암로 566
미선이네집,126.3059485,33.23118698,제주특별자치도 서귀포시 안덕면 사계남로153번길 32-4
토끼떡공방,126.3753351,33.26480197,제주특별자치도 서귀포시 일주서로 1290
민들레정식,126.5641014,33.2543511,제주특별자치도 서귀포시 일주동로 8648-5
월정리 꺼멍스,126.8002684,33.5542299,제주특별자치도 제주시 구좌읍 행원로1길 26
월정오름,126.7965387,33.55542926,제주특별자치도 제주시 구좌읍 해맞이해안로 466
불타는오징어,126.4794931,33.48757479,제주특별자치도 제주시 다랑곶길 13
올레길회센타,126.3321142,33.24678124,제주특별자치도 서귀포시 안덕면 화순재남로 5
소소한게스트하우스,126.3660119,33.23789197,제주특별자치도 서귀포시 안덕면 대평감산로 35
다올정,126.5406985,33.5033458,제주특별자치도 제주시 동광로16길 34
갈보리교회,126.5289111,33.50194194,제주특별자치도 제주시 동광로1길 11
애월 펜션,126.3724704,33.47701773,제주특별자치도 제주시 애월읍 중엄3길 36-2
무병장수테마파크,126.3610086,33.39556313,제주특별자치도 제주시 애월읍 어음13길 196
더더두루치기국수,126.3742252,33.47223341,제주특별자치도 제주시 애월읍 엄장로 16
바삭 애월해안도로점,126.3781442,33.48385114,제주특별자치도 제주시 애월읍 애월해안로 724
1950에어차이나 제주공항점,126.4930713,33.50690889,제주특별자치도 제주시 공항로 2
아인스호스텔,126.5663798,33.24540408,제주특별자치도 서귀포시 태평로 432
모카다방,126.7613698,33.29215966,제주특별자치도 서귀포시 남원읍 태신해안로 125
검은여,126.4100285,33.49180035,제주특별자치도 제주시 애월읍 하귀1리
성수개,126.559876,33.24567336,제주특별자치도 서귀포시 서귀동
해민이네양곱창,126.5094673,33.25377613,제주특별자치도 서귀포시 신중남로 26
청파횟집,126.8536224,33.52453265,제주 제주시 구좌읍 세평항로 12
식빵가게,126.5052601,33.50116184,제주특별자치도 제주시 월성로10길 1
목마가든,126.5595869,33.52308351,제주특별자치도 제주시 곤을길 23
현실도피,126.8382289,33.32306244,제주특별자치도 서귀포시 표선면 표선백사로110번길 28
샨티샨티 게스트하우스,126.7139591,33.55262164,제주특별자치도 제주시 구좌읍 동복로 70-1
노가리앤비어 도남점,126.529843,33.49657289,제주특별자치도 제주시 신성로10길 1
차우,126.790946,33.55299556,제주특별자치도 제주시 구좌읍 월정1길 10
당근게스트하우스,126.8437107,33.53114657,제주특별자치도 제주시 구좌읍 평대7길 40-10
봉덕,126.7973994,33.55485546,제주특별자치도 제주시 구좌읍 월정7길 28-21
봉쟈블루스,126.8400706,33.53658757,제주특별자치도 제주시 구좌읍 해맞이해안로 1146-4
영일,126.9331124,33.46319204,제주특별자치도 서귀포시 성산읍 성산중앙로37번길 1
오란이네해산물,126.9108753,33.41795316,제주특별자치도 서귀포시 성산읍 온평리 66-5
성산일츌봉,126.9425,33.458056,제주특별자치도 서귀포시 성산읍 성산리
오드리인호텔,126.4601841,33.50305362,제주특별자치도 제주시 서해안로 100
해녀의집,126.9330944,33.46415495,제주특별자치도 서귀포시 성산읍 성산리
성산 일출봉,126.9425,33.458056,제주특별자치도 서귀포시 성산읍 성산리
방파제,126.4851668,33.50411563,제주특별자치도 제주시 도두이동
조은기록,126.2773578,33.42357908,제주특별자치도 제주시 한림읍 대림10길 76-3
SARI 소품샵 사리 슈즈 상예상점,126.3902048,33.24798034,제주특별자치도 서귀포시 상예로 15
달빛바다펜션,126.498456,33.51749202,제주특별자치도 제주시 어영길 64-12
커뮤니테이블,126.4592181,33.24494102,제주특별자치도 서귀포시 월평로 15
감저,126.2452037,33.22972155,제주특별자치도 서귀포시 대정읍 대한로 22
스시앤,126.5346006,33.49655028,제주특별자치도 제주시 고산동산5길 21-1
제주더오름카운티1차,126.6652482,33.492346,제주특별자치도 제주시 조천읍 중산간동로 780
망고레이 섭지코지점,126.920594,33.43642483,제주특별자치도 서귀포시 성산읍 신양로 102
오션스위츠블루오션,126.5230925,33.51815913,제주특별자치도 제주시 탑동해안로 74
청귤 농장 (제주각시이우다 운영),126.2226049,33.3220511,제주특별자치도 제주시 한경면
아쿠아뷰티크,126.8014352,33.55680493,제주특별자치도 제주시 구좌읍 해맞이해안로 522
다옵서 제주 구좌월정리본점,126.7943674,33.55649677,제주특별자치도 제주시 구좌읍 월정3길 53-17
SK행복충전 연동가스충전소,126.4895458,33.476069,제주특별자치도 제주시 과원로 60
제주공상,126.528333,33.51783749,제주특별자치도 제주시 서부두길 18
GS25 월정해변점,126.7963591,33.55530905,제주특별자치도 제주시 구좌읍 월정7길 52-1
덕인당 제주점,126.5116641,33.49259147,제주특별자치도 제주시 연삼로 180
에코랜드 갤러리카페,126.6765207,33.45167659,제주특별자치도 제주시 조천읍 남조로 1982
거친오름,126.6194858,33.44450029,제주특별자치도 제주시 봉개동 산 66
사려니국수,126.6767059,33.42284375,제주특별자치도 제주시 조천읍 남조로 1732
우도사람들렌트,126.9511026,33.49364952,제주특별자치도 제주시 우도면 우도로 5-6
감귤따기체험농장 야자수영농조합,126.4855408,33.26710807,제주 서귀포시 용흥로66번길 192
망고홀릭 법환점,126.5132456,33.23424006,제주특별자치도 서귀포시 막숙포로 83
풍정포차,126.5251606,33.51237526,제주특별자치도 제주시 오현길 85
팜스파풀빌라,126.3842447,33.44765937,제주특별자치도 제주시 애월읍 장전4길 84
187센티멘트,126.5585186,33.25058063,제주특별자치도 서귀포시 서문로28번길 3
퍼시픽리솜 마린스테이지 바다요가,126.7868648,33.38162923,제주특별자치도 서귀포시 중문관광로 154-17
새빌카페 앞 핑크뮬리 구경,126.9329303,33.46498434,제주특별자치도 제주시 애월읍 평화로 1529
이공이시,126.4112937,33.24952275,제주특별자치도 서귀포시 중문관광로72번길 29-9
쿰다카페,126.4496678,33.46219415,제주특별자치도 제주시 노형로 21
GS25 수산삼거리점,126.8886504,33.44359152,제주특별자치도 서귀포시 성산읍 서성일로 1029
봉수아피자 모슬포점,126.2523112,33.22554131,제주특별자치도 서귀포시 대정읍 하모중앙로 30
나비정원,126.2493351,33.22042296,제주특별자치도 서귀포시 대정읍 신영로 60-7
대정읍성,126.278603,33.24844246,제주특별자치도 서귀포시 대정읍 인성리 729
철이네뼈해장국,126.2580913,33.22337057,제주특별자치도 서귀포시 대정읍 상모로290번길 4
덤포,126.2566072,33.22545706,제주특별자치도 서귀포시 대정읍 동일하모로 240
해도미락 제주애월본점,126.3113593,33.46036883,제주특별자치도 제주시 애월읍 애월로 11
대경엘리시아,126.328181,33.46360947,제주특별자치도 제주시 애월읍 애월로19길 4
참솔해장국,126.4222156,33.43573189,제주특별자치도 제주시 애월읍 평화로 2537
그린하트,126.3491477,33.47175445,제주특별자치도 제주시 애월읍 고내로13길 96
더블루제주,126.6016934,33.2419986,제주특별자치도 서귀포시 칠십리로 479
놀랄만두하군,126.2637862,33.4142086,제주특별자치도 제주시 한림읍 한림로 662
제주현대미술관 분관,126.2664682,33.33733465,제주특별자치도 제주시 한경면 저지12길 100
우리집아점,126.2332347,33.38781062,제주특별자치도 제주시 한림읍 한림로 242
기영상회,126.2409283,33.39441788,제주특별자치도 제주시 한림읍 한림로 345
서담갤러리카페,126.2674355,33.33764239,제주특별자치도 제주시 한경면 저지12길 103-2
소앵동,126.401049,33.46505584,제주특별자치도 제주시 애월읍 상귀리
제주농업기술센터,126.4038588,33.45813795,제주특별자치도 제주시 애월읍 상귀길 173
산방흑돼지순대&펜션,126.3040345,33.24405767,제주특별자치도 서귀포시 안덕면 사계로114번길 53-27
해담은스파빌,126.3037763,33.23940029,제주특별자치도 서귀포시 안덕면 사계북로 157-15
제인피자,126.3045677,33.24067058,제주특별자치도 서귀포시 안덕면 사계북로 157-31
팔팔88국밥,126.5611739,33.25005716,제주특별자치도 서귀포시 중앙로59번길 4
삼광주유소,126.5624371,33.50430443,제주특별자치도 제주시 번영로 158
소낭식당,126.6412567,33.26584187,제주특별자치도 서귀포시 남원읍 일주동로 7905
숲속의도토리,126.4329786,33.4924232,제주특별자치도 제주시 도근내길 18
모비딕 다이브센터,126.5555042,33.24276538,제주특별자치도 서귀포시 남성중로121번길 12
매리미하우스,126.645652,33.48888978,제주특별자치도 제주시 조천읍 남조로 2507-70
플레이인더박스 제주,126.5294912,33.49913207,제주특별자치도 제주시 광양10길 5
써브웨이 제주시청점,126.5311181,33.49739186,제주특별자치도 제주시 중앙로 252
아라주는엄마치킨 동문점,126.5273002,33.51240508,제주특별자치도 제주시 동문로 6-5
우돈,126.9535492,33.50862882,제주특별자치도 제주시 우도면 우도로 188
산호사해녀의집,126.9439821,33.50214684,제주특별자치도 제주시 우도면 우도해안길 246-2
베늘,126.9536893,33.49405985,제주특별자치도 제주시 우도면 우도로 8-22
빨강코끼리,126.4806395,33.48948015,제주특별자치도 제주시 다랑곶6길 26-1
서귀포농업기술센터,126.607909,33.28745149,제주특별자치도 서귀포시 남원읍 중산간동로 7415
해안도로입구 금릉동쪽방면,126.2353902,33.38958382,제주특별자치도 제주시 한림읍 금능길 119-10
다도,126.5069015,33.23369754,제주특별자치도 서귀포시 이어도로 866-29
다사로운,126.5131499,33.50300619,제주특별자치도 제주시 남성로 32
마노커피하우스,126.4275425,33.25685216,제주특별자치도 서귀포시 중문상로 97
마노르블랑-수국축제,126.2949908,33.25481888,제주특별자치도 서귀포시 안덕면 일주서로2100번길 46
느영나영혼듸모영,126.1830361,33.35052886,제주특별자치도 제주시 한경면 두모1길 2
마돈,126.9218319,33.43748952,제주특별자치도 서귀포시 성산읍 섭지코지로 56
스시회관,126.2337741,33.29289037,제주특별자치도 제주시 한경면 연명로 8
베니키아홈더제주리조트,126.2511827,33.37830925,제주특별자치도 제주시 한림읍 협재로 226
에이바우트커피 노형점,126.4762888,33.48935365,제주특별자치도 제주시 월랑로10길 1
히든클리프호텔&네이쳐 파노라마,126.4025946,33.25485222,제주특별자치도 서귀포시 예래해안로 542
제주오름ATV,126.713449,33.44897885,제주특별자치도 제주시 조천읍 번영로 1734-15
스몰띵스벗,126.5281123,33.49842088,제주특별자치도 제주시 광양10길 23
애월에낭,126.3956373,33.45185192,제주특별자치도 제주시 애월읍 장유길 10
에반에셀호텔,126.6669243,33.5423886,제주특별자치도 제주시 조천읍 함덕리
풍미독서,126.8590648,33.5136992,제주특별자치도 제주시 구좌읍 세화합전2길 7
제주마중,126.2303072,33.3892711,제주특별자치도 제주시 한림읍 금능9길 10-1
파스쿠찌 성산포수협점,126.9292078,33.4694281,제주특별자치도 서귀포시 성산읍 성산등용로 107-17
소울,126.5080666,33.2363854,제주특별자치도 서귀포시 이어도로 872
우도다이브,126.9676708,33.50313803,제주특별자치도 제주시 우도면 우도해안길 1040
마마네회포장,126.5629464,33.24922579,제주특별자치도 서귀포시 중앙로48번길 13
돈내코펜션,126.5880727,33.29716726,제주특별자치도 서귀포시 돈내코로67번길 30
만강촌옛날칼국수,126.4759795,33.48926219,제주특별자치도 제주시 월랑로 42
루브리카,126.4080739,33.2526397,제주특별자치도 서귀포시 중문관광로72번길 60
대포칼제비,126.4314573,33.25023057,제주특별자치도 서귀포시 중문관광로 338
조선델리,126.4079849,33.25247067,제주특별자치도 서귀포시 중문관광로72번길 60
색달해녀의집,126.4149239,33.24437268,제주특별자치도 서귀포시 중문관광로 154-17
애월과한림사이펜션,126.2849192,33.44355878,제주특별자치도 제주시 한림읍 한림해안로 716-7
명월대,126.2662279,33.38901265,제주특별자치도 제주시 한림읍 명월리 2223
세븐일레븐 제주신비로점,126.487772,33.44986132,제주특별자치도 제주시 노형동 291-10
환이네,126.296892,33.2307349,제주특별자치도 서귀포시 안덕면 사계중앙로18번길 5
얄개전집 주객이전도,126.3960797,33.48328709,제주특별자치도 제주시 애월읍 애월해안로 948
도두봉산책로 입구,126.4669124,33.50726251,제주특별자치도 제주시 도두항길 22-2
신라면세점 제주점,126.4875924,33.48624173,제주특별자치도 제주시 노연로 69
신라호텔 올레바,126.4081161,33.2475582,제주특별자치도 서귀포시 중문관광로72번길 75
신라호텔 수영장,126.4081161,33.2475582,제주특별자치도 서귀포시 중문관광로72번길 75
파르나스호텔 제주 수영장,126.4057632,33.24459343,제주특별자치도 서귀포시 중문관광로72번길 100
신라호텔 풀사이드바,126.4081161,33.2475582,제주특별자치도 서귀포시 중문관광로72번길 75
스위트호텔 제주점 라테라스,126.5169688,33.51684793,제주특별자치도 서귀포시 중문관광로72번길 67
홍소반,126.5425131,33.50067297,제주특별자치도 제주시 천수로6길 36
제주신라호텔 올래 바,126.4080229,33.24747767,제주특별자치도 서귀포시 중문관광로72번길 75
유라케,126.5059729,33.50091134,제주특별자치도 제주시 월성로 39
스위트호텔 제주점 라비타,126.4082078,33.24933229,제주특별자치도 서귀포시 중문관광로72번길 67
바삭돈까스 신서귀포점,126.5053447,33.25255883,제주특별자치도 서귀포시 김정문화로 5
투썸플레이스 제주애월다인호텔점,126.3504641,33.4725232,제주특별자치도 제주시 애월읍 애월해안로 394
여누스테이,126.6736324,33.4321944,제주특별자치도 제주시 조천읍 남조로 1842
영웅해장 제주이도점,126.5388395,33.48963016,제주특별자치도 제주시 중앙로 363
트멍공방,126.5640697,33.24559797,제주특별자치도 서귀포시 이중섭로 28
스테이아이,126.3896976,33.44210727,제주특별자치도 제주시 애월읍 광상로 411-13
소랑맨도롱민박,126.1752042,33.30338332,제주특별자치도 제주시 한경면 용고로 129-12
조이다이브게스트하우스,126.521259,33.2608115,제주특별자치도 서귀포시 중산간동로 8383
북수구광장,126.5279045,33.51446662,제주특별자치도 제주시 일도1동 1220-9
메종 드 쁘띠푸르,126.5434337,33.4923781,제주특별자치도 제주시 신설로7길 3
제주13월,126.8581199,33.4317348,제주특별자치도 서귀포시 성산읍 서성일로 689-54
뚱딴지,126.3548177,33.47457721,제주특별자치도 제주시 애월읍 부룡수길 17
카페훤,126.2423855,33.39619029,제주특별자치도 제주시 한림읍 협재1길 8
제주착한닭강정 성산점,126.9115508,33.4462553,제주특별자치도 서귀포시 성산읍 일주동로 4282
낭끼오름,126.8432468,33.43494467,제주특별자치도 서귀포시 성산읍 수산리 3954
나우커피 제주광양점,126.5283023,33.5014726,제주특별자치도 제주시 광양6길 2
들돔 고기국수,126.2425191,33.39590079,제주특별자치도 제주시 한림읍 협재1길 2
농업회사법인고도농원,126.588679,33.28899604,제주특별자치도 서귀포시 토평공단로 78-22
선인장식당,126.2151764,33.37758553,제주특별자치도 제주시 한림읍 월령안길 14-3
제주타르트,126.4244429,33.24128964,제주특별자치도 서귀포시 중문관광로 224
서귀포흑돼지명가,126.536351,33.2440443,제주특별자치도 서귀포시 태평로 122
원당봉,126.5996697,33.52531394,제주특별자치도 제주시 조천읍 신촌리 산 1
황금손가락 함덕점,126.665311,33.54198353,제주특별자치도 제주시 조천읍 신북로 519
감성커피 제주삼화점,126.5856182,33.52154325,제주특별자치도 제주시 지석13길 2-2
함덕농협하나로마트 중앙점,126.6646621,33.54189612,제주특별자치도 제주시 조천읍 신북로 514
초원흑돼지,126.6732572,33.53962454,제주특별자치도 제주시 조천읍 신북로 598
바다파파,126.6257576,33.53513001,제주특별자치도 제주시 조천읍 신촌10길 7
죽도,126.6275366,33.5380385,제주특별자치도 제주시 조천읍 신촌리
해녀스낵,126.1982953,33.36551537,제주특별자치도 제주시 한경면 일주서로 4533-19
월령작야,126.2163979,33.37941085,제주특별자치도 제주시 한림읍 월령3길 39-5
핀크스비오토피아,126.3916676,33.30104135,제주특별자치도 서귀포시 안덕면 산록남로762번길 79
색달바당,126.4137624,33.26211834,제주특별자치도 서귀포시 색달로 99
서광서리마을운동장,126.2966,33.29449162,제주특별자치도 서귀포시 안덕면 녹차분재로 134
반지마을 제주1호점,126.5035665,33.5016843,제주특별자치도 제주시 월성로4길 17
달마갈비(달마숯불갈비),126.5273727,33.51489375,제주특별자치도 제주시 중앙로7길 25
이호방파제,126.4528987,33.5033282,제주특별자치도 제주시 이호일동
꺼멍도새기 2호점,126.5281575,33.51230376,제주특별자치도 제주시 동문로4길 9
그리너리빌리지,126.3841498,33.26157848,제주특별자치도 서귀포시 소보리당로 200
행복한상점동문시장점,126.5278049,33.51254919,제주시 동문로4길 10-1
애월리식당,126.392417,33.48485598,제주특별자치도 제주시 애월읍 애월해안로 907
소담여관,126.2640305,33.41712741,제주특별자치도 제주시 한림읍 한림로19길 7
끌로드아트홀,126.3211936,33.30232812,제주특별자치도 서귀포시 안덕면 신화역사로304번길 139
옛날국수집,126.1780253,33.30733657,제주특별자치도 제주시 한경면 고산로 73
낭 커피,126.6092023,33.29161927,제주특별자치도 서귀포시 남원읍 하례돈야로 4
백정,126.7180743,33.27788633,제주특별자치도 서귀포시 남원읍 남원회관로 46
블랑블루,126.7195845,33.27828466,제주특별자치도 서귀포시 남원읍 남태해안로 135
로케디오 월드(폐쇄),126.3606142,33.3521816,제주특별자치도 제주시 애월읍 봉성리
롯데리아 제주외도DT점,126.4307051,33.49322059,제주특별자치도 제주시 일주서로 7335
초가달빛,126.7803074,33.40364431,제주특별자치도 서귀포시 표선면 번영로 2570
무비랜드왁스뮤지엄 제주,126.4215496,33.24372385,제주특별자치도 서귀포시 중문관광로 205
학교시네마,126.2280043,33.33582306,제주특별자치도 제주시 한경면 용금로 449
지금의우리,126.7840303,33.47127167,제주특별자치도 제주시 구좌읍 중산간동로 2260
밤수지맨드라미 북스토어,126.9484786,33.52071396,제주 제주시 우도면 우도해안길 530
제주 태향 특산물 할인매장,126.5267506,33.51206669,제주 제주시 동문로4길 24
은성식당,126.8574695,33.5256003,제주특별자치도 제주시 구좌읍 해맞이해안로 1422-5
알뜰주유소,126.3996224,33.47975836,제주특별자치도 제주시 애월읍 하귀로 22
뿔난돼지,126.3369766,33.46662664,제주특별자치도 제주시 애월읍 고내로7길 45
제주삼성렌트카,126.4788298,33.49841994,제주특별자치도 제주시 제성1길 75
일품순두부 교래점,126.6797054,33.43639189,제주특별자치도 제주시 조천읍 비자림로 687-1
미호지함,126.5263428,33.51507374,제주특별자치도 제주시 일도일동
방목흑돼지식당,126.6762162,33.43656856,제주특별자치도 제주시 조천읍 비자림로 649
편백숲마을,126.6547393,33.46007319,제주특별자치도 제주시 조천읍 번영로 1118-127
호텔브릿지 서귀포 조식뷔페,126.5667607,33.24545526,제주특별자치도 서귀포시 태평로 436
서준공방,126.5641014,33.2452771,제주특별자치도 서귀포시 중앙로4번길 20
멜버른32,126.5689666,33.24698371,제주특별자치도 서귀포시 동부로 24
올레왕갈치,126.5627976,33.24851388,제주특별자치도 서귀포시 중앙로42번길 9
도리빨 대포연대,126.4286779,33.2357429,제주특별자치도 서귀포시 대포동
제주안에서,126.2944904,33.40436656,제주특별자치도 제주시 한림읍 광산로 11-20
제주돗,126.2309053,33.33314528,제주특별자치도 제주시 한경면 조수2길 34
카페그해여름,126.2279659,33.33700752,제주특별자치도 제주시 한경면 홍수암로 568
섬돈까스,126.5230505,33.24513727,제주특별자치도 서귀포시 이어도로 1052
미스사이공 서귀포1호점,126.56139,33.25146537,제주특별자치도 서귀포시 중앙로 76
중문통나무펜션&리조트,126.4509676,33.26349906,제주특별자치도 서귀포시 중산간서로594번길 7-8
제주로컬푸드 연동점,126.4815566,33.49392613,제주특별자치도 제주시 일주서로 7815
편백돈나무,126.3297517,33.24885487,제주특별자치도 서귀포시 안덕면 화순로 154-23
섬돼지,126.5124813,33.25075581,제주특별자치도 서귀포시 신동로 25
1943제주연동점,126.4904962,33.48656692,제주특별자치도 제주시 연동7길 38 1층
큰집어멍,126.4314404,33.25003213,제주특별자치도 서귀포시 중문관광로 336
돈하루 본점,126.4173911,33.25481423,제주특별자치도 서귀포시 천제연로 111
착한마녀김밥,126.9150753,33.44944766,제주특별자치도 서귀포시 성산읍 고성오조로 64
패밀리아펜션,126.8232337,33.35083194,제주특별자치도 서귀포시 표선면 번영로 3340
오짜장,126.4341245,33.48896994,제주특별자치도 제주시 조공포길 36
정참치연어,126.9145242,33.44993776,제주특별자치도 서귀포시 성산읍 고성동서로56번길 15
곰돌식당,126.486564,33.48911355,제주특별자치도 제주시 연동1길 10
미니K코인노래연습장,126.490036,33.48127862,제주특별자치도 제주시 국기로 5
장동민의크라우드pc방,126.5798953,33.51633261,제주특별자치도 제주시 건주로4길 10-4
앤유 피시방,126.4968864,33.48815873,제주특별자치도 제주시 연동
전주아줌마두루치기,126.4874162,33.48875644,제주특별자치도 제주시 신광로4길 25
가시버시정육구이,126.4896541,33.49062476,제주특별자치도 제주시 삼무로1길 9
